#
# There is insufficient memory for the Java Runtime Environment to continue.
# Native memory allocation (mmap) failed to map 33554432 bytes. Error detail: G1 virtual space
# Possible reasons:
#   The system is out of physical RAM or swap space
#   This process is running with CompressedOops enabled, and the Java Heap may be blocking the growth of the native heap
# Possible solutions:
#   Reduce memory load on the system
#   Increase physical memory or swap space
#   Check if swap backing store is full
#   Decrease Java heap size (-Xmx/-Xms)
#   Decrease number of Java threads
#   Decrease Java thread stack sizes (-Xss)
#   Set larger code cache with -XX:ReservedCodeCacheSize=
#   JVM is running with Unscaled Compressed Oops mode in which the Java heap is
#     placed in the first 4GB address space. The Java Heap base address is the
#     maximum limit for the native heap growth. Please use -XX:HeapBaseMinAddress
#     to set the Java Heap base and to place the Java Heap above 4GB virtual address.
# This output file may be truncated or incomplete.
#
#  Out of Memory Error (os_windows.cpp:3714), pid=25004, tid=15904
#
# JRE version: OpenJDK Runtime Environment Temurin-21.0.10+7 (21.0.10+7) (build 21.0.10+7-LTS)
# Java VM: OpenJDK 64-Bit Server VM Temurin-21.0.10+7 (21.0.10+7-LTS, mixed mode, sharing, tiered, compressed oops, compressed class ptrs, g1 gc, windows-amd64)
# No core dump will be written. Minidumps are not enabled by default on client versions of Windows
#

---------------  S U M M A R Y ------------

Command Line: --add-opens=java.base/java.lang=ALL-UNNAMED --add-opens=java.base/java.lang.invoke=ALL-UNNAMED --add-opens=java.base/java.util=ALL-UNNAMED --add-opens=java.prefs/java.util.prefs=ALL-UNNAMED --add-exports=jdk.compiler/com.sun.tools.javac.api=ALL-UNNAMED --add-exports=jdk.compiler/com.sun.tools.javac.util=ALL-UNNAMED --add-opens=java.base/java.util=ALL-UNNAMED --add-opens=java.prefs/java.util.prefs=ALL-UNNAMED --add-opens=java.base/java.nio.charset=ALL-UNNAMED --add-opens=java.base/java.net=ALL-UNNAMED --add-opens=java.base/java.util.concurrent=ALL-UNNAMED --add-opens=java.base/java.util.concurrent.atomic=ALL-UNNAMED --add-opens=java.xml/javax.xml.namespace=ALL-UNNAMED -XX:MaxMetaspaceSize=512m -Xmx2048m -Dfile.encoding=UTF-8 -Duser.country=PH -Duser.language=en -Duser.variant -javaagent:C:\Users\jibri\.gradle\wrapper\dists\gradle-9.0.0-bin\d6wjpkvcgsg3oed0qlfss3wgl\gradle-9.0.0\lib\agents\gradle-instrumentation-agent-9.0.0.jar org.gradle.launcher.daemon.bootstrap.GradleDaemon 9.0.0

Host: 13th Gen Intel(R) Core(TM) i5-13500HX, 15 cores, 7G,  Windows 11 , 64 bit Build 26100 (10.0.26100.8328)
Time: Sun May 24 12:20:55 2026 Malay Peninsula Standard Time elapsed time: 47.627779 seconds (0d 0h 0m 47s)

---------------  T H R E A D  ---------------

Current thread (0x000002c0a86e6f20):  VMThread "VM Thread"          [id=15904, stack(0x000000d96f300000,0x000000d96f400000) (1024K)]

Stack: [0x000000d96f300000,0x000000d96f400000]
Native frames: (J=compiled Java code, j=interpreted, Vv=VM code, C=native code)
V  [jvm.dll+0x6d7a39]
V  [jvm.dll+0x8b4b26]
V  [jvm.dll+0x8b70de]
V  [jvm.dll+0x8b77c3]
V  [jvm.dll+0x284346]
V  [jvm.dll+0x6d4355]
V  [jvm.dll+0x6c808a]
V  [jvm.dll+0x35edb8]
V  [jvm.dll+0x3669f6]
V  [jvm.dll+0x3b7afe]
V  [jvm.dll+0x3b7da8]
V  [jvm.dll+0x332fbc]
V  [jvm.dll+0x3357d6]
V  [jvm.dll+0x33f7cd]
V  [jvm.dll+0x374e8f]
V  [jvm.dll+0x8bd4b0]
V  [jvm.dll+0x8be824]
V  [jvm.dll+0x8bed50]
V  [jvm.dll+0x8beff3]
V  [jvm.dll+0x85f59d]
V  [jvm.dll+0x6d626d]
C  [ucrtbase.dll+0x37b0]
C  [KERNEL32.DLL+0x2e957]
C  [ntdll.dll+0x427c]

VM_Operation (0x000000d96eeff7a0): G1PauseRemark, mode: safepoint, requested by thread 0x000002c090daf6c0


---------------  P R O C E S S  ---------------

Threads class SMR info:
_java_thread_list=0x000002c0cbef0cc0, length=235, elements={
0x000002c090d43ec0, 0x000002c0a8708ed0, 0x000002c0a870b940, 0x000002c0a870e040,
0x000002c0a87130e0, 0x000002c0a8714dc0, 0x000002c0a87167e0, 0x000002c0c80096f0,
0x000002c0a871d860, 0x000002c0c830a9a0, 0x000002c0c830ca70, 0x000002c0c830bd50,
0x000002c0c830d790, 0x000002c0c830de20, 0x000002c0c830b6c0, 0x000002c0c830c3e0,
0x000002c0c9b28430, 0x000002c0c9b297e0, 0x000002c0c9b28ac0, 0x000002c0c9b29e70,
0x000002c0c9b29150, 0x000002c0c9b269f0, 0x000002c0c9b2a500, 0x000002c0c9b27da0,
0x000002c0c9b2d2f0, 0x000002c0c9b2c5d0, 0x000002c0c9b2e010, 0x000002c0c9b2b220,
0x000002c0c9b2b8b0, 0x000002c0c9b2bf40, 0x000002c0c9b2cc60, 0x000002c0c9b2d980,
0x000002c0cbfb0470, 0x000002c0cbfb0b00, 0x000002c0cbfb2bd0, 0x000002c0cbfb1190,
0x000002c0cbfb3260, 0x000002c0cbfafde0, 0x000002c0cbfb1820, 0x000002c0cf2f8440,
0x000002c0cf2f7db0, 0x000002c0cf2f9e80, 0x000002c0cf2f8ad0, 0x000002c0cf2f9160,
0x000002c0cf2f97f0, 0x000002c0cf2fa510, 0x000002c0cf2faba0, 0x000002c0cf2f7720,
0x000002c0cf2fc5e0, 0x000002c0cf2fd990, 0x000002c0cf2fcc70, 0x000002c0cf2fb8c0,
0x000002c0cf2fd300, 0x000002c0cf2fbf50, 0x000002c0cf2fe6b0, 0x000002c0cf2fe020,
0x000002c0cf2fb230, 0x000002c0cf2fed40, 0x000002c0ce957170, 0x000002c0ce958520,
0x000002c0ce958bb0, 0x000002c0ce959240, 0x000002c0ce957e90, 0x000002c0ce959f60,
0x000002c0ce956ae0, 0x000002c0ce95ac80, 0x000002c0ce957800, 0x000002c0ce95a5f0,
0x000002c0ce9598d0, 0x000002c0ce95cd50, 0x000002c0ce95b310, 0x000002c0ce95d3e0,
0x000002c0ce95da70, 0x000002c0ce95e100, 0x000002c0ce95b9a0, 0x000002c0ce95c030,
0x000002c0ce95c6c0, 0x000002c0cd06b1a0, 0x000002c0cd06b830, 0x000002c0cd06cbe0,
0x000002c0cd06a480, 0x000002c0cd06d270, 0x000002c0cd069df0, 0x000002c0cd06d900,
0x000002c0cd06ecb0, 0x000002c0cd070d80, 0x000002c0cd06f340, 0x000002c0cd06f9d0,
0x000002c0cd070060, 0x000002c0cd071410, 0x000002c0cbe7dd10, 0x000002c0cbe7ea30,
0x000002c0cbe80470, 0x000002c0cbe7fde0, 0x000002c0cbe7e3a0, 0x000002c0cbe81190,
0x000002c0cbe80b00, 0x000002c0cbe7f750, 0x000002c0cbe81820, 0x000002c0cbe7f0c0,
0x000002c0cbe82bd0, 0x000002c0cbe82540, 0x000002c0cbe838f0, 0x000002c0cbe83260,
0x000002c0cbe83f80, 0x000002c0cbe84610, 0x000002c0cbe84ca0, 0x000002c0cbe85330,
0x000002c0cbe81eb0, 0x000002c0cf69b3c0, 0x000002c0cf69c770, 0x000002c0cf69d490,
0x000002c0cf69c0e0, 0x000002c0cf69ad30, 0x000002c0cf69ce00, 0x000002c0cf69db20,
0x000002c0cf69a6a0, 0x000002c0cf69e1b0, 0x000002c0cf69e840, 0x000002c0cf69eed0,
0x000002c0cf69ba50, 0x000002c0cf6a0910, 0x000002c0cf6a0fa0, 0x000002c0cf6a1cc0,
0x000002c0cf6a1630, 0x000002c0cf69f560, 0x000002c0cf69fbf0, 0x000002c0cf6a0280,
0x000002c0cc851520, 0x000002c0cc852240, 0x000002c0cc852f60, 0x000002c0cc8528d0,
0x000002c0cc853c80, 0x000002c0cc8535f0, 0x000002c0cc854310, 0x000002c0cc8549a0,
0x000002c0cc855030, 0x000002c0cc851bb0, 0x000002c0cc857e20, 0x000002c0cc8563e0,
0x000002c0cc858b40, 0x000002c0cc857100, 0x000002c0cc856a70, 0x000002c0cc855d50,
0x000002c0cc857790, 0x000002c0cc8556c0, 0x000002c0ca7278b0, 0x000002c0ca728c60,
0x000002c0ca7292f0, 0x000002c0ca729980, 0x000002c0ca72a010, 0x000002c0ca7285d0,
0x000002c0ca72a6a0, 0x000002c0ca72ad30, 0x000002c0ca727f40, 0x000002c0cc788190,
0x000002c0cc78a260, 0x000002c0cc788820, 0x000002c0cc789bd0, 0x000002c0cc789540,
0x000002c0cc78a8f0, 0x000002c0cc787470, 0x000002c0cc78af80, 0x000002c0cc788eb0,
0x000002c0cc787b00, 0x000002c0cc78dd70, 0x000002c0cc78c330, 0x000002c0cc78c9c0,
0x000002c0cc78bca0, 0x000002c0cc78e400, 0x000002c0cc78d6e0, 0x000002c0cc78ea90,
0x000002c0cc78d050, 0x000002c0cc78b610, 0x000002c0cc78fe40, 0x000002c0cc78f120,
0x000002c0cc7911f0, 0x000002c0cc790b60, 0x000002c0cc7925a0, 0x000002c0cc791880,
0x000002c0cc794670, 0x000002c0cc795390, 0x000002c0cc795a20, 0x000002c0cc7960b0,
0x000002c0cc796740, 0x000002c0c83b6f00, 0x000002c0c83b7c20, 0x000002c0c83b9660,
0x000002c0c83b61e0, 0x000002c0c83b82b0, 0x000002c0c83b8940, 0x000002c0c83b8fd0,
0x000002c0c83b7590, 0x000002c0c83b9cf0, 0x000002c0c83b6870, 0x000002c0c83bb0a0,
0x000002c0c83bbdc0, 0x000002c0c83bc450, 0x000002c0c83bd170, 0x000002c0c83bcae0,
0x000002c0c83ba380, 0x000002c0c83bd800, 0x000002c0c83bb730, 0x000002c0c83bf240,
0x000002c0c83baa10, 0x000002c0c83bf8d0, 0x000002c0c83c0c80, 0x000002c0c83bff60,
0x000002c0c83c05f0, 0x000002c0c83be520, 0x000002c0c83c1310, 0x000002c0c83bde90,
0x000002c0c83c19a0, 0x000002c0c83c2030, 0x000002c0c83bebb0, 0x000002c0c83c33e0,
0x000002c0c83c2d50, 0x000002c0c83c4100, 0x000002c0cc7da2a0, 0x000002c0cc7d7b40,
0x000002c0cc7da930, 0x000002c0cc7d81d0, 0x000002c0cc793fe0, 0x000002c0cc7dbce0,
0x000002c0cb6229a0, 0x000002c0cb617f00, 0x000002c0cb61ba10, 0x000002c0cb618590,
0x000002c0cb61acf0, 0x000002c0cb619940, 0x000002c0cb619fd0, 0x000002c0cb61b380,
0x000002c0d00eb020, 0x000002c0cb6192b0, 0x000002c0cb61fbb0
}

Java Threads: ( => current thread )
  0x000002c090d43ec0 JavaThread "main"                              [_thread_blocked, id=17612, stack(0x000000d96ec00000,0x000000d96ed00000) (1024K)]
  0x000002c0a8708ed0 JavaThread "Reference Handler"          daemon [_thread_blocked, id=17696, stack(0x000000d96f400000,0x000000d96f500000) (1024K)]
  0x000002c0a870b940 JavaThread "Finalizer"                  daemon [_thread_blocked, id=26272, stack(0x000000d96f500000,0x000000d96f600000) (1024K)]
  0x000002c0a870e040 JavaThread "Signal Dispatcher"          daemon [_thread_blocked, id=19500, stack(0x000000d96f600000,0x000000d96f700000) (1024K)]
  0x000002c0a87130e0 JavaThread "Attach Listener"            daemon [_thread_blocked, id=4572, stack(0x000000d96f700000,0x000000d96f800000) (1024K)]
  0x000002c0a8714dc0 JavaThread "Service Thread"             daemon [_thread_blocked, id=30156, stack(0x000000d96f800000,0x000000d96f900000) (1024K)]
  0x000002c0a87167e0 JavaThread "Monitor Deflation Thread"   daemon [_thread_blocked, id=1264, stack(0x000000d96f900000,0x000000d96fa00000) (1024K)]
  0x000002c0c80096f0 JavaThread "C2 CompilerThread0"         daemon [_thread_blocked, id=14932, stack(0x000000d96fa00000,0x000000d96fb00000) (1024K)]
  0x000002c0a871d860 JavaThread "C1 CompilerThread0"         daemon [_thread_blocked, id=31316, stack(0x000000d96fb00000,0x000000d96fc00000) (1024K)]
  0x000002c0c830a9a0 JavaThread "Common-Cleaner"             daemon [_thread_blocked, id=16772, stack(0x000000d96fc00000,0x000000d96fd00000) (1024K)]
  0x000002c0c830ca70 JavaThread "Notification Thread"        daemon [_thread_blocked, id=34244, stack(0x000000d96fd00000,0x000000d96fe00000) (1024K)]
  0x000002c0c830bd50 JavaThread "Daemon health stats"               [_thread_blocked, id=24764, stack(0x000000d970600000,0x000000d970700000) (1024K)]
  0x000002c0c830d790 JavaThread "Incoming local TCP Connector on port 65247"        [_thread_in_native, id=14656, stack(0x000000d970700000,0x000000d970800000) (1024K)]
  0x000002c0c830de20 JavaThread "Daemon periodic checks"            [_thread_blocked, id=34068, stack(0x000000d970800000,0x000000d970900000) (1024K)]
  0x000002c0c830b6c0 JavaThread "Daemon"                            [_thread_blocked, id=20136, stack(0x000000d970900000,0x000000d970a00000) (1024K)]
  0x000002c0c830c3e0 JavaThread "Handler for socket connection from /127.0.0.1:65247 to /127.0.0.1:65248"        [_thread_in_native, id=34708, stack(0x000000d970a00000,0x000000d970b00000) (1024K)]
  0x000002c0c9b28430 JavaThread "Cancel handler"                    [_thread_blocked, id=4004, stack(0x000000d970b00000,0x000000d970c00000) (1024K)]
  0x000002c0c9b297e0 JavaThread "Daemon worker"                     [_thread_blocked, id=32480, stack(0x000000d970c00000,0x000000d970d00000) (1024K)]
  0x000002c0c9b28ac0 JavaThread "Asynchronous log dispatcher for DefaultDaemonConnection: socket connection from /127.0.0.1:65247 to /127.0.0.1:65248"        [_thread_blocked, id=25156, stack(0x000000d970d00000,0x000000d970e00000) (1024K)]
  0x000002c0c9b29e70 JavaThread "Stdin handler"                     [_thread_blocked, id=16960, stack(0x000000d970e00000,0x000000d970f00000) (1024K)]
  0x000002c0c9b29150 JavaThread "Daemon client event forwarder"        [_thread_blocked, id=16560, stack(0x000000d970f00000,0x000000d971000000) (1024K)]
  0x000002c0c9b269f0 JavaThread "Cache worker for journal cache (C:\Users\jibri\.gradle\caches\journal-1)"        [_thread_blocked, id=17392, stack(0x000000d971000000,0x000000d971100000) (1024K)]
  0x000002c0c9b2a500 JavaThread "File lock request listener"        [_thread_in_native, id=10432, stack(0x000000d971100000,0x000000d971200000) (1024K)]
  0x000002c0c9b27da0 JavaThread "Cache worker for file hash cache (C:\Users\jibri\.gradle\caches\9.0.0\fileHashes)"        [_thread_blocked, id=15080, stack(0x000000d971200000,0x000000d971300000) (1024K)]
  0x000002c0c9b2d2f0 JavaThread "Cache worker for file hash cache (C:\rubi_web\CISC_Capstone\MiscueReading\android\.gradle\9.0.0\fileHashes)"        [_thread_blocked, id=33260, stack(0x000000d971a00000,0x000000d971b00000) (1024K)]
  0x000002c0c9b2c5d0 JavaThread "Cache worker for Build Output Cleanup Cache (C:\rubi_web\CISC_Capstone\MiscueReading\android\.gradle\buildOutputCleanup)"        [_thread_blocked, id=16840, stack(0x000000d971b00000,0x000000d971c00000) (1024K)]
  0x000002c0c9b2e010 JavaThread "File watcher server"        daemon [_thread_in_native, id=31460, stack(0x000000d971c00000,0x000000d971d00000) (1024K)]
  0x000002c0c9b2b220 JavaThread "File watcher consumer"      daemon [_thread_blocked, id=32972, stack(0x000000d971d00000,0x000000d971e00000) (1024K)]
  0x000002c0c9b2b8b0 JavaThread "Cache worker for checksums cache (C:\rubi_web\CISC_Capstone\MiscueReading\android\.gradle\9.0.0\checksums)"        [_thread_blocked, id=24552, stack(0x000000d971e00000,0x000000d971f00000) (1024K)]
  0x000002c0c9b2bf40 JavaThread "Cache worker for file content cache (C:\Users\jibri\.gradle\caches\9.0.0\fileContent)"        [_thread_blocked, id=25080, stack(0x000000d971f00000,0x000000d972000000) (1024K)]
  0x000002c0c9b2cc60 JavaThread "Cache worker for cache directory md-supplier (C:\Users\jibri\.gradle\caches\9.0.0\md-supplier)"        [_thread_blocked, id=25028, stack(0x000000d972000000,0x000000d972100000) (1024K)]
  0x000002c0c9b2d980 JavaThread "Cache worker for cache directory md-rule (C:\Users\jibri\.gradle\caches\9.0.0\md-rule)"        [_thread_blocked, id=23820, stack(0x000000d972100000,0x000000d972200000) (1024K)]
  0x000002c0cbfb0470 JavaThread "jar transforms"                    [_thread_blocked, id=24004, stack(0x000000d972200000,0x000000d972300000) (1024K)]
  0x000002c0cbfb0b00 JavaThread "Cache worker for Build Output Cleanup Cache (C:\rubi_web\CISC_Capstone\MiscueReading\node_modules\@react-native\gradle-plugin\.gradle\buildOutputCleanup)"        [_thread_blocked, id=13020, stack(0x000000d972300000,0x000000d972400000) (1024K)]
  0x000002c0cbfb2bd0 JavaThread "Unconstrained build operations"        [_thread_blocked, id=24832, stack(0x000000d971900000,0x000000d971a00000) (1024K)]
  0x000002c0cbfb1190 JavaThread "Unconstrained build operations Thread 2"        [_thread_blocked, id=23376, stack(0x000000d972400000,0x000000d972500000) (1024K)]
  0x000002c0cbfb3260 JavaThread "Unconstrained build operations Thread 3"        [_thread_blocked, id=9276, stack(0x000000d972500000,0x000000d972600000) (1024K)]
  0x000002c0cbfafde0 JavaThread "Unconstrained build operations Thread 4"        [_thread_blocked, id=27952, stack(0x000000d972600000,0x000000d972700000) (1024K)]
  0x000002c0cbfb1820 JavaThread "Unconstrained build operations Thread 5"        [_thread_blocked, id=27364, stack(0x000000d972700000,0x000000d972800000) (1024K)]
  0x000002c0cf2f8440 JavaThread "Unconstrained build operations Thread 6"        [_thread_blocked, id=22956, stack(0x000000d972800000,0x000000d972900000) (1024K)]
  0x000002c0cf2f7db0 JavaThread "Unconstrained build operations Thread 7"        [_thread_blocked, id=34100, stack(0x000000d972a00000,0x000000d972b00000) (1024K)]
  0x000002c0cf2f9e80 JavaThread "Unconstrained build operations Thread 8"        [_thread_blocked, id=21048, stack(0x000000d972b00000,0x000000d972c00000) (1024K)]
  0x000002c0cf2f8ad0 JavaThread "Unconstrained build operations Thread 9"        [_thread_blocked, id=23992, stack(0x000000d972c00000,0x000000d972d00000) (1024K)]
  0x000002c0cf2f9160 JavaThread "Unconstrained build operations Thread 10"        [_thread_blocked, id=31376, stack(0x000000d972d00000,0x000000d972e00000) (1024K)]
  0x000002c0cf2f97f0 JavaThread "Unconstrained build operations Thread 11"        [_thread_blocked, id=28092, stack(0x000000d972e00000,0x000000d972f00000) (1024K)]
  0x000002c0cf2fa510 JavaThread "Unconstrained build operations Thread 12"        [_thread_blocked, id=11400, stack(0x000000d972f00000,0x000000d973000000) (1024K)]
  0x000002c0cf2faba0 JavaThread "Unconstrained build operations Thread 13"        [_thread_blocked, id=19020, stack(0x000000d973000000,0x000000d973100000) (1024K)]
  0x000002c0cf2f7720 JavaThread "Unconstrained build operations Thread 14"        [_thread_blocked, id=33080, stack(0x000000d973100000,0x000000d973200000) (1024K)]
  0x000002c0cf2fc5e0 JavaThread "Unconstrained build operations Thread 15"        [_thread_blocked, id=2492, stack(0x000000d973200000,0x000000d973300000) (1024K)]
  0x000002c0cf2fd990 JavaThread "Unconstrained build operations Thread 16"        [_thread_blocked, id=29632, stack(0x000000d973300000,0x000000d973400000) (1024K)]
  0x000002c0cf2fcc70 JavaThread "Unconstrained build operations Thread 17"        [_thread_blocked, id=14916, stack(0x000000d973400000,0x000000d973500000) (1024K)]
  0x000002c0cf2fb8c0 JavaThread "Unconstrained build operations Thread 18"        [_thread_blocked, id=32284, stack(0x000000d973500000,0x000000d973600000) (1024K)]
  0x000002c0cf2fd300 JavaThread "Unconstrained build operations Thread 19"        [_thread_blocked, id=34052, stack(0x000000d973600000,0x000000d973700000) (1024K)]
  0x000002c0cf2fbf50 JavaThread "Unconstrained build operations Thread 20"        [_thread_blocked, id=25228, stack(0x000000d973700000,0x000000d973800000) (1024K)]
  0x000002c0cf2fe6b0 JavaThread "Unconstrained build operations Thread 21"        [_thread_blocked, id=29428, stack(0x000000d973800000,0x000000d973900000) (1024K)]
  0x000002c0cf2fe020 JavaThread "Unconstrained build operations Thread 22"        [_thread_blocked, id=30716, stack(0x000000d973900000,0x000000d973a00000) (1024K)]
  0x000002c0cf2fb230 JavaThread "Unconstrained build operations Thread 23"        [_thread_blocked, id=17128, stack(0x000000d973a00000,0x000000d973b00000) (1024K)]
  0x000002c0cf2fed40 JavaThread "Unconstrained build operations Thread 24"        [_thread_blocked, id=28168, stack(0x000000d973b00000,0x000000d973c00000) (1024K)]
  0x000002c0ce957170 JavaThread "Unconstrained build operations Thread 25"        [_thread_blocked, id=16052, stack(0x000000d973c00000,0x000000d973d00000) (1024K)]
  0x000002c0ce958520 JavaThread "Unconstrained build operations Thread 26"        [_thread_blocked, id=27924, stack(0x000000d973d00000,0x000000d973e00000) (1024K)]
  0x000002c0ce958bb0 JavaThread "Unconstrained build operations Thread 27"        [_thread_blocked, id=29996, stack(0x000000d973e00000,0x000000d973f00000) (1024K)]
  0x000002c0ce959240 JavaThread "Unconstrained build operations Thread 28"        [_thread_blocked, id=30200, stack(0x000000d973f00000,0x000000d974000000) (1024K)]
  0x000002c0ce957e90 JavaThread "Unconstrained build operations Thread 29"        [_thread_blocked, id=11844, stack(0x000000d974000000,0x000000d974100000) (1024K)]
  0x000002c0ce959f60 JavaThread "Unconstrained build operations Thread 30"        [_thread_blocked, id=2604, stack(0x000000d974100000,0x000000d974200000) (1024K)]
  0x000002c0ce956ae0 JavaThread "Unconstrained build operations Thread 31"        [_thread_blocked, id=29040, stack(0x000000d974200000,0x000000d974300000) (1024K)]
  0x000002c0ce95ac80 JavaThread "Unconstrained build operations Thread 32"        [_thread_blocked, id=24588, stack(0x000000d974300000,0x000000d974400000) (1024K)]
  0x000002c0ce957800 JavaThread "Unconstrained build operations Thread 33"        [_thread_blocked, id=28664, stack(0x000000d974400000,0x000000d974500000) (1024K)]
  0x000002c0ce95a5f0 JavaThread "Unconstrained build operations Thread 34"        [_thread_blocked, id=22200, stack(0x000000d974500000,0x000000d974600000) (1024K)]
  0x000002c0ce9598d0 JavaThread "Unconstrained build operations Thread 35"        [_thread_blocked, id=24612, stack(0x000000d974600000,0x000000d974700000) (1024K)]
  0x000002c0ce95cd50 JavaThread "Unconstrained build operations Thread 36"        [_thread_blocked, id=34056, stack(0x000000d974700000,0x000000d974800000) (1024K)]
  0x000002c0ce95b310 JavaThread "Unconstrained build operations Thread 37"        [_thread_blocked, id=26472, stack(0x000000d974800000,0x000000d974900000) (1024K)]
  0x000002c0ce95d3e0 JavaThread "Unconstrained build operations Thread 38"        [_thread_blocked, id=1276, stack(0x000000d974900000,0x000000d974a00000) (1024K)]
  0x000002c0ce95da70 JavaThread "Unconstrained build operations Thread 39"        [_thread_blocked, id=29392, stack(0x000000d974a00000,0x000000d974b00000) (1024K)]
  0x000002c0ce95e100 JavaThread "Unconstrained build operations Thread 40"        [_thread_blocked, id=21756, stack(0x000000d974b00000,0x000000d974c00000) (1024K)]
  0x000002c0ce95b9a0 JavaThread "Unconstrained build operations Thread 41"        [_thread_blocked, id=21404, stack(0x000000d974c00000,0x000000d974d00000) (1024K)]
  0x000002c0ce95c030 JavaThread "Unconstrained build operations Thread 42"        [_thread_blocked, id=27476, stack(0x000000d974d00000,0x000000d974e00000) (1024K)]
  0x000002c0ce95c6c0 JavaThread "Unconstrained build operations Thread 43"        [_thread_blocked, id=27444, stack(0x000000d974e00000,0x000000d974f00000) (1024K)]
  0x000002c0cd06b1a0 JavaThread "Unconstrained build operations Thread 44"        [_thread_blocked, id=26096, stack(0x000000d974f00000,0x000000d975000000) (1024K)]
  0x000002c0cd06b830 JavaThread "Unconstrained build operations Thread 45"        [_thread_blocked, id=21220, stack(0x000000d975000000,0x000000d975100000) (1024K)]
  0x000002c0cd06cbe0 JavaThread "Unconstrained build operations Thread 46"        [_thread_blocked, id=26888, stack(0x000000d975100000,0x000000d975200000) (1024K)]
  0x000002c0cd06a480 JavaThread "Unconstrained build operations Thread 47"        [_thread_blocked, id=24356, stack(0x000000d975200000,0x000000d975300000) (1024K)]
  0x000002c0cd06d270 JavaThread "Unconstrained build operations Thread 48"        [_thread_blocked, id=24228, stack(0x000000d975300000,0x000000d975400000) (1024K)]
  0x000002c0cd069df0 JavaThread "build event listener"              [_thread_blocked, id=29904, stack(0x000000d975400000,0x000000d975500000) (1024K)]
  0x000002c0cd06d900 JavaThread "Memory manager"                    [_thread_blocked, id=24848, stack(0x000000d972900000,0x000000d972a00000) (1024K)]
  0x000002c0cd06ecb0 JavaThread "ForkJoinPool.commonPool-worker-1" daemon [_thread_blocked, id=15796, stack(0x000000d975600000,0x000000d975700000) (1024K)]
  0x000002c0cd070d80 JavaThread "ForkJoinPool.commonPool-worker-2" daemon [_thread_blocked, id=8260, stack(0x000000d975700000,0x000000d975800000) (1024K)]
  0x000002c0cd06f340 JavaThread "ForkJoinPool.commonPool-worker-3" daemon [_thread_blocked, id=26380, stack(0x000000d975800000,0x000000d975900000) (1024K)]
  0x000002c0cd06f9d0 JavaThread "ForkJoinPool.commonPool-worker-4" daemon [_thread_blocked, id=7648, stack(0x000000d975900000,0x000000d975a00000) (1024K)]
  0x000002c0cd070060 JavaThread "ForkJoinPool.commonPool-worker-5" daemon [_thread_blocked, id=11516, stack(0x000000d975a00000,0x000000d975b00000) (1024K)]
  0x000002c0cd071410 JavaThread "ForkJoinPool.commonPool-worker-6" daemon [_thread_blocked, id=26068, stack(0x000000d975b00000,0x000000d975c00000) (1024K)]
  0x000002c0cbe7dd10 JavaThread "ForkJoinPool.commonPool-worker-7" daemon [_thread_blocked, id=23092, stack(0x000000d975c00000,0x000000d975d00000) (1024K)]
  0x000002c0cbe7ea30 JavaThread "ForkJoinPool.commonPool-worker-8" daemon [_thread_blocked, id=29888, stack(0x000000d975d00000,0x000000d975e00000) (1024K)]
  0x000002c0cbe80470 JavaThread "ForkJoinPool.commonPool-worker-9" daemon [_thread_blocked, id=27956, stack(0x000000d975e00000,0x000000d975f00000) (1024K)]
  0x000002c0cbe7fde0 JavaThread "ForkJoinPool.commonPool-worker-10" daemon [_thread_blocked, id=23244, stack(0x000000d975f00000,0x000000d976000000) (1024K)]
  0x000002c0cbe7e3a0 JavaThread "ForkJoinPool.commonPool-worker-11" daemon [_thread_blocked, id=8836, stack(0x000000d976000000,0x000000d976100000) (1024K)]
  0x000002c0cbe81190 JavaThread "Exec process"               daemon [_thread_blocked, id=27176, stack(0x000000d976100000,0x000000d976200000) (1024K)]
  0x000002c0cbe80b00 JavaThread "Exec process Thread 2"      daemon [_thread_blocked, id=24740, stack(0x000000d976200000,0x000000d976300000) (1024K)]
  0x000002c0cbe7f750 JavaThread "Exec process Thread 3"      daemon [_thread_blocked, id=15220, stack(0x000000d976300000,0x000000d976400000) (1024K)]
  0x000002c0cbe81820 JavaThread "included builds"                   [_thread_blocked, id=4716, stack(0x000000d96fe00000,0x000000d96ff00000) (1024K)]
  0x000002c0cbe7f0c0 JavaThread "Execution worker"                  [_thread_blocked, id=32392, stack(0x000000d975500000,0x000000d975600000) (1024K)]
  0x000002c0cbe82bd0 JavaThread "Execution worker Thread 2"         [_thread_blocked, id=26744, stack(0x000000d976400000,0x000000d976500000) (1024K)]
  0x000002c0cbe82540 JavaThread "Execution worker Thread 3"         [_thread_blocked, id=18396, stack(0x000000d976500000,0x000000d976600000) (1024K)]
  0x000002c0cbe838f0 JavaThread "Execution worker Thread 4"         [_thread_blocked, id=15492, stack(0x000000d976600000,0x000000d976700000) (1024K)]
  0x000002c0cbe83260 JavaThread "Execution worker Thread 5"         [_thread_blocked, id=13772, stack(0x000000d976700000,0x000000d976800000) (1024K)]
  0x000002c0cbe83f80 JavaThread "Execution worker Thread 6"         [_thread_blocked, id=31700, stack(0x000000d976800000,0x000000d976900000) (1024K)]
  0x000002c0cbe84610 JavaThread "Execution worker Thread 7"         [_thread_blocked, id=28088, stack(0x000000d976900000,0x000000d976a00000) (1024K)]
  0x000002c0cbe84ca0 JavaThread "Execution worker Thread 8"         [_thread_blocked, id=32364, stack(0x000000d976a00000,0x000000d976b00000) (1024K)]
  0x000002c0cbe85330 JavaThread "Execution worker Thread 9"         [_thread_blocked, id=23536, stack(0x000000d976b00000,0x000000d976c00000) (1024K)]
  0x000002c0cbe81eb0 JavaThread "Execution worker Thread 10"        [_thread_blocked, id=34736, stack(0x000000d976c00000,0x000000d976d00000) (1024K)]
  0x000002c0cf69b3c0 JavaThread "Execution worker Thread 11"        [_thread_blocked, id=15512, stack(0x000000d976d00000,0x000000d976e00000) (1024K)]
  0x000002c0cf69c770 JavaThread "Execution worker Thread 12"        [_thread_blocked, id=8792, stack(0x000000d976e00000,0x000000d976f00000) (1024K)]
  0x000002c0cf69d490 JavaThread "Execution worker Thread 13"        [_thread_blocked, id=19528, stack(0x000000d976f00000,0x000000d977000000) (1024K)]
  0x000002c0cf69c0e0 JavaThread "Execution worker Thread 14"        [_thread_blocked, id=31880, stack(0x000000d977000000,0x000000d977100000) (1024K)]
  0x000002c0cf69ad30 JavaThread "Cache worker for execution history cache (C:\rubi_web\CISC_Capstone\MiscueReading\node_modules\@react-native\gradle-plugin\.gradle\9.0.0\executionHistory)"        [_thread_blocked, id=19580, stack(0x000000d977100000,0x000000d977200000) (1024K)]
  0x000002c0cf69ce00 JavaThread "Unconstrained build operations Thread 49"        [_thread_blocked, id=27052, stack(0x000000d977200000,0x000000d977300000) (1024K)]
  0x000002c0cf69db20 JavaThread "Unconstrained build operations Thread 50"        [_thread_blocked, id=22244, stack(0x000000d977300000,0x000000d977400000) (1024K)]
  0x000002c0cf69a6a0 JavaThread "Unconstrained build operations Thread 51"        [_thread_blocked, id=4388, stack(0x000000d977400000,0x000000d977500000) (1024K)]
  0x000002c0cf69e1b0 JavaThread "Unconstrained build operations Thread 52"        [_thread_blocked, id=25316, stack(0x000000d977500000,0x000000d977600000) (1024K)]
  0x000002c0cf69e840 JavaThread "Unconstrained build operations Thread 53"        [_thread_blocked, id=24980, stack(0x000000d977600000,0x000000d977700000) (1024K)]
  0x000002c0cf69eed0 JavaThread "Unconstrained build operations Thread 54"        [_thread_blocked, id=6128, stack(0x000000d977700000,0x000000d977800000) (1024K)]
  0x000002c0cf69ba50 JavaThread "Unconstrained build operations Thread 55"        [_thread_blocked, id=16448, stack(0x000000d977800000,0x000000d977900000) (1024K)]
  0x000002c0cf6a0910 JavaThread "Unconstrained build operations Thread 56"        [_thread_blocked, id=4272, stack(0x000000d977900000,0x000000d977a00000) (1024K)]
  0x000002c0cf6a0fa0 JavaThread "Unconstrained build operations Thread 57"        [_thread_blocked, id=30432, stack(0x000000d977a00000,0x000000d977b00000) (1024K)]
  0x000002c0cf6a1cc0 JavaThread "Unconstrained build operations Thread 58"        [_thread_blocked, id=26676, stack(0x000000d977b00000,0x000000d977c00000) (1024K)]
  0x000002c0cf6a1630 JavaThread "Unconstrained build operations Thread 59"        [_thread_blocked, id=23836, stack(0x000000d977c00000,0x000000d977d00000) (1024K)]
  0x000002c0cf69f560 JavaThread "Unconstrained build operations Thread 60"        [_thread_blocked, id=32800, stack(0x000000d977d00000,0x000000d977e00000) (1024K)]
  0x000002c0cf69fbf0 JavaThread "Unconstrained build operations Thread 61"        [_thread_blocked, id=25268, stack(0x000000d977e00000,0x000000d977f00000) (1024K)]
  0x000002c0cf6a0280 JavaThread "Unconstrained build operations Thread 62"        [_thread_blocked, id=11352, stack(0x000000d977f00000,0x000000d978000000) (1024K)]
  0x000002c0cc851520 JavaThread "Unconstrained build operations Thread 63"        [_thread_blocked, id=25088, stack(0x000000d978000000,0x000000d978100000) (1024K)]
  0x000002c0cc852240 JavaThread "Unconstrained build operations Thread 64"        [_thread_blocked, id=23616, stack(0x000000d978100000,0x000000d978200000) (1024K)]
  0x000002c0cc852f60 JavaThread "Unconstrained build operations Thread 65"        [_thread_blocked, id=21320, stack(0x000000d978200000,0x000000d978300000) (1024K)]
  0x000002c0cc8528d0 JavaThread "Unconstrained build operations Thread 66"        [_thread_blocked, id=15728, stack(0x000000d978300000,0x000000d978400000) (1024K)]
  0x000002c0cc853c80 JavaThread "Unconstrained build operations Thread 67"        [_thread_blocked, id=28696, stack(0x000000d978400000,0x000000d978500000) (1024K)]
  0x000002c0cc8535f0 JavaThread "Unconstrained build operations Thread 68"        [_thread_blocked, id=31976, stack(0x000000d978500000,0x000000d978600000) (1024K)]
  0x000002c0cc854310 JavaThread "Unconstrained build operations Thread 69"        [_thread_blocked, id=21420, stack(0x000000d978600000,0x000000d978700000) (1024K)]
  0x000002c0cc8549a0 JavaThread "Unconstrained build operations Thread 70"        [_thread_blocked, id=1812, stack(0x000000d978700000,0x000000d978800000) (1024K)]
  0x000002c0cc855030 JavaThread "Unconstrained build operations Thread 71"        [_thread_blocked, id=20432, stack(0x000000d978800000,0x000000d978900000) (1024K)]
  0x000002c0cc851bb0 JavaThread "Unconstrained build operations Thread 72"        [_thread_blocked, id=34364, stack(0x000000d978900000,0x000000d978a00000) (1024K)]
  0x000002c0cc857e20 JavaThread "Unconstrained build operations Thread 73"        [_thread_blocked, id=27084, stack(0x000000d978a00000,0x000000d978b00000) (1024K)]
  0x000002c0cc8563e0 JavaThread "Unconstrained build operations Thread 74"        [_thread_blocked, id=23144, stack(0x000000d978b00000,0x000000d978c00000) (1024K)]
  0x000002c0cc858b40 JavaThread "Unconstrained build operations Thread 75"        [_thread_blocked, id=20756, stack(0x000000d978c00000,0x000000d978d00000) (1024K)]
  0x000002c0cc857100 JavaThread "Unconstrained build operations Thread 76"        [_thread_blocked, id=27492, stack(0x000000d978d00000,0x000000d978e00000) (1024K)]
  0x000002c0cc856a70 JavaThread "Unconstrained build operations Thread 77"        [_thread_blocked, id=25684, stack(0x000000d978e00000,0x000000d978f00000) (1024K)]
  0x000002c0cc855d50 JavaThread "Unconstrained build operations Thread 78"        [_thread_blocked, id=2356, stack(0x000000d978f00000,0x000000d979000000) (1024K)]
  0x000002c0cc857790 JavaThread "Unconstrained build operations Thread 79"        [_thread_blocked, id=23204, stack(0x000000d979000000,0x000000d979100000) (1024K)]
  0x000002c0cc8556c0 JavaThread "Unconstrained build operations Thread 80"        [_thread_blocked, id=27180, stack(0x000000d979100000,0x000000d979200000) (1024K)]
  0x000002c0ca7278b0 JavaThread "Unconstrained build operations Thread 81"        [_thread_blocked, id=23080, stack(0x000000d979200000,0x000000d979300000) (1024K)]
  0x000002c0ca728c60 JavaThread "Unconstrained build operations Thread 82"        [_thread_blocked, id=9396, stack(0x000000d979300000,0x000000d979400000) (1024K)]
  0x000002c0ca7292f0 JavaThread "Unconstrained build operations Thread 83"        [_thread_blocked, id=18512, stack(0x000000d979400000,0x000000d979500000) (1024K)]
  0x000002c0ca729980 JavaThread "Unconstrained build operations Thread 84"        [_thread_blocked, id=25936, stack(0x000000d979500000,0x000000d979600000) (1024K)]
  0x000002c0ca72a010 JavaThread "Unconstrained build operations Thread 85"        [_thread_blocked, id=11028, stack(0x000000d979600000,0x000000d979700000) (1024K)]
  0x000002c0ca7285d0 JavaThread "Unconstrained build operations Thread 86"        [_thread_blocked, id=33144, stack(0x000000d979700000,0x000000d979800000) (1024K)]
  0x000002c0ca72a6a0 JavaThread "Unconstrained build operations Thread 87"        [_thread_blocked, id=3768, stack(0x000000d979800000,0x000000d979900000) (1024K)]
  0x000002c0ca72ad30 JavaThread "Unconstrained build operations Thread 88"        [_thread_blocked, id=20728, stack(0x000000d979900000,0x000000d979a00000) (1024K)]
  0x000002c0ca727f40 JavaThread "Unconstrained build operations Thread 89"        [_thread_blocked, id=25660, stack(0x000000d979a00000,0x000000d979b00000) (1024K)]
  0x000002c0cc788190 JavaThread "Unconstrained build operations Thread 90"        [_thread_blocked, id=25984, stack(0x000000d979b00000,0x000000d979c00000) (1024K)]
  0x000002c0cc78a260 JavaThread "Unconstrained build operations Thread 91"        [_thread_blocked, id=31312, stack(0x000000d979c00000,0x000000d979d00000) (1024K)]
  0x000002c0cc788820 JavaThread "Unconstrained build operations Thread 92"        [_thread_blocked, id=11676, stack(0x000000d979d00000,0x000000d979e00000) (1024K)]
  0x000002c0cc789bd0 JavaThread "Unconstrained build operations Thread 93"        [_thread_blocked, id=32736, stack(0x000000d979e00000,0x000000d979f00000) (1024K)]
  0x000002c0cc789540 JavaThread "Unconstrained build operations Thread 94"        [_thread_blocked, id=19268, stack(0x000000d979f00000,0x000000d97a000000) (1024K)]
  0x000002c0cc78a8f0 JavaThread "Unconstrained build operations Thread 95"        [_thread_blocked, id=33184, stack(0x000000d97a000000,0x000000d97a100000) (1024K)]
  0x000002c0cc787470 JavaThread "Unconstrained build operations Thread 96"        [_thread_blocked, id=26184, stack(0x000000d97a100000,0x000000d97a200000) (1024K)]
  0x000002c0cc78af80 JavaThread "Unconstrained build operations Thread 97"        [_thread_blocked, id=16220, stack(0x000000d97a200000,0x000000d97a300000) (1024K)]
  0x000002c0cc788eb0 JavaThread "Unconstrained build operations Thread 98"        [_thread_blocked, id=13264, stack(0x000000d97a300000,0x000000d97a400000) (1024K)]
  0x000002c0cc787b00 JavaThread "Unconstrained build operations Thread 99"        [_thread_blocked, id=12568, stack(0x000000d97a400000,0x000000d97a500000) (1024K)]
  0x000002c0cc78dd70 JavaThread "Unconstrained build operations Thread 100"        [_thread_blocked, id=26432, stack(0x000000d97a500000,0x000000d97a600000) (1024K)]
  0x000002c0cc78c330 JavaThread "Unconstrained build operations Thread 101"        [_thread_blocked, id=29128, stack(0x000000d97a600000,0x000000d97a700000) (1024K)]
  0x000002c0cc78c9c0 JavaThread "Unconstrained build operations Thread 102"        [_thread_blocked, id=23660, stack(0x000000d97a700000,0x000000d97a800000) (1024K)]
  0x000002c0cc78bca0 JavaThread "Unconstrained build operations Thread 103"        [_thread_blocked, id=21132, stack(0x000000d97a800000,0x000000d97a900000) (1024K)]
  0x000002c0cc78e400 JavaThread "Unconstrained build operations Thread 104"        [_thread_blocked, id=14120, stack(0x000000d97a900000,0x000000d97aa00000) (1024K)]
  0x000002c0cc78d6e0 JavaThread "Unconstrained build operations Thread 105"        [_thread_blocked, id=15880, stack(0x000000d97aa00000,0x000000d97ab00000) (1024K)]
  0x000002c0cc78ea90 JavaThread "Unconstrained build operations Thread 106"        [_thread_blocked, id=12060, stack(0x000000d97ab00000,0x000000d97ac00000) (1024K)]
  0x000002c0cc78d050 JavaThread "Unconstrained build operations Thread 107"        [_thread_blocked, id=33192, stack(0x000000d97ac00000,0x000000d97ad00000) (1024K)]
  0x000002c0cc78b610 JavaThread "Unconstrained build operations Thread 108"        [_thread_blocked, id=28988, stack(0x000000d97ad00000,0x000000d97ae00000) (1024K)]
  0x000002c0cc78fe40 JavaThread "Unconstrained build operations Thread 109"        [_thread_blocked, id=18856, stack(0x000000d97ae00000,0x000000d97af00000) (1024K)]
  0x000002c0cc78f120 JavaThread "Unconstrained build operations Thread 110"        [_thread_blocked, id=23980, stack(0x000000d97af00000,0x000000d97b000000) (1024K)]
  0x000002c0cc7911f0 JavaThread "Unconstrained build operations Thread 111"        [_thread_blocked, id=25500, stack(0x000000d97b000000,0x000000d97b100000) (1024K)]
  0x000002c0cc790b60 JavaThread "Unconstrained build operations Thread 112"        [_thread_blocked, id=32436, stack(0x000000d97b100000,0x000000d97b200000) (1024K)]
  0x000002c0cc7925a0 JavaThread "Unconstrained build operations Thread 113"        [_thread_blocked, id=5284, stack(0x000000d97b200000,0x000000d97b300000) (1024K)]
  0x000002c0cc791880 JavaThread "Unconstrained build operations Thread 114"        [_thread_blocked, id=16568, stack(0x000000d97b300000,0x000000d97b400000) (1024K)]
  0x000002c0cc794670 JavaThread "Unconstrained build operations Thread 115"        [_thread_blocked, id=7284, stack(0x000000d97b400000,0x000000d97b500000) (1024K)]
  0x000002c0cc795390 JavaThread "Unconstrained build operations Thread 116"        [_thread_blocked, id=23340, stack(0x000000d97b500000,0x000000d97b600000) (1024K)]
  0x000002c0cc795a20 JavaThread "Unconstrained build operations Thread 117"        [_thread_blocked, id=30400, stack(0x000000d97b600000,0x000000d97b700000) (1024K)]
  0x000002c0cc7960b0 JavaThread "Unconstrained build operations Thread 118"        [_thread_blocked, id=29164, stack(0x000000d97b700000,0x000000d97b800000) (1024K)]
  0x000002c0cc796740 JavaThread "Unconstrained build operations Thread 119"        [_thread_blocked, id=25096, stack(0x000000d97b800000,0x000000d97b900000) (1024K)]
  0x000002c0c83b6f00 JavaThread "Unconstrained build operations Thread 120"        [_thread_blocked, id=21024, stack(0x000000d97b900000,0x000000d97ba00000) (1024K)]
  0x000002c0c83b7c20 JavaThread "Unconstrained build operations Thread 121"        [_thread_blocked, id=25236, stack(0x000000d97ba00000,0x000000d97bb00000) (1024K)]
  0x000002c0c83b9660 JavaThread "Unconstrained build operations Thread 122"        [_thread_blocked, id=32532, stack(0x000000d97bb00000,0x000000d97bc00000) (1024K)]
  0x000002c0c83b61e0 JavaThread "Unconstrained build operations Thread 123"        [_thread_blocked, id=25048, stack(0x000000d97bc00000,0x000000d97bd00000) (1024K)]
  0x000002c0c83b82b0 JavaThread "Unconstrained build operations Thread 124"        [_thread_blocked, id=27100, stack(0x000000d97bd00000,0x000000d97be00000) (1024K)]
  0x000002c0c83b8940 JavaThread "jar transforms Thread 2"           [_thread_blocked, id=34032, stack(0x000000d97be00000,0x000000d97bf00000) (1024K)]
  0x000002c0c83b8fd0 JavaThread "jar transforms Thread 3"           [_thread_blocked, id=26228, stack(0x000000d97c000000,0x000000d97c100000) (1024K)]
  0x000002c0c83b7590 JavaThread "Unconstrained build operations Thread 125"        [_thread_blocked, id=18232, stack(0x000000d97c100000,0x000000d97c200000) (1024K)]
  0x000002c0c83b9cf0 JavaThread "Unconstrained build operations Thread 126"        [_thread_blocked, id=17496, stack(0x000000d97c200000,0x000000d97c300000) (1024K)]
  0x000002c0c83b6870 JavaThread "Unconstrained build operations Thread 127"        [_thread_blocked, id=25780, stack(0x000000d97c300000,0x000000d97c400000) (1024K)]
  0x000002c0c83bb0a0 JavaThread "Unconstrained build operations Thread 128"        [_thread_blocked, id=26136, stack(0x000000d97c400000,0x000000d97c500000) (1024K)]
  0x000002c0c83bbdc0 JavaThread "Unconstrained build operations Thread 129"        [_thread_blocked, id=12476, stack(0x000000d97c500000,0x000000d97c600000) (1024K)]
  0x000002c0c83bc450 JavaThread "Unconstrained build operations Thread 130"        [_thread_blocked, id=33644, stack(0x000000d97c600000,0x000000d97c700000) (1024K)]
  0x000002c0c83bd170 JavaThread "Unconstrained build operations Thread 131"        [_thread_blocked, id=31136, stack(0x000000d97c700000,0x000000d97c800000) (1024K)]
  0x000002c0c83bcae0 JavaThread "Unconstrained build operations Thread 132"        [_thread_blocked, id=22484, stack(0x000000d97c800000,0x000000d97c900000) (1024K)]
  0x000002c0c83ba380 JavaThread "Unconstrained build operations Thread 133"        [_thread_blocked, id=1732, stack(0x000000d97c900000,0x000000d97ca00000) (1024K)]
  0x000002c0c83bd800 JavaThread "Unconstrained build operations Thread 134"        [_thread_blocked, id=33300, stack(0x000000d97ca00000,0x000000d97cb00000) (1024K)]
  0x000002c0c83bb730 JavaThread "Unconstrained build operations Thread 135"        [_thread_blocked, id=26796, stack(0x000000d97cb00000,0x000000d97cc00000) (1024K)]
  0x000002c0c83bf240 JavaThread "Unconstrained build operations Thread 136"        [_thread_blocked, id=21012, stack(0x000000d97cc00000,0x000000d97cd00000) (1024K)]
  0x000002c0c83baa10 JavaThread "Unconstrained build operations Thread 137"        [_thread_blocked, id=17552, stack(0x000000d97cd00000,0x000000d97ce00000) (1024K)]
  0x000002c0c83bf8d0 JavaThread "Unconstrained build operations Thread 138"        [_thread_blocked, id=22248, stack(0x000000d97ce00000,0x000000d97cf00000) (1024K)]
  0x000002c0c83c0c80 JavaThread "Unconstrained build operations Thread 139"        [_thread_blocked, id=16216, stack(0x000000d97cf00000,0x000000d97d000000) (1024K)]
  0x000002c0c83bff60 JavaThread "Unconstrained build operations Thread 140"        [_thread_blocked, id=13856, stack(0x000000d97d000000,0x000000d97d100000) (1024K)]
  0x000002c0c83c05f0 JavaThread "Unconstrained build operations Thread 141"        [_thread_blocked, id=18308, stack(0x000000d97d100000,0x000000d97d200000) (1024K)]
  0x000002c0c83be520 JavaThread "Unconstrained build operations Thread 142"        [_thread_blocked, id=33924, stack(0x000000d97d200000,0x000000d97d300000) (1024K)]
  0x000002c0c83c1310 JavaThread "Unconstrained build operations Thread 143"        [_thread_blocked, id=33468, stack(0x000000d97d300000,0x000000d97d400000) (1024K)]
  0x000002c0c83bde90 JavaThread "Unconstrained build operations Thread 144"        [_thread_blocked, id=31252, stack(0x000000d97d400000,0x000000d97d500000) (1024K)]
  0x000002c0c83c19a0 JavaThread "Unconstrained build operations Thread 145"        [_thread_blocked, id=20588, stack(0x000000d97d500000,0x000000d97d600000) (1024K)]
  0x000002c0c83c2030 JavaThread "Unconstrained build operations Thread 146"        [_thread_blocked, id=33616, stack(0x000000d97d600000,0x000000d97d700000) (1024K)]
  0x000002c0c83bebb0 JavaThread "Unconstrained build operations Thread 147"        [_thread_blocked, id=31664, stack(0x000000d97d700000,0x000000d97d800000) (1024K)]
  0x000002c0c83c33e0 JavaThread "Unconstrained build operations Thread 148"        [_thread_blocked, id=31624, stack(0x000000d97d800000,0x000000d97d900000) (1024K)]
  0x000002c0c83c2d50 JavaThread "Unconstrained build operations Thread 149"        [_thread_blocked, id=2256, stack(0x000000d97d900000,0x000000d97da00000) (1024K)]
  0x000002c0c83c4100 JavaThread "Unconstrained build operations Thread 150"        [_thread_blocked, id=30688, stack(0x000000d97da00000,0x000000d97db00000) (1024K)]
  0x000002c0cc7da2a0 JavaThread "jar transforms Thread 4"           [_thread_blocked, id=26732, stack(0x000000d97bf00000,0x000000d97c000000) (1024K)]
  0x000002c0cc7d7b40 JavaThread "jar transforms Thread 5"           [_thread_blocked, id=26692, stack(0x000000d97db00000,0x000000d97dc00000) (1024K)]
  0x000002c0cc7da930 JavaThread "jar transforms Thread 6"           [_thread_blocked, id=30180, stack(0x000000d97dc00000,0x000000d97dd00000) (1024K)]
  0x000002c0cc7d81d0 JavaThread "build event listener"              [_thread_blocked, id=19872, stack(0x000000d97de00000,0x000000d97df00000) (1024K)]
  0x000002c0cc793fe0 JavaThread "Problems report writer"            [_thread_blocked, id=24940, stack(0x000000d97df00000,0x000000d97e000000) (1024K)]
  0x000002c0cc7dbce0 JavaThread "jar transforms Thread 7"           [_thread_blocked, id=7464, stack(0x000000d97e100000,0x000000d97e200000) (1024K)]
  0x000002c0cb6229a0 JavaThread "jar transforms Thread 8"           [_thread_blocked, id=24124, stack(0x000000d97e000000,0x000000d97e100000) (1024K)]
  0x000002c0cb617f00 JavaThread "jar transforms Thread 9"           [_thread_blocked, id=27020, stack(0x000000d97e300000,0x000000d97e400000) (1024K)]
  0x000002c0cb61ba10 JavaThread "jar transforms Thread 10"          [_thread_blocked, id=18388, stack(0x000000d97e400000,0x000000d97e500000) (1024K)]
  0x000002c0cb618590 JavaThread "jar transforms Thread 11"          [_thread_blocked, id=19532, stack(0x000000d97dd00000,0x000000d97de00000) (1024K)]
  0x000002c0cb61acf0 JavaThread "jar transforms Thread 12"          [_thread_blocked, id=27172, stack(0x000000d97e200000,0x000000d97e300000) (1024K)]
  0x000002c0cb619940 JavaThread "jar transforms Thread 13"          [_thread_blocked, id=34424, stack(0x000000d97e600000,0x000000d97e700000) (1024K)]
  0x000002c0cb619fd0 JavaThread "jar transforms Thread 14"          [_thread_blocked, id=32012, stack(0x000000d97e700000,0x000000d97e800000) (1024K)]
  0x000002c0cb61b380 JavaThread "jar transforms Thread 15"          [_thread_blocked, id=2828, stack(0x000000d97ea00000,0x000000d97eb00000) (1024K)]
  0x000002c0d00eb020 JavaThread "Exec process"                      [_thread_blocked, id=30272, stack(0x000000d97e500000,0x000000d97e600000) (1024K)]
  0x000002c0cb6192b0 JavaThread "Exec process Thread 2"             [_thread_blocked, id=30276, stack(0x000000d97eb00000,0x000000d97ec00000) (1024K)]
  0x000002c0cb61fbb0 JavaThread "Exec process Thread 3"             [_thread_blocked, id=23284, stack(0x000000d97ec00000,0x000000d97ed00000) (1024K)]
Total: 235

Other Threads:
=>0x000002c0a86e6f20 VMThread "VM Thread"                           [id=15904, stack(0x000000d96f300000,0x000000d96f400000) (1024K)]
  0x000002c0a86d8ea0 WatcherThread "VM Periodic Task Thread"        [id=15792, stack(0x000000d96f200000,0x000000d96f300000) (1024K)]
  0x000002c090d9c120 WorkerThread "GC Thread#0"                     [id=30168, stack(0x000000d96ed00000,0x000000d96ee00000) (1024K)]
  0x000002c0c8505650 WorkerThread "GC Thread#1"                     [id=22816, stack(0x000000d970000000,0x000000d970100000) (1024K)]
  0x000002c0c85a6000 WorkerThread "GC Thread#2"                     [id=25300, stack(0x000000d970100000,0x000000d970200000) (1024K)]
  0x000002c0c8b703c0 WorkerThread "GC Thread#3"                     [id=11372, stack(0x000000d970200000,0x000000d970300000) (1024K)]
  0x000002c0c8b70770 WorkerThread "GC Thread#4"                     [id=30860, stack(0x000000d970300000,0x000000d970400000) (1024K)]
  0x000002c0c9848cf0 WorkerThread "GC Thread#5"                     [id=11584, stack(0x000000d96ff00000,0x000000d970000000) (1024K)]
  0x000002c0c8e6afd0 WorkerThread "GC Thread#6"                     [id=25636, stack(0x000000d970400000,0x000000d970500000) (1024K)]
  0x000002c0c9a4dae0 WorkerThread "GC Thread#7"                     [id=33324, stack(0x000000d970500000,0x000000d970600000) (1024K)]
  0x000002c0c9a1ed20 WorkerThread "GC Thread#8"                     [id=6924, stack(0x000000d971300000,0x000000d971400000) (1024K)]
  0x000002c0c9a1f0d0 WorkerThread "GC Thread#9"                     [id=13908, stack(0x000000d971400000,0x000000d971500000) (1024K)]
  0x000002c0c9a1e210 WorkerThread "GC Thread#10"                    [id=18952, stack(0x000000d971500000,0x000000d971600000) (1024K)]
  0x000002c0c9a1f480 WorkerThread "GC Thread#11"                    [id=8108, stack(0x000000d971600000,0x000000d971700000) (1024K)]
  0x000002c090daf6c0 ConcurrentGCThread "G1 Main Marker"            [id=29308, stack(0x000000d96ee00000,0x000000d96ef00000) (1024K)]
  0x000002c090db0880 WorkerThread "G1 Conc#0"                       [id=28800, stack(0x000000d96ef00000,0x000000d96f000000) (1024K)]
  0x000002c0cb73fcb0 WorkerThread "G1 Conc#1"                       [id=20924, stack(0x000000d971700000,0x000000d971800000) (1024K)]
  0x000002c0cb73edf0 WorkerThread "G1 Conc#2"                       [id=27748, stack(0x000000d971800000,0x000000d971900000) (1024K)]
  0x000002c0a85ab0a0 ConcurrentGCThread "G1 Refine#0"               [id=31888, stack(0x000000d96f000000,0x000000d96f100000) (1024K)]
  0x000002c0a85ab740 ConcurrentGCThread "G1 Service"                [id=29948, stack(0x000000d96f100000,0x000000d96f200000) (1024K)]
Total: 20

Threads with active compile tasks:
Total: 0

VM state: at safepoint (normal execution)

VM Mutex/Monitor currently owned by a thread:  ([mutex/lock_event])
[0x00007ff8343ae560] Threads_lock - owner thread: 0x000002c0a86e6f20
[0x00007ff8343ae660] Heap_lock - owner thread: 0x000002c090daf6c0

Heap address: 0x0000000080000000, size: 2048 MB, Compressed Oops mode: 32-bit

CDS archive(s) mapped at: [0x000002c0a9000000-0x000002c0a9ba0000-0x000002c0a9ba0000), size 12189696, SharedBaseAddress: 0x000002c0a9000000, ArchiveRelocationMode: 1.
Compressed class space mapped at: 0x000002c0aa000000-0x000002c0c4000000, reserved size: 436207616
Narrow klass base: 0x000002c0a9000000, Narrow klass shift: 0, Narrow klass range: 0x100000000

GC Precious Log:
 CardTable entry size: 512
 Card Set container configuration: InlinePtr #cards 5 size 8 Array Of Cards #cards 12 size 40 Howl #buckets 4 coarsen threshold 1843 Howl Bitmap #cards 512 size 80 coarsen threshold 460 Card regions per heap region 1 cards per card region 2048
 CPUs: 15 total, 15 available
 Memory: 7911M
 Large Page Support: Disabled
 NUMA Support: Disabled
 Compressed Oops: Enabled (32-bit)
 Heap Region Size: 1M
 Heap Min Capacity: 8M
 Heap Initial Capacity: 124M
 Heap Max Capacity: 2G
 Pre-touch: Disabled
 Parallel Workers: 12
 Concurrent Workers: 3
 Concurrent Refinement Workers: 12
 Periodic GC: Disabled

Heap:
 garbage-first heap   total 343040K, used 227546K [0x0000000080000000, 0x0000000100000000)
  region size 1024K, 12 young (12288K), 8 survivors (8192K)
 Metaspace       used 112910K, committed 116032K, reserved 557056K
  class space    used 16144K, committed 17664K, reserved 425984K

Heap Regions: E=young(eden), S=young(survivor), O=old, HS=humongous(starts), HC=humongous(continues), CS=collection set, F=free, TAMS=top-at-mark-start, PB=parsable bottom
|   0|0x0000000080000000, 0x0000000080100000, 0x0000000080100000|100%|HS|  |TAMS 0x0000000080100000| PB 0x0000000080000000| Complete 
|   1|0x0000000080100000, 0x0000000080200000, 0x0000000080200000|100%|HC|  |TAMS 0x0000000080200000| PB 0x0000000080100000| Complete 
|   2|0x0000000080200000, 0x0000000080300000, 0x0000000080300000|100%|HC|  |TAMS 0x0000000080300000| PB 0x0000000080200000| Complete 
|   3|0x0000000080300000, 0x0000000080400000, 0x0000000080400000|100%| O|  |TAMS 0x0000000080400000| PB 0x0000000080400000| Untracked 
|   4|0x0000000080400000, 0x0000000080500000, 0x0000000080500000|100%| O|  |TAMS 0x0000000080500000| PB 0x0000000080500000| Untracked 
|   5|0x0000000080500000, 0x0000000080600000, 0x0000000080600000|100%| O|  |TAMS 0x0000000080600000| PB 0x0000000080600000| Updating 
|   6|0x0000000080600000, 0x0000000080700000, 0x0000000080700000|100%|HS|  |TAMS 0x0000000080700000| PB 0x0000000080600000| Complete 
|   7|0x0000000080700000, 0x0000000080800000, 0x0000000080800000|100%| O|  |TAMS 0x0000000080800000| PB 0x0000000080800000| Untracked 
|   8|0x0000000080800000, 0x0000000080900000, 0x0000000080900000|100%| O|  |TAMS 0x0000000080900000| PB 0x0000000080900000| Untracked 
|   9|0x0000000080900000, 0x0000000080a00000, 0x0000000080a00000|100%| O|  |TAMS 0x0000000080a00000| PB 0x0000000080a00000| Untracked 
|  10|0x0000000080a00000, 0x0000000080b00000, 0x0000000080b00000|100%| O|  |TAMS 0x0000000080b00000| PB 0x0000000080b00000| Untracked 
|  11|0x0000000080b00000, 0x0000000080c00000, 0x0000000080c00000|100%| O|  |TAMS 0x0000000080c00000| PB 0x0000000080c00000| Untracked 
|  12|0x0000000080c00000, 0x0000000080d00000, 0x0000000080d00000|100%| O|  |TAMS 0x0000000080d00000| PB 0x0000000080d00000| Untracked 
|  13|0x0000000080d00000, 0x0000000080e00000, 0x0000000080e00000|100%| O|  |TAMS 0x0000000080e00000| PB 0x0000000080e00000| Untracked 
|  14|0x0000000080e00000, 0x0000000080f00000, 0x0000000080f00000|100%| O|  |TAMS 0x0000000080f00000| PB 0x0000000080f00000| Untracked 
|  15|0x0000000080f00000, 0x0000000081000000, 0x0000000081000000|100%| O|  |TAMS 0x0000000081000000| PB 0x0000000081000000| Untracked 
|  16|0x0000000081000000, 0x0000000081100000, 0x0000000081100000|100%| O|  |TAMS 0x0000000081100000| PB 0x0000000081100000| Updating 
|  17|0x0000000081100000, 0x0000000081200000, 0x0000000081200000|100%| O|  |TAMS 0x0000000081200000| PB 0x0000000081200000| Untracked 
|  18|0x0000000081200000, 0x0000000081300000, 0x0000000081300000|100%| O|  |TAMS 0x0000000081300000| PB 0x0000000081300000| Updating 
|  19|0x0000000081300000, 0x0000000081400000, 0x0000000081400000|100%| O|  |TAMS 0x0000000081400000| PB 0x0000000081400000| Untracked 
|  20|0x0000000081400000, 0x0000000081500000, 0x0000000081500000|100%| O|  |TAMS 0x0000000081500000| PB 0x0000000081500000| Updating 
|  21|0x0000000081500000, 0x0000000081600000, 0x0000000081600000|100%| O|  |TAMS 0x0000000081600000| PB 0x0000000081600000| Untracked 
|  22|0x0000000081600000, 0x0000000081700000, 0x0000000081700000|100%| O|  |TAMS 0x0000000081700000| PB 0x0000000081700000| Untracked 
|  23|0x0000000081700000, 0x0000000081800000, 0x0000000081800000|100%| O|  |TAMS 0x0000000081800000| PB 0x0000000081800000| Untracked 
|  24|0x0000000081800000, 0x0000000081900000, 0x0000000081900000|100%| O|  |TAMS 0x0000000081900000| PB 0x0000000081900000| Updating 
|  25|0x0000000081900000, 0x0000000081a00000, 0x0000000081a00000|100%| O|  |TAMS 0x0000000081a00000| PB 0x0000000081a00000| Updating 
|  26|0x0000000081a00000, 0x0000000081b00000, 0x0000000081b00000|100%| O|  |TAMS 0x0000000081b00000| PB 0x0000000081b00000| Updating 
|  27|0x0000000081b00000, 0x0000000081c00000, 0x0000000081c00000|100%| O|  |TAMS 0x0000000081c00000| PB 0x0000000081c00000| Updating 
|  28|0x0000000081c00000, 0x0000000081d00000, 0x0000000081d00000|100%| O|  |TAMS 0x0000000081d00000| PB 0x0000000081d00000| Untracked 
|  29|0x0000000081d00000, 0x0000000081e00000, 0x0000000081e00000|100%| O|  |TAMS 0x0000000081e00000| PB 0x0000000081e00000| Untracked 
|  30|0x0000000081e00000, 0x0000000081f00000, 0x0000000081f00000|100%| O|  |TAMS 0x0000000081f00000| PB 0x0000000081f00000| Untracked 
|  31|0x0000000081f00000, 0x0000000082000000, 0x0000000082000000|100%| O|  |TAMS 0x0000000082000000| PB 0x0000000082000000| Untracked 
|  32|0x0000000082000000, 0x0000000082100000, 0x0000000082100000|100%| O|  |TAMS 0x0000000082100000| PB 0x0000000082100000| Untracked 
|  33|0x0000000082100000, 0x0000000082200000, 0x0000000082200000|100%|HS|  |TAMS 0x0000000082200000| PB 0x0000000082100000| Complete 
|  34|0x0000000082200000, 0x0000000082300000, 0x0000000082300000|100%|HC|  |TAMS 0x0000000082300000| PB 0x0000000082200000| Complete 
|  35|0x0000000082300000, 0x0000000082400000, 0x0000000082400000|100%|HC|  |TAMS 0x0000000082400000| PB 0x0000000082300000| Complete 
|  36|0x0000000082400000, 0x0000000082500000, 0x0000000082500000|100%|HS|  |TAMS 0x0000000082500000| PB 0x0000000082400000| Complete 
|  37|0x0000000082500000, 0x0000000082600000, 0x0000000082600000|100%|HC|  |TAMS 0x0000000082600000| PB 0x0000000082500000| Complete 
|  38|0x0000000082600000, 0x0000000082700000, 0x0000000082700000|100%|HC|  |TAMS 0x0000000082700000| PB 0x0000000082600000| Complete 
|  39|0x0000000082700000, 0x0000000082800000, 0x0000000082800000|100%| O|  |TAMS 0x0000000082800000| PB 0x0000000082800000| Updating 
|  40|0x0000000082800000, 0x0000000082900000, 0x0000000082900000|100%| O|  |TAMS 0x0000000082900000| PB 0x0000000082900000| Updating 
|  41|0x0000000082900000, 0x0000000082a00000, 0x0000000082a00000|100%| O|  |TAMS 0x0000000082a00000| PB 0x0000000082a00000| Untracked 
|  42|0x0000000082a00000, 0x0000000082b00000, 0x0000000082b00000|100%| O|  |TAMS 0x0000000082b00000| PB 0x0000000082b00000| Updating 
|  43|0x0000000082b00000, 0x0000000082c00000, 0x0000000082c00000|100%| O|  |TAMS 0x0000000082c00000| PB 0x0000000082c00000| Updating 
|  44|0x0000000082c00000, 0x0000000082d00000, 0x0000000082d00000|100%| O|  |TAMS 0x0000000082d00000| PB 0x0000000082d00000| Updating 
|  45|0x0000000082d00000, 0x0000000082e00000, 0x0000000082e00000|100%| O|  |TAMS 0x0000000082e00000| PB 0x0000000082e00000| Updating 
|  46|0x0000000082e00000, 0x0000000082f00000, 0x0000000082f00000|100%| O|  |TAMS 0x0000000082f00000| PB 0x0000000082f00000| Untracked 
|  47|0x0000000082f00000, 0x0000000083000000, 0x0000000083000000|100%| O|  |TAMS 0x0000000083000000| PB 0x0000000083000000| Untracked 
|  48|0x0000000083000000, 0x0000000083100000, 0x0000000083100000|100%| O|  |TAMS 0x0000000083100000| PB 0x0000000083100000| Updating 
|  49|0x0000000083100000, 0x0000000083200000, 0x0000000083200000|100%| O|  |TAMS 0x0000000083200000| PB 0x0000000083200000| Untracked 
|  50|0x0000000083200000, 0x0000000083300000, 0x0000000083300000|100%| O|  |TAMS 0x0000000083300000| PB 0x0000000083300000| Untracked 
|  51|0x0000000083300000, 0x0000000083400000, 0x0000000083400000|100%| O|  |TAMS 0x0000000083400000| PB 0x0000000083400000| Untracked 
|  52|0x0000000083400000, 0x0000000083500000, 0x0000000083500000|100%| O|  |TAMS 0x0000000083500000| PB 0x0000000083500000| Untracked 
|  53|0x0000000083500000, 0x0000000083600000, 0x0000000083600000|100%| O|  |TAMS 0x0000000083600000| PB 0x0000000083600000| Untracked 
|  54|0x0000000083600000, 0x0000000083700000, 0x0000000083700000|100%| O|  |TAMS 0x0000000083700000| PB 0x0000000083700000| Untracked 
|  55|0x0000000083700000, 0x0000000083800000, 0x0000000083800000|100%| O|  |TAMS 0x0000000083800000| PB 0x0000000083800000| Updating 
|  56|0x0000000083800000, 0x0000000083900000, 0x0000000083900000|100%| O|  |TAMS 0x0000000083900000| PB 0x0000000083900000| Updating 
|  57|0x0000000083900000, 0x0000000083a00000, 0x0000000083a00000|100%| O|  |TAMS 0x0000000083a00000| PB 0x0000000083a00000| Updating 
|  58|0x0000000083a00000, 0x0000000083b00000, 0x0000000083b00000|100%| O|  |TAMS 0x0000000083b00000| PB 0x0000000083b00000| Updating 
|  59|0x0000000083b00000, 0x0000000083c00000, 0x0000000083c00000|100%| O|  |TAMS 0x0000000083c00000| PB 0x0000000083c00000| Updating 
|  60|0x0000000083c00000, 0x0000000083d00000, 0x0000000083d00000|100%| O|  |TAMS 0x0000000083d00000| PB 0x0000000083d00000| Untracked 
|  61|0x0000000083d00000, 0x0000000083e00000, 0x0000000083e00000|100%| O|  |TAMS 0x0000000083e00000| PB 0x0000000083e00000| Untracked 
|  62|0x0000000083e00000, 0x0000000083f00000, 0x0000000083f00000|100%| O|  |TAMS 0x0000000083f00000| PB 0x0000000083f00000| Updating 
|  63|0x0000000083f00000, 0x0000000084000000, 0x0000000084000000|100%| O|  |TAMS 0x0000000084000000| PB 0x0000000084000000| Updating 
|  64|0x0000000084000000, 0x0000000084100000, 0x0000000084100000|100%| O|  |TAMS 0x0000000084100000| PB 0x0000000084100000| Untracked 
|  65|0x0000000084100000, 0x0000000084200000, 0x0000000084200000|100%|HS|  |TAMS 0x0000000084200000| PB 0x0000000084100000| Complete 
|  66|0x0000000084200000, 0x0000000084300000, 0x0000000084300000|100%|HS|  |TAMS 0x0000000084300000| PB 0x0000000084200000| Complete 
|  67|0x0000000084300000, 0x0000000084400000, 0x0000000084400000|100%|HS|  |TAMS 0x0000000084400000| PB 0x0000000084300000| Complete 
|  68|0x0000000084400000, 0x0000000084500000, 0x0000000084500000|100%| O|  |TAMS 0x0000000084500000| PB 0x0000000084500000| Updating 
|  69|0x0000000084500000, 0x0000000084600000, 0x0000000084600000|100%| O|  |TAMS 0x0000000084600000| PB 0x0000000084600000| Untracked 
|  70|0x0000000084600000, 0x0000000084700000, 0x0000000084700000|100%| O|  |TAMS 0x0000000084700000| PB 0x0000000084700000| Untracked 
|  71|0x0000000084700000, 0x0000000084800000, 0x0000000084800000|100%| O|  |TAMS 0x0000000084800000| PB 0x0000000084800000| Untracked 
|  72|0x0000000084800000, 0x0000000084900000, 0x0000000084900000|100%| O|  |TAMS 0x0000000084900000| PB 0x0000000084900000| Untracked 
|  73|0x0000000084900000, 0x0000000084a00000, 0x0000000084a00000|100%| O|  |TAMS 0x0000000084a00000| PB 0x0000000084a00000| Untracked 
|  74|0x0000000084a00000, 0x0000000084b00000, 0x0000000084b00000|100%| O|  |TAMS 0x0000000084b00000| PB 0x0000000084b00000| Untracked 
|  75|0x0000000084b00000, 0x0000000084c00000, 0x0000000084c00000|100%| O|  |TAMS 0x0000000084c00000| PB 0x0000000084c00000| Updating 
|  76|0x0000000084c00000, 0x0000000084d00000, 0x0000000084d00000|100%| O|  |TAMS 0x0000000084d00000| PB 0x0000000084d00000| Untracked 
|  77|0x0000000084d00000, 0x0000000084e00000, 0x0000000084e00000|100%| O|  |TAMS 0x0000000084e00000| PB 0x0000000084e00000| Untracked 
|  78|0x0000000084e00000, 0x0000000084f00000, 0x0000000084f00000|100%| O|  |TAMS 0x0000000084f00000| PB 0x0000000084f00000| Untracked 
|  79|0x0000000084f00000, 0x0000000085000000, 0x0000000085000000|100%| O|  |TAMS 0x0000000085000000| PB 0x0000000085000000| Untracked 
|  80|0x0000000085000000, 0x0000000085100000, 0x0000000085100000|100%| O|  |TAMS 0x0000000085100000| PB 0x0000000085100000| Untracked 
|  81|0x0000000085100000, 0x0000000085200000, 0x0000000085200000|100%| O|  |TAMS 0x0000000085200000| PB 0x0000000085200000| Updating 
|  82|0x0000000085200000, 0x0000000085300000, 0x0000000085300000|100%|HS|  |TAMS 0x0000000085300000| PB 0x0000000085200000| Complete 
|  83|0x0000000085300000, 0x0000000085400000, 0x0000000085400000|100%| O|  |TAMS 0x0000000085400000| PB 0x0000000085400000| Untracked 
|  84|0x0000000085400000, 0x0000000085500000, 0x0000000085500000|100%|HS|  |TAMS 0x0000000085500000| PB 0x0000000085400000| Complete 
|  85|0x0000000085500000, 0x0000000085600000, 0x0000000085600000|100%|HS|  |TAMS 0x0000000085600000| PB 0x0000000085500000| Complete 
|  86|0x0000000085600000, 0x0000000085700000, 0x0000000085700000|100%| O|  |TAMS 0x0000000085700000| PB 0x0000000085700000| Updating 
|  87|0x0000000085700000, 0x0000000085800000, 0x0000000085800000|100%| O|  |TAMS 0x0000000085800000| PB 0x0000000085800000| Untracked 
|  88|0x0000000085800000, 0x0000000085900000, 0x0000000085900000|100%| O|  |TAMS 0x0000000085900000| PB 0x0000000085900000| Updating 
|  89|0x0000000085900000, 0x0000000085a00000, 0x0000000085a00000|100%| O|  |TAMS 0x0000000085a00000| PB 0x0000000085a00000| Updating 
|  90|0x0000000085a00000, 0x0000000085b00000, 0x0000000085b00000|100%| O|  |TAMS 0x0000000085b00000| PB 0x0000000085b00000| Untracked 
|  91|0x0000000085b00000, 0x0000000085c00000, 0x0000000085c00000|100%| O|  |TAMS 0x0000000085c00000| PB 0x0000000085c00000| Updating 
|  92|0x0000000085c00000, 0x0000000085d00000, 0x0000000085d00000|100%| O|  |TAMS 0x0000000085d00000| PB 0x0000000085d00000| Updating 
|  93|0x0000000085d00000, 0x0000000085e00000, 0x0000000085e00000|100%|HS|  |TAMS 0x0000000085e00000| PB 0x0000000085d00000| Complete 
|  94|0x0000000085e00000, 0x0000000085f00000, 0x0000000085f00000|100%| O|  |TAMS 0x0000000085f00000| PB 0x0000000085f00000| Untracked 
|  95|0x0000000085f00000, 0x0000000086000000, 0x0000000086000000|100%| O|  |TAMS 0x0000000086000000| PB 0x0000000086000000| Updating 
|  96|0x0000000086000000, 0x0000000086100000, 0x0000000086100000|100%|HS|  |TAMS 0x0000000086100000| PB 0x0000000086000000| Complete 
|  97|0x0000000086100000, 0x0000000086200000, 0x0000000086200000|100%|HC|  |TAMS 0x0000000086200000| PB 0x0000000086100000| Complete 
|  98|0x0000000086200000, 0x0000000086300000, 0x0000000086300000|100%|HC|  |TAMS 0x0000000086300000| PB 0x0000000086200000| Complete 
|  99|0x0000000086300000, 0x0000000086400000, 0x0000000086400000|100%| O|  |TAMS 0x0000000086400000| PB 0x0000000086400000| Untracked 
| 100|0x0000000086400000, 0x0000000086500000, 0x0000000086500000|100%| O|  |TAMS 0x0000000086500000| PB 0x0000000086500000| Untracked 
| 101|0x0000000086500000, 0x0000000086600000, 0x0000000086600000|100%| O|  |TAMS 0x0000000086600000| PB 0x0000000086600000| Untracked 
| 102|0x0000000086600000, 0x0000000086700000, 0x0000000086700000|100%| O|  |TAMS 0x0000000086700000| PB 0x0000000086700000| Untracked 
| 103|0x0000000086700000, 0x0000000086800000, 0x0000000086800000|100%| O|  |TAMS 0x0000000086800000| PB 0x0000000086800000| Updating 
| 104|0x0000000086800000, 0x0000000086900000, 0x0000000086900000|100%| O|  |TAMS 0x0000000086900000| PB 0x0000000086900000| Untracked 
| 105|0x0000000086900000, 0x0000000086a00000, 0x0000000086a00000|100%| O|  |TAMS 0x0000000086a00000| PB 0x0000000086a00000| Untracked 
| 106|0x0000000086a00000, 0x0000000086b00000, 0x0000000086b00000|100%| O|  |TAMS 0x0000000086b00000| PB 0x0000000086b00000| Untracked 
| 107|0x0000000086b00000, 0x0000000086c00000, 0x0000000086c00000|100%| O|  |TAMS 0x0000000086c00000| PB 0x0000000086c00000| Untracked 
| 108|0x0000000086c00000, 0x0000000086d00000, 0x0000000086d00000|100%|HS|  |TAMS 0x0000000086d00000| PB 0x0000000086c00000| Complete 
| 109|0x0000000086d00000, 0x0000000086e00000, 0x0000000086e00000|100%|HS|  |TAMS 0x0000000086e00000| PB 0x0000000086d00000| Complete 
| 110|0x0000000086e00000, 0x0000000086f00000, 0x0000000086f00000|100%| O|  |TAMS 0x0000000086f00000| PB 0x0000000086f00000| Untracked 
| 111|0x0000000086f00000, 0x0000000087000000, 0x0000000087000000|100%| O|  |TAMS 0x0000000087000000| PB 0x0000000087000000| Untracked 
| 112|0x0000000087000000, 0x0000000087100000, 0x0000000087100000|100%| O|  |TAMS 0x0000000087100000| PB 0x0000000087100000| Untracked 
| 113|0x0000000087100000, 0x0000000087200000, 0x0000000087200000|100%| O|  |TAMS 0x0000000087200000| PB 0x0000000087200000| Untracked 
| 114|0x0000000087200000, 0x0000000087300000, 0x0000000087300000|100%| O|  |TAMS 0x0000000087300000| PB 0x0000000087300000| Untracked 
| 115|0x0000000087300000, 0x0000000087400000, 0x0000000087400000|100%| O|  |TAMS 0x0000000087400000| PB 0x0000000087400000| Untracked 
| 116|0x0000000087400000, 0x0000000087500000, 0x0000000087500000|100%| O|  |TAMS 0x0000000087500000| PB 0x0000000087500000| Updating 
| 117|0x0000000087500000, 0x0000000087600000, 0x0000000087600000|100%| O|  |TAMS 0x0000000087600000| PB 0x0000000087600000| Untracked 
| 118|0x0000000087600000, 0x0000000087700000, 0x0000000087700000|100%| O|  |TAMS 0x0000000087700000| PB 0x0000000087700000| Updating 
| 119|0x0000000087700000, 0x0000000087800000, 0x0000000087800000|100%|HS|  |TAMS 0x0000000087800000| PB 0x0000000087700000| Complete 
| 120|0x0000000087800000, 0x0000000087900000, 0x0000000087900000|100%|HS|  |TAMS 0x0000000087900000| PB 0x0000000087800000| Complete 
| 121|0x0000000087900000, 0x0000000087a00000, 0x0000000087a00000|100%|HC|  |TAMS 0x0000000087a00000| PB 0x0000000087900000| Complete 
| 122|0x0000000087a00000, 0x0000000087b00000, 0x0000000087b00000|100%|HS|  |TAMS 0x0000000087b00000| PB 0x0000000087a00000| Complete 
| 123|0x0000000087b00000, 0x0000000087c00000, 0x0000000087c00000|100%| O|  |TAMS 0x0000000087c00000| PB 0x0000000087c00000| Untracked 
| 124|0x0000000087c00000, 0x0000000087d00000, 0x0000000087d00000|100%| O|  |TAMS 0x0000000087d00000| PB 0x0000000087d00000| Untracked 
| 125|0x0000000087d00000, 0x0000000087e00000, 0x0000000087e00000|100%| O|  |TAMS 0x0000000087e00000| PB 0x0000000087e00000| Untracked 
| 126|0x0000000087e00000, 0x0000000087f00000, 0x0000000087f00000|100%| O|  |TAMS 0x0000000087f00000| PB 0x0000000087f00000| Untracked 
| 127|0x0000000087f00000, 0x0000000088000000, 0x0000000088000000|100%| O|  |TAMS 0x0000000088000000| PB 0x0000000088000000| Updating 
| 128|0x0000000088000000, 0x0000000088100000, 0x0000000088100000|100%| O|  |TAMS 0x0000000088100000| PB 0x0000000088100000| Updating 
| 129|0x0000000088100000, 0x0000000088200000, 0x0000000088200000|100%| O|  |TAMS 0x0000000088200000| PB 0x0000000088200000| Updating 
| 130|0x0000000088200000, 0x0000000088300000, 0x0000000088300000|100%| O|  |TAMS 0x0000000088300000| PB 0x0000000088300000| Updating 
| 131|0x0000000088300000, 0x0000000088400000, 0x0000000088400000|100%| O|  |TAMS 0x0000000088400000| PB 0x0000000088400000| Updating 
| 132|0x0000000088400000, 0x0000000088500000, 0x0000000088500000|100%|HS|  |TAMS 0x0000000088500000| PB 0x0000000088400000| Complete 
| 133|0x0000000088500000, 0x0000000088600000, 0x0000000088600000|100%| O|  |TAMS 0x0000000088600000| PB 0x0000000088600000| Updating 
| 134|0x0000000088600000, 0x0000000088700000, 0x0000000088700000|100%| O|  |TAMS 0x0000000088700000| PB 0x0000000088700000| Untracked 
| 135|0x0000000088700000, 0x0000000088800000, 0x0000000088800000|100%| O|  |TAMS 0x0000000088800000| PB 0x0000000088800000| Untracked 
| 136|0x0000000088800000, 0x0000000088900000, 0x0000000088900000|100%| O|  |TAMS 0x0000000088900000| PB 0x0000000088900000| Untracked 
| 137|0x0000000088900000, 0x0000000088a00000, 0x0000000088a00000|100%| O|  |TAMS 0x0000000088a00000| PB 0x0000000088a00000| Untracked 
| 138|0x0000000088a00000, 0x0000000088b00000, 0x0000000088b00000|100%| O|  |TAMS 0x0000000088b00000| PB 0x0000000088b00000| Untracked 
| 139|0x0000000088b00000, 0x0000000088c00000, 0x0000000088c00000|100%|HS|  |TAMS 0x0000000088c00000| PB 0x0000000088b00000| Complete 
| 140|0x0000000088c00000, 0x0000000088d00000, 0x0000000088d00000|100%| O|  |TAMS 0x0000000088d00000| PB 0x0000000088d00000| Untracked 
| 141|0x0000000088d00000, 0x0000000088e00000, 0x0000000088e00000|100%| O|  |TAMS 0x0000000088e00000| PB 0x0000000088e00000| Untracked 
| 142|0x0000000088e00000, 0x0000000088f00000, 0x0000000088f00000|100%| O|  |TAMS 0x0000000088f00000| PB 0x0000000088f00000| Untracked 
| 143|0x0000000088f00000, 0x0000000089000000, 0x0000000089000000|100%| O|  |TAMS 0x0000000089000000| PB 0x0000000089000000| Untracked 
| 144|0x0000000089000000, 0x0000000089100000, 0x0000000089100000|100%|HS|  |TAMS 0x0000000089100000| PB 0x0000000089000000| Complete 
| 145|0x0000000089100000, 0x0000000089200000, 0x0000000089200000|100%| O|  |TAMS 0x0000000089200000| PB 0x0000000089200000| Untracked 
| 146|0x0000000089200000, 0x0000000089300000, 0x0000000089300000|100%| O|  |TAMS 0x0000000089300000| PB 0x0000000089300000| Untracked 
| 147|0x0000000089300000, 0x0000000089400000, 0x0000000089400000|100%| O|  |TAMS 0x0000000089400000| PB 0x0000000089400000| Untracked 
| 148|0x0000000089400000, 0x0000000089500000, 0x0000000089500000|100%| O|  |TAMS 0x0000000089500000| PB 0x0000000089500000| Untracked 
| 149|0x0000000089500000, 0x0000000089600000, 0x0000000089600000|100%| O|  |TAMS 0x0000000089600000| PB 0x0000000089600000| Untracked 
| 150|0x0000000089600000, 0x0000000089700000, 0x0000000089700000|100%| O|  |TAMS 0x0000000089700000| PB 0x0000000089700000| Updating 
| 151|0x0000000089700000, 0x0000000089800000, 0x0000000089800000|100%| O|  |TAMS 0x0000000089800000| PB 0x0000000089800000| Updating 
| 152|0x0000000089800000, 0x0000000089900000, 0x0000000089900000|100%|HS|  |TAMS 0x0000000089900000| PB 0x0000000089800000| Complete 
| 153|0x0000000089900000, 0x0000000089a00000, 0x0000000089a00000|100%|HS|  |TAMS 0x0000000089900000| PB 0x0000000089900000| Complete 
| 154|0x0000000089a00000, 0x0000000089b00000, 0x0000000089b00000|100%| O|  |TAMS 0x0000000089b00000| PB 0x0000000089b00000| Untracked 
| 155|0x0000000089b00000, 0x0000000089c00000, 0x0000000089c00000|100%| O|  |TAMS 0x0000000089c00000| PB 0x0000000089c00000| Updating 
| 156|0x0000000089c00000, 0x0000000089d00000, 0x0000000089d00000|100%|HS|  |TAMS 0x0000000089c00000| PB 0x0000000089c00000| Complete 
| 157|0x0000000089d00000, 0x0000000089d00000, 0x0000000089e00000|  0%| F|  |TAMS 0x0000000089d00000| PB 0x0000000089d00000| Untracked 
| 158|0x0000000089e00000, 0x0000000089e00000, 0x0000000089f00000|  0%| F|  |TAMS 0x0000000089e00000| PB 0x0000000089e00000| Untracked 
| 159|0x0000000089f00000, 0x000000008a000000, 0x000000008a000000|100%| O|  |TAMS 0x000000008a000000| PB 0x000000008a000000| Updating 
| 160|0x000000008a000000, 0x000000008a100000, 0x000000008a100000|100%| O|  |TAMS 0x000000008a100000| PB 0x000000008a100000| Untracked 
| 161|0x000000008a100000, 0x000000008a100000, 0x000000008a200000|  0%| F|  |TAMS 0x000000008a100000| PB 0x000000008a100000| Untracked 
| 162|0x000000008a200000, 0x000000008a300000, 0x000000008a300000|100%| O|  |TAMS 0x000000008a300000| PB 0x000000008a300000| Updating 
| 163|0x000000008a300000, 0x000000008a300000, 0x000000008a400000|  0%| F|  |TAMS 0x000000008a300000| PB 0x000000008a300000| Untracked 
| 164|0x000000008a400000, 0x000000008a500000, 0x000000008a500000|100%| O|  |TAMS 0x000000008a500000| PB 0x000000008a500000| Untracked 
| 165|0x000000008a500000, 0x000000008a600000, 0x000000008a600000|100%| O|  |TAMS 0x000000008a600000| PB 0x000000008a600000| Untracked 
| 166|0x000000008a600000, 0x000000008a700000, 0x000000008a700000|100%| O|  |TAMS 0x000000008a700000| PB 0x000000008a700000| Untracked 
| 167|0x000000008a700000, 0x000000008a800000, 0x000000008a800000|100%| O|  |TAMS 0x000000008a800000| PB 0x000000008a800000| Untracked 
| 168|0x000000008a800000, 0x000000008a900000, 0x000000008a900000|100%| O|  |TAMS 0x000000008a900000| PB 0x000000008a900000| Untracked 
| 169|0x000000008a900000, 0x000000008aa00000, 0x000000008aa00000|100%| O|  |TAMS 0x000000008aa00000| PB 0x000000008aa00000| Untracked 
| 170|0x000000008aa00000, 0x000000008ab00000, 0x000000008ab00000|100%| O|  |TAMS 0x000000008ab00000| PB 0x000000008ab00000| Untracked 
| 171|0x000000008ab00000, 0x000000008ac00000, 0x000000008ac00000|100%| O|  |TAMS 0x000000008ac00000| PB 0x000000008ac00000| Untracked 
| 172|0x000000008ac00000, 0x000000008ad00000, 0x000000008ad00000|100%| O|  |TAMS 0x000000008ad00000| PB 0x000000008ad00000| Untracked 
| 173|0x000000008ad00000, 0x000000008ae00000, 0x000000008ae00000|100%| O|  |TAMS 0x000000008ae00000| PB 0x000000008ae00000| Updating 
| 174|0x000000008ae00000, 0x000000008ae00000, 0x000000008af00000|  0%| F|  |TAMS 0x000000008ae00000| PB 0x000000008ae00000| Untracked 
| 175|0x000000008af00000, 0x000000008b000000, 0x000000008b000000|100%| O|  |TAMS 0x000000008b000000| PB 0x000000008b000000| Updating 
| 176|0x000000008b000000, 0x000000008b100000, 0x000000008b100000|100%|HS|  |TAMS 0x000000008b100000| PB 0x000000008b000000| Complete 
| 177|0x000000008b100000, 0x000000008b200000, 0x000000008b200000|100%| O|  |TAMS 0x000000008b200000| PB 0x000000008b200000| Untracked 
| 178|0x000000008b200000, 0x000000008b300000, 0x000000008b300000|100%| O|  |TAMS 0x000000008b300000| PB 0x000000008b300000| Untracked 
| 179|0x000000008b300000, 0x000000008b400000, 0x000000008b400000|100%| O|  |TAMS 0x000000008b400000| PB 0x000000008b400000| Updating 
| 180|0x000000008b400000, 0x000000008b500000, 0x000000008b500000|100%| O|  |TAMS 0x000000008b500000| PB 0x000000008b500000| Updating 
| 181|0x000000008b500000, 0x000000008b600000, 0x000000008b600000|100%| O|  |TAMS 0x000000008b600000| PB 0x000000008b600000| Updating 
| 182|0x000000008b600000, 0x000000008b700000, 0x000000008b700000|100%| O|  |TAMS 0x000000008b700000| PB 0x000000008b700000| Updating 
| 183|0x000000008b700000, 0x000000008b800000, 0x000000008b800000|100%| O|  |TAMS 0x000000008b800000| PB 0x000000008b800000| Updating 
| 184|0x000000008b800000, 0x000000008b900000, 0x000000008b900000|100%| O|  |TAMS 0x000000008b900000| PB 0x000000008b900000| Updating 
| 185|0x000000008b900000, 0x000000008ba00000, 0x000000008ba00000|100%| O|  |TAMS 0x000000008ba00000| PB 0x000000008ba00000| Updating 
| 186|0x000000008ba00000, 0x000000008bb00000, 0x000000008bb00000|100%| O|  |TAMS 0x000000008bb00000| PB 0x000000008bb00000| Untracked 
| 187|0x000000008bb00000, 0x000000008bc00000, 0x000000008bc00000|100%| O|  |TAMS 0x000000008bc00000| PB 0x000000008bc00000| Untracked 
| 188|0x000000008bc00000, 0x000000008bd00000, 0x000000008bd00000|100%| O|  |TAMS 0x000000008bd00000| PB 0x000000008bd00000| Untracked 
| 189|0x000000008bd00000, 0x000000008be00000, 0x000000008be00000|100%| O|  |TAMS 0x000000008be00000| PB 0x000000008be00000| Untracked 
| 190|0x000000008be00000, 0x000000008bf00000, 0x000000008bf00000|100%| O|  |TAMS 0x000000008bf00000| PB 0x000000008bf00000| Untracked 
| 191|0x000000008bf00000, 0x000000008c000000, 0x000000008c000000|100%| O|  |TAMS 0x000000008c000000| PB 0x000000008c000000| Untracked 
| 192|0x000000008c000000, 0x000000008c100000, 0x000000008c100000|100%| O|  |TAMS 0x000000008c100000| PB 0x000000008c100000| Untracked 
| 193|0x000000008c100000, 0x000000008c200000, 0x000000008c200000|100%| O|  |TAMS 0x000000008c200000| PB 0x000000008c200000| Untracked 
| 194|0x000000008c200000, 0x000000008c300000, 0x000000008c300000|100%| O|  |TAMS 0x000000008c300000| PB 0x000000008c300000| Untracked 
| 195|0x000000008c300000, 0x000000008c400000, 0x000000008c400000|100%| O|  |TAMS 0x000000008c400000| PB 0x000000008c400000| Untracked 
| 196|0x000000008c400000, 0x000000008c500000, 0x000000008c500000|100%| O|  |TAMS 0x000000008c500000| PB 0x000000008c500000| Untracked 
| 197|0x000000008c500000, 0x000000008c600000, 0x000000008c600000|100%| O|  |TAMS 0x000000008c600000| PB 0x000000008c600000| Untracked 
| 198|0x000000008c600000, 0x000000008c700000, 0x000000008c700000|100%| O|  |TAMS 0x000000008c700000| PB 0x000000008c700000| Updating 
| 199|0x000000008c700000, 0x000000008c800000, 0x000000008c800000|100%| O|  |TAMS 0x000000008c800000| PB 0x000000008c800000| Updating 
| 200|0x000000008c800000, 0x000000008c8d2798, 0x000000008c900000| 82%| O|  |TAMS 0x000000008c8d2798| PB 0x000000008c8d2798| Updating 
| 201|0x000000008c900000, 0x000000008c900000, 0x000000008ca00000|  0%| F|  |TAMS 0x000000008c900000| PB 0x000000008c900000| Untracked 
| 202|0x000000008ca00000, 0x000000008ca00000, 0x000000008cb00000|  0%| F|  |TAMS 0x000000008ca00000| PB 0x000000008ca00000| Untracked 
| 203|0x000000008cb00000, 0x000000008cb00000, 0x000000008cc00000|  0%| F|  |TAMS 0x000000008cb00000| PB 0x000000008cb00000| Untracked 
| 204|0x000000008cc00000, 0x000000008cc00000, 0x000000008cd00000|  0%| F|  |TAMS 0x000000008cc00000| PB 0x000000008cc00000| Untracked 
| 205|0x000000008cd00000, 0x000000008cd00000, 0x000000008ce00000|  0%| F|  |TAMS 0x000000008cd00000| PB 0x000000008cd00000| Untracked 
| 206|0x000000008ce00000, 0x000000008ce00000, 0x000000008cf00000|  0%| F|  |TAMS 0x000000008ce00000| PB 0x000000008ce00000| Untracked 
| 207|0x000000008cf00000, 0x000000008cf00000, 0x000000008d000000|  0%| F|  |TAMS 0x000000008cf00000| PB 0x000000008cf00000| Untracked 
| 208|0x000000008d000000, 0x000000008d000000, 0x000000008d100000|  0%| F|  |TAMS 0x000000008d000000| PB 0x000000008d000000| Untracked 
| 209|0x000000008d100000, 0x000000008d100000, 0x000000008d200000|  0%| F|  |TAMS 0x000000008d100000| PB 0x000000008d100000| Untracked 
| 210|0x000000008d200000, 0x000000008d200000, 0x000000008d300000|  0%| F|  |TAMS 0x000000008d200000| PB 0x000000008d200000| Untracked 
| 211|0x000000008d300000, 0x000000008d300000, 0x000000008d400000|  0%| F|  |TAMS 0x000000008d300000| PB 0x000000008d300000| Untracked 
| 212|0x000000008d400000, 0x000000008d400000, 0x000000008d500000|  0%| F|  |TAMS 0x000000008d400000| PB 0x000000008d400000| Untracked 
| 213|0x000000008d500000, 0x000000008d500000, 0x000000008d600000|  0%| F|  |TAMS 0x000000008d500000| PB 0x000000008d500000| Untracked 
| 214|0x000000008d600000, 0x000000008d600000, 0x000000008d700000|  0%| F|  |TAMS 0x000000008d600000| PB 0x000000008d600000| Untracked 
| 215|0x000000008d700000, 0x000000008d700000, 0x000000008d800000|  0%| F|  |TAMS 0x000000008d700000| PB 0x000000008d700000| Untracked 
| 216|0x000000008d800000, 0x000000008d800000, 0x000000008d900000|  0%| F|  |TAMS 0x000000008d800000| PB 0x000000008d800000| Untracked 
| 217|0x000000008d900000, 0x000000008d900000, 0x000000008da00000|  0%| F|  |TAMS 0x000000008d900000| PB 0x000000008d900000| Untracked 
| 218|0x000000008da00000, 0x000000008da00000, 0x000000008db00000|  0%| F|  |TAMS 0x000000008da00000| PB 0x000000008da00000| Untracked 
| 219|0x000000008db00000, 0x000000008db00000, 0x000000008dc00000|  0%| F|  |TAMS 0x000000008db00000| PB 0x000000008db00000| Untracked 
| 220|0x000000008dc00000, 0x000000008dc00000, 0x000000008dd00000|  0%| F|  |TAMS 0x000000008dc00000| PB 0x000000008dc00000| Untracked 
| 221|0x000000008dd00000, 0x000000008dd00000, 0x000000008de00000|  0%| F|  |TAMS 0x000000008dd00000| PB 0x000000008dd00000| Untracked 
| 222|0x000000008de00000, 0x000000008de00000, 0x000000008df00000|  0%| F|  |TAMS 0x000000008de00000| PB 0x000000008de00000| Untracked 
| 223|0x000000008df00000, 0x000000008df00000, 0x000000008e000000|  0%| F|  |TAMS 0x000000008df00000| PB 0x000000008df00000| Untracked 
| 224|0x000000008e000000, 0x000000008e000000, 0x000000008e100000|  0%| F|  |TAMS 0x000000008e000000| PB 0x000000008e000000| Untracked 
| 225|0x000000008e100000, 0x000000008e100000, 0x000000008e200000|  0%| F|  |TAMS 0x000000008e100000| PB 0x000000008e100000| Untracked 
| 226|0x000000008e200000, 0x000000008e200000, 0x000000008e300000|  0%| F|  |TAMS 0x000000008e200000| PB 0x000000008e200000| Untracked 
| 227|0x000000008e300000, 0x000000008e300000, 0x000000008e400000|  0%| F|  |TAMS 0x000000008e300000| PB 0x000000008e300000| Untracked 
| 228|0x000000008e400000, 0x000000008e400000, 0x000000008e500000|  0%| F|  |TAMS 0x000000008e400000| PB 0x000000008e400000| Untracked 
| 229|0x000000008e500000, 0x000000008e500000, 0x000000008e600000|  0%| F|  |TAMS 0x000000008e500000| PB 0x000000008e500000| Untracked 
| 230|0x000000008e600000, 0x000000008e600000, 0x000000008e700000|  0%| F|  |TAMS 0x000000008e600000| PB 0x000000008e600000| Untracked 
| 231|0x000000008e700000, 0x000000008e700000, 0x000000008e800000|  0%| F|  |TAMS 0x000000008e700000| PB 0x000000008e700000| Untracked 
| 232|0x000000008e800000, 0x000000008e800000, 0x000000008e900000|  0%| F|  |TAMS 0x000000008e800000| PB 0x000000008e800000| Untracked 
| 233|0x000000008e900000, 0x000000008e900000, 0x000000008ea00000|  0%| F|  |TAMS 0x000000008e900000| PB 0x000000008e900000| Untracked 
| 234|0x000000008ea00000, 0x000000008ea00000, 0x000000008eb00000|  0%| F|  |TAMS 0x000000008ea00000| PB 0x000000008ea00000| Untracked 
| 235|0x000000008eb00000, 0x000000008eb00000, 0x000000008ec00000|  0%| F|  |TAMS 0x000000008eb00000| PB 0x000000008eb00000| Untracked 
| 236|0x000000008ec00000, 0x000000008ec00000, 0x000000008ed00000|  0%| F|  |TAMS 0x000000008ec00000| PB 0x000000008ec00000| Untracked 
| 237|0x000000008ed00000, 0x000000008ed00000, 0x000000008ee00000|  0%| F|  |TAMS 0x000000008ed00000| PB 0x000000008ed00000| Untracked 
| 238|0x000000008ee00000, 0x000000008ee00000, 0x000000008ef00000|  0%| F|  |TAMS 0x000000008ee00000| PB 0x000000008ee00000| Untracked 
| 239|0x000000008ef00000, 0x000000008ef00000, 0x000000008f000000|  0%| F|  |TAMS 0x000000008ef00000| PB 0x000000008ef00000| Untracked 
| 240|0x000000008f000000, 0x000000008f000000, 0x000000008f100000|  0%| F|  |TAMS 0x000000008f000000| PB 0x000000008f000000| Untracked 
| 241|0x000000008f100000, 0x000000008f100000, 0x000000008f200000|  0%| F|  |TAMS 0x000000008f100000| PB 0x000000008f100000| Untracked 
| 242|0x000000008f200000, 0x000000008f200000, 0x000000008f300000|  0%| F|  |TAMS 0x000000008f200000| PB 0x000000008f200000| Untracked 
| 243|0x000000008f300000, 0x000000008f300000, 0x000000008f400000|  0%| F|  |TAMS 0x000000008f300000| PB 0x000000008f300000| Untracked 
| 244|0x000000008f400000, 0x000000008f400000, 0x000000008f500000|  0%| F|  |TAMS 0x000000008f400000| PB 0x000000008f400000| Untracked 
| 245|0x000000008f500000, 0x000000008f500000, 0x000000008f600000|  0%| F|  |TAMS 0x000000008f500000| PB 0x000000008f500000| Untracked 
| 246|0x000000008f600000, 0x000000008f600000, 0x000000008f700000|  0%| F|  |TAMS 0x000000008f600000| PB 0x000000008f600000| Untracked 
| 247|0x000000008f700000, 0x000000008f700000, 0x000000008f800000|  0%| F|  |TAMS 0x000000008f700000| PB 0x000000008f700000| Untracked 
| 248|0x000000008f800000, 0x000000008f800000, 0x000000008f900000|  0%| F|  |TAMS 0x000000008f800000| PB 0x000000008f800000| Untracked 
| 249|0x000000008f900000, 0x000000008f900000, 0x000000008fa00000|  0%| F|  |TAMS 0x000000008f900000| PB 0x000000008f900000| Untracked 
| 250|0x000000008fa00000, 0x000000008fa00000, 0x000000008fb00000|  0%| F|  |TAMS 0x000000008fa00000| PB 0x000000008fa00000| Untracked 
| 251|0x000000008fb00000, 0x000000008fb00000, 0x000000008fc00000|  0%| F|  |TAMS 0x000000008fb00000| PB 0x000000008fb00000| Untracked 
| 252|0x000000008fc00000, 0x000000008fc00000, 0x000000008fd00000|  0%| F|  |TAMS 0x000000008fc00000| PB 0x000000008fc00000| Untracked 
| 253|0x000000008fd00000, 0x000000008fd00000, 0x000000008fe00000|  0%| F|  |TAMS 0x000000008fd00000| PB 0x000000008fd00000| Untracked 
| 254|0x000000008fe00000, 0x000000008fe00000, 0x000000008ff00000|  0%| F|  |TAMS 0x000000008fe00000| PB 0x000000008fe00000| Untracked 
| 255|0x000000008ff00000, 0x000000008ff00000, 0x0000000090000000|  0%| F|  |TAMS 0x000000008ff00000| PB 0x000000008ff00000| Untracked 
| 256|0x0000000090000000, 0x0000000090000000, 0x0000000090100000|  0%| F|  |TAMS 0x0000000090000000| PB 0x0000000090000000| Untracked 
| 257|0x0000000090100000, 0x0000000090100000, 0x0000000090200000|  0%| F|  |TAMS 0x0000000090100000| PB 0x0000000090100000| Untracked 
| 258|0x0000000090200000, 0x0000000090200000, 0x0000000090300000|  0%| F|  |TAMS 0x0000000090200000| PB 0x0000000090200000| Untracked 
| 259|0x0000000090300000, 0x0000000090300000, 0x0000000090400000|  0%| F|  |TAMS 0x0000000090300000| PB 0x0000000090300000| Untracked 
| 260|0x0000000090400000, 0x0000000090400000, 0x0000000090500000|  0%| F|  |TAMS 0x0000000090400000| PB 0x0000000090400000| Untracked 
| 261|0x0000000090500000, 0x0000000090500000, 0x0000000090600000|  0%| F|  |TAMS 0x0000000090500000| PB 0x0000000090500000| Untracked 
| 262|0x0000000090600000, 0x0000000090600000, 0x0000000090700000|  0%| F|  |TAMS 0x0000000090600000| PB 0x0000000090600000| Untracked 
| 263|0x0000000090700000, 0x0000000090700000, 0x0000000090800000|  0%| F|  |TAMS 0x0000000090700000| PB 0x0000000090700000| Untracked 
| 264|0x0000000090800000, 0x0000000090800000, 0x0000000090900000|  0%| F|  |TAMS 0x0000000090800000| PB 0x0000000090800000| Untracked 
| 265|0x0000000090900000, 0x0000000090900000, 0x0000000090a00000|  0%| F|  |TAMS 0x0000000090900000| PB 0x0000000090900000| Untracked 
| 266|0x0000000090a00000, 0x0000000090a00000, 0x0000000090b00000|  0%| F|  |TAMS 0x0000000090a00000| PB 0x0000000090a00000| Untracked 
| 267|0x0000000090b00000, 0x0000000090b00000, 0x0000000090c00000|  0%| F|  |TAMS 0x0000000090b00000| PB 0x0000000090b00000| Untracked 
| 268|0x0000000090c00000, 0x0000000090c00000, 0x0000000090d00000|  0%| F|  |TAMS 0x0000000090c00000| PB 0x0000000090c00000| Untracked 
| 269|0x0000000090d00000, 0x0000000090d00000, 0x0000000090e00000|  0%| F|  |TAMS 0x0000000090d00000| PB 0x0000000090d00000| Untracked 
| 270|0x0000000090e00000, 0x0000000090e00000, 0x0000000090f00000|  0%| F|  |TAMS 0x0000000090e00000| PB 0x0000000090e00000| Untracked 
| 271|0x0000000090f00000, 0x0000000090f00000, 0x0000000091000000|  0%| F|  |TAMS 0x0000000090f00000| PB 0x0000000090f00000| Untracked 
| 272|0x0000000091000000, 0x0000000091000000, 0x0000000091100000|  0%| F|  |TAMS 0x0000000091000000| PB 0x0000000091000000| Untracked 
| 273|0x0000000091100000, 0x0000000091100000, 0x0000000091200000|  0%| F|  |TAMS 0x0000000091100000| PB 0x0000000091100000| Untracked 
| 274|0x0000000091200000, 0x0000000091200000, 0x0000000091300000|  0%| F|  |TAMS 0x0000000091200000| PB 0x0000000091200000| Untracked 
| 275|0x0000000091300000, 0x0000000091300000, 0x0000000091400000|  0%| F|  |TAMS 0x0000000091300000| PB 0x0000000091300000| Untracked 
| 276|0x0000000091400000, 0x0000000091400000, 0x0000000091500000|  0%| F|  |TAMS 0x0000000091400000| PB 0x0000000091400000| Untracked 
| 277|0x0000000091500000, 0x0000000091500000, 0x0000000091600000|  0%| F|  |TAMS 0x0000000091500000| PB 0x0000000091500000| Untracked 
| 278|0x0000000091600000, 0x0000000091600000, 0x0000000091700000|  0%| F|  |TAMS 0x0000000091600000| PB 0x0000000091600000| Untracked 
| 279|0x0000000091700000, 0x0000000091700000, 0x0000000091800000|  0%| F|  |TAMS 0x0000000091700000| PB 0x0000000091700000| Untracked 
| 280|0x0000000091800000, 0x0000000091800000, 0x0000000091900000|  0%| F|  |TAMS 0x0000000091800000| PB 0x0000000091800000| Untracked 
| 281|0x0000000091900000, 0x0000000091900000, 0x0000000091a00000|  0%| F|  |TAMS 0x0000000091900000| PB 0x0000000091900000| Untracked 
| 282|0x0000000091a00000, 0x0000000091a00000, 0x0000000091b00000|  0%| F|  |TAMS 0x0000000091a00000| PB 0x0000000091a00000| Untracked 
| 283|0x0000000091b00000, 0x0000000091b00000, 0x0000000091c00000|  0%| F|  |TAMS 0x0000000091b00000| PB 0x0000000091b00000| Untracked 
| 284|0x0000000091c00000, 0x0000000091c00000, 0x0000000091d00000|  0%| F|  |TAMS 0x0000000091c00000| PB 0x0000000091c00000| Untracked 
| 285|0x0000000091d00000, 0x0000000091d00000, 0x0000000091e00000|  0%| F|  |TAMS 0x0000000091d00000| PB 0x0000000091d00000| Untracked 
| 286|0x0000000091e00000, 0x0000000091e00000, 0x0000000091f00000|  0%| F|  |TAMS 0x0000000091e00000| PB 0x0000000091e00000| Untracked 
| 287|0x0000000091f00000, 0x0000000091f00000, 0x0000000092000000|  0%| F|  |TAMS 0x0000000091f00000| PB 0x0000000091f00000| Untracked 
| 288|0x0000000092000000, 0x0000000092000000, 0x0000000092100000|  0%| F|  |TAMS 0x0000000092000000| PB 0x0000000092000000| Untracked 
| 289|0x0000000092100000, 0x0000000092100000, 0x0000000092200000|  0%| F|  |TAMS 0x0000000092100000| PB 0x0000000092100000| Untracked 
| 290|0x0000000092200000, 0x0000000092200000, 0x0000000092300000|  0%| F|  |TAMS 0x0000000092200000| PB 0x0000000092200000| Untracked 
| 291|0x0000000092300000, 0x0000000092300000, 0x0000000092400000|  0%| F|  |TAMS 0x0000000092300000| PB 0x0000000092300000| Untracked 
| 292|0x0000000092400000, 0x0000000092400000, 0x0000000092500000|  0%| F|  |TAMS 0x0000000092400000| PB 0x0000000092400000| Untracked 
| 293|0x0000000092500000, 0x0000000092500000, 0x0000000092600000|  0%| F|  |TAMS 0x0000000092500000| PB 0x0000000092500000| Untracked 
| 294|0x0000000092600000, 0x0000000092600000, 0x0000000092700000|  0%| F|  |TAMS 0x0000000092600000| PB 0x0000000092600000| Untracked 
| 295|0x0000000092700000, 0x0000000092700000, 0x0000000092800000|  0%| F|  |TAMS 0x0000000092700000| PB 0x0000000092700000| Untracked 
| 296|0x0000000092800000, 0x0000000092800000, 0x0000000092900000|  0%| F|  |TAMS 0x0000000092800000| PB 0x0000000092800000| Untracked 
| 297|0x0000000092900000, 0x0000000092900000, 0x0000000092a00000|  0%| F|  |TAMS 0x0000000092900000| PB 0x0000000092900000| Untracked 
| 298|0x0000000092a00000, 0x0000000092a00000, 0x0000000092b00000|  0%| F|  |TAMS 0x0000000092a00000| PB 0x0000000092a00000| Untracked 
| 299|0x0000000092b00000, 0x0000000092b64100, 0x0000000092c00000| 39%| S|CS|TAMS 0x0000000092b00000| PB 0x0000000092b00000| Complete 
| 300|0x0000000092c00000, 0x0000000092d00000, 0x0000000092d00000|100%| S|CS|TAMS 0x0000000092c00000| PB 0x0000000092c00000| Complete 
| 301|0x0000000092d00000, 0x0000000092e00000, 0x0000000092e00000|100%| S|CS|TAMS 0x0000000092d00000| PB 0x0000000092d00000| Complete 
| 302|0x0000000092e00000, 0x0000000092f00000, 0x0000000092f00000|100%| S|CS|TAMS 0x0000000092e00000| PB 0x0000000092e00000| Complete 
| 303|0x0000000092f00000, 0x0000000093000000, 0x0000000093000000|100%| S|CS|TAMS 0x0000000092f00000| PB 0x0000000092f00000| Complete 
| 304|0x0000000093000000, 0x0000000093100000, 0x0000000093100000|100%| S|CS|TAMS 0x0000000093000000| PB 0x0000000093000000| Complete 
| 305|0x0000000093100000, 0x0000000093200000, 0x0000000093200000|100%| S|CS|TAMS 0x0000000093100000| PB 0x0000000093100000| Complete 
| 306|0x0000000093200000, 0x0000000093300000, 0x0000000093300000|100%| S|CS|TAMS 0x0000000093200000| PB 0x0000000093200000| Complete 
| 307|0x0000000093300000, 0x0000000093300000, 0x0000000093400000|  0%| F|  |TAMS 0x0000000093300000| PB 0x0000000093300000| Untracked 
| 308|0x0000000093400000, 0x0000000093400000, 0x0000000093500000|  0%| F|  |TAMS 0x0000000093400000| PB 0x0000000093400000| Untracked 
| 309|0x0000000093500000, 0x0000000093500000, 0x0000000093600000|  0%| F|  |TAMS 0x0000000093500000| PB 0x0000000093500000| Untracked 
|2023|0x00000000fe700000, 0x00000000fe700000, 0x00000000fe800000|  0%| F|  |TAMS 0x00000000fe700000| PB 0x00000000fe700000| Untracked 
|2024|0x00000000fe800000, 0x00000000fe800000, 0x00000000fe900000|  0%| F|  |TAMS 0x00000000fe800000| PB 0x00000000fe800000| Untracked 
|2025|0x00000000fe900000, 0x00000000fea00000, 0x00000000fea00000|100%| O|  |TAMS 0x00000000fea00000| PB 0x00000000fea00000| Untracked 
|2026|0x00000000fea00000, 0x00000000feb00000, 0x00000000feb00000|100%| O|  |TAMS 0x00000000feb00000| PB 0x00000000feb00000| Untracked 
|2027|0x00000000feb00000, 0x00000000fec00000, 0x00000000fec00000|100%| O|  |TAMS 0x00000000fec00000| PB 0x00000000fec00000| Untracked 
|2028|0x00000000fec00000, 0x00000000fed00000, 0x00000000fed00000|100%| O|  |TAMS 0x00000000fed00000| PB 0x00000000fed00000| Untracked 
|2029|0x00000000fed00000, 0x00000000fee00000, 0x00000000fee00000|100%| O|  |TAMS 0x00000000fee00000| PB 0x00000000fee00000| Untracked 
|2030|0x00000000fee00000, 0x00000000fef00000, 0x00000000fef00000|100%| O|  |TAMS 0x00000000fef00000| PB 0x00000000fef00000| Untracked 
|2031|0x00000000fef00000, 0x00000000ff000000, 0x00000000ff000000|100%| O|  |TAMS 0x00000000ff000000| PB 0x00000000ff000000| Untracked 
|2032|0x00000000ff000000, 0x00000000ff000000, 0x00000000ff100000|  0%| F|  |TAMS 0x00000000ff000000| PB 0x00000000ff000000| Untracked 
|2033|0x00000000ff100000, 0x00000000ff200000, 0x00000000ff200000|100%| O|  |TAMS 0x00000000ff200000| PB 0x00000000ff200000| Updating 
|2034|0x00000000ff200000, 0x00000000ff200000, 0x00000000ff300000|  0%| F|  |TAMS 0x00000000ff200000| PB 0x00000000ff200000| Untracked 
|2035|0x00000000ff300000, 0x00000000ff300000, 0x00000000ff400000|  0%| F|  |TAMS 0x00000000ff300000| PB 0x00000000ff300000| Untracked 
|2036|0x00000000ff400000, 0x00000000ff4711b8, 0x00000000ff500000| 44%| E|  |TAMS 0x00000000ff400000| PB 0x00000000ff400000| Complete 
|2037|0x00000000ff500000, 0x00000000ff600000, 0x00000000ff600000|100%| O|  |TAMS 0x00000000ff600000| PB 0x00000000ff600000| Updating 
|2038|0x00000000ff600000, 0x00000000ff700000, 0x00000000ff700000|100%| E|CS|TAMS 0x00000000ff600000| PB 0x00000000ff600000| Complete 
|2039|0x00000000ff700000, 0x00000000ff800000, 0x00000000ff800000|100%| O|  |TAMS 0x00000000ff800000| PB 0x00000000ff800000| Updating 
|2040|0x00000000ff800000, 0x00000000ff900000, 0x00000000ff900000|100%| O|  |TAMS 0x00000000ff900000| PB 0x00000000ff900000| Updating 
|2041|0x00000000ff900000, 0x00000000ffa00000, 0x00000000ffa00000|100%| E|CS|TAMS 0x00000000ff900000| PB 0x00000000ff900000| Complete 
|2042|0x00000000ffa00000, 0x00000000ffb00000, 0x00000000ffb00000|100%| O|  |TAMS 0x00000000ffb00000| PB 0x00000000ffb00000| Updating 
|2043|0x00000000ffb00000, 0x00000000ffc00000, 0x00000000ffc00000|100%| E|CS|TAMS 0x00000000ffb00000| PB 0x00000000ffb00000| Complete 
|2044|0x00000000ffc00000, 0x00000000ffd00000, 0x00000000ffd00000|100%| O|  |TAMS 0x00000000ffd00000| PB 0x00000000ffd00000| Untracked 
|2045|0x00000000ffd00000, 0x00000000ffe00000, 0x00000000ffe00000|100%| O|  |TAMS 0x00000000ffe00000| PB 0x00000000ffe00000| Untracked 
|2046|0x00000000ffe00000, 0x00000000fff00000, 0x00000000fff00000|100%| O|  |TAMS 0x00000000fff00000| PB 0x00000000fff00000| Untracked 
|2047|0x00000000fff00000, 0x0000000100000000, 0x0000000100000000|100%| O|  |TAMS 0x0000000100000000| PB 0x0000000100000000| Untracked 

Card table byte_map: [0x000002c0a3ab0000,0x000002c0a3eb0000] _byte_map_base: 0x000002c0a36b0000

Marking Bits: (CMBitMap*) 0x000002c090d9c740
 Bits: [0x000002c0a3eb0000, 0x000002c0a5eb0000)

Polling page: 0x000002c08ee00000

Metaspace:

Usage:
  Non-class:     94.50 MB used.
      Class:     15.77 MB used.
       Both:    110.26 MB used.

Virtual space:
  Non-class space:      128.00 MB reserved,      96.06 MB ( 75%) committed,  2 nodes.
      Class space:      416.00 MB reserved,      17.25 MB (  4%) committed,  1 nodes.
             Both:      544.00 MB reserved,     113.31 MB ( 21%) committed. 

Chunk freelists:
   Non-Class:  14.83 MB
       Class:  14.71 MB
        Both:  29.53 MB

MaxMetaspaceSize: 512.00 MB
CompressedClassSpaceSize: 416.00 MB
Initial GC threshold: 21.00 MB
Current GC threshold: 188.25 MB
CDS: on
 - commit_granule_bytes: 65536.
 - commit_granule_words: 8192.
 - virtual_space_node_default_size: 8388608.
 - enlarge_chunks_in_place: 1.
 - use_allocation_guard: 0.


Internal statistics:

num_allocs_failed_limit: 12.
num_arena_births: 5262.
num_arena_deaths: 0.
num_vsnodes_births: 3.
num_vsnodes_deaths: 0.
num_space_committed: 1813.
num_space_uncommitted: 0.
num_chunks_returned_to_freelist: 12.
num_chunks_taken_from_freelist: 10911.
num_chunk_merges: 9.
num_chunk_splits: 7082.
num_chunks_enlarged: 4406.
num_inconsistent_stats: 0.

CodeHeap 'non-profiled nmethods': size=120000Kb used=10202Kb max_used=10248Kb free=109797Kb
 bounds [0x000002c09ba10000, 0x000002c09c420000, 0x000002c0a2f40000]
CodeHeap 'profiled nmethods': size=120000Kb used=26399Kb max_used=27491Kb free=93600Kb
 bounds [0x000002c093f40000, 0x000002c095a30000, 0x000002c09b470000]
CodeHeap 'non-nmethods': size=5760Kb used=2798Kb max_used=2844Kb free=2961Kb
 bounds [0x000002c09b470000, 0x000002c09b750000, 0x000002c09ba10000]
CodeCache: size=245760Kb, used=39399Kb, max_used=40583Kb, free=206358Kb
 total_blobs=15104, nmethods=14062, adapters=945, full_count=0
Compilation: enabled, stopped_count=0, restarted_count=0

Compilation events (20 events):
Event: 45.439 Thread 0x000002c0a871d860 nmethod 17339 0x000002c09562b010 code [0x000002c09562b2c0, 0x000002c09562bfc8]
Event: 45.439 Thread 0x000002c0a871d860 17340       3       org.gradle.api.internal.project.BuildOperationCrossProjectConfigurator$1::run (25 bytes)
Event: 45.439 Thread 0x000002c0a871d860 nmethod 17340 0x000002c09453a690 code [0x000002c09453a860, 0x000002c09453ab90]
Event: 45.439 Thread 0x000002c0a871d860 17341       3       org.gradle.api.internal.DefaultMutationGuard::wrapEagerAction (7 bytes)
Event: 45.439 Thread 0x000002c0a871d860 nmethod 17341 0x000002c094f45310 code [0x000002c094f454c0, 0x000002c094f45600]
Event: 45.439 Thread 0x000002c0a871d860 17342       3       org.gradle.internal.Actions::with (9 bytes)
Event: 45.439 Thread 0x000002c0a871d860 nmethod 17342 0x000002c09562ab90 code [0x000002c09562ad40, 0x000002c09562af08]
Event: 45.439 Thread 0x000002c0a871d860 17338       3       com.android.build.api.extension.impl.AndroidComponentsExtensionImpl$finalizeDsl$1::<init> (10 bytes)
Event: 45.439 Thread 0x000002c0a871d860 nmethod 17338 0x000002c09562a710 code [0x000002c09562a8c0, 0x000002c09562aa88]
Event: 45.452 Thread 0x000002c0c80096f0 nmethod 17300 0x000002c09c40bd10 code [0x000002c09c40c240, 0x000002c09c40f1d0]
Event: 45.452 Thread 0x000002c0c80096f0 17301 %     4       java.lang.PublicMethods::toArray @ 45 (76 bytes)
Event: 45.455 Thread 0x000002c0c80096f0 nmethod 17301% 0x000002c09c410a90 code [0x000002c09c410c60, 0x000002c09c4111c8]
Event: 45.455 Thread 0x000002c0c80096f0 17313       4       org.codehaus.groovy.runtime.GroovyCategorySupport$MyThreadLocal::getInfoNullable (24 bytes)
Event: 45.457 Thread 0x000002c0c80096f0 nmethod 17313 0x000002c09c411490 code [0x000002c09c411640, 0x000002c09c411838]
Event: 45.499 Thread 0x000002c0a871d860 17343       3       java.lang.invoke.LambdaForm$MH/0x000002c0aa634800::invoke (158 bytes)
Event: 45.499 Thread 0x000002c0a871d860 nmethod 17343 0x000002c094a33490 code [0x000002c094a33720, 0x000002c094a348d8]
Event: 45.500 Thread 0x000002c0c80096f0 17344       4       java.lang.invoke.MethodHandle::spreadArrayChecks (90 bytes)
Event: 45.500 Thread 0x000002c0c80096f0 nmethod 17344 0x000002c09c411a10 code [0x000002c09c411ba0, 0x000002c09c411ca0]
Event: 45.500 Thread 0x000002c0c80096f0 17345       4       java.util.EnumMap::get (29 bytes)
Event: 45.501 Thread 0x000002c0c80096f0 nmethod 17345 0x000002c09c411d90 code [0x000002c09c411f20, 0x000002c09c412098]

GC Heap History (20 events):
Event: 34.030 GC heap before
{Heap before GC invocations=48 (full 0):
 garbage-first heap   total 275456K, used 241249K [0x0000000080000000, 0x0000000100000000)
  region size 1024K, 86 young (88064K), 12 survivors (12288K)
 Metaspace       used 111548K, committed 114432K, reserved 557056K
  class space    used 15956K, committed 17344K, reserved 425984K
}
Event: 34.038 GC heap after
{Heap after GC invocations=49 (full 0):
 garbage-first heap   total 275456K, used 174332K [0x0000000080000000, 0x0000000100000000)
  region size 1024K, 9 young (9216K), 9 survivors (9216K)
 Metaspace       used 111548K, committed 114432K, reserved 557056K
  class space    used 15956K, committed 17344K, reserved 425984K
}
Event: 35.590 GC heap before
{Heap before GC invocations=50 (full 0):
 garbage-first heap   total 291840K, used 244988K [0x0000000080000000, 0x0000000100000000)
  region size 1024K, 79 young (80896K), 9 survivors (9216K)
 Metaspace       used 111692K, committed 114624K, reserved 557056K
  class space    used 15968K, committed 17408K, reserved 425984K
}
Event: 35.596 GC heap after
{Heap after GC invocations=51 (full 0):
 garbage-first heap   total 291840K, used 180404K [0x0000000080000000, 0x0000000100000000)
  region size 1024K, 10 young (10240K), 10 survivors (10240K)
 Metaspace       used 111692K, committed 114624K, reserved 557056K
  class space    used 15968K, committed 17408K, reserved 425984K
}
Event: 36.263 GC heap before
{Heap before GC invocations=51 (full 0):
 garbage-first heap   total 291840K, used 259252K [0x0000000080000000, 0x0000000100000000)
  region size 1024K, 88 young (90112K), 10 survivors (10240K)
 Metaspace       used 111692K, committed 114688K, reserved 557056K
  class space    used 15968K, committed 17408K, reserved 425984K
}
Event: 36.269 GC heap after
{Heap after GC invocations=52 (full 0):
 garbage-first heap   total 291840K, used 178799K [0x0000000080000000, 0x0000000100000000)
  region size 1024K, 7 young (7168K), 7 survivors (7168K)
 Metaspace       used 111692K, committed 114688K, reserved 557056K
  class space    used 15968K, committed 17408K, reserved 425984K
}
Event: 36.519 GC heap before
{Heap before GC invocations=52 (full 0):
 garbage-first heap   total 291840K, used 192111K [0x0000000080000000, 0x0000000100000000)
  region size 1024K, 21 young (21504K), 7 survivors (7168K)
 Metaspace       used 111787K, committed 114816K, reserved 557056K
  class space    used 15982K, committed 17408K, reserved 425984K
}
Event: 36.522 GC heap after
{Heap after GC invocations=53 (full 0):
 garbage-first heap   total 291840K, used 179907K [0x0000000080000000, 0x0000000100000000)
  region size 1024K, 8 young (8192K), 8 survivors (8192K)
 Metaspace       used 111787K, committed 114816K, reserved 557056K
  class space    used 15982K, committed 17408K, reserved 425984K
}
Event: 38.602 GC heap before
{Heap before GC invocations=54 (full 0):
 garbage-first heap   total 307200K, used 259779K [0x0000000080000000, 0x0000000100000000)
  region size 1024K, 83 young (84992K), 8 survivors (8192K)
 Metaspace       used 112476K, committed 115584K, reserved 557056K
  class space    used 16081K, committed 17600K, reserved 425984K
}
Event: 38.609 GC heap after
{Heap after GC invocations=55 (full 0):
 garbage-first heap   total 307200K, used 194919K [0x0000000080000000, 0x0000000100000000)
  region size 1024K, 11 young (11264K), 11 survivors (11264K)
 Metaspace       used 112476K, committed 115584K, reserved 557056K
  class space    used 16081K, committed 17600K, reserved 425984K
}
Event: 39.245 GC heap before
{Heap before GC invocations=55 (full 0):
 garbage-first heap   total 307200K, used 269671K [0x0000000080000000, 0x0000000100000000)
  region size 1024K, 85 young (87040K), 11 survivors (11264K)
 Metaspace       used 112479K, committed 115584K, reserved 557056K
  class space    used 16081K, committed 17600K, reserved 425984K
}
Event: 39.257 GC heap after
{Heap after GC invocations=56 (full 0):
 garbage-first heap   total 307200K, used 198295K [0x0000000080000000, 0x0000000100000000)
  region size 1024K, 8 young (8192K), 8 survivors (8192K)
 Metaspace       used 112479K, committed 115584K, reserved 557056K
  class space    used 16081K, committed 17600K, reserved 425984K
}
Event: 40.075 GC heap before
{Heap before GC invocations=56 (full 0):
 garbage-first heap   total 307200K, used 270999K [0x0000000080000000, 0x0000000100000000)
  region size 1024K, 81 young (82944K), 8 survivors (8192K)
 Metaspace       used 112557K, committed 115648K, reserved 557056K
  class space    used 16093K, committed 17600K, reserved 425984K
}
Event: 40.079 GC heap after
{Heap after GC invocations=57 (full 0):
 garbage-first heap   total 307200K, used 201335K [0x0000000080000000, 0x0000000100000000)
  region size 1024K, 8 young (8192K), 8 survivors (8192K)
 Metaspace       used 112557K, committed 115648K, reserved 557056K
  class space    used 16093K, committed 17600K, reserved 425984K
}
Event: 44.533 GC heap before
{Heap before GC invocations=58 (full 0):
 garbage-first heap   total 343040K, used 281207K [0x0000000080000000, 0x0000000100000000)
  region size 1024K, 82 young (83968K), 8 survivors (8192K)
 Metaspace       used 112842K, committed 115968K, reserved 557056K
  class space    used 16133K, committed 17664K, reserved 425984K
}
Event: 44.541 GC heap after
{Heap after GC invocations=59 (full 0):
 garbage-first heap   total 343040K, used 217890K [0x0000000080000000, 0x0000000100000000)
  region size 1024K, 11 young (11264K), 11 survivors (11264K)
 Metaspace       used 112842K, committed 115968K, reserved 557056K
  class space    used 16133K, committed 17664K, reserved 425984K
}
Event: 45.244 GC heap before
{Heap before GC invocations=59 (full 0):
 garbage-first heap   total 343040K, used 300834K [0x0000000080000000, 0x0000000100000000)
  region size 1024K, 93 young (95232K), 11 survivors (11264K)
 Metaspace       used 112842K, committed 115968K, reserved 557056K
  class space    used 16133K, committed 17664K, reserved 425984K
}
Event: 45.251 GC heap after
{Heap after GC invocations=60 (full 0):
 garbage-first heap   total 343040K, used 221527K [0x0000000080000000, 0x0000000100000000)
  region size 1024K, 7 young (7168K), 7 survivors (7168K)
 Metaspace       used 112842K, committed 115968K, reserved 557056K
  class space    used 16133K, committed 17664K, reserved 425984K
}
Event: 45.504 GC heap before
{Heap before GC invocations=60 (full 0):
 garbage-first heap   total 343040K, used 231767K [0x0000000080000000, 0x0000000100000000)
  region size 1024K, 19 young (19456K), 7 survivors (7168K)
 Metaspace       used 112910K, committed 116032K, reserved 557056K
  class space    used 16144K, committed 17664K, reserved 425984K
}
Event: 45.510 GC heap after
{Heap after GC invocations=61 (full 0):
 garbage-first heap   total 343040K, used 222426K [0x0000000080000000, 0x0000000100000000)
  region size 1024K, 8 young (8192K), 8 survivors (8192K)
 Metaspace       used 112910K, committed 116032K, reserved 557056K
  class space    used 16144K, committed 17664K, reserved 425984K
}

Dll operation events (14 events):
Event: 0.011 Loaded shared library C:\Users\jibri\.vscode\extensions\redhat.java-1.54.0-win32-x64\jre\21.0.10-win32-x86_64\bin\java.dll
Event: 0.054 Loaded shared library C:\Users\jibri\.vscode\extensions\redhat.java-1.54.0-win32-x64\jre\21.0.10-win32-x86_64\bin\zip.dll
Event: 0.067 Loaded shared library C:\Users\jibri\.vscode\extensions\redhat.java-1.54.0-win32-x64\jre\21.0.10-win32-x86_64\bin\instrument.dll
Event: 0.072 Loaded shared library C:\Users\jibri\.vscode\extensions\redhat.java-1.54.0-win32-x64\jre\21.0.10-win32-x86_64\bin\net.dll
Event: 0.075 Loaded shared library C:\Users\jibri\.vscode\extensions\redhat.java-1.54.0-win32-x64\jre\21.0.10-win32-x86_64\bin\nio.dll
Event: 0.078 Loaded shared library C:\Users\jibri\.vscode\extensions\redhat.java-1.54.0-win32-x64\jre\21.0.10-win32-x86_64\bin\zip.dll
Event: 0.414 Loaded shared library C:\Users\jibri\.vscode\extensions\redhat.java-1.54.0-win32-x64\jre\21.0.10-win32-x86_64\bin\jimage.dll
Event: 0.638 Loaded shared library C:\Users\jibri\.vscode\extensions\redhat.java-1.54.0-win32-x64\jre\21.0.10-win32-x86_64\bin\verify.dll
Event: 0.667 Loaded shared library C:\Users\jibri\.gradle\native\1def1411415f61bf3af743bc5b6707747c0891f09f0c88961ee8f79bc544acac\windows-amd64\native-platform.dll
Event: 0.682 Loaded shared library C:\Users\jibri\.gradle\native\0.2.8\x86_64-windows-gnu\gradle-fileevents.dll
Event: 1.792 Loaded shared library C:\Users\jibri\.vscode\extensions\redhat.java-1.54.0-win32-x64\jre\21.0.10-win32-x86_64\bin\management.dll
Event: 1.795 Loaded shared library C:\Users\jibri\.vscode\extensions\redhat.java-1.54.0-win32-x64\jre\21.0.10-win32-x86_64\bin\management_ext.dll
Event: 1.894 Loaded shared library C:\Users\jibri\.vscode\extensions\redhat.java-1.54.0-win32-x64\jre\21.0.10-win32-x86_64\bin\extnet.dll
Event: 2.052 Loaded shared library C:\Users\jibri\.vscode\extensions\redhat.java-1.54.0-win32-x64\jre\21.0.10-win32-x86_64\bin\sunmscapi.dll

Deoptimization events (20 events):
Event: 39.177 Thread 0x000002c0cf6a1cc0 DEOPT PACKING pc=0x000002c09c39cde4 sp=0x000000d977bfcfa0
Event: 39.177 Thread 0x000002c0cf6a1cc0 DEOPT UNPACKING pc=0x000002c09b4c4422 sp=0x000000d977bfcf48 mode 2
Event: 43.271 Thread 0x000002c0c9b297e0 DEOPT PACKING pc=0x000002c09490a1a3 sp=0x000000d970cf5da0
Event: 43.271 Thread 0x000002c0c9b297e0 DEOPT UNPACKING pc=0x000002c09b4c4bc2 sp=0x000000d970cf5240 mode 0
Event: 43.376 Thread 0x000002c0c9b297e0 Uncommon trap: trap_request=0xffffffbe fr.pc=0x000002c09c3e2964 relative=0x0000000000000d04
Event: 43.376 Thread 0x000002c0c9b297e0 Uncommon trap: reason=profile_predicate action=maybe_recompile pc=0x000002c09c3e2964 method=groovy.lang.MetaClassImpl$MethodIndexAction.iterate()V @ 81 c2
Event: 43.376 Thread 0x000002c0c9b297e0 DEOPT PACKING pc=0x000002c09c3e2964 sp=0x000000d970cf9320
Event: 43.376 Thread 0x000002c0c9b297e0 DEOPT UNPACKING pc=0x000002c09b4c4422 sp=0x000000d970cf9328 mode 2
Event: 43.419 Thread 0x000002c0c9b297e0 Uncommon trap: trap_request=0xffffffbe fr.pc=0x000002c09c3e2964 relative=0x0000000000000d04
Event: 43.419 Thread 0x000002c0c9b297e0 Uncommon trap: reason=profile_predicate action=maybe_recompile pc=0x000002c09c3e2964 method=groovy.lang.MetaClassImpl$MethodIndexAction.iterate()V @ 81 c2
Event: 43.419 Thread 0x000002c0c9b297e0 DEOPT PACKING pc=0x000002c09c3e2964 sp=0x000000d970cf6600
Event: 43.419 Thread 0x000002c0c9b297e0 DEOPT UNPACKING pc=0x000002c09b4c4422 sp=0x000000d970cf6608 mode 2
Event: 45.412 Thread 0x000002c0c9b297e0 Uncommon trap: trap_request=0xffffffbe fr.pc=0x000002c09c3e2964 relative=0x0000000000000d04
Event: 45.412 Thread 0x000002c0c9b297e0 Uncommon trap: reason=profile_predicate action=maybe_recompile pc=0x000002c09c3e2964 method=groovy.lang.MetaClassImpl$MethodIndexAction.iterate()V @ 81 c2
Event: 45.412 Thread 0x000002c0c9b297e0 DEOPT PACKING pc=0x000002c09c3e2964 sp=0x000000d970cf93b0
Event: 45.412 Thread 0x000002c0c9b297e0 DEOPT UNPACKING pc=0x000002c09b4c4422 sp=0x000000d970cf93b8 mode 2
Event: 45.500 Thread 0x000002c0c9b297e0 Uncommon trap: trap_request=0xffffffbe fr.pc=0x000002c09c3e2964 relative=0x0000000000000d04
Event: 45.500 Thread 0x000002c0c9b297e0 Uncommon trap: reason=profile_predicate action=maybe_recompile pc=0x000002c09c3e2964 method=groovy.lang.MetaClassImpl$MethodIndexAction.iterate()V @ 81 c2
Event: 45.500 Thread 0x000002c0c9b297e0 DEOPT PACKING pc=0x000002c09c3e2964 sp=0x000000d970cf5db0
Event: 45.500 Thread 0x000002c0c9b297e0 DEOPT UNPACKING pc=0x000002c09b4c4422 sp=0x000000d970cf5db8 mode 2

Classes loaded (20 events):
Event: 36.879 Loading class java/util/PropertiesCustomizer
Event: 36.879 Loading class java/util/PropertiesCustomizer done
Event: 37.043 Loading class java/util/TreeSetBeanInfo
Event: 37.043 Loading class java/util/TreeSetBeanInfo done
Event: 37.043 Loading class java/util/TreeSetBeanInfo
Event: 37.043 Loading class java/util/TreeSetBeanInfo done
Event: 37.043 Loading class java/util/AbstractSetBeanInfo
Event: 37.043 Loading class java/util/AbstractSetBeanInfo done
Event: 37.043 Loading class java/util/AbstractSetBeanInfo
Event: 37.043 Loading class java/util/AbstractSetBeanInfo done
Event: 37.043 Loading class java/util/AbstractSetCustomizer
Event: 37.043 Loading class java/util/AbstractSetCustomizer done
Event: 37.043 Loading class java/util/AbstractSetCustomizer
Event: 37.043 Loading class java/util/AbstractSetCustomizer done
Event: 37.044 Loading class java/util/TreeSetCustomizer
Event: 37.044 Loading class java/util/TreeSetCustomizer done
Event: 37.044 Loading class java/util/TreeSetCustomizer
Event: 37.044 Loading class java/util/TreeSetCustomizer done
Event: 37.117 Loading class java/lang/invoke/MethodHandleImpl$CountingWrapper$1
Event: 37.118 Loading class java/lang/invoke/MethodHandleImpl$CountingWrapper$1 done

Classes unloaded (0 events):
No events

Classes redefined (0 events):
No events

Internal exceptions (20 events):
Event: 39.961 Thread 0x000002c0c9b297e0 Exception <a 'java/lang/ClassNotFoundException'{0x000000008d6e7470}: build_dql0hjngz9r9i5gandl8g9g20BeanInfo> (0x000000008d6e7470) 
thrown [s\src\hotspot\share\classfile\systemDictionary.cpp, line 312]
Event: 39.961 Thread 0x000002c0c9b297e0 Exception <a 'java/lang/ClassNotFoundException'{0x000000008d6ee480}: build_dql0hjngz9r9i5gandl8g9g20Customizer> (0x000000008d6ee480) 
thrown [s\src\hotspot\share\classfile\systemDictionary.cpp, line 312]
Event: 42.746 Thread 0x000002c0c9b297e0 Exception <a 'java/lang/ClassNotFoundException'{0x00000000fe8a8fa8}: build_dql0hjngz9r9i5gandl8g9g20$_run_closure1BeanInfo> (0x00000000fe8a8fa8) 
thrown [s\src\hotspot\share\classfile\systemDictionary.cpp, line 312]
Event: 42.747 Thread 0x000002c0c9b297e0 Exception <a 'java/lang/ClassNotFoundException'{0x00000000fe8b3948}: build_dql0hjngz9r9i5gandl8g9g20$_run_closure1Customizer> (0x00000000fe8b3948) 
thrown [s\src\hotspot\share\classfile\systemDictionary.cpp, line 312]
Event: 42.951 Thread 0x000002c0c9b297e0 Exception <a 'java/lang/ClassNotFoundException'{0x0000000092ebff20}: build_4ueyv9ms3rcw38uwrozb6ppjtBeanInfo> (0x0000000092ebff20) 
thrown [s\src\hotspot\share\classfile\systemDictionary.cpp, line 312]
Event: 42.952 Thread 0x000002c0c9b297e0 Exception <a 'java/lang/ClassNotFoundException'{0x0000000092ec6f90}: build_4ueyv9ms3rcw38uwrozb6ppjtCustomizer> (0x0000000092ec6f90) 
thrown [s\src\hotspot\share\classfile\systemDictionary.cpp, line 312]
Event: 42.993 Thread 0x000002c0c9b297e0 Exception <a 'java/lang/ClassNotFoundException'{0x0000000092ce0b38}: build_4ueyv9ms3rcw38uwrozb6ppjt$_run_closure1BeanInfo> (0x0000000092ce0b38) 
thrown [s\src\hotspot\share\classfile\systemDictionary.cpp, line 312]
Event: 42.994 Thread 0x000002c0c9b297e0 Exception <a 'java/lang/ClassNotFoundException'{0x0000000092cec788}: build_4ueyv9ms3rcw38uwrozb6ppjt$_run_closure1Customizer> (0x0000000092cec788) 
thrown [s\src\hotspot\share\classfile\systemDictionary.cpp, line 312]
Event: 43.127 Thread 0x000002c0c9b297e0 Exception <a 'java/lang/ClassNotFoundException'{0x0000000092629008}: build_2ibwxp0a5n4oveq27kzba4bb0BeanInfo> (0x0000000092629008) 
thrown [s\src\hotspot\share\classfile\systemDictionary.cpp, line 312]
Event: 43.128 Thread 0x000002c0c9b297e0 Exception <a 'java/lang/ClassNotFoundException'{0x0000000092630080}: build_2ibwxp0a5n4oveq27kzba4bb0Customizer> (0x0000000092630080) 
thrown [s\src\hotspot\share\classfile\systemDictionary.cpp, line 312]
Event: 43.239 Thread 0x000002c0c9b297e0 Exception <a 'java/lang/ClassNotFoundException'{0x0000000092559888}: build_2ibwxp0a5n4oveq27kzba4bb0BeanInfo> (0x0000000092559888) 
thrown [s\src\hotspot\share\classfile\systemDictionary.cpp, line 312]
Event: 43.240 Thread 0x000002c0c9b297e0 Exception <a 'java/lang/ClassNotFoundException'{0x0000000092560898}: build_2ibwxp0a5n4oveq27kzba4bb0Customizer> (0x0000000092560898) 
thrown [s\src\hotspot\share\classfile\systemDictionary.cpp, line 312]
Event: 43.271 Thread 0x000002c0c9b297e0 Exception <a 'java/lang/ClassNotFoundException'{0x000000009231b260}: build_2ibwxp0a5n4oveq27kzba4bb0$_run_closure1BeanInfo> (0x000000009231b260) 
thrown [s\src\hotspot\share\classfile\systemDictionary.cpp, line 312]
Event: 43.271 Thread 0x000002c0c9b297e0 Exception <a 'java/lang/ClassNotFoundException'{0x0000000092326eb0}: build_2ibwxp0a5n4oveq27kzba4bb0$_run_closure1Customizer> (0x0000000092326eb0) 
thrown [s\src\hotspot\share\classfile\systemDictionary.cpp, line 312]
Event: 43.376 Thread 0x000002c0c9b297e0 Exception <a 'java/lang/ClassNotFoundException'{0x0000000091f6f018}: build_9xjq2dshao1ep50o4xauyr7voBeanInfo> (0x0000000091f6f018) 
thrown [s\src\hotspot\share\classfile\systemDictionary.cpp, line 312]
Event: 43.377 Thread 0x000002c0c9b297e0 Exception <a 'java/lang/ClassNotFoundException'{0x0000000091f76090}: build_9xjq2dshao1ep50o4xauyr7voCustomizer> (0x0000000091f76090) 
thrown [s\src\hotspot\share\classfile\systemDictionary.cpp, line 312]
Event: 43.419 Thread 0x000002c0c9b297e0 Exception <a 'java/lang/ClassNotFoundException'{0x0000000091fe1680}: build_9xjq2dshao1ep50o4xauyr7vo$_run_closure1BeanInfo> (0x0000000091fe1680) 
thrown [s\src\hotspot\share\classfile\systemDictionary.cpp, line 312]
Event: 43.420 Thread 0x000002c0c9b297e0 Exception <a 'java/lang/ClassNotFoundException'{0x0000000091fea110}: build_9xjq2dshao1ep50o4xauyr7vo$_run_closure1Customizer> (0x0000000091fea110) 
thrown [s\src\hotspot\share\classfile\systemDictionary.cpp, line 312]
Event: 45.412 Thread 0x000002c0c9b297e0 Exception <a 'java/lang/ClassNotFoundException'{0x00000000fe8a0560}: build_9xjq2dshao1ep50o4xauyr7voBeanInfo> (0x00000000fe8a0560) 
thrown [s\src\hotspot\share\classfile\systemDictionary.cpp, line 312]
Event: 45.413 Thread 0x000002c0c9b297e0 Exception <a 'java/lang/ClassNotFoundException'{0x00000000fe8a7570}: build_9xjq2dshao1ep50o4xauyr7voCustomizer> (0x00000000fe8a7570) 
thrown [s\src\hotspot\share\classfile\systemDictionary.cpp, line 312]

ZGC Phase Switch (0 events):
No events

VM Operations (20 events):
Event: 39.257 Executing safepoint VM operation: G1CollectForAllocation (G1 Evacuation Pause) done
Event: 40.075 Executing safepoint VM operation: G1TryInitiateConcMark (G1 Humongous Allocation)
Event: 40.079 Executing safepoint VM operation: G1TryInitiateConcMark (G1 Humongous Allocation) done
Event: 40.181 Executing safepoint VM operation: G1PauseRemark
Event: 40.198 Executing safepoint VM operation: G1PauseRemark done
Event: 40.267 Executing safepoint VM operation: G1PauseCleanup
Event: 40.267 Executing safepoint VM operation: G1PauseCleanup done
Event: 43.285 Executing safepoint VM operation: Cleanup
Event: 43.285 Executing safepoint VM operation: Cleanup done
Event: 43.379 Executing non-safepoint VM operation: HandshakeAllThreads (Deoptimize)
Event: 43.379 Executing non-safepoint VM operation: HandshakeAllThreads (Deoptimize) done
Event: 44.393 Executing safepoint VM operation: Cleanup
Event: 44.393 Executing safepoint VM operation: Cleanup done
Event: 44.533 Executing safepoint VM operation: G1CollectForAllocation (G1 Evacuation Pause)
Event: 44.541 Executing safepoint VM operation: G1CollectForAllocation (G1 Evacuation Pause) done
Event: 45.244 Executing safepoint VM operation: G1CollectForAllocation (G1 Evacuation Pause)
Event: 45.251 Executing safepoint VM operation: G1CollectForAllocation (G1 Evacuation Pause) done
Event: 45.504 Executing safepoint VM operation: G1TryInitiateConcMark (G1 Humongous Allocation)
Event: 45.510 Executing safepoint VM operation: G1TryInitiateConcMark (G1 Humongous Allocation) done
Event: 45.601 Executing safepoint VM operation: G1PauseRemark

Memory protections (0 events):
No events

Nmethod flushes (20 events):
Event: 45.607 Thread 0x000002c0a86e6f20 flushing  nmethod 0x000002c09563e990
Event: 45.607 Thread 0x000002c0a86e6f20 flushing  nmethod 0x000002c0956ef290
Event: 45.607 Thread 0x000002c0a86e6f20 flushing  nmethod 0x000002c0957ef090
Event: 45.607 Thread 0x000002c0a86e6f20 flushing  nmethod 0x000002c095869e90
Event: 45.607 Thread 0x000002c0a86e6f20 flushing  nmethod 0x000002c09586a210
Event: 45.607 Thread 0x000002c0a86e6f20 flushing osr nmethod 0x000002c09c1e6a90
Event: 45.607 Thread 0x000002c0a86e6f20 flushing  nmethod 0x000002c09445e790
Event: 45.607 Thread 0x000002c0a86e6f20 flushing  nmethod 0x000002c094718910
Event: 45.607 Thread 0x000002c0a86e6f20 flushing  nmethod 0x000002c09471b210
Event: 45.607 Thread 0x000002c0a86e6f20 flushing  nmethod 0x000002c094772c10
Event: 45.607 Thread 0x000002c0a86e6f20 flushing  nmethod 0x000002c094b9d790
Event: 45.607 Thread 0x000002c0a86e6f20 flushing  nmethod 0x000002c094d6e390
Event: 45.607 Thread 0x000002c0a86e6f20 flushing  nmethod 0x000002c094d6f510
Event: 45.607 Thread 0x000002c0a86e6f20 flushing  nmethod 0x000002c094de4c10
Event: 45.607 Thread 0x000002c0a86e6f20 flushing  nmethod 0x000002c094e91d10
Event: 45.607 Thread 0x000002c0a86e6f20 flushing  nmethod 0x000002c094e92d90
Event: 45.607 Thread 0x000002c0a86e6f20 flushing  nmethod 0x000002c094f65910
Event: 45.607 Thread 0x000002c0a86e6f20 flushing  nmethod 0x000002c09506f190
Event: 45.607 Thread 0x000002c0a86e6f20 flushing  nmethod 0x000002c095378010
Event: 45.607 Thread 0x000002c0a86e6f20 flushing  nmethod 0x000002c09578ac10

Events (20 events):
Event: 31.584 Thread 0x000002c0d064b090 Thread exited: 0x000002c0d064b090
Event: 31.746 Thread 0x000002c0a871d860 Thread added: 0x000002c0d064d970
Event: 31.967 Thread 0x000002c0d064d970 Thread exited: 0x000002c0d064d970
Event: 32.561 Thread 0x000002c0c80096f0 Thread added: 0x000002c0d064d970
Event: 32.846 Thread 0x000002c0d064d970 Thread exited: 0x000002c0d064d970
Event: 35.150 Thread 0x000002c0a871d860 Thread added: 0x000002c0d064e040
Event: 35.681 Thread 0x000002c0d064e040 Thread exited: 0x000002c0d064e040
Event: 36.723 Thread 0x000002c0c9b297e0 Thread added: 0x000002c0d00eb020
Event: 36.738 Thread 0x000002c0d00eb020 Thread added: 0x000002c0cb6192b0
Event: 36.738 Thread 0x000002c0d00eb020 Thread added: 0x000002c0cb61fbb0
Event: 37.233 Thread 0x000002c0a871d860 Thread added: 0x000002c0d064e040
Event: 37.928 Thread 0x000002c0d064e040 Thread exited: 0x000002c0d064e040
Event: 38.527 Thread 0x000002c0a871d860 Thread added: 0x000002c0d064e710
Event: 39.307 Thread 0x000002c0d064e710 Thread exited: 0x000002c0d064e710
Event: 39.971 Thread 0x000002c0a871d860 Thread added: 0x000002c0d0650250
Event: 40.214 Thread 0x000002c0d0650250 Thread exited: 0x000002c0d0650250
Event: 43.336 Thread 0x000002c0c80096f0 Thread added: 0x000002c0d064e040
Event: 43.662 Thread 0x000002c0d064e040 Thread exited: 0x000002c0d064e040
Event: 44.206 Thread 0x000002c0a871d860 Thread added: 0x000002c0d0650250
Event: 44.542 Thread 0x000002c0d0650250 Thread exited: 0x000002c0d0650250


Dynamic libraries:
0x00007ff6aa770000 - 0x00007ff6aa77e000 	C:\Users\jibri\.vscode\extensions\redhat.java-1.54.0-win32-x64\jre\21.0.10-win32-x86_64\bin\java.exe
0x00007ff911840000 - 0x00007ff911aa7000 	C:\WINDOWS\SYSTEM32\ntdll.dll
0x00007ff90f650000 - 0x00007ff90f719000 	C:\WINDOWS\System32\KERNEL32.DLL
0x00007ff90e2a0000 - 0x00007ff90e697000 	C:\WINDOWS\System32\KERNELBASE.dll
0x00007ff90f330000 - 0x00007ff90f47b000 	C:\WINDOWS\System32\ucrtbase.dll
0x00007ff8d4310000 - 0x00007ff8d4328000 	C:\Users\jibri\.vscode\extensions\redhat.java-1.54.0-win32-x64\jre\21.0.10-win32-x86_64\bin\jli.dll
0x00007ff8d4d20000 - 0x00007ff8d4d3e000 	C:\Users\jibri\.vscode\extensions\redhat.java-1.54.0-win32-x64\jre\21.0.10-win32-x86_64\bin\VCRUNTIME140.dll
0x00007ff911570000 - 0x00007ff911736000 	C:\WINDOWS\System32\USER32.dll
0x00007ff90e270000 - 0x00007ff90e297000 	C:\WINDOWS\System32\win32u.dll
0x00007ff910d80000 - 0x00007ff910dab000 	C:\WINDOWS\System32\GDI32.dll
0x00007ff90f080000 - 0x00007ff90f1ac000 	C:\WINDOWS\System32\gdi32full.dll
0x00007ff8e9210000 - 0x00007ff8e94a2000 	C:\WINDOWS\WinSxS\amd64_microsoft.windows.common-controls_6595b64144ccf1df_6.0.26100.8457_none_3e0b2faee331e92d\COMCTL32.dll
0x00007ff90f510000 - 0x00007ff90f5b3000 	C:\WINDOWS\System32\msvcp_win.dll
0x00007ff90f8b0000 - 0x00007ff90f959000 	C:\WINDOWS\System32\msvcrt.dll
0x00007ff90f7f0000 - 0x00007ff90f822000 	C:\WINDOWS\System32\IMM32.DLL
0x00007ff8d5a30000 - 0x00007ff8d5a3c000 	C:\Users\jibri\.vscode\extensions\redhat.java-1.54.0-win32-x64\jre\21.0.10-win32-x86_64\bin\vcruntime140_1.dll
0x00007ff8b95a0000 - 0x00007ff8b962d000 	C:\Users\jibri\.vscode\extensions\redhat.java-1.54.0-win32-x64\jre\21.0.10-win32-x86_64\bin\msvcp140.dll
0x00007ff8336f0000 - 0x00007ff834491000 	C:\Users\jibri\.vscode\extensions\redhat.java-1.54.0-win32-x64\jre\21.0.10-win32-x86_64\bin\server\jvm.dll
0x00007ff911740000 - 0x00007ff9117f6000 	C:\WINDOWS\System32\ADVAPI32.dll
0x00007ff910520000 - 0x00007ff9105c7000 	C:\WINDOWS\System32\sechost.dll
0x00007ff9105d0000 - 0x00007ff9106e8000 	C:\WINDOWS\System32\RPCRT4.dll
0x00007ff90f5c0000 - 0x00007ff90f640000 	C:\WINDOWS\System32\WS2_32.dll
0x00007ff90e0d0000 - 0x00007ff90e12e000 	C:\WINDOWS\SYSTEM32\POWRPROF.dll
0x00007ff905dd0000 - 0x00007ff905ddb000 	C:\WINDOWS\SYSTEM32\VERSION.dll
0x00007ff900920000 - 0x00007ff900956000 	C:\WINDOWS\SYSTEM32\WINMM.dll
0x00007ff90e0b0000 - 0x00007ff90e0c4000 	C:\WINDOWS\SYSTEM32\UMPDC.dll
0x00007ff90cfd0000 - 0x00007ff90cfeb000 	C:\WINDOWS\SYSTEM32\kernel.appcore.dll
0x00007ff8d5070000 - 0x00007ff8d507a000 	C:\Users\jibri\.vscode\extensions\redhat.java-1.54.0-win32-x64\jre\21.0.10-win32-x86_64\bin\jimage.dll
0x00007ff90bfa0000 - 0x00007ff90c1e2000 	C:\WINDOWS\SYSTEM32\DBGHELP.DLL
0x00007ff90fc40000 - 0x00007ff90ffc3000 	C:\WINDOWS\System32\combase.dll
0x00007ff9101a0000 - 0x00007ff910279000 	C:\WINDOWS\System32\OLEAUT32.dll
0x00007ff8e3840000 - 0x00007ff8e387b000 	C:\WINDOWS\SYSTEM32\dbgcore.DLL
0x00007ff90ef10000 - 0x00007ff90efb8000 	C:\WINDOWS\System32\bcryptPrimitives.dll
0x00007ff8d32f0000 - 0x00007ff8d32ff000 	C:\Users\jibri\.vscode\extensions\redhat.java-1.54.0-win32-x64\jre\21.0.10-win32-x86_64\bin\instrument.dll
0x00007ff8d4210000 - 0x00007ff8d4230000 	C:\Users\jibri\.vscode\extensions\redhat.java-1.54.0-win32-x64\jre\21.0.10-win32-x86_64\bin\java.dll
0x00007ff910db0000 - 0x00007ff91151e000 	C:\WINDOWS\System32\SHELL32.dll
0x00007ff90e6a0000 - 0x00007ff90ef0c000 	C:\WINDOWS\System32\windows.storage.dll
0x00007ff90fb40000 - 0x00007ff90fc36000 	C:\WINDOWS\System32\SHCORE.dll
0x00007ff90ffd0000 - 0x00007ff910036000 	C:\WINDOWS\System32\shlwapi.dll
0x00007ff90e190000 - 0x00007ff90e1b9000 	C:\WINDOWS\SYSTEM32\profapi.dll
0x00007ff8d3300000 - 0x00007ff8d3318000 	C:\Users\jibri\.vscode\extensions\redhat.java-1.54.0-win32-x64\jre\21.0.10-win32-x86_64\bin\zip.dll
0x00007ff8d4d10000 - 0x00007ff8d4d20000 	C:\Users\jibri\.vscode\extensions\redhat.java-1.54.0-win32-x64\jre\21.0.10-win32-x86_64\bin\net.dll
0x00007ff906160000 - 0x00007ff906289000 	C:\WINDOWS\SYSTEM32\WINHTTP.dll
0x00007ff90d570000 - 0x00007ff90d5dc000 	C:\WINDOWS\system32\mswsock.dll
0x00007ff8d1c60000 - 0x00007ff8d1c76000 	C:\Users\jibri\.vscode\extensions\redhat.java-1.54.0-win32-x64\jre\21.0.10-win32-x86_64\bin\nio.dll
0x00007ff8d1be0000 - 0x00007ff8d1bf0000 	C:\Users\jibri\.vscode\extensions\redhat.java-1.54.0-win32-x64\jre\21.0.10-win32-x86_64\bin\verify.dll
0x00007ff8d6140000 - 0x00007ff8d6167000 	C:\Users\jibri\.gradle\native\1def1411415f61bf3af743bc5b6707747c0891f09f0c88961ee8f79bc544acac\windows-amd64\native-platform.dll
0x00007ff8d4de0000 - 0x00007ff8d4e57000 	C:\Users\jibri\.gradle\native\0.2.8\x86_64-windows-gnu\gradle-fileevents.dll
0x00007ff90ae10000 - 0x00007ff90ae1a000 	C:\Users\jibri\.vscode\extensions\redhat.java-1.54.0-win32-x64\jre\21.0.10-win32-x86_64\bin\management.dll
0x00007ff8cefc0000 - 0x00007ff8cefcc000 	C:\Users\jibri\.vscode\extensions\redhat.java-1.54.0-win32-x64\jre\21.0.10-win32-x86_64\bin\management_ext.dll
0x00007ff90f720000 - 0x00007ff90f728000 	C:\WINDOWS\System32\PSAPI.DLL
0x00007ff90ca00000 - 0x00007ff90ca32000 	C:\WINDOWS\SYSTEM32\IPHLPAPI.DLL
0x00007ff90f880000 - 0x00007ff90f88a000 	C:\WINDOWS\System32\NSI.dll
0x00007ff8d4300000 - 0x00007ff8d4309000 	C:\Users\jibri\.vscode\extensions\redhat.java-1.54.0-win32-x64\jre\21.0.10-win32-x86_64\bin\extnet.dll
0x00007ff90d850000 - 0x00007ff90d86b000 	C:\WINDOWS\SYSTEM32\CRYPTSP.dll
0x00007ff90cf30000 - 0x00007ff90cf69000 	C:\WINDOWS\system32\rsaenh.dll
0x00007ff90d620000 - 0x00007ff90d653000 	C:\WINDOWS\SYSTEM32\USERENV.dll
0x00007ff90e160000 - 0x00007ff90e18a000 	C:\WINDOWS\SYSTEM32\bcrypt.dll
0x00007ff90d870000 - 0x00007ff90d87c000 	C:\WINDOWS\SYSTEM32\CRYPTBASE.dll
0x00007ff8d4710000 - 0x00007ff8d471e000 	C:\Users\jibri\.vscode\extensions\redhat.java-1.54.0-win32-x64\jre\21.0.10-win32-x86_64\bin\sunmscapi.dll
0x00007ff90f1b0000 - 0x00007ff90f328000 	C:\WINDOWS\System32\CRYPT32.dll
0x00007ff90da70000 - 0x00007ff90daa0000 	C:\WINDOWS\SYSTEM32\ncrypt.dll
0x00007ff90da20000 - 0x00007ff90da5f000 	C:\WINDOWS\SYSTEM32\NTASN1.dll
0x00007ff8d93a0000 - 0x00007ff8d93a8000 	C:\WINDOWS\system32\wshunix.dll

JVMTI agents:
C:\Users\jibri\.gradle\wrapper\dists\gradle-9.0.0-bin\d6wjpkvcgsg3oed0qlfss3wgl\gradle-9.0.0\lib\agents\gradle-instrumentation-agent-9.0.0.jar path:C:\Users\jibri\.vscode\extensions\redhat.java-1.54.0-win32-x64\jre\21.0.10-win32-x86_64\bin\instrument.dll, loaded, initialized, instrumentlib options:none

dbghelp: loaded successfully - version: 4.0.5 - missing functions: none
symbol engine: initialized successfully - sym options: 0x614 - pdb path: .;C:\Users\jibri\.vscode\extensions\redhat.java-1.54.0-win32-x64\jre\21.0.10-win32-x86_64\bin;C:\WINDOWS\SYSTEM32;C:\WINDOWS\WinSxS\amd64_microsoft.windows.common-controls_6595b64144ccf1df_6.0.26100.8457_none_3e0b2faee331e92d;C:\Users\jibri\.vscode\extensions\redhat.java-1.54.0-win32-x64\jre\21.0.10-win32-x86_64\bin\server;C:\Users\jibri\.gradle\native\1def1411415f61bf3af743bc5b6707747c0891f09f0c88961ee8f79bc544acac\windows-amd64;C:\Users\jibri\.gradle\native\0.2.8\x86_64-windows-gnu

VM Arguments:
jvm_args: --add-opens=java.base/java.lang=ALL-UNNAMED --add-opens=java.base/java.lang.invoke=ALL-UNNAMED --add-opens=java.base/java.util=ALL-UNNAMED --add-opens=java.prefs/java.util.prefs=ALL-UNNAMED --add-exports=jdk.compiler/com.sun.tools.javac.api=ALL-UNNAMED --add-exports=jdk.compiler/com.sun.tools.javac.util=ALL-UNNAMED --add-opens=java.base/java.util=ALL-UNNAMED --add-opens=java.prefs/java.util.prefs=ALL-UNNAMED --add-opens=java.base/java.nio.charset=ALL-UNNAMED --add-opens=java.base/java.net=ALL-UNNAMED --add-opens=java.base/java.util.concurrent=ALL-UNNAMED --add-opens=java.base/java.util.concurrent.atomic=ALL-UNNAMED --add-opens=java.xml/javax.xml.namespace=ALL-UNNAMED -XX:MaxMetaspaceSize=512m -Xmx2048m -Dfile.encoding=UTF-8 -Duser.country=PH -Duser.language=en -Duser.variant -javaagent:C:\Users\jibri\.gradle\wrapper\dists\gradle-9.0.0-bin\d6wjpkvcgsg3oed0qlfss3wgl\gradle-9.0.0\lib\agents\gradle-instrumentation-agent-9.0.0.jar 
java_command: org.gradle.launcher.daemon.bootstrap.GradleDaemon 9.0.0
java_class_path (initial): C:\Users\jibri\.gradle\wrapper\dists\gradle-9.0.0-bin\d6wjpkvcgsg3oed0qlfss3wgl\gradle-9.0.0\lib\gradle-daemon-main-9.0.0.jar
Launcher Type: SUN_STANDARD

[Global flags]
     intx CICompilerCount                          = 4                                         {product} {ergonomic}
   size_t CompressedClassSpaceSize                 = 436207616                                 {product} {ergonomic}
     uint ConcGCThreads                            = 3                                         {product} {ergonomic}
     uint G1ConcRefinementThreads                  = 12                                        {product} {ergonomic}
   size_t G1HeapRegionSize                         = 1048576                                   {product} {ergonomic}
    uintx GCDrainStackTargetSize                   = 64                                        {product} {ergonomic}
   size_t InitialHeapSize                          = 130023424                                 {product} {ergonomic}
   size_t MarkStackSize                            = 4194304                                   {product} {ergonomic}
   size_t MaxHeapSize                              = 2147483648                                {product} {command line}
   size_t MaxMetaspaceSize                         = 536870912                                 {product} {command line}
   size_t MaxNewSize                               = 1287651328                                {product} {ergonomic}
   size_t MinHeapDeltaBytes                        = 1048576                                   {product} {ergonomic}
   size_t MinHeapSize                              = 8388608                                   {product} {ergonomic}
    uintx NonNMethodCodeHeapSize                   = 5839372                                {pd product} {ergonomic}
    uintx NonProfiledCodeHeapSize                  = 122909434                              {pd product} {ergonomic}
    uintx ProfiledCodeHeapSize                     = 122909434                              {pd product} {ergonomic}
    uintx ReservedCodeCacheSize                    = 251658240                              {pd product} {ergonomic}
     bool SegmentedCodeCache                       = true                                      {product} {ergonomic}
   size_t SoftMaxHeapSize                          = 2147483648                             {manageable} {ergonomic}
     bool UseCompressedOops                        = true                           {product lp64_product} {ergonomic}
     bool UseG1GC                                  = true                                      {product} {ergonomic}
     bool UseLargePagesIndividualAllocation        = false                                  {pd product} {ergonomic}

Logging:
Log output configuration:
 #0: stdout all=warning uptime,level,tags foldmultilines=false
 #1: stderr all=off uptime,level,tags foldmultilines=false

Release file:
JAVA_VERSION="21.0.10" 
MODULES="java.base java.compiler java.datatransfer java.xml java.prefs java.desktop java.instrument java.logging java.management java.security.sasl java.naming java.rmi java.management.rmi java.net.http java.scripting java.security.jgss java.transaction.xa java.sql java.sql.rowset java.xml.crypto java.se java.smartcardio jdk.accessibility jdk.internal.jvmstat jdk.attach jdk.charsets jdk.internal.opt jdk.zipfs jdk.compiler jdk.crypto.ec jdk.crypto.cryptoki jdk.crypto.mscapi jdk.dynalink jdk.internal.ed jdk.editpad jdk.hotspot.agent jdk.httpserver jdk.internal.le jdk.internal.vm.ci jdk.internal.vm.compiler jdk.internal.vm.compiler.management jdk.jartool jdk.javadoc jdk.jcmd jdk.management jdk.management.agent jdk.jconsole jdk.jdeps jdk.jdwp.agent jdk.jdi jdk.jfr jdk.jshell jdk.jsobject jdk.jstatd jdk.localedata jdk.management.jfr jdk.naming.dns jdk.naming.rmi jdk.net jdk.nio.mapmode jdk.random jdk.sctp jdk.security.auth jdk.security.jgss jdk.unsupported jdk.unsupported.desktop jdk.xml.dom" 

Environment Variables:
JAVA_HOME=C:\Program Files\Java\jdk-17
PATH=C:\Program Files\Microsoft\jdk-17.0.16.8-hotspot\bin;C:\ProgramData\Oracle\Java\javapath;C:\Program Files\NVIDIA GPU Computing Toolkit\CUDA\v12.8\bin;C:\Program Files\NVIDIA GPU Computing Toolkit\CUDA\v12.8\libnvvp;C:\Program Files\Common Files\Oracle\Java\javapath;C:\PHP\;C:\Windows\system32;C:\Windows;C:\Windows\System32\Wbem;C:\Windows\System32\WindowsPowerShell\v1.0\;C:\Windows\System32\OpenSSH\;C:\Program Files (x86)\NVIDIA Corporation\PhysX\Common;C:\Program Files\Microsoft SQL Server\150\Tools\Binn\;C:\Program Files\Microsoft SQL Server\Client SDK\ODBC\170\Tools\Binn\;C:\ProgramData\ComposerSetup\bin;C:\Users\jibri\.config\herd\bin\nvm;C:\Program Files\nodejs;C:\Program Files\Java\jdk-17\bin;C:\xampp\php;C:\WINDOWS\system32;C:\WINDOWS;C:\WINDOWS\System32\Wbem;C:\WINDOWS\System32\WindowsPowerShell\v1.0\;C:\WINDOWS\System32\OpenSSH\;C:\Program Files\nodejs\;C:\Program Files\Git\cmd;C:\Program Files\Git\bin;C:\Users\jibri\AppData\Local\Pub\Cache\bin;C:\Program Files\NVIDIA Corporation\NVIDIA app\NvDLISR;C:\Program Files\heroku\bin;C:\Program Files\NVIDIA Corporation\Nsight Compute 2025.1.1\;C:\ProgramData\chocolatey\bin;C:\Users\jibri\AppData\Local\Programs\Python\Python310\Scripts;C:\Program Files\dotnet\;C:\Program Files (x86)\Windows Kits\10\Windows Performance Toolkit\;C:\Users\jibri\AppData\Local\Android\Sdk\platform-tools;C:\Program Files\Docker\Docker\resources\bin;C:\PHP\phpoldversion\;C:\Program Files\MySQL\MySQL Shell 8.0\bin\;C:\Users\jibri\AppData\Local\Programs\Python\Python310\Scripts\;C:\Users\jibri\AppData\Local\Programs\Python\Python310\;C:\Users\jibri\.config\herd\bin;C:\Users\jibri\AppData\Local\Microsoft\WindowsApps;C:\Users\jibri\AppData\Local\Programs\Microsoft VS Code\bin;C:\Users\jibri\AppData\Roaming\Composer\vendor\bin;C:\flutter\flutter\bin;C:\Users\jibri\AppData\Roaming\npm;C:\Program Files\Git;C:\Users\jibri\AppData\Local\Pub\Cache\bin;C:\Program Files\heroku\bin;C:\Users\jibri\.dotnet\tools;C:\AppServ\Apache24\bin;C:\AppServ\php7;C:\AppServ\MySQL\bin;C:\Users\jibri\AppData\Local\Android\Sdk\build-tools;C:\ProgramData\chocolatey\bin;C:\Program Files\nodejs\;C:\Users\jibri\AppData\Local\Programs\cursor\resources\app\bin;C:\Users\jibri\AppData\Local\Programs\Antigravity IDE\bin
USERNAME=jibri
OS=Windows_NT
PROCESSOR_IDENTIFIER=Intel64 Family 6 Model 191 Stepping 2, GenuineIntel
TMP=C:\Users\jibri\AppData\Local\Temp
TEMP=C:\Users\jibri\AppData\Local\Temp




Periodic native trim disabled

---------------  S Y S T E M  ---------------

OS:
 Windows 11 , 64 bit Build 26100 (10.0.26100.8328)
OS uptime: 0 days 9:20 hours
Hyper-V role detected

CPU: total 15 (initial active 15) (10 cores per cpu, 2 threads per core) family 6 model 191 stepping 2 microcode 0x2c, cx8, cmov, fxsr, ht, mmx, 3dnowpref, sse, sse2, sse3, ssse3, sse4.1, sse4.2, popcnt, lzcnt, tsc, tscinvbit, avx, avx2, aes, erms, clmul, bmi1, bmi2, adx, sha, fma, vzeroupper, clflush, clflushopt, clwb, hv, serialize, rdtscp, rdpid, fsrm, f16c, cet_ibt, cet_ss
Processor Information for processor 0
  Max Mhz: 2500, Current Mhz: 2500, Mhz Limit: 2500
Processor Information for processor 1
  Max Mhz: 2500, Current Mhz: 2500, Mhz Limit: 2500
Processor Information for processor 2
  Max Mhz: 2500, Current Mhz: 2500, Mhz Limit: 2500
Processor Information for processor 3
  Max Mhz: 2500, Current Mhz: 2500, Mhz Limit: 2500
Processor Information for processor 4
  Max Mhz: 2500, Current Mhz: 2500, Mhz Limit: 2500
Processor Information for processor 5
  Max Mhz: 2500, Current Mhz: 2500, Mhz Limit: 2500
Processor Information for processor 6
  Max Mhz: 2500, Current Mhz: 2500, Mhz Limit: 2500
Processor Information for processor 7
  Max Mhz: 2500, Current Mhz: 2500, Mhz Limit: 2500
Processor Information for processor 8
  Max Mhz: 2500, Current Mhz: 2500, Mhz Limit: 2500
Processor Information for processor 9
  Max Mhz: 2500, Current Mhz: 2500, Mhz Limit: 2500
Processor Information for processor 10
  Max Mhz: 2500, Current Mhz: 2500, Mhz Limit: 2500
Processor Information for processor 11
  Max Mhz: 2500, Current Mhz: 2500, Mhz Limit: 2500
Processor Information for processor 12
  Max Mhz: 2688, Current Mhz: 2688, Mhz Limit: 2688
Processor Information for processor 13
  Max Mhz: 2688, Current Mhz: 2688, Mhz Limit: 2688
Processor Information for processor 14
  Max Mhz: 2688, Current Mhz: 2688, Mhz Limit: 2688

Memory: 4k page, system-wide physical 7911M (648M free)
TotalPageFile size 32487M (AvailPageFile size 2M)
current process WorkingSet (physical memory assigned to process): 632M, peak: 632M
current process commit charge ("private bytes"): 723M, peak: 755M

vm_info: OpenJDK 64-Bit Server VM (21.0.10+7-LTS) for windows-amd64 JRE (21.0.10+7-LTS), built on 2026-01-20T00:00:00Z by "admin" with MS VC++ 17.12 (VS2022)

END.
