#
# There is insufficient memory for the Java Runtime Environment to continue.
# Native memory allocation (mmap) failed to map 12582912 bytes. Error detail: G1 virtual space
# Possible reasons:
#   The system is out of physical RAM or swap space
#   This process is running with CompressedOops enabled, and the Java Heap may be blocking the growth of the native heap
# Possible solutions:
#   Reduce memory load on the system
#   Increase physical memory or swap space
#   Check if swap backing store is full
#   Decrease Java heap size (-Xmx/-Xms)
#   Decrease number of Java threads
#   Decrease Java thread stack sizes (-Xss)
#   Set larger code cache with -XX:ReservedCodeCacheSize=
#   JVM is running with Unscaled Compressed Oops mode in which the Java heap is
#     placed in the first 4GB address space. The Java Heap base address is the
#     maximum limit for the native heap growth. Please use -XX:HeapBaseMinAddress
#     to set the Java Heap base and to place the Java Heap above 4GB virtual address.
# This output file may be truncated or incomplete.
#
#  Out of Memory Error (os_windows.cpp:3714), pid=33208, tid=33300
#
# JRE version: OpenJDK Runtime Environment Temurin-21.0.10+7 (21.0.10+7) (build 21.0.10+7-LTS)
# Java VM: OpenJDK 64-Bit Server VM Temurin-21.0.10+7 (21.0.10+7-LTS, mixed mode, sharing, tiered, compressed oops, compressed class ptrs, g1 gc, windows-amd64)
# No core dump will be written. Minidumps are not enabled by default on client versions of Windows
#

---------------  S U M M A R Y ------------

Command Line: --add-opens=java.base/java.lang=ALL-UNNAMED --add-opens=java.base/java.lang.invoke=ALL-UNNAMED --add-opens=java.base/java.util=ALL-UNNAMED --add-opens=java.prefs/java.util.prefs=ALL-UNNAMED --add-exports=jdk.compiler/com.sun.tools.javac.api=ALL-UNNAMED --add-exports=jdk.compiler/com.sun.tools.javac.util=ALL-UNNAMED --add-opens=java.base/java.util=ALL-UNNAMED --add-opens=java.prefs/java.util.prefs=ALL-UNNAMED --add-opens=java.base/java.nio.charset=ALL-UNNAMED --add-opens=java.base/java.net=ALL-UNNAMED --add-opens=java.base/java.util.concurrent=ALL-UNNAMED --add-opens=java.base/java.util.concurrent.atomic=ALL-UNNAMED --add-opens=java.xml/javax.xml.namespace=ALL-UNNAMED -XX:MaxMetaspaceSize=512m -Xmx2048m -Dfile.encoding=UTF-8 -Duser.country=PH -Duser.language=en -Duser.variant -javaagent:C:\Users\jibri\.gradle\wrapper\dists\gradle-9.0.0-bin\d6wjpkvcgsg3oed0qlfss3wgl\gradle-9.0.0\lib\agents\gradle-instrumentation-agent-9.0.0.jar org.gradle.launcher.daemon.bootstrap.GradleDaemon 9.0.0

Host: 13th Gen Intel(R) Core(TM) i5-13500HX, 20 cores, 7G,  Windows 11 , 64 bit Build 26100 (10.0.26100.7705)
Time: Tue Mar  3 12:34:46 2026 Malay Peninsula Standard Time elapsed time: 39.035515 seconds (0d 0h 0m 39s)

---------------  T H R E A D  ---------------

Current thread (0x000002482e505b80):  VMThread "VM Thread"          [id=33300, stack(0x0000005cc2600000,0x0000005cc2700000) (1024K)]

Stack: [0x0000005cc2600000,0x0000005cc2700000]
Native frames: (J=compiled Java code, j=interpreted, Vv=VM code, C=native code)
V  [jvm.dll+0x6d7a39]
V  [jvm.dll+0x8b4b26]
V  [jvm.dll+0x8b70de]
V  [jvm.dll+0x8b77c3]
V  [jvm.dll+0x284346]
V  [jvm.dll+0x6d4355]
V  [jvm.dll+0x6c808a]
V  [jvm.dll+0x35edb8]
V  [jvm.dll+0x3669f6]
V  [jvm.dll+0x3b7afe]
V  [jvm.dll+0x3b7da8]
V  [jvm.dll+0x332fbc]
V  [jvm.dll+0x3357d6]
V  [jvm.dll+0x33f7cd]
V  [jvm.dll+0x374e8f]
V  [jvm.dll+0x8bd4b0]
V  [jvm.dll+0x8be824]
V  [jvm.dll+0x8bed50]
V  [jvm.dll+0x8beff3]
V  [jvm.dll+0x85f59d]
V  [jvm.dll+0x6d626d]
C  [ucrtbase.dll+0x37b0]
C  [KERNEL32.DLL+0x2e8d7]
C  [ntdll.dll+0x8c40c]

VM_Operation (0x0000005cc21ff950): G1PauseRemark, mode: safepoint, requested by thread 0x0000024816ab49c0


---------------  P R O C E S S  ---------------

Threads class SMR info:
_java_thread_list=0x000002482f5a7910, length=284, elements={
0x0000024816a4b400, 0x000002482f2060a0, 0x000002482f206b00, 0x000002482f20be50,
0x000002482f20d3e0, 0x000002482f20ffc0, 0x000002482f20f0d0, 0x000002482f215980,
0x000002482f21a0c0, 0x000002482f522770, 0x000002482f4dad20, 0x00000248503dadc0,
0x0000024850315f20, 0x00000248504baa30, 0x00000248504a2ad0, 0x00000248504e8840,
0x00000248505352f0, 0x0000024850559f10, 0x0000024850559880, 0x000002485055a5a0,
0x000002485055ac30, 0x000002485055bfe0, 0x000002485055b2c0, 0x000002485055b950,
0x0000024852e40270, 0x0000024852e3f550, 0x0000024852e3e830, 0x0000024852e3fbe0,
0x0000024852e40f90, 0x0000024852e41620, 0x0000024852e3e1a0, 0x0000024852e436f0,
0x0000024852e44410, 0x0000024852e43d80, 0x0000024852e44aa0, 0x0000024852e457c0,
0x0000024852e42340, 0x0000024852e429d0, 0x0000024852d97590, 0x0000024852d96f00,
0x0000024852d98940, 0x0000024852d96870, 0x0000024852d97c20, 0x0000024852d982b0,
0x0000024850e3a3c0, 0x0000024850e38980, 0x0000024850e3aa50, 0x0000024850e3b0e0,
0x0000024850e3b770, 0x0000024850e396a0, 0x0000024850e39d30, 0x0000024850e382f0,
0x0000024850e3be00, 0x0000024850e3c490, 0x0000024850e39010, 0x0000024850e3d1b0,
0x0000024850e3d840, 0x0000024850e3e560, 0x0000024850e3ebf0, 0x0000024850e3ded0,
0x0000024850e3f280, 0x0000024850e3f910, 0x0000024850e3cb20, 0x00000248550f51c0,
0x00000248550f5ee0, 0x00000248550f5850, 0x00000248550f6c00, 0x00000248550f4b30,
0x00000248550f6570, 0x00000248550f3e10, 0x00000248550f3780, 0x00000248550f44a0,
0x0000024854c2eb30, 0x0000024854c2f1c0, 0x0000024854c30570, 0x0000024854c2de10,
0x0000024854c2e4a0, 0x0000024854c2f850, 0x0000024854c31290, 0x0000024854c33360,
0x0000024854c31920, 0x0000024854c32cd0, 0x0000024854c2fee0, 0x0000024854c339f0,
0x0000024854c31fb0, 0x0000024854c34080, 0x0000024854c30c00, 0x0000024854c34710,
0x0000024854c32640, 0x0000024854c34da0, 0x0000024854c35430, 0x000002485466c060,
0x000002485466d410, 0x000002485466daa0, 0x000002485466e130, 0x000002485466ee50,
0x000002485466e7c0, 0x000002485466f4e0, 0x00000248546722d0, 0x00000248546715b0,
0x0000024852966cc0, 0x0000024852969420, 0x0000024852969ab0, 0x0000024852966630,
0x000002485296a140, 0x000002485296a7d0, 0x0000024852967350, 0x000002485296ae60,
0x00000248529679e0, 0x000002485296b4f0, 0x0000024852968070, 0x000002485296d5c0,
0x000002485296dc50, 0x000002485296bb80, 0x000002485296c210, 0x000002485296c8a0,
0x000002482fa213b0, 0x000002482fa21a40, 0x000002482fa1ec50, 0x000002482fa1e5c0,
0x000002482fa1f2e0, 0x000002482fa20d20, 0x000002482fa20690, 0x000002482fa220d0,
0x000002482fa22df0, 0x000002482fa22760, 0x000002482fa1f970, 0x000002482fa23480,
0x000002482fa20000, 0x000002482fa24830, 0x000002482fa23b10, 0x000002482fa241a0,
0x000002482fa24ec0, 0x000002482fa25550, 0x000002482fa25be0, 0x000002484f39cd20,
0x000002484f39da40, 0x000002484f39c690, 0x000002484f39edf0, 0x000002484f39c000,
0x000002484f39fb10, 0x000002484f39d3b0, 0x000002484f3a01a0, 0x000002484f3a0830,
0x000002484f3a0ec0, 0x000002484f39f480, 0x000002484f39e760, 0x000002484f3a3620,
0x000002484f3a2270, 0x000002484f3a1be0, 0x000002484f3a2900, 0x000002484f3a1550,
0x000002484f3a2f90, 0x0000024852e5fbd0, 0x0000024852e60f80, 0x0000024852e61610,
0x0000024852e60260, 0x0000024852e5e190, 0x0000024852e61ca0, 0x0000024852e608f0,
0x0000024852e5f540, 0x0000024852e63050, 0x0000024852e66b60, 0x0000024852e65e40,
0x0000024852e657b0, 0x0000024852e664d0, 0x0000024852e636e0, 0x0000024852e671f0,
0x0000024852e63d70, 0x0000024852e6a670, 0x0000024852e692c0, 0x0000024852e68c30,
0x0000024852e69950, 0x0000024852e67880, 0x0000024852e67f10, 0x0000024852e6ba20,
0x0000024852e6ad00, 0x0000024852e685a0, 0x0000024852e69fe0, 0x0000024852e6d460,
0x0000024852e6b390, 0x0000024852e6cdd0, 0x0000024852e6c0b0, 0x0000024852e6c740,
0x0000024852263db0, 0x0000024852262a00, 0x0000024852263090, 0x0000024852263720,
0x0000024852264440, 0x0000024852261ce0, 0x0000024852264ad0, 0x0000024852265160,
0x0000024852262370, 0x00000248522685e0, 0x0000024852266510, 0x0000024852266ba0,
0x00000248522678c0, 0x0000024852267230, 0x0000024852267f50, 0x00000248522657f0,
0x0000024852268c70, 0x000002485226a6b0, 0x0000024852269300, 0x000002485226c780,
0x0000024852265e80, 0x000002485226a020, 0x0000024852269990, 0x000002485226ce10,
0x000002485226db30, 0x000002485226e1c0, 0x000002485226d4a0, 0x000002485226ad40,
0x000002485226b3d0, 0x000002485226eee0, 0x000002485226f570, 0x0000024852270fb0,
0x0000024852270290, 0x000002485226fc00, 0x0000024852270920, 0x0000024852e5e820,
0x0000024852e5eeb0, 0x0000024852e629c0, 0x0000024852e64a90, 0x0000024852e65120,
0x0000024852e62330, 0x00000248541813e0, 0x000002485417f9a0, 0x0000024854181a70,
0x00000248541806c0, 0x000002485417f310, 0x0000024854182100, 0x0000024854182790,
0x0000024854182e20, 0x00000248541834b0, 0x0000024854183b40, 0x00000248541841d0,
0x0000024854180d50, 0x0000024854184860, 0x0000024854187ce0, 0x0000024854185c10,
0x0000024854186930, 0x0000024854186fc0, 0x0000024854188370, 0x0000024854184ef0,
0x000002485418aad0, 0x000002485418d230, 0x0000024854189db0, 0x000002485418d8c0,
0x000002485418a440, 0x000002485418df50, 0x000002485418e5e0, 0x0000024854d8bbd0,
0x0000024854d8c8f0, 0x0000024854d8d610, 0x0000024854d8dca0, 0x0000024854d8c260,
0x0000024854d8e330, 0x0000024854d8aeb0, 0x0000024854d8e9c0, 0x0000024854d8b540,
0x0000024854d90400, 0x0000024854d8cf80, 0x0000024854d91120, 0x0000024854d91e40,
0x0000024854d917b0, 0x0000024854d90a90, 0x0000024854d924d0, 0x0000024854d8f050,
0x0000024854d92b60, 0x0000024854d8f6e0, 0x0000024854d931f0, 0x0000024854d8fd70,
0x0000024854d945a0, 0x0000024854d93880, 0x0000024854d94c30, 0x0000024854d97390,
0x00000248541862a0, 0x0000024854d98740, 0x0000024852a75150, 0x000002485160b460,
0x000002485418b7f0, 0x000002485160bb30, 0x00000248516084b0, 0x000002485160d670
}

Java Threads: ( => current thread )
  0x0000024816a4b400 JavaThread "main"                              [_thread_blocked, id=33272, stack(0x0000005cc1f00000,0x0000005cc2000000) (1024K)]
  0x000002482f2060a0 JavaThread "Reference Handler"          daemon [_thread_blocked, id=33304, stack(0x0000005cc2700000,0x0000005cc2800000) (1024K)]
  0x000002482f206b00 JavaThread "Finalizer"                  daemon [_thread_blocked, id=33308, stack(0x0000005cc2800000,0x0000005cc2900000) (1024K)]
  0x000002482f20be50 JavaThread "Signal Dispatcher"          daemon [_thread_blocked, id=33312, stack(0x0000005cc2900000,0x0000005cc2a00000) (1024K)]
  0x000002482f20d3e0 JavaThread "Attach Listener"            daemon [_thread_blocked, id=33316, stack(0x0000005cc2a00000,0x0000005cc2b00000) (1024K)]
  0x000002482f20ffc0 JavaThread "Service Thread"             daemon [_thread_blocked, id=33320, stack(0x0000005cc2b00000,0x0000005cc2c00000) (1024K)]
  0x000002482f20f0d0 JavaThread "Monitor Deflation Thread"   daemon [_thread_blocked, id=33324, stack(0x0000005cc2c00000,0x0000005cc2d00000) (1024K)]
  0x000002482f215980 JavaThread "C2 CompilerThread0"         daemon [_thread_blocked, id=33328, stack(0x0000005cc2d00000,0x0000005cc2e00000) (1024K)]
  0x000002482f21a0c0 JavaThread "C1 CompilerThread0"         daemon [_thread_blocked, id=33332, stack(0x0000005cc2e00000,0x0000005cc2f00000) (1024K)]
  0x000002482f522770 JavaThread "Common-Cleaner"             daemon [_thread_blocked, id=33356, stack(0x0000005cc3100000,0x0000005cc3200000) (1024K)]
  0x000002482f4dad20 JavaThread "Notification Thread"        daemon [_thread_blocked, id=33360, stack(0x0000005cc3200000,0x0000005cc3300000) (1024K)]
  0x00000248503dadc0 JavaThread "Daemon health stats"               [_thread_blocked, id=33516, stack(0x0000005cc3a00000,0x0000005cc3b00000) (1024K)]
  0x0000024850315f20 JavaThread "Incoming local TCP Connector on port 52012"        [_thread_in_native, id=33528, stack(0x0000005cc3b00000,0x0000005cc3c00000) (1024K)]
  0x00000248504baa30 JavaThread "Daemon periodic checks"            [_thread_blocked, id=33532, stack(0x0000005cc3c00000,0x0000005cc3d00000) (1024K)]
  0x00000248504a2ad0 JavaThread "Daemon"                            [_thread_blocked, id=33568, stack(0x0000005cc4500000,0x0000005cc4600000) (1024K)]
  0x00000248504e8840 JavaThread "Handler for socket connection from /127.0.0.1:52012 to /127.0.0.1:52013"        [_thread_in_native, id=33572, stack(0x0000005cc4600000,0x0000005cc4700000) (1024K)]
  0x00000248505352f0 JavaThread "Cancel handler"                    [_thread_blocked, id=33576, stack(0x0000005cc4700000,0x0000005cc4800000) (1024K)]
  0x0000024850559f10 JavaThread "Daemon worker"                     [_thread_blocked, id=33580, stack(0x0000005cc4800000,0x0000005cc4900000) (1024K)]
  0x0000024850559880 JavaThread "Asynchronous log dispatcher for DefaultDaemonConnection: socket connection from /127.0.0.1:52012 to /127.0.0.1:52013"        [_thread_blocked, id=33584, stack(0x0000005cc4900000,0x0000005cc4a00000) (1024K)]
  0x000002485055a5a0 JavaThread "Stdin handler"                     [_thread_blocked, id=33588, stack(0x0000005cc4a00000,0x0000005cc4b00000) (1024K)]
  0x000002485055ac30 JavaThread "Daemon client event forwarder"        [_thread_blocked, id=33592, stack(0x0000005cc4b00000,0x0000005cc4c00000) (1024K)]
  0x000002485055bfe0 JavaThread "Cache worker for journal cache (C:\Users\jibri\.gradle\caches\journal-1)"        [_thread_blocked, id=33676, stack(0x0000005cc4c00000,0x0000005cc4d00000) (1024K)]
  0x000002485055b2c0 JavaThread "File lock request listener"        [_thread_in_native, id=33680, stack(0x0000005cc4d00000,0x0000005cc4e00000) (1024K)]
  0x000002485055b950 JavaThread "Cache worker for file hash cache (C:\Users\jibri\.gradle\caches\9.0.0\fileHashes)"        [_thread_blocked, id=33688, stack(0x0000005cc4e00000,0x0000005cc4f00000) (1024K)]
  0x0000024852e40270 JavaThread "Cache worker for file hash cache (C:\rubi_web\CISC_Capstone\MiscueReading\android\.gradle\9.0.0\fileHashes)"        [_thread_blocked, id=25468, stack(0x0000005cc5400000,0x0000005cc5500000) (1024K)]
  0x0000024852e3f550 JavaThread "Cache worker for Build Output Cleanup Cache (C:\rubi_web\CISC_Capstone\MiscueReading\android\.gradle\buildOutputCleanup)"        [_thread_blocked, id=32860, stack(0x0000005cc5500000,0x0000005cc5600000) (1024K)]
  0x0000024852e3e830 JavaThread "File watcher server"        daemon [_thread_in_native, id=33024, stack(0x0000005cc5600000,0x0000005cc5700000) (1024K)]
  0x0000024852e3fbe0 JavaThread "File watcher consumer"      daemon [_thread_blocked, id=32844, stack(0x0000005cc5700000,0x0000005cc5800000) (1024K)]
  0x0000024852e40f90 JavaThread "Cache worker for checksums cache (C:\rubi_web\CISC_Capstone\MiscueReading\android\.gradle\9.0.0\checksums)"        [_thread_blocked, id=33096, stack(0x0000005cc5800000,0x0000005cc5900000) (1024K)]
  0x0000024852e41620 JavaThread "File lock release action executor"        [_thread_blocked, id=33100, stack(0x0000005cc5900000,0x0000005cc5a00000) (1024K)]
  0x0000024852e3e1a0 JavaThread "Cache worker for file content cache (C:\Users\jibri\.gradle\caches\9.0.0\fileContent)"        [_thread_blocked, id=33108, stack(0x0000005cc5a00000,0x0000005cc5b00000) (1024K)]
  0x0000024852e436f0 JavaThread "Cache worker for cache directory md-supplier (C:\Users\jibri\.gradle\caches\9.0.0\md-supplier)"        [_thread_blocked, id=33112, stack(0x0000005cc3400000,0x0000005cc3500000) (1024K)]
  0x0000024852e44410 JavaThread "Cache worker for cache directory md-rule (C:\Users\jibri\.gradle\caches\9.0.0\md-rule)"        [_thread_blocked, id=33120, stack(0x0000005cc5b00000,0x0000005cc5c00000) (1024K)]
  0x0000024852e43d80 JavaThread "jar transforms"                    [_thread_blocked, id=33240, stack(0x0000005cc3300000,0x0000005cc3400000) (1024K)]
  0x0000024852e44aa0 JavaThread "Cache worker for Build Output Cleanup Cache (C:\rubi_web\CISC_Capstone\MiscueReading\node_modules\@react-native\gradle-plugin\.gradle\buildOutputCleanup)"        [_thread_blocked, id=33664, stack(0x0000005cc5d00000,0x0000005cc5e00000) (1024K)]
  0x0000024852e457c0 JavaThread "Unconstrained build operations"        [_thread_blocked, id=4012, stack(0x0000005cc5c00000,0x0000005cc5d00000) (1024K)]
  0x0000024852e42340 JavaThread "Unconstrained build operations Thread 2"        [_thread_blocked, id=32980, stack(0x0000005cc5e00000,0x0000005cc5f00000) (1024K)]
  0x0000024852e429d0 JavaThread "Unconstrained build operations Thread 3"        [_thread_blocked, id=32984, stack(0x0000005cc5f00000,0x0000005cc6000000) (1024K)]
  0x0000024852d97590 JavaThread "Unconstrained build operations Thread 4"        [_thread_blocked, id=32992, stack(0x0000005cc6000000,0x0000005cc6100000) (1024K)]
  0x0000024852d96f00 JavaThread "Unconstrained build operations Thread 5"        [_thread_blocked, id=32996, stack(0x0000005cc6200000,0x0000005cc6300000) (1024K)]
  0x0000024852d98940 JavaThread "Unconstrained build operations Thread 6"        [_thread_blocked, id=33000, stack(0x0000005cc6300000,0x0000005cc6400000) (1024K)]
  0x0000024852d96870 JavaThread "Unconstrained build operations Thread 7"        [_thread_blocked, id=33060, stack(0x0000005cc6400000,0x0000005cc6500000) (1024K)]
  0x0000024852d97c20 JavaThread "Unconstrained build operations Thread 8"        [_thread_blocked, id=30596, stack(0x0000005cc6500000,0x0000005cc6600000) (1024K)]
  0x0000024852d982b0 JavaThread "Unconstrained build operations Thread 9"        [_thread_blocked, id=33364, stack(0x0000005cc6600000,0x0000005cc6700000) (1024K)]
  0x0000024850e3a3c0 JavaThread "Unconstrained build operations Thread 10"        [_thread_blocked, id=33376, stack(0x0000005cc6700000,0x0000005cc6800000) (1024K)]
  0x0000024850e38980 JavaThread "Unconstrained build operations Thread 11"        [_thread_blocked, id=33500, stack(0x0000005cc6800000,0x0000005cc6900000) (1024K)]
  0x0000024850e3aa50 JavaThread "Unconstrained build operations Thread 12"        [_thread_blocked, id=29124, stack(0x0000005cc6900000,0x0000005cc6a00000) (1024K)]
  0x0000024850e3b0e0 JavaThread "Unconstrained build operations Thread 13"        [_thread_blocked, id=31476, stack(0x0000005cc6a00000,0x0000005cc6b00000) (1024K)]
  0x0000024850e3b770 JavaThread "Unconstrained build operations Thread 14"        [_thread_blocked, id=21712, stack(0x0000005cc6b00000,0x0000005cc6c00000) (1024K)]
  0x0000024850e396a0 JavaThread "Unconstrained build operations Thread 15"        [_thread_blocked, id=31636, stack(0x0000005cc6c00000,0x0000005cc6d00000) (1024K)]
  0x0000024850e39d30 JavaThread "Unconstrained build operations Thread 16"        [_thread_blocked, id=31724, stack(0x0000005cc6d00000,0x0000005cc6e00000) (1024K)]
  0x0000024850e382f0 JavaThread "Unconstrained build operations Thread 17"        [_thread_blocked, id=31460, stack(0x0000005cc6e00000,0x0000005cc6f00000) (1024K)]
  0x0000024850e3be00 JavaThread "Unconstrained build operations Thread 18"        [_thread_blocked, id=20424, stack(0x0000005cc6f00000,0x0000005cc7000000) (1024K)]
  0x0000024850e3c490 JavaThread "Unconstrained build operations Thread 19"        [_thread_blocked, id=33336, stack(0x0000005cc6100000,0x0000005cc6200000) (1024K)]
  0x0000024850e39010 JavaThread "Unconstrained build operations Thread 20"        [_thread_blocked, id=9076, stack(0x0000005cc7000000,0x0000005cc7100000) (1024K)]
  0x0000024850e3d1b0 JavaThread "Unconstrained build operations Thread 21"        [_thread_blocked, id=33220, stack(0x0000005cc7100000,0x0000005cc7200000) (1024K)]
  0x0000024850e3d840 JavaThread "Unconstrained build operations Thread 22"        [_thread_blocked, id=33616, stack(0x0000005cc7200000,0x0000005cc7300000) (1024K)]
  0x0000024850e3e560 JavaThread "Unconstrained build operations Thread 23"        [_thread_blocked, id=33636, stack(0x0000005cc7300000,0x0000005cc7400000) (1024K)]
  0x0000024850e3ebf0 JavaThread "Unconstrained build operations Thread 24"        [_thread_blocked, id=33612, stack(0x0000005cc7400000,0x0000005cc7500000) (1024K)]
  0x0000024850e3ded0 JavaThread "Unconstrained build operations Thread 25"        [_thread_blocked, id=33620, stack(0x0000005cc7500000,0x0000005cc7600000) (1024K)]
  0x0000024850e3f280 JavaThread "Unconstrained build operations Thread 26"        [_thread_blocked, id=32872, stack(0x0000005cc7600000,0x0000005cc7700000) (1024K)]
  0x0000024850e3f910 JavaThread "Unconstrained build operations Thread 27"        [_thread_blocked, id=32852, stack(0x0000005cc7700000,0x0000005cc7800000) (1024K)]
  0x0000024850e3cb20 JavaThread "Unconstrained build operations Thread 28"        [_thread_blocked, id=30444, stack(0x0000005cc7800000,0x0000005cc7900000) (1024K)]
  0x00000248550f51c0 JavaThread "Unconstrained build operations Thread 29"        [_thread_blocked, id=33768, stack(0x0000005cc7900000,0x0000005cc7a00000) (1024K)]
  0x00000248550f5ee0 JavaThread "Unconstrained build operations Thread 30"        [_thread_blocked, id=32916, stack(0x0000005cc7a00000,0x0000005cc7b00000) (1024K)]
  0x00000248550f5850 JavaThread "Unconstrained build operations Thread 31"        [_thread_blocked, id=33780, stack(0x0000005cc7b00000,0x0000005cc7c00000) (1024K)]
  0x00000248550f6c00 JavaThread "Unconstrained build operations Thread 32"        [_thread_blocked, id=33004, stack(0x0000005cc7c00000,0x0000005cc7d00000) (1024K)]
  0x00000248550f4b30 JavaThread "Unconstrained build operations Thread 33"        [_thread_blocked, id=33784, stack(0x0000005cc7d00000,0x0000005cc7e00000) (1024K)]
  0x00000248550f6570 JavaThread "Unconstrained build operations Thread 34"        [_thread_blocked, id=33008, stack(0x0000005cc7e00000,0x0000005cc7f00000) (1024K)]
  0x00000248550f3e10 JavaThread "Unconstrained build operations Thread 35"        [_thread_blocked, id=33016, stack(0x0000005cc7f00000,0x0000005cc8000000) (1024K)]
  0x00000248550f3780 JavaThread "Unconstrained build operations Thread 36"        [_thread_blocked, id=24608, stack(0x0000005cc8100000,0x0000005cc8200000) (1024K)]
  0x00000248550f44a0 JavaThread "Unconstrained build operations Thread 37"        [_thread_blocked, id=32828, stack(0x0000005cc8200000,0x0000005cc8300000) (1024K)]
  0x0000024854c2eb30 JavaThread "Unconstrained build operations Thread 38"        [_thread_blocked, id=29720, stack(0x0000005cc8300000,0x0000005cc8400000) (1024K)]
  0x0000024854c2f1c0 JavaThread "Unconstrained build operations Thread 39"        [_thread_blocked, id=31120, stack(0x0000005cc8400000,0x0000005cc8500000) (1024K)]
  0x0000024854c30570 JavaThread "Unconstrained build operations Thread 40"        [_thread_blocked, id=31100, stack(0x0000005cc8500000,0x0000005cc8600000) (1024K)]
  0x0000024854c2de10 JavaThread "Unconstrained build operations Thread 41"        [_thread_blocked, id=32840, stack(0x0000005cc8600000,0x0000005cc8700000) (1024K)]
  0x0000024854c2e4a0 JavaThread "Unconstrained build operations Thread 42"        [_thread_blocked, id=32660, stack(0x0000005cc8700000,0x0000005cc8800000) (1024K)]
  0x0000024854c2f850 JavaThread "Unconstrained build operations Thread 43"        [_thread_blocked, id=16992, stack(0x0000005cc8800000,0x0000005cc8900000) (1024K)]
  0x0000024854c31290 JavaThread "Unconstrained build operations Thread 44"        [_thread_blocked, id=33064, stack(0x0000005cc8900000,0x0000005cc8a00000) (1024K)]
  0x0000024854c33360 JavaThread "Unconstrained build operations Thread 45"        [_thread_blocked, id=33068, stack(0x0000005cc8a00000,0x0000005cc8b00000) (1024K)]
  0x0000024854c31920 JavaThread "Unconstrained build operations Thread 46"        [_thread_blocked, id=33072, stack(0x0000005cc8b00000,0x0000005cc8c00000) (1024K)]
  0x0000024854c32cd0 JavaThread "Unconstrained build operations Thread 47"        [_thread_blocked, id=13092, stack(0x0000005cc8c00000,0x0000005cc8d00000) (1024K)]
  0x0000024854c2fee0 JavaThread "Unconstrained build operations Thread 48"        [_thread_blocked, id=27324, stack(0x0000005cc8d00000,0x0000005cc8e00000) (1024K)]
  0x0000024854c339f0 JavaThread "Unconstrained build operations Thread 49"        [_thread_blocked, id=33788, stack(0x0000005cc8e00000,0x0000005cc8f00000) (1024K)]
  0x0000024854c31fb0 JavaThread "Unconstrained build operations Thread 50"        [_thread_blocked, id=30604, stack(0x0000005cc8f00000,0x0000005cc9000000) (1024K)]
  0x0000024854c34080 JavaThread "Unconstrained build operations Thread 51"        [_thread_blocked, id=6360, stack(0x0000005cc9000000,0x0000005cc9100000) (1024K)]
  0x0000024854c30c00 JavaThread "Unconstrained build operations Thread 52"        [_thread_blocked, id=25772, stack(0x0000005cc9100000,0x0000005cc9200000) (1024K)]
  0x0000024854c34710 JavaThread "Unconstrained build operations Thread 53"        [_thread_blocked, id=32412, stack(0x0000005cc9200000,0x0000005cc9300000) (1024K)]
  0x0000024854c32640 JavaThread "Unconstrained build operations Thread 54"        [_thread_blocked, id=29324, stack(0x0000005cc9300000,0x0000005cc9400000) (1024K)]
  0x0000024854c34da0 JavaThread "Unconstrained build operations Thread 55"        [_thread_blocked, id=22584, stack(0x0000005cc9400000,0x0000005cc9500000) (1024K)]
  0x0000024854c35430 JavaThread "Unconstrained build operations Thread 56"        [_thread_blocked, id=31352, stack(0x0000005cc9500000,0x0000005cc9600000) (1024K)]
  0x000002485466c060 JavaThread "Unconstrained build operations Thread 57"        [_thread_blocked, id=10100, stack(0x0000005cc9600000,0x0000005cc9700000) (1024K)]
  0x000002485466d410 JavaThread "Unconstrained build operations Thread 58"        [_thread_blocked, id=33596, stack(0x0000005cc9700000,0x0000005cc9800000) (1024K)]
  0x000002485466daa0 JavaThread "Unconstrained build operations Thread 59"        [_thread_blocked, id=25976, stack(0x0000005cc9800000,0x0000005cc9900000) (1024K)]
  0x000002485466e130 JavaThread "Unconstrained build operations Thread 60"        [_thread_blocked, id=32120, stack(0x0000005cc9900000,0x0000005cc9a00000) (1024K)]
  0x000002485466ee50 JavaThread "Unconstrained build operations Thread 61"        [_thread_blocked, id=32988, stack(0x0000005cc9a00000,0x0000005cc9b00000) (1024K)]
  0x000002485466e7c0 JavaThread "Unconstrained build operations Thread 62"        [_thread_blocked, id=31968, stack(0x0000005cc9b00000,0x0000005cc9c00000) (1024K)]
  0x000002485466f4e0 JavaThread "Unconstrained build operations Thread 63"        [_thread_blocked, id=32008, stack(0x0000005cc9c00000,0x0000005cc9d00000) (1024K)]
  0x00000248546722d0 JavaThread "build event listener"              [_thread_blocked, id=32876, stack(0x0000005cc9d00000,0x0000005cc9e00000) (1024K)]
  0x00000248546715b0 JavaThread "Memory manager"                    [_thread_blocked, id=32016, stack(0x0000005cc8000000,0x0000005cc8100000) (1024K)]
  0x0000024852966cc0 JavaThread "ForkJoinPool.commonPool-worker-1" daemon [_thread_blocked, id=33968, stack(0x0000005cc3000000,0x0000005cc3100000) (1024K)]
  0x0000024852969420 JavaThread "ForkJoinPool.commonPool-worker-2" daemon [_thread_blocked, id=33904, stack(0x0000005cc3700000,0x0000005cc3800000) (1024K)]
  0x0000024852969ab0 JavaThread "ForkJoinPool.commonPool-worker-3" daemon [_thread_blocked, id=33896, stack(0x0000005cc9e00000,0x0000005cc9f00000) (1024K)]
  0x0000024852966630 JavaThread "ForkJoinPool.commonPool-worker-4" daemon [_thread_blocked, id=33892, stack(0x0000005cc9f00000,0x0000005cca000000) (1024K)]
  0x000002485296a140 JavaThread "ForkJoinPool.commonPool-worker-5" daemon [_thread_blocked, id=33888, stack(0x0000005cca000000,0x0000005cca100000) (1024K)]
  0x000002485296a7d0 JavaThread "ForkJoinPool.commonPool-worker-6" daemon [_thread_blocked, id=33908, stack(0x0000005cca100000,0x0000005cca200000) (1024K)]
  0x0000024852967350 JavaThread "ForkJoinPool.commonPool-worker-7" daemon [_thread_blocked, id=33912, stack(0x0000005cca200000,0x0000005cca300000) (1024K)]
  0x000002485296ae60 JavaThread "ForkJoinPool.commonPool-worker-8" daemon [_thread_blocked, id=33916, stack(0x0000005cca300000,0x0000005cca400000) (1024K)]
  0x00000248529679e0 JavaThread "ForkJoinPool.commonPool-worker-9" daemon [_thread_blocked, id=33920, stack(0x0000005cca400000,0x0000005cca500000) (1024K)]
  0x000002485296b4f0 JavaThread "ForkJoinPool.commonPool-worker-10" daemon [_thread_blocked, id=33924, stack(0x0000005cca500000,0x0000005cca600000) (1024K)]
  0x0000024852968070 JavaThread "Exec process"               daemon [_thread_blocked, id=33928, stack(0x0000005cca600000,0x0000005cca700000) (1024K)]
  0x000002485296d5c0 JavaThread "Exec process Thread 2"      daemon [_thread_blocked, id=33940, stack(0x0000005cca700000,0x0000005cca800000) (1024K)]
  0x000002485296dc50 JavaThread "Exec process Thread 3"      daemon [_thread_blocked, id=33944, stack(0x0000005cca800000,0x0000005cca900000) (1024K)]
  0x000002485296bb80 JavaThread "included builds"                   [_thread_blocked, id=34524, stack(0x0000005ccaa00000,0x0000005ccab00000) (1024K)]
  0x000002485296c210 JavaThread "Execution worker"                  [_thread_blocked, id=34400, stack(0x0000005ccab00000,0x0000005ccac00000) (1024K)]
  0x000002485296c8a0 JavaThread "Execution worker Thread 2"         [_thread_blocked, id=34000, stack(0x0000005ccac00000,0x0000005ccad00000) (1024K)]
  0x000002482fa213b0 JavaThread "Execution worker Thread 3"         [_thread_blocked, id=33344, stack(0x0000005ccad00000,0x0000005ccae00000) (1024K)]
  0x000002482fa21a40 JavaThread "Execution worker Thread 4"         [_thread_blocked, id=33472, stack(0x0000005ccae00000,0x0000005ccaf00000) (1024K)]
  0x000002482fa1ec50 JavaThread "Execution worker Thread 5"         [_thread_blocked, id=34488, stack(0x0000005ccaf00000,0x0000005ccb000000) (1024K)]
  0x000002482fa1e5c0 JavaThread "Execution worker Thread 6"         [_thread_blocked, id=34508, stack(0x0000005ccb000000,0x0000005ccb100000) (1024K)]
  0x000002482fa1f2e0 JavaThread "Execution worker Thread 7"         [_thread_blocked, id=4904, stack(0x0000005ccb100000,0x0000005ccb200000) (1024K)]
  0x000002482fa20d20 JavaThread "Execution worker Thread 8"         [_thread_blocked, id=34240, stack(0x0000005ccb200000,0x0000005ccb300000) (1024K)]
  0x000002482fa20690 JavaThread "Execution worker Thread 9"         [_thread_blocked, id=34044, stack(0x0000005ccb300000,0x0000005ccb400000) (1024K)]
  0x000002482fa220d0 JavaThread "Execution worker Thread 10"        [_thread_blocked, id=33848, stack(0x0000005ccb400000,0x0000005ccb500000) (1024K)]
  0x000002482fa22df0 JavaThread "Execution worker Thread 11"        [_thread_blocked, id=33012, stack(0x0000005ccb500000,0x0000005ccb600000) (1024K)]
  0x000002482fa22760 JavaThread "Execution worker Thread 12"        [_thread_blocked, id=20012, stack(0x0000005ccb600000,0x0000005ccb700000) (1024K)]
  0x000002482fa1f970 JavaThread "Execution worker Thread 13"        [_thread_blocked, id=33960, stack(0x0000005ccb700000,0x0000005ccb800000) (1024K)]
  0x000002482fa23480 JavaThread "Execution worker Thread 14"        [_thread_blocked, id=33956, stack(0x0000005ccb800000,0x0000005ccb900000) (1024K)]
  0x000002482fa20000 JavaThread "Execution worker Thread 15"        [_thread_blocked, id=33952, stack(0x0000005ccb900000,0x0000005ccba00000) (1024K)]
  0x000002482fa24830 JavaThread "Execution worker Thread 16"        [_thread_blocked, id=33996, stack(0x0000005ccba00000,0x0000005ccbb00000) (1024K)]
  0x000002482fa23b10 JavaThread "Execution worker Thread 17"        [_thread_blocked, id=33992, stack(0x0000005ccbb00000,0x0000005ccbc00000) (1024K)]
  0x000002482fa241a0 JavaThread "Execution worker Thread 18"        [_thread_blocked, id=34004, stack(0x0000005ccbc00000,0x0000005ccbd00000) (1024K)]
  0x000002482fa24ec0 JavaThread "Execution worker Thread 19"        [_thread_blocked, id=34008, stack(0x0000005ccbd00000,0x0000005ccbe00000) (1024K)]
  0x000002482fa25550 JavaThread "Cache worker for execution history cache (C:\rubi_web\CISC_Capstone\MiscueReading\node_modules\@react-native\gradle-plugin\.gradle\9.0.0\executionHistory)"        [_thread_blocked, id=34156, stack(0x0000005ccbe00000,0x0000005ccbf00000) (1024K)]
  0x000002482fa25be0 JavaThread "Unconstrained build operations Thread 64"        [_thread_blocked, id=34224, stack(0x0000005ccbf00000,0x0000005ccc000000) (1024K)]
  0x000002484f39cd20 JavaThread "Unconstrained build operations Thread 65"        [_thread_blocked, id=34228, stack(0x0000005ccc000000,0x0000005ccc100000) (1024K)]
  0x000002484f39da40 JavaThread "Unconstrained build operations Thread 66"        [_thread_blocked, id=34048, stack(0x0000005ccc100000,0x0000005ccc200000) (1024K)]
  0x000002484f39c690 JavaThread "Unconstrained build operations Thread 67"        [_thread_blocked, id=34076, stack(0x0000005ccc200000,0x0000005ccc300000) (1024K)]
  0x000002484f39edf0 JavaThread "Unconstrained build operations Thread 68"        [_thread_blocked, id=34072, stack(0x0000005ccc300000,0x0000005ccc400000) (1024K)]
  0x000002484f39c000 JavaThread "Unconstrained build operations Thread 69"        [_thread_blocked, id=34068, stack(0x0000005ccc400000,0x0000005ccc500000) (1024K)]
  0x000002484f39fb10 JavaThread "Unconstrained build operations Thread 70"        [_thread_blocked, id=34052, stack(0x0000005ccc500000,0x0000005ccc600000) (1024K)]
  0x000002484f39d3b0 JavaThread "Unconstrained build operations Thread 71"        [_thread_blocked, id=34260, stack(0x0000005ccc600000,0x0000005ccc700000) (1024K)]
  0x000002484f3a01a0 JavaThread "Unconstrained build operations Thread 72"        [_thread_blocked, id=34264, stack(0x0000005ccc700000,0x0000005ccc800000) (1024K)]
  0x000002484f3a0830 JavaThread "Unconstrained build operations Thread 73"        [_thread_blocked, id=34256, stack(0x0000005ccc800000,0x0000005ccc900000) (1024K)]
  0x000002484f3a0ec0 JavaThread "Unconstrained build operations Thread 74"        [_thread_blocked, id=34292, stack(0x0000005ccc900000,0x0000005ccca00000) (1024K)]
  0x000002484f39f480 JavaThread "Unconstrained build operations Thread 75"        [_thread_blocked, id=34300, stack(0x0000005ccca00000,0x0000005cccb00000) (1024K)]
  0x000002484f39e760 JavaThread "Unconstrained build operations Thread 76"        [_thread_blocked, id=34296, stack(0x0000005cccb00000,0x0000005cccc00000) (1024K)]
  0x000002484f3a3620 JavaThread "Unconstrained build operations Thread 77"        [_thread_blocked, id=34304, stack(0x0000005cccc00000,0x0000005cccd00000) (1024K)]
  0x000002484f3a2270 JavaThread "Unconstrained build operations Thread 78"        [_thread_blocked, id=34316, stack(0x0000005cccd00000,0x0000005ccce00000) (1024K)]
  0x000002484f3a1be0 JavaThread "Unconstrained build operations Thread 79"        [_thread_blocked, id=34116, stack(0x0000005ccce00000,0x0000005cccf00000) (1024K)]
  0x000002484f3a2900 JavaThread "Unconstrained build operations Thread 80"        [_thread_blocked, id=34112, stack(0x0000005cccf00000,0x0000005ccd000000) (1024K)]
  0x000002484f3a1550 JavaThread "Unconstrained build operations Thread 81"        [_thread_blocked, id=34084, stack(0x0000005ccd000000,0x0000005ccd100000) (1024K)]
  0x000002484f3a2f90 JavaThread "Unconstrained build operations Thread 82"        [_thread_blocked, id=15488, stack(0x0000005ccd100000,0x0000005ccd200000) (1024K)]
  0x0000024852e5fbd0 JavaThread "Unconstrained build operations Thread 83"        [_thread_blocked, id=34284, stack(0x0000005ccd200000,0x0000005ccd300000) (1024K)]
  0x0000024852e60f80 JavaThread "Unconstrained build operations Thread 84"        [_thread_blocked, id=34280, stack(0x0000005ccd300000,0x0000005ccd400000) (1024K)]
  0x0000024852e61610 JavaThread "Unconstrained build operations Thread 85"        [_thread_blocked, id=34492, stack(0x0000005ccd400000,0x0000005ccd500000) (1024K)]
  0x0000024852e60260 JavaThread "Unconstrained build operations Thread 86"        [_thread_blocked, id=34448, stack(0x0000005ccd500000,0x0000005ccd600000) (1024K)]
  0x0000024852e5e190 JavaThread "Unconstrained build operations Thread 87"        [_thread_blocked, id=34372, stack(0x0000005ccd600000,0x0000005ccd700000) (1024K)]
  0x0000024852e61ca0 JavaThread "Unconstrained build operations Thread 88"        [_thread_blocked, id=34356, stack(0x0000005ccd700000,0x0000005ccd800000) (1024K)]
  0x0000024852e608f0 JavaThread "Unconstrained build operations Thread 89"        [_thread_blocked, id=34352, stack(0x0000005ccd800000,0x0000005ccd900000) (1024K)]
  0x0000024852e5f540 JavaThread "Unconstrained build operations Thread 90"        [_thread_blocked, id=34348, stack(0x0000005ccd900000,0x0000005ccda00000) (1024K)]
  0x0000024852e63050 JavaThread "Unconstrained build operations Thread 91"        [_thread_blocked, id=34396, stack(0x0000005ccda00000,0x0000005ccdb00000) (1024K)]
  0x0000024852e66b60 JavaThread "Unconstrained build operations Thread 92"        [_thread_blocked, id=34408, stack(0x0000005ccdb00000,0x0000005ccdc00000) (1024K)]
  0x0000024852e65e40 JavaThread "Unconstrained build operations Thread 93"        [_thread_blocked, id=34388, stack(0x0000005ccdc00000,0x0000005ccdd00000) (1024K)]
  0x0000024852e657b0 JavaThread "Unconstrained build operations Thread 94"        [_thread_blocked, id=34444, stack(0x0000005ccdd00000,0x0000005ccde00000) (1024K)]
  0x0000024852e664d0 JavaThread "Unconstrained build operations Thread 95"        [_thread_blocked, id=34456, stack(0x0000005ccde00000,0x0000005ccdf00000) (1024K)]
  0x0000024852e636e0 JavaThread "Unconstrained build operations Thread 96"        [_thread_blocked, id=34452, stack(0x0000005ccdf00000,0x0000005cce000000) (1024K)]
  0x0000024852e671f0 JavaThread "Unconstrained build operations Thread 97"        [_thread_blocked, id=34460, stack(0x0000005cce000000,0x0000005cce100000) (1024K)]
  0x0000024852e63d70 JavaThread "Unconstrained build operations Thread 98"        [_thread_blocked, id=34184, stack(0x0000005cce100000,0x0000005cce200000) (1024K)]
  0x0000024852e6a670 JavaThread "Unconstrained build operations Thread 99"        [_thread_blocked, id=34180, stack(0x0000005cce200000,0x0000005cce300000) (1024K)]
  0x0000024852e692c0 JavaThread "Unconstrained build operations Thread 100"        [_thread_blocked, id=34176, stack(0x0000005cce300000,0x0000005cce400000) (1024K)]
  0x0000024852e68c30 JavaThread "Unconstrained build operations Thread 101"        [_thread_blocked, id=34128, stack(0x0000005cce400000,0x0000005cce500000) (1024K)]
  0x0000024852e69950 JavaThread "Unconstrained build operations Thread 102"        [_thread_blocked, id=34464, stack(0x0000005cce500000,0x0000005cce600000) (1024K)]
  0x0000024852e67880 JavaThread "Unconstrained build operations Thread 103"        [_thread_blocked, id=34472, stack(0x0000005cce600000,0x0000005cce700000) (1024K)]
  0x0000024852e67f10 JavaThread "Unconstrained build operations Thread 104"        [_thread_blocked, id=34476, stack(0x0000005cce700000,0x0000005cce800000) (1024K)]
  0x0000024852e6ba20 JavaThread "Unconstrained build operations Thread 105"        [_thread_blocked, id=34468, stack(0x0000005cce800000,0x0000005cce900000) (1024K)]
  0x0000024852e6ad00 JavaThread "Unconstrained build operations Thread 106"        [_thread_blocked, id=34480, stack(0x0000005cce900000,0x0000005ccea00000) (1024K)]
  0x0000024852e685a0 JavaThread "Unconstrained build operations Thread 107"        [_thread_blocked, id=34496, stack(0x0000005ccea00000,0x0000005cceb00000) (1024K)]
  0x0000024852e69fe0 JavaThread "Unconstrained build operations Thread 108"        [_thread_blocked, id=34484, stack(0x0000005cceb00000,0x0000005ccec00000) (1024K)]
  0x0000024852e6d460 JavaThread "Unconstrained build operations Thread 109"        [_thread_blocked, id=34276, stack(0x0000005ccec00000,0x0000005cced00000) (1024K)]
  0x0000024852e6b390 JavaThread "Unconstrained build operations Thread 110"        [_thread_blocked, id=34436, stack(0x0000005cced00000,0x0000005ccee00000) (1024K)]
  0x0000024852e6cdd0 JavaThread "Unconstrained build operations Thread 111"        [_thread_blocked, id=34332, stack(0x0000005ccee00000,0x0000005ccef00000) (1024K)]
  0x0000024852e6c0b0 JavaThread "Unconstrained build operations Thread 112"        [_thread_blocked, id=34344, stack(0x0000005ccef00000,0x0000005ccf000000) (1024K)]
  0x0000024852e6c740 JavaThread "Unconstrained build operations Thread 113"        [_thread_blocked, id=34504, stack(0x0000005ccf000000,0x0000005ccf100000) (1024K)]
  0x0000024852263db0 JavaThread "Unconstrained build operations Thread 114"        [_thread_blocked, id=34320, stack(0x0000005ccf100000,0x0000005ccf200000) (1024K)]
  0x0000024852262a00 JavaThread "Unconstrained build operations Thread 115"        [_thread_blocked, id=34544, stack(0x0000005ccf200000,0x0000005ccf300000) (1024K)]
  0x0000024852263090 JavaThread "Unconstrained build operations Thread 116"        [_thread_blocked, id=34420, stack(0x0000005ccf300000,0x0000005ccf400000) (1024K)]
  0x0000024852263720 JavaThread "Unconstrained build operations Thread 117"        [_thread_blocked, id=34380, stack(0x0000005ccf400000,0x0000005ccf500000) (1024K)]
  0x0000024852264440 JavaThread "Unconstrained build operations Thread 118"        [_thread_blocked, id=34540, stack(0x0000005ccf500000,0x0000005ccf600000) (1024K)]
  0x0000024852261ce0 JavaThread "Unconstrained build operations Thread 119"        [_thread_blocked, id=34376, stack(0x0000005ccf600000,0x0000005ccf700000) (1024K)]
  0x0000024852264ad0 JavaThread "Unconstrained build operations Thread 120"        [_thread_blocked, id=34500, stack(0x0000005ccf700000,0x0000005ccf800000) (1024K)]
  0x0000024852265160 JavaThread "Unconstrained build operations Thread 121"        [_thread_blocked, id=34272, stack(0x0000005ccf800000,0x0000005ccf900000) (1024K)]
  0x0000024852262370 JavaThread "Unconstrained build operations Thread 122"        [_thread_blocked, id=34252, stack(0x0000005ccf900000,0x0000005ccfa00000) (1024K)]
  0x00000248522685e0 JavaThread "Unconstrained build operations Thread 123"        [_thread_blocked, id=34536, stack(0x0000005ccfa00000,0x0000005ccfb00000) (1024K)]
  0x0000024852266510 JavaThread "Unconstrained build operations Thread 124"        [_thread_blocked, id=34384, stack(0x0000005ccfb00000,0x0000005ccfc00000) (1024K)]
  0x0000024852266ba0 JavaThread "Unconstrained build operations Thread 125"        [_thread_blocked, id=34404, stack(0x0000005ccfc00000,0x0000005ccfd00000) (1024K)]
  0x00000248522678c0 JavaThread "Unconstrained build operations Thread 126"        [_thread_blocked, id=34244, stack(0x0000005ccfd00000,0x0000005ccfe00000) (1024K)]
  0x0000024852267230 JavaThread "Unconstrained build operations Thread 127"        [_thread_blocked, id=34028, stack(0x0000005ccfe00000,0x0000005ccff00000) (1024K)]
  0x0000024852267f50 JavaThread "Unconstrained build operations Thread 128"        [_thread_blocked, id=34060, stack(0x0000005ccff00000,0x0000005cd0000000) (1024K)]
  0x00000248522657f0 JavaThread "Unconstrained build operations Thread 129"        [_thread_blocked, id=34064, stack(0x0000005cd0000000,0x0000005cd0100000) (1024K)]
  0x0000024852268c70 JavaThread "Unconstrained build operations Thread 130"        [_thread_blocked, id=33884, stack(0x0000005cd0100000,0x0000005cd0200000) (1024K)]
  0x000002485226a6b0 JavaThread "Unconstrained build operations Thread 131"        [_thread_blocked, id=34092, stack(0x0000005cd0200000,0x0000005cd0300000) (1024K)]
  0x0000024852269300 JavaThread "Unconstrained build operations Thread 132"        [_thread_blocked, id=33976, stack(0x0000005cd0300000,0x0000005cd0400000) (1024K)]
  0x000002485226c780 JavaThread "Unconstrained build operations Thread 133"        [_thread_blocked, id=34020, stack(0x0000005cd0400000,0x0000005cd0500000) (1024K)]
  0x0000024852265e80 JavaThread "Unconstrained build operations Thread 134"        [_thread_blocked, id=33972, stack(0x0000005cd0500000,0x0000005cd0600000) (1024K)]
  0x000002485226a020 JavaThread "Unconstrained build operations Thread 135"        [_thread_blocked, id=34512, stack(0x0000005cd0600000,0x0000005cd0700000) (1024K)]
  0x0000024852269990 JavaThread "Unconstrained build operations Thread 136"        [_thread_blocked, id=34532, stack(0x0000005cd0700000,0x0000005cd0800000) (1024K)]
  0x000002485226ce10 JavaThread "Unconstrained build operations Thread 137"        [_thread_blocked, id=34424, stack(0x0000005cd0800000,0x0000005cd0900000) (1024K)]
  0x000002485226db30 JavaThread "Unconstrained build operations Thread 138"        [_thread_blocked, id=34552, stack(0x0000005cd0900000,0x0000005cd0a00000) (1024K)]
  0x000002485226e1c0 JavaThread "Unconstrained build operations Thread 139"        [_thread_blocked, id=34528, stack(0x0000005cd0a00000,0x0000005cd0b00000) (1024K)]
  0x000002485226d4a0 JavaThread "Unconstrained build operations Thread 140"        [_thread_blocked, id=34164, stack(0x0000005cd0b00000,0x0000005cd0c00000) (1024K)]
  0x000002485226ad40 JavaThread "Unconstrained build operations Thread 141"        [_thread_blocked, id=32492, stack(0x0000005cd0c00000,0x0000005cd0d00000) (1024K)]
  0x000002485226b3d0 JavaThread "Unconstrained build operations Thread 142"        [_thread_blocked, id=31368, stack(0x0000005cd0d00000,0x0000005cd0e00000) (1024K)]
  0x000002485226eee0 JavaThread "jar transforms Thread 2"           [_thread_blocked, id=29684, stack(0x0000005cd0e00000,0x0000005cd0f00000) (1024K)]
  0x000002485226f570 JavaThread "jar transforms Thread 3"           [_thread_blocked, id=21720, stack(0x0000005cd0f00000,0x0000005cd1000000) (1024K)]
  0x0000024852270fb0 JavaThread "Unconstrained build operations Thread 143"        [_thread_blocked, id=35300, stack(0x0000005cd1000000,0x0000005cd1100000) (1024K)]
  0x0000024852270290 JavaThread "Unconstrained build operations Thread 144"        [_thread_blocked, id=35304, stack(0x0000005cd1300000,0x0000005cd1400000) (1024K)]
  0x000002485226fc00 JavaThread "Unconstrained build operations Thread 145"        [_thread_blocked, id=35308, stack(0x0000005cd1400000,0x0000005cd1500000) (1024K)]
  0x0000024852270920 JavaThread "Unconstrained build operations Thread 146"        [_thread_blocked, id=35312, stack(0x0000005cd1500000,0x0000005cd1600000) (1024K)]
  0x0000024852e5e820 JavaThread "Unconstrained build operations Thread 147"        [_thread_blocked, id=35316, stack(0x0000005cd1600000,0x0000005cd1700000) (1024K)]
  0x0000024852e5eeb0 JavaThread "Unconstrained build operations Thread 148"        [_thread_blocked, id=35320, stack(0x0000005cd1700000,0x0000005cd1800000) (1024K)]
  0x0000024852e629c0 JavaThread "Unconstrained build operations Thread 149"        [_thread_blocked, id=35324, stack(0x0000005cd1800000,0x0000005cd1900000) (1024K)]
  0x0000024852e64a90 JavaThread "Unconstrained build operations Thread 150"        [_thread_blocked, id=35328, stack(0x0000005cd1900000,0x0000005cd1a00000) (1024K)]
  0x0000024852e65120 JavaThread "Unconstrained build operations Thread 151"        [_thread_blocked, id=35332, stack(0x0000005cd1a00000,0x0000005cd1b00000) (1024K)]
  0x0000024852e62330 JavaThread "Unconstrained build operations Thread 152"        [_thread_blocked, id=35336, stack(0x0000005cd1b00000,0x0000005cd1c00000) (1024K)]
  0x00000248541813e0 JavaThread "Unconstrained build operations Thread 153"        [_thread_blocked, id=35340, stack(0x0000005cd1e00000,0x0000005cd1f00000) (1024K)]
  0x000002485417f9a0 JavaThread "Unconstrained build operations Thread 154"        [_thread_blocked, id=35344, stack(0x0000005cd1f00000,0x0000005cd2000000) (1024K)]
  0x0000024854181a70 JavaThread "Unconstrained build operations Thread 155"        [_thread_blocked, id=35348, stack(0x0000005cd2000000,0x0000005cd2100000) (1024K)]
  0x00000248541806c0 JavaThread "Unconstrained build operations Thread 156"        [_thread_blocked, id=35352, stack(0x0000005cd2100000,0x0000005cd2200000) (1024K)]
  0x000002485417f310 JavaThread "Unconstrained build operations Thread 157"        [_thread_blocked, id=35356, stack(0x0000005cd2200000,0x0000005cd2300000) (1024K)]
  0x0000024854182100 JavaThread "Unconstrained build operations Thread 158"        [_thread_blocked, id=35360, stack(0x0000005cd2300000,0x0000005cd2400000) (1024K)]
  0x0000024854182790 JavaThread "Unconstrained build operations Thread 159"        [_thread_blocked, id=35364, stack(0x0000005cd2400000,0x0000005cd2500000) (1024K)]
  0x0000024854182e20 JavaThread "Unconstrained build operations Thread 160"        [_thread_blocked, id=35368, stack(0x0000005cd2500000,0x0000005cd2600000) (1024K)]
  0x00000248541834b0 JavaThread "Unconstrained build operations Thread 161"        [_thread_blocked, id=35372, stack(0x0000005cd2600000,0x0000005cd2700000) (1024K)]
  0x0000024854183b40 JavaThread "Unconstrained build operations Thread 162"        [_thread_blocked, id=35376, stack(0x0000005cd2700000,0x0000005cd2800000) (1024K)]
  0x00000248541841d0 JavaThread "Unconstrained build operations Thread 163"        [_thread_blocked, id=35380, stack(0x0000005cd2800000,0x0000005cd2900000) (1024K)]
  0x0000024854180d50 JavaThread "Unconstrained build operations Thread 164"        [_thread_blocked, id=35384, stack(0x0000005cd2900000,0x0000005cd2a00000) (1024K)]
  0x0000024854184860 JavaThread "Unconstrained build operations Thread 165"        [_thread_blocked, id=35388, stack(0x0000005cd2a00000,0x0000005cd2b00000) (1024K)]
  0x0000024854187ce0 JavaThread "Unconstrained build operations Thread 166"        [_thread_blocked, id=35392, stack(0x0000005cd2b00000,0x0000005cd2c00000) (1024K)]
  0x0000024854185c10 JavaThread "Unconstrained build operations Thread 167"        [_thread_blocked, id=35396, stack(0x0000005cd2c00000,0x0000005cd2d00000) (1024K)]
  0x0000024854186930 JavaThread "Unconstrained build operations Thread 168"        [_thread_blocked, id=35400, stack(0x0000005cd2d00000,0x0000005cd2e00000) (1024K)]
  0x0000024854186fc0 JavaThread "Unconstrained build operations Thread 169"        [_thread_blocked, id=35404, stack(0x0000005cd2e00000,0x0000005cd2f00000) (1024K)]
  0x0000024854188370 JavaThread "Unconstrained build operations Thread 170"        [_thread_blocked, id=35408, stack(0x0000005cd2f00000,0x0000005cd3000000) (1024K)]
  0x0000024854184ef0 JavaThread "Unconstrained build operations Thread 171"        [_thread_blocked, id=35412, stack(0x0000005cd3000000,0x0000005cd3100000) (1024K)]
  0x000002485418aad0 JavaThread "Unconstrained build operations Thread 172"        [_thread_blocked, id=35420, stack(0x0000005cd3100000,0x0000005cd3200000) (1024K)]
  0x000002485418d230 JavaThread "Unconstrained build operations Thread 173"        [_thread_blocked, id=35424, stack(0x0000005cd3200000,0x0000005cd3300000) (1024K)]
  0x0000024854189db0 JavaThread "Unconstrained build operations Thread 174"        [_thread_blocked, id=35428, stack(0x0000005cd3300000,0x0000005cd3400000) (1024K)]
  0x000002485418d8c0 JavaThread "Unconstrained build operations Thread 175"        [_thread_blocked, id=35432, stack(0x0000005cd3400000,0x0000005cd3500000) (1024K)]
  0x000002485418a440 JavaThread "Unconstrained build operations Thread 176"        [_thread_blocked, id=35436, stack(0x0000005cd3500000,0x0000005cd3600000) (1024K)]
  0x000002485418df50 JavaThread "Unconstrained build operations Thread 177"        [_thread_blocked, id=35440, stack(0x0000005cd3600000,0x0000005cd3700000) (1024K)]
  0x000002485418e5e0 JavaThread "Unconstrained build operations Thread 178"        [_thread_blocked, id=35444, stack(0x0000005cd3700000,0x0000005cd3800000) (1024K)]
  0x0000024854d8bbd0 JavaThread "Unconstrained build operations Thread 179"        [_thread_blocked, id=35448, stack(0x0000005cd3800000,0x0000005cd3900000) (1024K)]
  0x0000024854d8c8f0 JavaThread "Unconstrained build operations Thread 180"        [_thread_blocked, id=35452, stack(0x0000005cd3900000,0x0000005cd3a00000) (1024K)]
  0x0000024854d8d610 JavaThread "Unconstrained build operations Thread 181"        [_thread_blocked, id=35456, stack(0x0000005cd3a00000,0x0000005cd3b00000) (1024K)]
  0x0000024854d8dca0 JavaThread "Unconstrained build operations Thread 182"        [_thread_blocked, id=35460, stack(0x0000005cd3b00000,0x0000005cd3c00000) (1024K)]
  0x0000024854d8c260 JavaThread "Unconstrained build operations Thread 183"        [_thread_blocked, id=35464, stack(0x0000005cd3c00000,0x0000005cd3d00000) (1024K)]
  0x0000024854d8e330 JavaThread "Unconstrained build operations Thread 184"        [_thread_blocked, id=35468, stack(0x0000005cd3d00000,0x0000005cd3e00000) (1024K)]
  0x0000024854d8aeb0 JavaThread "Unconstrained build operations Thread 185"        [_thread_blocked, id=35472, stack(0x0000005cd3e00000,0x0000005cd3f00000) (1024K)]
  0x0000024854d8e9c0 JavaThread "Unconstrained build operations Thread 186"        [_thread_blocked, id=35476, stack(0x0000005cd3f00000,0x0000005cd4000000) (1024K)]
  0x0000024854d8b540 JavaThread "Unconstrained build operations Thread 187"        [_thread_blocked, id=35480, stack(0x0000005cd4000000,0x0000005cd4100000) (1024K)]
  0x0000024854d90400 JavaThread "Unconstrained build operations Thread 188"        [_thread_blocked, id=35484, stack(0x0000005cd4100000,0x0000005cd4200000) (1024K)]
  0x0000024854d8cf80 JavaThread "Unconstrained build operations Thread 189"        [_thread_blocked, id=35488, stack(0x0000005cd4200000,0x0000005cd4300000) (1024K)]
  0x0000024854d91120 JavaThread "Unconstrained build operations Thread 190"        [_thread_blocked, id=35492, stack(0x0000005cd4300000,0x0000005cd4400000) (1024K)]
  0x0000024854d91e40 JavaThread "Unconstrained build operations Thread 191"        [_thread_blocked, id=35496, stack(0x0000005cd4400000,0x0000005cd4500000) (1024K)]
  0x0000024854d917b0 JavaThread "Unconstrained build operations Thread 192"        [_thread_blocked, id=35500, stack(0x0000005cd4500000,0x0000005cd4600000) (1024K)]
  0x0000024854d90a90 JavaThread "Unconstrained build operations Thread 193"        [_thread_blocked, id=35504, stack(0x0000005cd4600000,0x0000005cd4700000) (1024K)]
  0x0000024854d924d0 JavaThread "Unconstrained build operations Thread 194"        [_thread_blocked, id=35508, stack(0x0000005cd4700000,0x0000005cd4800000) (1024K)]
  0x0000024854d8f050 JavaThread "Unconstrained build operations Thread 195"        [_thread_blocked, id=35512, stack(0x0000005cd4800000,0x0000005cd4900000) (1024K)]
  0x0000024854d92b60 JavaThread "Unconstrained build operations Thread 196"        [_thread_blocked, id=35516, stack(0x0000005cd4900000,0x0000005cd4a00000) (1024K)]
  0x0000024854d8f6e0 JavaThread "Unconstrained build operations Thread 197"        [_thread_blocked, id=35520, stack(0x0000005cd4a00000,0x0000005cd4b00000) (1024K)]
  0x0000024854d931f0 JavaThread "Unconstrained build operations Thread 198"        [_thread_blocked, id=35524, stack(0x0000005cd4b00000,0x0000005cd4c00000) (1024K)]
  0x0000024854d8fd70 JavaThread "Unconstrained build operations Thread 199"        [_thread_blocked, id=35528, stack(0x0000005cd4c00000,0x0000005cd4d00000) (1024K)]
  0x0000024854d945a0 JavaThread "Unconstrained build operations Thread 200"        [_thread_blocked, id=35532, stack(0x0000005cd4d00000,0x0000005cd4e00000) (1024K)]
  0x0000024854d93880 JavaThread "jar transforms Thread 4"           [_thread_blocked, id=35540, stack(0x0000005cd4e00000,0x0000005cd4f00000) (1024K)]
  0x0000024854d94c30 JavaThread "jar transforms Thread 5"           [_thread_blocked, id=35160, stack(0x0000005cca900000,0x0000005ccaa00000) (1024K)]
  0x0000024854d97390 JavaThread "jar transforms Thread 6"           [_thread_blocked, id=8408, stack(0x0000005cd1100000,0x0000005cd1200000) (1024K)]
  0x00000248541862a0 JavaThread "build event listener"              [_thread_blocked, id=28816, stack(0x0000005cd5100000,0x0000005cd5200000) (1024K)]
  0x0000024854d98740 JavaThread "Problems report writer"            [_thread_blocked, id=34920, stack(0x0000005cd5200000,0x0000005cd5300000) (1024K)]
  0x0000024852a75150 JavaThread "jar transforms Thread 7"           [_thread_blocked, id=33880, stack(0x0000005cd5300000,0x0000005cd5400000) (1024K)]
  0x000002485160b460 JavaThread "C2 CompilerThread1"         daemon [_thread_blocked, id=35088, stack(0x0000005cc2f00000,0x0000005cc3000000) (1024K)]
  0x000002485418b7f0 JavaThread "jar transforms Thread 8"           [_thread_blocked, id=29728, stack(0x0000005cd1200000,0x0000005cd1300000) (1024K)]
  0x000002485160bb30 JavaThread "C1 CompilerThread1"         daemon [_thread_blocked, id=34268, stack(0x0000005cd4f00000,0x0000005cd5000000) (1024K)]
  0x00000248516084b0 JavaThread "C1 CompilerThread2"         daemon [_thread_blocked, id=28452, stack(0x0000005cd5000000,0x0000005cd5100000) (1024K)]
  0x000002485160d670 JavaThread "C1 CompilerThread3"         daemon [_thread_blocked, id=34944, stack(0x0000005cd5400000,0x0000005cd5500000) (1024K)]
Total: 284

Other Threads:
=>0x000002482e505b80 VMThread "VM Thread"                           [id=33300, stack(0x0000005cc2600000,0x0000005cc2700000) (1024K)]
  0x000002482e4f1d00 WatcherThread "VM Periodic Task Thread"        [id=33296, stack(0x0000005cc2500000,0x0000005cc2600000) (1024K)]
  0x0000024816aa23d0 WorkerThread "GC Thread#0"                     [id=33276, stack(0x0000005cc2000000,0x0000005cc2100000) (1024K)]
  0x000002482f6391a0 WorkerThread "GC Thread#1"                     [id=33388, stack(0x0000005cc3500000,0x0000005cc3600000) (1024K)]
  0x000002482f5b1050 WorkerThread "GC Thread#2"                     [id=33392, stack(0x0000005cc3600000,0x0000005cc3700000) (1024K)]
  0x000002484f66a600 WorkerThread "GC Thread#3"                     [id=33488, stack(0x0000005cc3800000,0x0000005cc3900000) (1024K)]
  0x000002484f6a9110 WorkerThread "GC Thread#4"                     [id=33492, stack(0x0000005cc3900000,0x0000005cc3a00000) (1024K)]
  0x00000248504bb470 WorkerThread "GC Thread#5"                     [id=33536, stack(0x0000005cc3d00000,0x0000005cc3e00000) (1024K)]
  0x00000248504c0c70 WorkerThread "GC Thread#6"                     [id=33540, stack(0x0000005cc3e00000,0x0000005cc3f00000) (1024K)]
  0x00000248504c1020 WorkerThread "GC Thread#7"                     [id=33544, stack(0x0000005cc3f00000,0x0000005cc4000000) (1024K)]
  0x00000248504acc30 WorkerThread "GC Thread#8"                     [id=33548, stack(0x0000005cc4000000,0x0000005cc4100000) (1024K)]
  0x00000248504ae650 WorkerThread "GC Thread#9"                     [id=33552, stack(0x0000005cc4100000,0x0000005cc4200000) (1024K)]
  0x00000248504ad3e0 WorkerThread "GC Thread#10"                    [id=33556, stack(0x0000005cc4200000,0x0000005cc4300000) (1024K)]
  0x00000248504ad790 WorkerThread "GC Thread#11"                    [id=33560, stack(0x0000005cc4300000,0x0000005cc4400000) (1024K)]
  0x00000248504adb40 WorkerThread "GC Thread#12"                    [id=33564, stack(0x0000005cc4400000,0x0000005cc4500000) (1024K)]
  0x00000248504ae2a0 WorkerThread "GC Thread#13"                    [id=33708, stack(0x0000005cc4f00000,0x0000005cc5000000) (1024K)]
  0x0000024852ad40b0 WorkerThread "GC Thread#14"                    [id=33712, stack(0x0000005cc5000000,0x0000005cc5100000) (1024K)]
  0x0000024816ab49c0 ConcurrentGCThread "G1 Main Marker"            [id=33280, stack(0x0000005cc2100000,0x0000005cc2200000) (1024K)]
  0x0000024816ab63f0 WorkerThread "G1 Conc#0"                       [id=33284, stack(0x0000005cc2200000,0x0000005cc2300000) (1024K)]
  0x0000024852ad2a90 WorkerThread "G1 Conc#1"                       [id=33716, stack(0x0000005cc5100000,0x0000005cc5200000) (1024K)]
  0x0000024852ad2e40 WorkerThread "G1 Conc#2"                       [id=33720, stack(0x0000005cc5200000,0x0000005cc5300000) (1024K)]
  0x0000024852ad35a0 WorkerThread "G1 Conc#3"                       [id=33724, stack(0x0000005cc5300000,0x0000005cc5400000) (1024K)]
  0x0000024816aee700 ConcurrentGCThread "G1 Refine#0"               [id=33288, stack(0x0000005cc2300000,0x0000005cc2400000) (1024K)]
  0x000002482e3b7980 ConcurrentGCThread "G1 Service"                [id=33292, stack(0x0000005cc2400000,0x0000005cc2500000) (1024K)]
Total: 24

Threads with active compile tasks:
C2 CompilerThread0  39186 16126       4       java.lang.invoke.MethodHandleImpl::makePairwiseConvertByEditor (617 bytes)
Total: 1

VM state: at safepoint (normal execution)

VM Mutex/Monitor currently owned by a thread:  ([mutex/lock_event])
[0x00007ffca0e4e560] Threads_lock - owner thread: 0x000002482e505b80
[0x00007ffca0e4e660] Heap_lock - owner thread: 0x0000024816ab49c0

Heap address: 0x0000000080000000, size: 2048 MB, Compressed Oops mode: 32-bit

CDS archive(s) mapped at: [0x0000024830000000-0x0000024830ba0000-0x0000024830ba0000), size 12189696, SharedBaseAddress: 0x0000024830000000, ArchiveRelocationMode: 1.
Compressed class space mapped at: 0x0000024831000000-0x000002484b000000, reserved size: 436207616
Narrow klass base: 0x0000024830000000, Narrow klass shift: 0, Narrow klass range: 0x100000000

GC Precious Log:
 CardTable entry size: 512
 Card Set container configuration: InlinePtr #cards 5 size 8 Array Of Cards #cards 12 size 40 Howl #buckets 4 coarsen threshold 1843 Howl Bitmap #cards 512 size 80 coarsen threshold 460 Card regions per heap region 1 cards per card region 2048
 CPUs: 20 total, 20 available
 Memory: 7911M
 Large Page Support: Disabled
 NUMA Support: Disabled
 Compressed Oops: Enabled (32-bit)
 Heap Region Size: 1M
 Heap Min Capacity: 8M
 Heap Initial Capacity: 124M
 Heap Max Capacity: 2G
 Pre-touch: Disabled
 Parallel Workers: 15
 Concurrent Workers: 4
 Concurrent Refinement Workers: 15
 Periodic GC: Disabled

Heap:
 garbage-first heap   total 217088K, used 136048K [0x0000000080000000, 0x0000000100000000)
  region size 1024K, 2 young (2048K), 1 survivors (1024K)
 Metaspace       used 107150K, committed 109760K, reserved 557056K
  class space    used 15350K, committed 16640K, reserved 425984K

Heap Regions: E=young(eden), S=young(survivor), O=old, HS=humongous(starts), HC=humongous(continues), CS=collection set, F=free, TAMS=top-at-mark-start, PB=parsable bottom
|   0|0x0000000080000000, 0x0000000080100000, 0x0000000080100000|100%|HS|  |TAMS 0x0000000080100000| PB 0x0000000080000000| Complete 
|   1|0x0000000080100000, 0x0000000080200000, 0x0000000080200000|100%|HC|  |TAMS 0x0000000080200000| PB 0x0000000080100000| Complete 
|   2|0x0000000080200000, 0x0000000080300000, 0x0000000080300000|100%|HC|  |TAMS 0x0000000080300000| PB 0x0000000080200000| Complete 
|   3|0x0000000080300000, 0x0000000080400000, 0x0000000080400000|100%| O|  |TAMS 0x0000000080400000| PB 0x0000000080400000| Untracked 
|   4|0x0000000080400000, 0x0000000080500000, 0x0000000080500000|100%| O|  |TAMS 0x0000000080500000| PB 0x0000000080500000| Untracked 
|   5|0x0000000080500000, 0x0000000080600000, 0x0000000080600000|100%| O|  |TAMS 0x0000000080600000| PB 0x0000000080600000| Untracked 
|   6|0x0000000080600000, 0x0000000080700000, 0x0000000080700000|100%|HS|  |TAMS 0x0000000080700000| PB 0x0000000080600000| Complete 
|   7|0x0000000080700000, 0x0000000080800000, 0x0000000080800000|100%| O|  |TAMS 0x0000000080800000| PB 0x0000000080800000| Untracked 
|   8|0x0000000080800000, 0x0000000080900000, 0x0000000080900000|100%| O|  |TAMS 0x0000000080900000| PB 0x0000000080900000| Untracked 
|   9|0x0000000080900000, 0x0000000080a00000, 0x0000000080a00000|100%| O|  |TAMS 0x0000000080a00000| PB 0x0000000080a00000| Updating 
|  10|0x0000000080a00000, 0x0000000080b00000, 0x0000000080b00000|100%| O|  |TAMS 0x0000000080b00000| PB 0x0000000080b00000| Untracked 
|  11|0x0000000080b00000, 0x0000000080c00000, 0x0000000080c00000|100%| O|  |TAMS 0x0000000080c00000| PB 0x0000000080c00000| Untracked 
|  12|0x0000000080c00000, 0x0000000080d00000, 0x0000000080d00000|100%| O|  |TAMS 0x0000000080d00000| PB 0x0000000080d00000| Updating 
|  13|0x0000000080d00000, 0x0000000080e00000, 0x0000000080e00000|100%| O|  |TAMS 0x0000000080e00000| PB 0x0000000080e00000| Untracked 
|  14|0x0000000080e00000, 0x0000000080f00000, 0x0000000080f00000|100%| O|  |TAMS 0x0000000080f00000| PB 0x0000000080f00000| Untracked 
|  15|0x0000000080f00000, 0x0000000081000000, 0x0000000081000000|100%| O|  |TAMS 0x0000000081000000| PB 0x0000000081000000| Untracked 
|  16|0x0000000081000000, 0x0000000081100000, 0x0000000081100000|100%| O|  |TAMS 0x0000000081100000| PB 0x0000000081100000| Untracked 
|  17|0x0000000081100000, 0x0000000081200000, 0x0000000081200000|100%| O|  |TAMS 0x0000000081200000| PB 0x0000000081200000| Untracked 
|  18|0x0000000081200000, 0x0000000081300000, 0x0000000081300000|100%| O|  |TAMS 0x0000000081300000| PB 0x0000000081300000| Untracked 
|  19|0x0000000081300000, 0x0000000081400000, 0x0000000081400000|100%| O|  |TAMS 0x0000000081400000| PB 0x0000000081400000| Untracked 
|  20|0x0000000081400000, 0x0000000081500000, 0x0000000081500000|100%| O|  |TAMS 0x0000000081500000| PB 0x0000000081500000| Untracked 
|  21|0x0000000081500000, 0x0000000081600000, 0x0000000081600000|100%| O|  |TAMS 0x0000000081600000| PB 0x0000000081600000| Untracked 
|  22|0x0000000081600000, 0x0000000081700000, 0x0000000081700000|100%| O|  |TAMS 0x0000000081700000| PB 0x0000000081700000| Untracked 
|  23|0x0000000081700000, 0x0000000081800000, 0x0000000081800000|100%| O|  |TAMS 0x0000000081800000| PB 0x0000000081800000| Untracked 
|  24|0x0000000081800000, 0x0000000081900000, 0x0000000081900000|100%| O|  |TAMS 0x0000000081900000| PB 0x0000000081900000| Untracked 
|  25|0x0000000081900000, 0x0000000081a00000, 0x0000000081a00000|100%| O|  |TAMS 0x0000000081a00000| PB 0x0000000081a00000| Untracked 
|  26|0x0000000081a00000, 0x0000000081b00000, 0x0000000081b00000|100%| O|  |TAMS 0x0000000081b00000| PB 0x0000000081b00000| Untracked 
|  27|0x0000000081b00000, 0x0000000081c00000, 0x0000000081c00000|100%| O|  |TAMS 0x0000000081c00000| PB 0x0000000081c00000| Untracked 
|  28|0x0000000081c00000, 0x0000000081d00000, 0x0000000081d00000|100%| O|  |TAMS 0x0000000081d00000| PB 0x0000000081d00000| Untracked 
|  29|0x0000000081d00000, 0x0000000081e00000, 0x0000000081e00000|100%| O|  |TAMS 0x0000000081e00000| PB 0x0000000081e00000| Updating 
|  30|0x0000000081e00000, 0x0000000081f00000, 0x0000000081f00000|100%| O|  |TAMS 0x0000000081f00000| PB 0x0000000081f00000| Updating 
|  31|0x0000000081f00000, 0x0000000082000000, 0x0000000082000000|100%| O|  |TAMS 0x0000000082000000| PB 0x0000000082000000| Updating 
|  32|0x0000000082000000, 0x0000000082100000, 0x0000000082100000|100%| O|  |TAMS 0x0000000082100000| PB 0x0000000082100000| Untracked 
|  33|0x0000000082100000, 0x0000000082200000, 0x0000000082200000|100%| O|  |TAMS 0x0000000082200000| PB 0x0000000082200000| Untracked 
|  34|0x0000000082200000, 0x0000000082300000, 0x0000000082300000|100%| O|  |TAMS 0x0000000082300000| PB 0x0000000082300000| Untracked 
|  35|0x0000000082300000, 0x0000000082400000, 0x0000000082400000|100%|HS|  |TAMS 0x0000000082400000| PB 0x0000000082300000| Complete 
|  36|0x0000000082400000, 0x0000000082500000, 0x0000000082500000|100%|HC|  |TAMS 0x0000000082500000| PB 0x0000000082400000| Complete 
|  37|0x0000000082500000, 0x0000000082600000, 0x0000000082600000|100%|HC|  |TAMS 0x0000000082600000| PB 0x0000000082500000| Complete 
|  38|0x0000000082600000, 0x0000000082700000, 0x0000000082700000|100%|HS|  |TAMS 0x0000000082700000| PB 0x0000000082600000| Complete 
|  39|0x0000000082700000, 0x0000000082800000, 0x0000000082800000|100%|HC|  |TAMS 0x0000000082800000| PB 0x0000000082700000| Complete 
|  40|0x0000000082800000, 0x0000000082900000, 0x0000000082900000|100%|HC|  |TAMS 0x0000000082900000| PB 0x0000000082800000| Complete 
|  41|0x0000000082900000, 0x0000000082a00000, 0x0000000082a00000|100%| O|  |TAMS 0x0000000082a00000| PB 0x0000000082a00000| Untracked 
|  42|0x0000000082a00000, 0x0000000082b00000, 0x0000000082b00000|100%| O|  |TAMS 0x0000000082b00000| PB 0x0000000082b00000| Updating 
|  43|0x0000000082b00000, 0x0000000082c00000, 0x0000000082c00000|100%| O|  |TAMS 0x0000000082c00000| PB 0x0000000082c00000| Untracked 
|  44|0x0000000082c00000, 0x0000000082d00000, 0x0000000082d00000|100%| O|  |TAMS 0x0000000082d00000| PB 0x0000000082d00000| Updating 
|  45|0x0000000082d00000, 0x0000000082e00000, 0x0000000082e00000|100%| O|  |TAMS 0x0000000082e00000| PB 0x0000000082e00000| Untracked 
|  46|0x0000000082e00000, 0x0000000082f00000, 0x0000000082f00000|100%| O|  |TAMS 0x0000000082f00000| PB 0x0000000082f00000| Untracked 
|  47|0x0000000082f00000, 0x0000000083000000, 0x0000000083000000|100%| O|  |TAMS 0x0000000083000000| PB 0x0000000083000000| Untracked 
|  48|0x0000000083000000, 0x0000000083100000, 0x0000000083100000|100%| O|  |TAMS 0x0000000083100000| PB 0x0000000083100000| Untracked 
|  49|0x0000000083100000, 0x0000000083200000, 0x0000000083200000|100%| O|  |TAMS 0x0000000083200000| PB 0x0000000083200000| Untracked 
|  50|0x0000000083200000, 0x0000000083300000, 0x0000000083300000|100%| O|  |TAMS 0x0000000083300000| PB 0x0000000083300000| Updating 
|  51|0x0000000083300000, 0x0000000083400000, 0x0000000083400000|100%| O|  |TAMS 0x0000000083400000| PB 0x0000000083400000| Untracked 
|  52|0x0000000083400000, 0x0000000083500000, 0x0000000083500000|100%| O|  |TAMS 0x0000000083500000| PB 0x0000000083500000| Untracked 
|  53|0x0000000083500000, 0x0000000083600000, 0x0000000083600000|100%| O|  |TAMS 0x0000000083600000| PB 0x0000000083600000| Untracked 
|  54|0x0000000083600000, 0x0000000083700000, 0x0000000083700000|100%| O|  |TAMS 0x0000000083700000| PB 0x0000000083700000| Untracked 
|  55|0x0000000083700000, 0x0000000083800000, 0x0000000083800000|100%| O|  |TAMS 0x0000000083800000| PB 0x0000000083800000| Updating 
|  56|0x0000000083800000, 0x0000000083900000, 0x0000000083900000|100%| O|  |TAMS 0x0000000083900000| PB 0x0000000083900000| Updating 
|  57|0x0000000083900000, 0x0000000083a00000, 0x0000000083a00000|100%| O|  |TAMS 0x0000000083a00000| PB 0x0000000083a00000| Untracked 
|  58|0x0000000083a00000, 0x0000000083b00000, 0x0000000083b00000|100%| O|  |TAMS 0x0000000083b00000| PB 0x0000000083b00000| Updating 
|  59|0x0000000083b00000, 0x0000000083c00000, 0x0000000083c00000|100%| O|  |TAMS 0x0000000083b00000| PB 0x0000000083b00000| Untracked 
|  60|0x0000000083c00000, 0x0000000083d00000, 0x0000000083d00000|100%| O|  |TAMS 0x0000000083d00000| PB 0x0000000083d00000| Updating 
|  61|0x0000000083d00000, 0x0000000083e00000, 0x0000000083e00000|100%| O|  |TAMS 0x0000000083e00000| PB 0x0000000083e00000| Updating 
|  62|0x0000000083e00000, 0x0000000083f00000, 0x0000000083f00000|100%| O|  |TAMS 0x0000000083f00000| PB 0x0000000083f00000| Updating 
|  63|0x0000000083f00000, 0x0000000084000000, 0x0000000084000000|100%|HS|  |TAMS 0x0000000084000000| PB 0x0000000083f00000| Complete 
|  64|0x0000000084000000, 0x0000000084100000, 0x0000000084100000|100%| O|  |TAMS 0x0000000084100000| PB 0x0000000084100000| Untracked 
|  65|0x0000000084100000, 0x0000000084200000, 0x0000000084200000|100%|HS|  |TAMS 0x0000000084200000| PB 0x0000000084100000| Complete 
|  66|0x0000000084200000, 0x0000000084300000, 0x0000000084300000|100%| O|  |TAMS 0x0000000084300000| PB 0x0000000084300000| Untracked 
|  67|0x0000000084300000, 0x0000000084400000, 0x0000000084400000|100%| O|  |TAMS 0x0000000084400000| PB 0x0000000084400000| Untracked 
|  68|0x0000000084400000, 0x0000000084500000, 0x0000000084500000|100%| O|  |TAMS 0x0000000084500000| PB 0x0000000084500000| Untracked 
|  69|0x0000000084500000, 0x0000000084600000, 0x0000000084600000|100%| O|  |TAMS 0x0000000084600000| PB 0x0000000084600000| Untracked 
|  70|0x0000000084600000, 0x0000000084700000, 0x0000000084700000|100%| O|  |TAMS 0x0000000084700000| PB 0x0000000084700000| Untracked 
|  71|0x0000000084700000, 0x0000000084800000, 0x0000000084800000|100%| O|  |TAMS 0x0000000084800000| PB 0x0000000084800000| Untracked 
|  72|0x0000000084800000, 0x0000000084900000, 0x0000000084900000|100%| O|  |TAMS 0x0000000084900000| PB 0x0000000084900000| Untracked 
|  73|0x0000000084900000, 0x0000000084a00000, 0x0000000084a00000|100%| O|  |TAMS 0x0000000084a00000| PB 0x0000000084a00000| Untracked 
|  74|0x0000000084a00000, 0x0000000084b00000, 0x0000000084b00000|100%| O|  |TAMS 0x0000000084b00000| PB 0x0000000084b00000| Updating 
|  75|0x0000000084b00000, 0x0000000084c00000, 0x0000000084c00000|100%| O|  |TAMS 0x0000000084c00000| PB 0x0000000084c00000| Updating 
|  76|0x0000000084c00000, 0x0000000084d00000, 0x0000000084d00000|100%| O|  |TAMS 0x0000000084d00000| PB 0x0000000084d00000| Untracked 
|  77|0x0000000084d00000, 0x0000000084e00000, 0x0000000084e00000|100%| O|  |TAMS 0x0000000084e00000| PB 0x0000000084e00000| Updating 
|  78|0x0000000084e00000, 0x0000000084f00000, 0x0000000084f00000|100%| O|  |TAMS 0x0000000084f00000| PB 0x0000000084f00000| Untracked 
|  79|0x0000000084f00000, 0x0000000085000000, 0x0000000085000000|100%| O|  |TAMS 0x0000000085000000| PB 0x0000000085000000| Untracked 
|  80|0x0000000085000000, 0x0000000085100000, 0x0000000085100000|100%| O|  |TAMS 0x0000000085100000| PB 0x0000000085100000| Updating 
|  81|0x0000000085100000, 0x0000000085200000, 0x0000000085200000|100%| O|  |TAMS 0x0000000085200000| PB 0x0000000085200000| Untracked 
|  82|0x0000000085200000, 0x0000000085300000, 0x0000000085300000|100%|HS|  |TAMS 0x0000000085300000| PB 0x0000000085200000| Complete 
|  83|0x0000000085300000, 0x0000000085400000, 0x0000000085400000|100%|HS|  |TAMS 0x0000000085400000| PB 0x0000000085300000| Complete 
|  84|0x0000000085400000, 0x0000000085500000, 0x0000000085500000|100%| O|  |TAMS 0x0000000085500000| PB 0x0000000085500000| Updating 
|  85|0x0000000085500000, 0x0000000085600000, 0x0000000085600000|100%|HS|  |TAMS 0x0000000085600000| PB 0x0000000085500000| Complete 
|  86|0x0000000085600000, 0x0000000085700000, 0x0000000085700000|100%|HS|  |TAMS 0x0000000085700000| PB 0x0000000085600000| Complete 
|  87|0x0000000085700000, 0x0000000085800000, 0x0000000085800000|100%| O|  |TAMS 0x0000000085800000| PB 0x0000000085800000| Updating 
|  88|0x0000000085800000, 0x0000000085900000, 0x0000000085900000|100%| O|  |TAMS 0x0000000085900000| PB 0x0000000085900000| Updating 
|  89|0x0000000085900000, 0x0000000085a00000, 0x0000000085a00000|100%| O|  |TAMS 0x0000000085a00000| PB 0x0000000085a00000| Updating 
|  90|0x0000000085a00000, 0x0000000085b00000, 0x0000000085b00000|100%|HS|  |TAMS 0x0000000085b00000| PB 0x0000000085a00000| Complete 
|  91|0x0000000085b00000, 0x0000000085c00000, 0x0000000085c00000|100%|HC|  |TAMS 0x0000000085c00000| PB 0x0000000085b00000| Complete 
|  92|0x0000000085c00000, 0x0000000085d00000, 0x0000000085d00000|100%|HC|  |TAMS 0x0000000085d00000| PB 0x0000000085c00000| Complete 
|  93|0x0000000085d00000, 0x0000000085e00000, 0x0000000085e00000|100%| O|  |TAMS 0x0000000085e00000| PB 0x0000000085e00000| Untracked 
|  94|0x0000000085e00000, 0x0000000085f00000, 0x0000000085f00000|100%|HS|  |TAMS 0x0000000085f00000| PB 0x0000000085e00000| Complete 
|  95|0x0000000085f00000, 0x0000000086000000, 0x0000000086000000|100%| O|  |TAMS 0x0000000086000000| PB 0x0000000086000000| Untracked 
|  96|0x0000000086000000, 0x0000000086100000, 0x0000000086100000|100%| O|  |TAMS 0x0000000086100000| PB 0x0000000086100000| Untracked 
|  97|0x0000000086100000, 0x0000000086200000, 0x0000000086200000|100%| O|  |TAMS 0x0000000086200000| PB 0x0000000086200000| Untracked 
|  98|0x0000000086200000, 0x0000000086300000, 0x0000000086300000|100%| O|  |TAMS 0x0000000086200000| PB 0x0000000086200000| Untracked 
|  99|0x0000000086300000, 0x0000000086400000, 0x0000000086400000|100%| O|  |TAMS 0x0000000086400000| PB 0x0000000086400000| Updating 
| 100|0x0000000086400000, 0x0000000086500000, 0x0000000086500000|100%| O|  |TAMS 0x0000000086500000| PB 0x0000000086500000| Untracked 
| 101|0x0000000086500000, 0x0000000086600000, 0x0000000086600000|100%| O|  |TAMS 0x0000000086600000| PB 0x0000000086600000| Untracked 
| 102|0x0000000086600000, 0x0000000086700000, 0x0000000086700000|100%| O|  |TAMS 0x0000000086700000| PB 0x0000000086700000| Untracked 
| 103|0x0000000086700000, 0x0000000086800000, 0x0000000086800000|100%| O|  |TAMS 0x0000000086800000| PB 0x0000000086800000| Untracked 
| 104|0x0000000086800000, 0x0000000086900000, 0x0000000086900000|100%| O|  |TAMS 0x0000000086800000| PB 0x0000000086800000| Untracked 
| 105|0x0000000086900000, 0x0000000086a00000, 0x0000000086a00000|100%| O|  |TAMS 0x0000000086a00000| PB 0x0000000086a00000| Untracked 
| 106|0x0000000086a00000, 0x0000000086b00000, 0x0000000086b00000|100%| O|  |TAMS 0x0000000086b00000| PB 0x0000000086b00000| Untracked 
| 107|0x0000000086b00000, 0x0000000086c00000, 0x0000000086c00000|100%| O|  |TAMS 0x0000000086c00000| PB 0x0000000086c00000| Untracked 
| 108|0x0000000086c00000, 0x0000000086d00000, 0x0000000086d00000|100%| O|  |TAMS 0x0000000086d00000| PB 0x0000000086d00000| Untracked 
| 109|0x0000000086d00000, 0x0000000086e00000, 0x0000000086e00000|100%| O|  |TAMS 0x0000000086e00000| PB 0x0000000086e00000| Updating 
| 110|0x0000000086e00000, 0x0000000086f00000, 0x0000000086f00000|100%| O|  |TAMS 0x0000000086f00000| PB 0x0000000086f00000| Untracked 
| 111|0x0000000086f00000, 0x0000000087000000, 0x0000000087000000|100%| O|  |TAMS 0x0000000087000000| PB 0x0000000087000000| Untracked 
| 112|0x0000000087000000, 0x0000000087100000, 0x0000000087100000|100%| O|  |TAMS 0x0000000087100000| PB 0x0000000087100000| Untracked 
| 113|0x0000000087100000, 0x0000000087200000, 0x0000000087200000|100%| O|  |TAMS 0x0000000087200000| PB 0x0000000087200000| Updating 
| 114|0x0000000087200000, 0x0000000087300000, 0x0000000087300000|100%| O|  |TAMS 0x0000000087300000| PB 0x0000000087300000| Updating 
| 115|0x0000000087300000, 0x0000000087400000, 0x0000000087400000|100%| O|  |TAMS 0x0000000087400000| PB 0x0000000087400000| Updating 
| 116|0x0000000087400000, 0x0000000087500000, 0x0000000087500000|100%|HS|  |TAMS 0x0000000087500000| PB 0x0000000087400000| Complete 
| 117|0x0000000087500000, 0x0000000087600000, 0x0000000087600000|100%| O|  |TAMS 0x0000000087600000| PB 0x0000000087600000| Untracked 
| 118|0x0000000087600000, 0x0000000087700000, 0x0000000087700000|100%| O|  |TAMS 0x0000000087700000| PB 0x0000000087700000| Updating 
| 119|0x0000000087700000, 0x0000000087800000, 0x0000000087800000|100%| O|  |TAMS 0x000000008778d380| PB 0x000000008778d380| Updating 
| 120|0x0000000087800000, 0x0000000087900000, 0x0000000087900000|100%| O|  |TAMS 0x0000000087800000| PB 0x0000000087800000| Untracked 
| 121|0x0000000087900000, 0x0000000087a00000, 0x0000000087a00000|100%| O|  |TAMS 0x0000000087a00000| PB 0x0000000087a00000| Untracked 
| 122|0x0000000087a00000, 0x0000000087b00000, 0x0000000087b00000|100%| O|  |TAMS 0x0000000087b00000| PB 0x0000000087b00000| Untracked 
| 123|0x0000000087b00000, 0x0000000087c00000, 0x0000000087c00000|100%| O|  |TAMS 0x0000000087c00000| PB 0x0000000087c00000| Untracked 
| 124|0x0000000087c00000, 0x0000000087d00000, 0x0000000087d00000|100%| O|  |TAMS 0x0000000087d00000| PB 0x0000000087d00000| Updating 
| 125|0x0000000087d00000, 0x0000000087e00000, 0x0000000087e00000|100%| O|  |TAMS 0x0000000087e00000| PB 0x0000000087e00000| Updating 
| 126|0x0000000087e00000, 0x0000000087f00000, 0x0000000087f00000|100%| O|  |TAMS 0x0000000087e00000| PB 0x0000000087e00000| Untracked 
| 127|0x0000000087f00000, 0x0000000088000000, 0x0000000088000000|100%|HS|  |TAMS 0x0000000087f00000| PB 0x0000000087f00000| Complete 
| 128|0x0000000088000000, 0x0000000088000000, 0x0000000088100000|  0%| F|  |TAMS 0x0000000088000000| PB 0x0000000088000000| Untracked 
| 129|0x0000000088100000, 0x0000000088100000, 0x0000000088200000|  0%| F|  |TAMS 0x0000000088100000| PB 0x0000000088100000| Untracked 
| 130|0x0000000088200000, 0x0000000088200000, 0x0000000088300000|  0%| F|  |TAMS 0x0000000088200000| PB 0x0000000088200000| Untracked 
| 131|0x0000000088300000, 0x0000000088300000, 0x0000000088400000|  0%| F|  |TAMS 0x0000000088300000| PB 0x0000000088300000| Untracked 
| 132|0x0000000088400000, 0x0000000088400000, 0x0000000088500000|  0%| F|  |TAMS 0x0000000088400000| PB 0x0000000088400000| Untracked 
| 133|0x0000000088500000, 0x0000000088500000, 0x0000000088600000|  0%| F|  |TAMS 0x0000000088500000| PB 0x0000000088500000| Untracked 
| 134|0x0000000088600000, 0x0000000088600000, 0x0000000088700000|  0%| F|  |TAMS 0x0000000088600000| PB 0x0000000088600000| Untracked 
| 135|0x0000000088700000, 0x0000000088700000, 0x0000000088800000|  0%| F|  |TAMS 0x0000000088700000| PB 0x0000000088700000| Untracked 
| 136|0x0000000088800000, 0x0000000088800000, 0x0000000088900000|  0%| F|  |TAMS 0x0000000088800000| PB 0x0000000088800000| Untracked 
| 137|0x0000000088900000, 0x0000000088a00000, 0x0000000088a00000|100%| O|  |TAMS 0x0000000088900000| PB 0x0000000088900000| Untracked 
| 138|0x0000000088a00000, 0x0000000088b00000, 0x0000000088b00000|100%| O|  |TAMS 0x0000000088a00000| PB 0x0000000088a00000| Untracked 
| 139|0x0000000088b00000, 0x0000000088c00000, 0x0000000088c00000|100%| O|  |TAMS 0x0000000088b00000| PB 0x0000000088b00000| Untracked 
| 140|0x0000000088c00000, 0x0000000088c3bfa8, 0x0000000088d00000| 23%| O|  |TAMS 0x0000000088c00000| PB 0x0000000088c00000| Updating 
| 141|0x0000000088d00000, 0x0000000088d00000, 0x0000000088e00000|  0%| F|  |TAMS 0x0000000088d00000| PB 0x0000000088d00000| Untracked 
| 142|0x0000000088e00000, 0x0000000088e00000, 0x0000000088f00000|  0%| F|  |TAMS 0x0000000088e00000| PB 0x0000000088e00000| Untracked 
| 143|0x0000000088f00000, 0x0000000088f00000, 0x0000000089000000|  0%| F|  |TAMS 0x0000000088f00000| PB 0x0000000088f00000| Untracked 
| 144|0x0000000089000000, 0x0000000089000000, 0x0000000089100000|  0%| F|  |TAMS 0x0000000089000000| PB 0x0000000089000000| Untracked 
| 145|0x0000000089100000, 0x0000000089100000, 0x0000000089200000|  0%| F|  |TAMS 0x0000000089100000| PB 0x0000000089100000| Untracked 
| 146|0x0000000089200000, 0x0000000089200000, 0x0000000089300000|  0%| F|  |TAMS 0x0000000089200000| PB 0x0000000089200000| Untracked 
| 147|0x0000000089300000, 0x0000000089300000, 0x0000000089400000|  0%| F|  |TAMS 0x0000000089300000| PB 0x0000000089300000| Untracked 
| 148|0x0000000089400000, 0x0000000089400000, 0x0000000089500000|  0%| F|  |TAMS 0x0000000089400000| PB 0x0000000089400000| Untracked 
| 149|0x0000000089500000, 0x0000000089500000, 0x0000000089600000|  0%| F|  |TAMS 0x0000000089500000| PB 0x0000000089500000| Untracked 
| 150|0x0000000089600000, 0x0000000089600000, 0x0000000089700000|  0%| F|  |TAMS 0x0000000089600000| PB 0x0000000089600000| Untracked 
| 151|0x0000000089700000, 0x0000000089700000, 0x0000000089800000|  0%| F|  |TAMS 0x0000000089700000| PB 0x0000000089700000| Untracked 
| 152|0x0000000089800000, 0x0000000089800000, 0x0000000089900000|  0%| F|  |TAMS 0x0000000089800000| PB 0x0000000089800000| Untracked 
| 153|0x0000000089900000, 0x0000000089900000, 0x0000000089a00000|  0%| F|  |TAMS 0x0000000089900000| PB 0x0000000089900000| Untracked 
| 154|0x0000000089a00000, 0x0000000089a00000, 0x0000000089b00000|  0%| F|  |TAMS 0x0000000089a00000| PB 0x0000000089a00000| Untracked 
| 155|0x0000000089b00000, 0x0000000089b00000, 0x0000000089c00000|  0%| F|  |TAMS 0x0000000089b00000| PB 0x0000000089b00000| Untracked 
| 156|0x0000000089c00000, 0x0000000089c00000, 0x0000000089d00000|  0%| F|  |TAMS 0x0000000089c00000| PB 0x0000000089c00000| Untracked 
| 157|0x0000000089d00000, 0x0000000089d00000, 0x0000000089e00000|  0%| F|  |TAMS 0x0000000089d00000| PB 0x0000000089d00000| Untracked 
| 158|0x0000000089e00000, 0x0000000089e00000, 0x0000000089f00000|  0%| F|  |TAMS 0x0000000089e00000| PB 0x0000000089e00000| Untracked 
| 159|0x0000000089f00000, 0x0000000089f00000, 0x000000008a000000|  0%| F|  |TAMS 0x0000000089f00000| PB 0x0000000089f00000| Untracked 
| 160|0x000000008a000000, 0x000000008a000000, 0x000000008a100000|  0%| F|  |TAMS 0x000000008a000000| PB 0x000000008a000000| Untracked 
| 161|0x000000008a100000, 0x000000008a100000, 0x000000008a200000|  0%| F|  |TAMS 0x000000008a100000| PB 0x000000008a100000| Untracked 
| 162|0x000000008a200000, 0x000000008a200000, 0x000000008a300000|  0%| F|  |TAMS 0x000000008a200000| PB 0x000000008a200000| Untracked 
| 163|0x000000008a300000, 0x000000008a300000, 0x000000008a400000|  0%| F|  |TAMS 0x000000008a300000| PB 0x000000008a300000| Untracked 
| 164|0x000000008a400000, 0x000000008a400000, 0x000000008a500000|  0%| F|  |TAMS 0x000000008a400000| PB 0x000000008a400000| Untracked 
| 165|0x000000008a500000, 0x000000008a500000, 0x000000008a600000|  0%| F|  |TAMS 0x000000008a500000| PB 0x000000008a500000| Untracked 
| 166|0x000000008a600000, 0x000000008a600000, 0x000000008a700000|  0%| F|  |TAMS 0x000000008a600000| PB 0x000000008a600000| Untracked 
| 167|0x000000008a700000, 0x000000008a700000, 0x000000008a800000|  0%| F|  |TAMS 0x000000008a700000| PB 0x000000008a700000| Untracked 
| 168|0x000000008a800000, 0x000000008a800000, 0x000000008a900000|  0%| F|  |TAMS 0x000000008a800000| PB 0x000000008a800000| Untracked 
| 169|0x000000008a900000, 0x000000008a900000, 0x000000008aa00000|  0%| F|  |TAMS 0x000000008a900000| PB 0x000000008a900000| Untracked 
| 170|0x000000008aa00000, 0x000000008aa00000, 0x000000008ab00000|  0%| F|  |TAMS 0x000000008aa00000| PB 0x000000008aa00000| Untracked 
| 171|0x000000008ab00000, 0x000000008ab00000, 0x000000008ac00000|  0%| F|  |TAMS 0x000000008ab00000| PB 0x000000008ab00000| Untracked 
| 172|0x000000008ac00000, 0x000000008ac00000, 0x000000008ad00000|  0%| F|  |TAMS 0x000000008ac00000| PB 0x000000008ac00000| Untracked 
| 173|0x000000008ad00000, 0x000000008ad00000, 0x000000008ae00000|  0%| F|  |TAMS 0x000000008ad00000| PB 0x000000008ad00000| Untracked 
| 174|0x000000008ae00000, 0x000000008ae00000, 0x000000008af00000|  0%| F|  |TAMS 0x000000008ae00000| PB 0x000000008ae00000| Untracked 
| 175|0x000000008af00000, 0x000000008af00000, 0x000000008b000000|  0%| F|  |TAMS 0x000000008af00000| PB 0x000000008af00000| Untracked 
| 176|0x000000008b000000, 0x000000008b000000, 0x000000008b100000|  0%| F|  |TAMS 0x000000008b000000| PB 0x000000008b000000| Untracked 
| 177|0x000000008b100000, 0x000000008b100000, 0x000000008b200000|  0%| F|  |TAMS 0x000000008b100000| PB 0x000000008b100000| Untracked 
| 178|0x000000008b200000, 0x000000008b200000, 0x000000008b300000|  0%| F|  |TAMS 0x000000008b200000| PB 0x000000008b200000| Untracked 
| 179|0x000000008b300000, 0x000000008b300000, 0x000000008b400000|  0%| F|  |TAMS 0x000000008b300000| PB 0x000000008b300000| Untracked 
| 180|0x000000008b400000, 0x000000008b400000, 0x000000008b500000|  0%| F|  |TAMS 0x000000008b400000| PB 0x000000008b400000| Untracked 
| 181|0x000000008b500000, 0x000000008b500000, 0x000000008b600000|  0%| F|  |TAMS 0x000000008b500000| PB 0x000000008b500000| Untracked 
| 182|0x000000008b600000, 0x000000008b600000, 0x000000008b700000|  0%| F|  |TAMS 0x000000008b600000| PB 0x000000008b600000| Untracked 
| 183|0x000000008b700000, 0x000000008b700000, 0x000000008b800000|  0%| F|  |TAMS 0x000000008b700000| PB 0x000000008b700000| Untracked 
| 184|0x000000008b800000, 0x000000008b800000, 0x000000008b900000|  0%| F|  |TAMS 0x000000008b800000| PB 0x000000008b800000| Untracked 
| 185|0x000000008b900000, 0x000000008b900000, 0x000000008ba00000|  0%| F|  |TAMS 0x000000008b900000| PB 0x000000008b900000| Untracked 
| 186|0x000000008ba00000, 0x000000008ba00000, 0x000000008bb00000|  0%| F|  |TAMS 0x000000008ba00000| PB 0x000000008ba00000| Untracked 
| 187|0x000000008bb00000, 0x000000008bb00000, 0x000000008bc00000|  0%| F|  |TAMS 0x000000008bb00000| PB 0x000000008bb00000| Untracked 
| 188|0x000000008bc00000, 0x000000008bc00000, 0x000000008bd00000|  0%| F|  |TAMS 0x000000008bc00000| PB 0x000000008bc00000| Untracked 
| 189|0x000000008bd00000, 0x000000008bd00000, 0x000000008be00000|  0%| F|  |TAMS 0x000000008bd00000| PB 0x000000008bd00000| Untracked 
| 190|0x000000008be00000, 0x000000008be00000, 0x000000008bf00000|  0%| F|  |TAMS 0x000000008be00000| PB 0x000000008be00000| Untracked 
| 191|0x000000008bf00000, 0x000000008bf00000, 0x000000008c000000|  0%| F|  |TAMS 0x000000008bf00000| PB 0x000000008bf00000| Untracked 
| 192|0x000000008c000000, 0x000000008c000000, 0x000000008c100000|  0%| F|  |TAMS 0x000000008c000000| PB 0x000000008c000000| Untracked 
| 193|0x000000008c100000, 0x000000008c100000, 0x000000008c200000|  0%| F|  |TAMS 0x000000008c100000| PB 0x000000008c100000| Untracked 
| 194|0x000000008c200000, 0x000000008c200000, 0x000000008c300000|  0%| F|  |TAMS 0x000000008c200000| PB 0x000000008c200000| Untracked 
| 195|0x000000008c300000, 0x000000008c300000, 0x000000008c400000|  0%| F|  |TAMS 0x000000008c300000| PB 0x000000008c300000| Untracked 
| 196|0x000000008c400000, 0x000000008c400000, 0x000000008c500000|  0%| F|  |TAMS 0x000000008c400000| PB 0x000000008c400000| Untracked 
| 197|0x000000008c500000, 0x000000008c500000, 0x000000008c600000|  0%| F|  |TAMS 0x000000008c500000| PB 0x000000008c500000| Untracked 
| 198|0x000000008c600000, 0x000000008c600000, 0x000000008c700000|  0%| F|  |TAMS 0x000000008c600000| PB 0x000000008c600000| Untracked 
| 199|0x000000008c700000, 0x000000008c700000, 0x000000008c800000|  0%| F|  |TAMS 0x000000008c700000| PB 0x000000008c700000| Untracked 
| 200|0x000000008c800000, 0x000000008c800000, 0x000000008c900000|  0%| F|  |TAMS 0x000000008c800000| PB 0x000000008c800000| Untracked 
| 201|0x000000008c900000, 0x000000008c900000, 0x000000008ca00000|  0%| F|  |TAMS 0x000000008c900000| PB 0x000000008c900000| Untracked 
| 202|0x000000008ca00000, 0x000000008ca00000, 0x000000008cb00000|  0%| F|  |TAMS 0x000000008ca00000| PB 0x000000008ca00000| Untracked 
| 203|0x000000008cb00000, 0x000000008cb00000, 0x000000008cc00000|  0%| F|  |TAMS 0x000000008cb00000| PB 0x000000008cb00000| Untracked 
| 204|0x000000008cc00000, 0x000000008cc00000, 0x000000008cd00000|  0%| F|  |TAMS 0x000000008cc00000| PB 0x000000008cc00000| Untracked 
| 205|0x000000008cd00000, 0x000000008cd00000, 0x000000008ce00000|  0%| F|  |TAMS 0x000000008cd00000| PB 0x000000008cd00000| Untracked 
|2042|0x00000000ffa00000, 0x00000000ffa00000, 0x00000000ffb00000|  0%| F|  |TAMS 0x00000000ffa00000| PB 0x00000000ffa00000| Untracked 
|2043|0x00000000ffb00000, 0x00000000ffb00000, 0x00000000ffc00000|  0%| F|  |TAMS 0x00000000ffb00000| PB 0x00000000ffb00000| Untracked 
|2044|0x00000000ffc00000, 0x00000000ffc00000, 0x00000000ffd00000|  0%| F|  |TAMS 0x00000000ffc00000| PB 0x00000000ffc00000| Untracked 
|2045|0x00000000ffd00000, 0x00000000ffda0418, 0x00000000ffe00000| 62%| S|CS|TAMS 0x00000000ffd00000| PB 0x00000000ffd00000| Complete 
|2046|0x00000000ffe00000, 0x00000000ffe80a60, 0x00000000fff00000| 50%| E|  |TAMS 0x00000000ffe00000| PB 0x00000000ffe00000| Complete 
|2047|0x00000000fff00000, 0x0000000100000000, 0x0000000100000000|100%| O|  |TAMS 0x0000000100000000| PB 0x0000000100000000| Untracked 

Card table byte_map: [0x0000024829ae0000,0x0000024829ee0000] _byte_map_base: 0x00000248296e0000

Marking Bits: (CMBitMap*) 0x0000024816aa29f0
 Bits: [0x0000024829ee0000, 0x000002482bee0000)

Polling page: 0x00000248144b0000

Metaspace:

Usage:
  Non-class:     89.65 MB used.
      Class:     14.99 MB used.
       Both:    104.64 MB used.

Virtual space:
  Non-class space:      128.00 MB reserved,      90.94 MB ( 71%) committed,  2 nodes.
      Class space:      416.00 MB reserved,      16.25 MB (  4%) committed,  1 nodes.
             Both:      544.00 MB reserved,     107.19 MB ( 20%) committed. 

Chunk freelists:
   Non-Class:  4.19 MB
       Class:  15.76 MB
        Both:  19.95 MB

MaxMetaspaceSize: 512.00 MB
CompressedClassSpaceSize: 416.00 MB
Initial GC threshold: 21.00 MB
Current GC threshold: 177.94 MB
CDS: on
 - commit_granule_bytes: 65536.
 - commit_granule_words: 8192.
 - virtual_space_node_default_size: 8388608.
 - enlarge_chunks_in_place: 1.
 - use_allocation_guard: 0.


Internal statistics:

num_allocs_failed_limit: 9.
num_arena_births: 4806.
num_arena_deaths: 0.
num_vsnodes_births: 3.
num_vsnodes_deaths: 0.
num_space_committed: 1715.
num_space_uncommitted: 0.
num_chunks_returned_to_freelist: 9.
num_chunks_taken_from_freelist: 9986.
num_chunk_merges: 3.
num_chunk_splits: 6524.
num_chunks_enlarged: 4111.
num_inconsistent_stats: 0.

CodeHeap 'non-profiled nmethods': size=119168Kb used=8237Kb max_used=8461Kb free=110930Kb
 bounds [0x00000248217d0000, 0x0000024822020000, 0x0000024828c30000]
CodeHeap 'profiled nmethods': size=119104Kb used=26225Kb max_used=26962Kb free=92878Kb
 bounds [0x0000024819c30000, 0x000002481b690000, 0x0000024821080000]
CodeHeap 'non-nmethods': size=7488Kb used=3747Kb max_used=3803Kb free=3740Kb
 bounds [0x0000024821080000, 0x0000024821450000, 0x00000248217d0000]
CodeCache: size=245760Kb, used=38209Kb, max_used=39226Kb, free=207548Kb
 total_blobs=14438, nmethods=13532, adapters=806, full_count=0
Compilation: enabled, stopped_count=0, restarted_count=0

Compilation events (20 events):
Event: 36.867 Thread 0x000002485160d670 16123       3       java.lang.invoke.MethodHandleImpl$CountingWrapper::countDown (42 bytes)
Event: 36.867 Thread 0x000002482f21a0c0 16124       3       java.lang.invoke.MethodType::explicitCastEquivalentToAsType (63 bytes)
Event: 36.867 Thread 0x000002485160d670 nmethod 16123 0x0000024819cf0b10 code [0x0000024819cf0ce0, 0x0000024819cf0f98]
Event: 36.867 Thread 0x000002482f21a0c0 nmethod 16124 0x0000024819cb2390 code [0x0000024819cb2580, 0x0000024819cb2980]
Event: 36.868 Thread 0x00000248516084b0 nmethod 16120 0x000002481a6ccc10 code [0x000002481a6cd160, 0x000002481a6d0610]
Event: 36.868 Thread 0x00000248516084b0 16125       1       org.gradle.api.internal.project.BuildOperationCrossProjectConfigurator::access$300 (5 bytes)
Event: 36.869 Thread 0x00000248516084b0 nmethod 16125 0x000002482200f810 code [0x000002482200f9a0, 0x000002482200fa50]
Event: 36.879 Thread 0x000002482f215980 16126       4       java.lang.invoke.MethodHandleImpl::makePairwiseConvertByEditor (617 bytes)
Event: 36.879 Thread 0x000002485160b460 16128       4       java.lang.invoke.MethodHandleImpl::computeValueConversions (121 bytes)
Event: 36.881 Thread 0x000002485160d670 16130       3       java.util.ComparableTimSort::gallopRight (327 bytes)
Event: 36.882 Thread 0x000002485160d670 nmethod 16130 0x000002481a1c9c90 code [0x000002481a1c9ec0, 0x000002481a1ca950]
Event: 36.882 Thread 0x000002485160d670 16131       3       java.util.ComparableTimSort::gallopLeft (327 bytes)
Event: 36.882 Thread 0x000002485160d670 nmethod 16131 0x000002481a548f90 code [0x000002481a5491c0, 0x000002481a549c28]
Event: 36.900 Thread 0x000002485160b460 nmethod 16128 0x000002482200fb10 code [0x000002482200fe20, 0x0000024822010ef0]
Event: 36.901 Thread 0x000002485160b460 16129       4       org.codehaus.groovy.runtime.metaclass.MetaMethodIndex::resize (107 bytes)
Event: 36.912 Thread 0x000002485160b460 nmethod 16129 0x0000024822011a10 code [0x0000024822011bc0, 0x00000248220121d0]
Event: 36.913 Thread 0x000002485160b460 16127       4       java.lang.invoke.MethodHandleImpl::makePairwiseConvert (22 bytes)
Event: 36.914 Thread 0x000002485160b460 nmethod 16127 0x0000024822012390 code [0x0000024822012520, 0x00000248220125f0]
Event: 36.976 Thread 0x000002485160b460 16132       4       java.lang.Throwable::<init> (39 bytes)
Event: 36.982 Thread 0x000002485160b460 nmethod 16132 0x0000024822012710 code [0x0000024822012900, 0x0000024822013478]

GC Heap History (20 events):
Event: 28.921 GC heap before
{Heap before GC invocations=39 (full 0):
 garbage-first heap   total 165888K, used 150510K [0x0000000080000000, 0x0000000100000000)
  region size 1024K, 46 young (47104K), 3 survivors (3072K)
 Metaspace       used 92707K, committed 95168K, reserved 557056K
  class space    used 13277K, committed 14528K, reserved 425984K
}
Event: 28.924 GC heap after
{Heap after GC invocations=40 (full 0):
 garbage-first heap   total 165888K, used 107497K [0x0000000080000000, 0x0000000100000000)
  region size 1024K, 4 young (4096K), 4 survivors (4096K)
 Metaspace       used 92707K, committed 95168K, reserved 557056K
  class space    used 13277K, committed 14528K, reserved 425984K
}
Event: 29.596 GC heap before
{Heap before GC invocations=41 (full 0):
 garbage-first heap   total 181248K, used 151529K [0x0000000080000000, 0x0000000100000000)
  region size 1024K, 48 young (49152K), 4 survivors (4096K)
 Metaspace       used 94550K, committed 97088K, reserved 557056K
  class space    used 13514K, committed 14784K, reserved 425984K
}
Event: 29.600 GC heap after
{Heap after GC invocations=42 (full 0):
 garbage-first heap   total 181248K, used 111332K [0x0000000080000000, 0x0000000100000000)
  region size 1024K, 6 young (6144K), 6 survivors (6144K)
 Metaspace       used 94550K, committed 97088K, reserved 557056K
  class space    used 13514K, committed 14784K, reserved 425984K
}
Event: 30.447 GC heap before
{Heap before GC invocations=42 (full 0):
 garbage-first heap   total 181248K, used 166628K [0x0000000080000000, 0x0000000100000000)
  region size 1024K, 59 young (60416K), 6 survivors (6144K)
 Metaspace       used 97554K, committed 100096K, reserved 557056K
  class space    used 13941K, committed 15232K, reserved 425984K
}
Event: 30.458 GC heap after
{Heap after GC invocations=43 (full 0):
 garbage-first heap   total 181248K, used 113523K [0x0000000080000000, 0x0000000100000000)
  region size 1024K, 7 young (7168K), 7 survivors (7168K)
 Metaspace       used 97554K, committed 100096K, reserved 557056K
  class space    used 13941K, committed 15232K, reserved 425984K
}
Event: 31.239 GC heap before
{Heap before GC invocations=43 (full 0):
 garbage-first heap   total 181248K, used 167795K [0x0000000080000000, 0x0000000100000000)
  region size 1024K, 60 young (61440K), 7 survivors (7168K)
 Metaspace       used 101199K, committed 103808K, reserved 557056K
  class space    used 14590K, committed 15872K, reserved 425984K
}
Event: 31.244 GC heap after
{Heap after GC invocations=44 (full 0):
 garbage-first heap   total 181248K, used 115047K [0x0000000080000000, 0x0000000100000000)
  region size 1024K, 5 young (5120K), 5 survivors (5120K)
 Metaspace       used 101199K, committed 103808K, reserved 557056K
  class space    used 14590K, committed 15872K, reserved 425984K
}
Event: 32.113 GC heap before
{Heap before GC invocations=45 (full 0):
 garbage-first heap   total 193536K, used 169319K [0x0000000080000000, 0x0000000100000000)
  region size 1024K, 58 young (59392K), 5 survivors (5120K)
 Metaspace       used 104070K, committed 106752K, reserved 557056K
  class space    used 14989K, committed 16320K, reserved 425984K
}
Event: 32.116 GC heap after
{Heap after GC invocations=46 (full 0):
 garbage-first heap   total 193536K, used 116837K [0x0000000080000000, 0x0000000100000000)
  region size 1024K, 4 young (4096K), 4 survivors (4096K)
 Metaspace       used 104070K, committed 106752K, reserved 557056K
  class space    used 14989K, committed 16320K, reserved 425984K
}
Event: 33.621 GC heap before
{Heap before GC invocations=46 (full 0):
 garbage-first heap   total 193536K, used 181349K [0x0000000080000000, 0x0000000100000000)
  region size 1024K, 67 young (68608K), 4 survivors (4096K)
 Metaspace       used 106577K, committed 109248K, reserved 557056K
  class space    used 15282K, committed 16576K, reserved 425984K
}
Event: 33.631 GC heap after
{Heap after GC invocations=47 (full 0):
 garbage-first heap   total 194560K, used 121666K [0x0000000080000000, 0x0000000100000000)
  region size 1024K, 9 young (9216K), 9 survivors (9216K)
 Metaspace       used 106577K, committed 109248K, reserved 557056K
  class space    used 15282K, committed 16576K, reserved 425984K
}
Event: 35.070 GC heap before
{Heap before GC invocations=47 (full 0):
 garbage-first heap   total 194560K, used 180034K [0x0000000080000000, 0x0000000100000000)
  region size 1024K, 67 young (68608K), 9 survivors (9216K)
 Metaspace       used 106687K, committed 109312K, reserved 557056K
  class space    used 15282K, committed 16576K, reserved 425984K
}
Event: 35.078 GC heap after
{Heap after GC invocations=48 (full 0):
 garbage-first heap   total 198656K, used 129029K [0x0000000080000000, 0x0000000100000000)
  region size 1024K, 8 young (8192K), 8 survivors (8192K)
 Metaspace       used 106687K, committed 109312K, reserved 557056K
  class space    used 15282K, committed 16576K, reserved 425984K
}
Event: 36.395 GC heap before
{Heap before GC invocations=49 (full 0):
 garbage-first heap   total 217088K, used 182277K [0x0000000080000000, 0x0000000100000000)
  region size 1024K, 61 young (62464K), 8 survivors (8192K)
 Metaspace       used 106688K, committed 109312K, reserved 557056K
  class space    used 15282K, committed 16576K, reserved 425984K
}
Event: 36.399 GC heap after
{Heap after GC invocations=50 (full 0):
 garbage-first heap   total 217088K, used 130590K [0x0000000080000000, 0x0000000100000000)
  region size 1024K, 5 young (5120K), 5 survivors (5120K)
 Metaspace       used 106688K, committed 109312K, reserved 557056K
  class space    used 15282K, committed 16576K, reserved 425984K
}
Event: 36.931 GC heap before
{Heap before GC invocations=50 (full 0):
 garbage-first heap   total 217088K, used 200222K [0x0000000080000000, 0x0000000100000000)
  region size 1024K, 73 young (74752K), 5 survivors (5120K)
 Metaspace       used 107150K, committed 109760K, reserved 557056K
  class space    used 15350K, committed 16640K, reserved 425984K
}
Event: 36.938 GC heap after
{Heap after GC invocations=51 (full 0):
 garbage-first heap   total 217088K, used 134840K [0x0000000080000000, 0x0000000100000000)
  region size 1024K, 10 young (10240K), 10 survivors (10240K)
 Metaspace       used 107150K, committed 109760K, reserved 557056K
  class space    used 15350K, committed 16640K, reserved 425984K
}
Event: 36.965 GC heap before
{Heap before GC invocations=51 (full 0):
 garbage-first heap   total 217088K, used 134840K [0x0000000080000000, 0x0000000100000000)
  region size 1024K, 11 young (11264K), 10 survivors (10240K)
 Metaspace       used 107150K, committed 109760K, reserved 557056K
  class space    used 15350K, committed 16640K, reserved 425984K
}
Event: 36.970 GC heap after
{Heap after GC invocations=52 (full 0):
 garbage-first heap   total 217088K, used 135024K [0x0000000080000000, 0x0000000100000000)
  region size 1024K, 1 young (1024K), 1 survivors (1024K)
 Metaspace       used 107150K, committed 109760K, reserved 557056K
  class space    used 15350K, committed 16640K, reserved 425984K
}

Dll operation events (14 events):
Event: 0.015 Loaded shared library C:\Users\jibri\.cursor\extensions\redhat.java-1.53.0-win32-x64\jre\21.0.10-win32-x86_64\bin\java.dll
Event: 0.068 Loaded shared library C:\Users\jibri\.cursor\extensions\redhat.java-1.53.0-win32-x64\jre\21.0.10-win32-x86_64\bin\zip.dll
Event: 0.082 Loaded shared library C:\Users\jibri\.cursor\extensions\redhat.java-1.53.0-win32-x64\jre\21.0.10-win32-x86_64\bin\instrument.dll
Event: 0.087 Loaded shared library C:\Users\jibri\.cursor\extensions\redhat.java-1.53.0-win32-x64\jre\21.0.10-win32-x86_64\bin\net.dll
Event: 0.092 Loaded shared library C:\Users\jibri\.cursor\extensions\redhat.java-1.53.0-win32-x64\jre\21.0.10-win32-x86_64\bin\nio.dll
Event: 0.096 Loaded shared library C:\Users\jibri\.cursor\extensions\redhat.java-1.53.0-win32-x64\jre\21.0.10-win32-x86_64\bin\zip.dll
Event: 0.312 Loaded shared library C:\Users\jibri\.cursor\extensions\redhat.java-1.53.0-win32-x64\jre\21.0.10-win32-x86_64\bin\jimage.dll
Event: 0.438 Loaded shared library C:\Users\jibri\.cursor\extensions\redhat.java-1.53.0-win32-x64\jre\21.0.10-win32-x86_64\bin\verify.dll
Event: 0.457 Loaded shared library C:\Users\jibri\.gradle\native\1def1411415f61bf3af743bc5b6707747c0891f09f0c88961ee8f79bc544acac\windows-amd64\native-platform.dll
Event: 0.464 Loaded shared library C:\Users\jibri\.gradle\native\0.2.8\x86_64-windows-gnu\gradle-fileevents.dll
Event: 1.078 Loaded shared library C:\Users\jibri\.cursor\extensions\redhat.java-1.53.0-win32-x64\jre\21.0.10-win32-x86_64\bin\management.dll
Event: 1.081 Loaded shared library C:\Users\jibri\.cursor\extensions\redhat.java-1.53.0-win32-x64\jre\21.0.10-win32-x86_64\bin\management_ext.dll
Event: 1.193 Loaded shared library C:\Users\jibri\.cursor\extensions\redhat.java-1.53.0-win32-x64\jre\21.0.10-win32-x86_64\bin\extnet.dll
Event: 1.347 Loaded shared library C:\Users\jibri\.cursor\extensions\redhat.java-1.53.0-win32-x64\jre\21.0.10-win32-x86_64\bin\sunmscapi.dll

Deoptimization events (20 events):
Event: 36.279 Thread 0x000002482fa25be0 DEOPT PACKING pc=0x0000024821b240b8 sp=0x0000005ccbffdb10
Event: 36.279 Thread 0x000002482fa25be0 DEOPT UNPACKING pc=0x00000248210d4422 sp=0x0000005ccbffda48 mode 2
Event: 36.321 Thread 0x000002484f39e760 Uncommon trap: trap_request=0xffffffd6 fr.pc=0x0000024821fb8578 relative=0x00000000000012b8
Event: 36.321 Thread 0x000002484f39e760 Uncommon trap: reason=array_check action=maybe_recompile pc=0x0000024821fb8578 method=java.util.TimSort.reverseRange([Ljava/lang/Object;II)V @ 27 c2
Event: 36.321 Thread 0x000002484f39e760 DEOPT PACKING pc=0x0000024821fb8578 sp=0x0000005cccbfde90
Event: 36.321 Thread 0x000002484f39e760 DEOPT UNPACKING pc=0x00000248210d4422 sp=0x0000005cccbfdcc0 mode 2
Event: 36.322 Thread 0x000002484f39e760 Uncommon trap: trap_request=0xffffffd6 fr.pc=0x0000024821fb8578 relative=0x00000000000012b8
Event: 36.322 Thread 0x000002484f39e760 Uncommon trap: reason=array_check action=maybe_recompile pc=0x0000024821fb8578 method=java.util.TimSort.reverseRange([Ljava/lang/Object;II)V @ 27 c2
Event: 36.324 Thread 0x000002484f39e760 DEOPT PACKING pc=0x0000024821fb8578 sp=0x0000005cccbfde90
Event: 36.324 Thread 0x000002484f39e760 DEOPT UNPACKING pc=0x00000248210d4422 sp=0x0000005cccbfdcc0 mode 2
Event: 36.859 Thread 0x0000024850559f10 Uncommon trap: trap_request=0xffffff45 fr.pc=0x0000024821cc1610 relative=0x0000000000000650
Event: 36.859 Thread 0x0000024850559f10 Uncommon trap: reason=unstable_if action=reinterpret pc=0x0000024821cc1610 method=it.unimi.dsi.fastutil.objects.ReferenceOpenHashSet.shiftKeys(I)V @ 50 c2
Event: 36.859 Thread 0x0000024850559f10 DEOPT PACKING pc=0x0000024821cc1610 sp=0x0000005cc48f7b20
Event: 36.859 Thread 0x0000024850559f10 DEOPT UNPACKING pc=0x00000248210d4422 sp=0x0000005cc48f7920 mode 2
Event: 36.859 Thread 0x0000024850559f10 Uncommon trap: trap_request=0xffffff45 fr.pc=0x0000024821cc3314 relative=0x00000000000005d4
Event: 36.859 Thread 0x0000024850559f10 Uncommon trap: reason=unstable_if action=reinterpret pc=0x0000024821cc3314 method=it.unimi.dsi.fastutil.objects.ReferenceOpenHashSet.shiftKeys(I)V @ 50 c2
Event: 36.859 Thread 0x0000024850559f10 DEOPT PACKING pc=0x0000024821cc3314 sp=0x0000005cc48f7ba0
Event: 36.859 Thread 0x0000024850559f10 DEOPT UNPACKING pc=0x00000248210d4422 sp=0x0000005cc48f7a00 mode 2
Event: 36.881 Thread 0x0000024850559f10 DEOPT PACKING pc=0x000002481a502cd6 sp=0x0000005cc48f7540
Event: 36.881 Thread 0x0000024850559f10 DEOPT UNPACKING pc=0x00000248210d4bc2 sp=0x0000005cc48f6990 mode 0

Classes loaded (20 events):
Event: 32.996 Loading class jdk/internal/jimage/ImageReader$Node done
Event: 32.996 Loading class jdk/internal/jimage/ImageReader$Directory done
Event: 32.997 Loading class jdk/internal/jrtfs/SystemImage$1
Event: 32.997 Loading class jdk/internal/jrtfs/SystemImage$1 done
Event: 32.998 Loading class jdk/internal/jimage/ImageReader$SharedImageReader$LocationVisitor
Event: 32.999 Loading class jdk/internal/jimage/ImageReader$SharedImageReader$LocationVisitor done
Event: 32.999 Loading class java/nio/ByteBufferAsIntBufferL
Event: 33.001 Loading class java/nio/ByteBufferAsIntBufferL done
Event: 33.009 Loading class jdk/internal/jrtfs/JrtFileAttributes
Event: 33.009 Loading class jdk/internal/jrtfs/JrtFileAttributes done
Event: 33.010 Loading class jdk/internal/jrtfs/JrtDirectoryStream
Event: 33.010 Loading class jdk/internal/jrtfs/JrtDirectoryStream done
Event: 33.011 Loading class jdk/internal/jrtfs/JrtDirectoryStream$1
Event: 33.011 Loading class jdk/internal/jrtfs/JrtDirectoryStream$1 done
Event: 33.011 Loading class jdk/internal/jimage/ImageReader$Resource
Event: 33.011 Loading class jdk/internal/jimage/ImageReader$Resource done
Event: 33.106 Loading class java/util/WeakHashMap$KeyIterator
Event: 33.106 Loading class java/util/WeakHashMap$HashIterator
Event: 33.107 Loading class java/util/WeakHashMap$HashIterator done
Event: 33.107 Loading class java/util/WeakHashMap$KeyIterator done

Classes unloaded (0 events):
No events

Classes redefined (0 events):
No events

Internal exceptions (20 events):
Event: 32.021 Thread 0x0000024850559f10 Exception <a 'java/lang/ClassNotFoundException'{0x0000000088da4350}: com/android/build/gradle/internal/api/ApkVariantOutputImpl_DecoratedBeanInfo> (0x0000000088da4350) 
thrown [s\src\hotspot\share\classfile\systemDictionary.cpp, line 312]
Event: 32.022 Thread 0x0000024850559f10 Exception <a 'java/lang/ClassNotFoundException'{0x0000000088db6c58}: com/android/build/gradle/internal/api/ApkVariantOutputImplBeanInfo> (0x0000000088db6c58) 
thrown [s\src\hotspot\share\classfile\systemDictionary.cpp, line 312]
Event: 32.023 Thread 0x0000024850559f10 Exception <a 'java/lang/ClassNotFoundException'{0x0000000088dc9578}: com/android/build/gradle/internal/api/BaseVariantOutputImplBeanInfo> (0x0000000088dc9578) 
thrown [s\src\hotspot\share\classfile\systemDictionary.cpp, line 312]
Event: 32.023 Thread 0x0000024850559f10 Exception <a 'java/lang/ClassNotFoundException'{0x0000000088ddbe70}: com/android/build/gradle/internal/api/BaseVariantOutputImplCustomizer> (0x0000000088ddbe70) 
thrown [s\src\hotspot\share\classfile\systemDictionary.cpp, line 312]
Event: 32.024 Thread 0x0000024850559f10 Exception <a 'java/lang/ClassNotFoundException'{0x0000000088c020f0}: com/android/build/gradle/internal/api/ApkVariantOutputImplCustomizer> (0x0000000088c020f0) 
thrown [s\src\hotspot\share\classfile\systemDictionary.cpp, line 312]
Event: 32.025 Thread 0x0000024850559f10 Exception <a 'java/lang/ClassNotFoundException'{0x0000000088c23b78}: com/android/build/gradle/internal/api/ApkVariantOutputImpl_DecoratedCustomizer> (0x0000000088c23b78) 
thrown [s\src\hotspot\share\classfile\systemDictionary.cpp, line 312]
Event: 32.133 Thread 0x0000024850559f10 Exception <a 'java/lang/ClassNotFoundException'{0x00000000ffd6a8f0}: com/android/build/gradle/internal/api/ReadOnlyBuildTypeBeanInfo> (0x00000000ffd6a8f0) 
thrown [s\src\hotspot\share\classfile\systemDictionary.cpp, line 312]
Event: 32.133 Thread 0x0000024850559f10 Exception <a 'java/lang/ClassNotFoundException'{0x00000000ffd7db40}: com/android/build/gradle/internal/api/ReadOnlyBaseConfigBeanInfo> (0x00000000ffd7db40) 
thrown [s\src\hotspot\share\classfile\systemDictionary.cpp, line 312]
Event: 32.134 Thread 0x0000024850559f10 Exception <a 'java/lang/ClassNotFoundException'{0x00000000ffd912c0}: com/android/build/gradle/internal/api/ReadOnlyBaseConfigCustomizer> (0x00000000ffd912c0) 
thrown [s\src\hotspot\share\classfile\systemDictionary.cpp, line 312]
Event: 32.135 Thread 0x0000024850559f10 Exception <a 'java/lang/ClassNotFoundException'{0x00000000ffdb4a40}: com/android/build/gradle/internal/api/ReadOnlyBuildTypeCustomizer> (0x00000000ffdb4a40) 
thrown [s\src\hotspot\share\classfile\systemDictionary.cpp, line 312]
Event: 32.820 Thread 0x0000024850559f10 Exception <a 'java/lang/ClassNotFoundException'{0x000000008a4e5e70}: build_639huft3hhhj2jmmborl59m48BeanInfo> (0x000000008a4e5e70) 
thrown [s\src\hotspot\share\classfile\systemDictionary.cpp, line 312]
Event: 32.820 Thread 0x0000024850559f10 Exception <a 'java/lang/ClassNotFoundException'{0x000000008a4ecee8}: build_639huft3hhhj2jmmborl59m48Customizer> (0x000000008a4ecee8) 
thrown [s\src\hotspot\share\classfile\systemDictionary.cpp, line 312]
Event: 32.837 Thread 0x0000024850559f10 Exception <a 'java/lang/ClassNotFoundException'{0x000000008a383d40}: groovy/lang/GString$1BeanInfo> (0x000000008a383d40) 
thrown [s\src\hotspot\share\classfile\systemDictionary.cpp, line 312]
Event: 32.837 Thread 0x0000024850559f10 Exception <a 'java/lang/ClassNotFoundException'{0x000000008a3966a0}: groovy/lang/GStringBeanInfo> (0x000000008a3966a0) 
thrown [s\src\hotspot\share\classfile\systemDictionary.cpp, line 312]
Event: 32.838 Thread 0x0000024850559f10 Exception <a 'java/lang/ClassNotFoundException'{0x000000008a3a8fd0}: groovy/lang/GStringCustomizer> (0x000000008a3a8fd0) 
thrown [s\src\hotspot\share\classfile\systemDictionary.cpp, line 312]
Event: 32.839 Thread 0x0000024850559f10 Exception <a 'java/lang/ClassNotFoundException'{0x000000008a3c7b50}: groovy/lang/GString$1Customizer> (0x000000008a3c7b50) 
thrown [s\src\hotspot\share\classfile\systemDictionary.cpp, line 312]
Event: 32.848 Thread 0x0000024850559f10 Exception <a 'java/lang/ClassNotFoundException'{0x000000008a22ddd0}: org/codehaus/groovy/runtime/GStringImplBeanInfo> (0x000000008a22ddd0) 
thrown [s\src\hotspot\share\classfile\systemDictionary.cpp, line 312]
Event: 32.849 Thread 0x0000024850559f10 Exception <a 'java/lang/ClassNotFoundException'{0x000000008a240fb8}: org/codehaus/groovy/runtime/GStringImplCustomizer> (0x000000008a240fb8) 
thrown [s\src\hotspot\share\classfile\systemDictionary.cpp, line 312]
Event: 36.654 Thread 0x0000024850559f10 Exception <a 'java/lang/ClassNotFoundException'{0x0000000089388970}: build_639huft3hhhj2jmmborl59m48BeanInfo> (0x0000000089388970) 
thrown [s\src\hotspot\share\classfile\systemDictionary.cpp, line 312]
Event: 36.654 Thread 0x0000024850559f10 Exception <a 'java/lang/ClassNotFoundException'{0x000000008938f980}: build_639huft3hhhj2jmmborl59m48Customizer> (0x000000008938f980) 
thrown [s\src\hotspot\share\classfile\systemDictionary.cpp, line 312]

ZGC Phase Switch (0 events):
No events

VM Operations (20 events):
Event: 33.007 Executing non-safepoint VM operation: HandshakeAllThreads (Deoptimize) done
Event: 33.216 Executing safepoint VM operation: ICBufferFull
Event: 33.217 Executing safepoint VM operation: ICBufferFull done
Event: 33.621 Executing safepoint VM operation: G1CollectForAllocation (G1 Evacuation Pause)
Event: 33.632 Executing safepoint VM operation: G1CollectForAllocation (G1 Evacuation Pause) done
Event: 34.646 Executing safepoint VM operation: Cleanup
Event: 34.647 Executing safepoint VM operation: Cleanup done
Event: 35.070 Executing safepoint VM operation: G1CollectForAllocation (G1 Evacuation Pause)
Event: 35.078 Executing safepoint VM operation: G1CollectForAllocation (G1 Evacuation Pause) done
Event: 35.116 Executing safepoint VM operation: G1PauseRemark
Event: 36.125 Executing safepoint VM operation: G1PauseRemark done
Event: 36.167 Executing safepoint VM operation: G1PauseCleanup
Event: 36.171 Executing safepoint VM operation: G1PauseCleanup done
Event: 36.395 Executing safepoint VM operation: G1CollectForAllocation (G1 Evacuation Pause)
Event: 36.399 Executing safepoint VM operation: G1CollectForAllocation (G1 Evacuation Pause) done
Event: 36.931 Executing safepoint VM operation: G1CollectForAllocation (G1 Evacuation Pause)
Event: 36.938 Executing safepoint VM operation: G1CollectForAllocation (G1 Evacuation Pause) done
Event: 36.965 Executing safepoint VM operation: G1TryInitiateConcMark (G1 Humongous Allocation)
Event: 36.970 Executing safepoint VM operation: G1TryInitiateConcMark (G1 Humongous Allocation) done
Event: 37.011 Executing safepoint VM operation: G1PauseRemark

Memory protections (0 events):
No events

Nmethod flushes (20 events):
Event: 37.018 Thread 0x000002482e505b80 flushing  nmethod 0x0000024821f01d90
Event: 37.018 Thread 0x000002482e505b80 flushing  nmethod 0x0000024819c9c590
Event: 37.018 Thread 0x000002482e505b80 flushing  nmethod 0x0000024819cf3690
Event: 37.018 Thread 0x000002482e505b80 flushing  nmethod 0x000002481a137510
Event: 37.018 Thread 0x000002482e505b80 flushing  nmethod 0x000002481a93ad10
Event: 37.018 Thread 0x000002482e505b80 flushing  nmethod 0x000002481a942310
Event: 37.018 Thread 0x000002482e505b80 flushing  nmethod 0x000002481ace8290
Event: 37.018 Thread 0x000002482e505b80 flushing  nmethod 0x000002481ace9d90
Event: 37.018 Thread 0x000002482e505b80 flushing  nmethod 0x000002481ad82f10
Event: 37.018 Thread 0x000002482e505b80 flushing  nmethod 0x000002481ad8c290
Event: 37.018 Thread 0x000002482e505b80 flushing  nmethod 0x000002481b276f10
Event: 37.018 Thread 0x000002482e505b80 flushing  nmethod 0x0000024819ea0a90
Event: 37.018 Thread 0x000002482e505b80 flushing  nmethod 0x0000024819ec8210
Event: 37.018 Thread 0x000002482e505b80 flushing  nmethod 0x0000024819ec8b10
Event: 37.018 Thread 0x000002482e505b80 flushing  nmethod 0x000002481a1d0690
Event: 37.018 Thread 0x000002482e505b80 flushing  nmethod 0x000002481a1dd490
Event: 37.018 Thread 0x000002482e505b80 flushing  nmethod 0x000002481a200c90
Event: 37.018 Thread 0x000002482e505b80 flushing  nmethod 0x000002481a6dc390
Event: 37.018 Thread 0x000002482e505b80 flushing  nmethod 0x000002481a6dc910
Event: 37.018 Thread 0x000002482e505b80 flushing  nmethod 0x000002481a6fcb10

Events (20 events):
Event: 26.639 Thread 0x0000024850c2f8a0 Thread added: 0x0000024850c2d690
Event: 26.639 Thread 0x0000024850c2f8a0 Thread added: 0x0000024850c2c8f0
Event: 28.294 Thread 0x0000024850559f10 Thread added: 0x00000248541862a0
Event: 28.531 Thread 0x0000024850c2d690 Thread exited: 0x0000024850c2d690
Event: 28.729 Thread 0x0000024850c2f8a0 Thread added: 0x0000024850c2d690
Event: 29.351 Thread 0x0000024850559f10 Thread added: 0x0000024854d98740
Event: 30.422 Thread 0x0000024850c2d690 Thread exited: 0x0000024850c2d690
Event: 30.520 Thread 0x0000024850c2a010 Thread added: 0x0000024850c2d690
Event: 30.771 Thread 0x0000024850c2d690 Thread exited: 0x0000024850c2d690
Event: 31.579 Thread 0x0000024850c2a010 Thread added: 0x000002485160a6c0
Event: 32.804 Thread 0x0000024850559f10 Thread added: 0x0000024852a75150
Event: 34.912 Thread 0x000002485160a6c0 Thread exited: 0x000002485160a6c0
Event: 34.912 Thread 0x0000024850c2a010 Thread exited: 0x0000024850c2a010
Event: 34.912 Thread 0x0000024850c2c8f0 Thread exited: 0x0000024850c2c8f0
Event: 34.912 Thread 0x0000024850c2f8a0 Thread exited: 0x0000024850c2f8a0
Event: 36.129 Thread 0x000002482f215980 Thread added: 0x000002485160b460
Event: 36.624 Thread 0x0000024850559f10 Thread added: 0x000002485418b7f0
Event: 36.824 Thread 0x000002482f21a0c0 Thread added: 0x000002485160bb30
Event: 36.824 Thread 0x000002482f21a0c0 Thread added: 0x00000248516084b0
Event: 36.824 Thread 0x000002482f21a0c0 Thread added: 0x000002485160d670


Dynamic libraries:
0x00007ff7a13d0000 - 0x00007ff7a13de000 	C:\Users\jibri\.cursor\extensions\redhat.java-1.53.0-win32-x64\jre\21.0.10-win32-x86_64\bin\java.exe
0x00007ffd3e040000 - 0x00007ffd3e2a8000 	C:\WINDOWS\SYSTEM32\ntdll.dll
0x00007ffcf5990000 - 0x00007ffcf59b0000 	C:\Program Files\Avast Software\Avast\aswhook.dll
0x00007ffd3d9e0000 - 0x00007ffd3daa9000 	C:\WINDOWS\System32\KERNEL32.DLL
0x00007ffd3aa70000 - 0x00007ffd3ae61000 	C:\WINDOWS\System32\KERNELBASE.dll
0x00007ffd37e80000 - 0x00007ffd37f1e000 	C:\WINDOWS\SYSTEM32\apphelp.dll
0x00007ffd3a920000 - 0x00007ffd3aa6b000 	C:\WINDOWS\System32\ucrtbase.dll
0x00007ffcd5340000 - 0x00007ffcd5358000 	C:\Users\jibri\.cursor\extensions\redhat.java-1.53.0-win32-x64\jre\21.0.10-win32-x86_64\bin\jli.dll
0x00007ffcd5320000 - 0x00007ffcd533e000 	C:\Users\jibri\.cursor\extensions\redhat.java-1.53.0-win32-x64\jre\21.0.10-win32-x86_64\bin\VCRUNTIME140.dll
0x00007ffd3cab0000 - 0x00007ffd3cc76000 	C:\WINDOWS\System32\USER32.dll
0x00007ffd3aff0000 - 0x00007ffd3b017000 	C:\WINDOWS\System32\win32u.dll
0x00007ffd1eff0000 - 0x00007ffd1f283000 	C:\WINDOWS\WinSxS\amd64_microsoft.windows.common-controls_6595b64144ccf1df_6.0.26100.7824_none_3e0870b2e3345462\COMCTL32.dll
0x00007ffd3cce0000 - 0x00007ffd3cd0b000 	C:\WINDOWS\System32\GDI32.dll
0x00007ffd3bb40000 - 0x00007ffd3bc6b000 	C:\WINDOWS\System32\gdi32full.dll
0x00007ffd3cf30000 - 0x00007ffd3cfd9000 	C:\WINDOWS\System32\msvcrt.dll
0x00007ffd3b0d0000 - 0x00007ffd3b173000 	C:\WINDOWS\System32\msvcp_win.dll
0x00007ffd3dad0000 - 0x00007ffd3db01000 	C:\WINDOWS\System32\IMM32.DLL
0x00007ffcf2f70000 - 0x00007ffcf2f7c000 	C:\Users\jibri\.cursor\extensions\redhat.java-1.53.0-win32-x64\jre\21.0.10-win32-x86_64\bin\vcruntime140_1.dll
0x00007ffcd4920000 - 0x00007ffcd49ad000 	C:\Users\jibri\.cursor\extensions\redhat.java-1.53.0-win32-x64\jre\21.0.10-win32-x86_64\bin\msvcp140.dll
0x00007ffca0190000 - 0x00007ffca0f31000 	C:\Users\jibri\.cursor\extensions\redhat.java-1.53.0-win32-x64\jre\21.0.10-win32-x86_64\bin\server\jvm.dll
0x00007ffd3c8c0000 - 0x00007ffd3c974000 	C:\WINDOWS\System32\ADVAPI32.dll
0x00007ffd3beb0000 - 0x00007ffd3bf56000 	C:\WINDOWS\System32\sechost.dll
0x00007ffd3c980000 - 0x00007ffd3ca98000 	C:\WINDOWS\System32\RPCRT4.dll
0x00007ffd3d890000 - 0x00007ffd3d904000 	C:\WINDOWS\System32\WS2_32.dll
0x00007ffd3a780000 - 0x00007ffd3a7de000 	C:\WINDOWS\SYSTEM32\POWRPROF.dll
0x00007ffd2c140000 - 0x00007ffd2c175000 	C:\WINDOWS\SYSTEM32\WINMM.dll
0x00007ffd33a00000 - 0x00007ffd33a0b000 	C:\WINDOWS\SYSTEM32\VERSION.dll
0x00007ffd3a760000 - 0x00007ffd3a774000 	C:\WINDOWS\SYSTEM32\UMPDC.dll
0x00007ffd39690000 - 0x00007ffd396ab000 	C:\WINDOWS\SYSTEM32\kernel.appcore.dll
0x00007ffcd5310000 - 0x00007ffcd531a000 	C:\Users\jibri\.cursor\extensions\redhat.java-1.53.0-win32-x64\jre\21.0.10-win32-x86_64\bin\jimage.dll
0x00007ffd38950000 - 0x00007ffd38b92000 	C:\WINDOWS\SYSTEM32\DBGHELP.DLL
0x00007ffd3c060000 - 0x00007ffd3c3e6000 	C:\WINDOWS\System32\combase.dll
0x00007ffd3d740000 - 0x00007ffd3d817000 	C:\WINDOWS\System32\OLEAUT32.dll
0x00007ffd2bf00000 - 0x00007ffd2bf3b000 	C:\WINDOWS\SYSTEM32\dbgcore.DLL
0x00007ffd3b020000 - 0x00007ffd3b0c5000 	C:\WINDOWS\System32\bcryptPrimitives.dll
0x00007ffcd5460000 - 0x00007ffcd546f000 	C:\Users\jibri\.cursor\extensions\redhat.java-1.53.0-win32-x64\jre\21.0.10-win32-x86_64\bin\instrument.dll
0x00007ffcd52f0000 - 0x00007ffcd5310000 	C:\Users\jibri\.cursor\extensions\redhat.java-1.53.0-win32-x64\jre\21.0.10-win32-x86_64\bin\java.dll
0x00007ffd3cfe0000 - 0x00007ffd3d732000 	C:\WINDOWS\System32\SHELL32.dll
0x00007ffd3bc70000 - 0x00007ffd3bdda000 	C:\WINDOWS\System32\wintypes.dll
0x00007ffd3b180000 - 0x00007ffd3b9e3000 	C:\WINDOWS\System32\windows.storage.dll
0x00007ffd3c7c0000 - 0x00007ffd3c8b6000 	C:\WINDOWS\System32\SHCORE.dll
0x00007ffd3d820000 - 0x00007ffd3d887000 	C:\WINDOWS\System32\shlwapi.dll
0x00007ffd3a840000 - 0x00007ffd3a869000 	C:\WINDOWS\SYSTEM32\profapi.dll
0x00007ffcf7e80000 - 0x00007ffcf7e98000 	C:\Users\jibri\.cursor\extensions\redhat.java-1.53.0-win32-x64\jre\21.0.10-win32-x86_64\bin\zip.dll
0x00007ffcd5490000 - 0x00007ffcd54a0000 	C:\Users\jibri\.cursor\extensions\redhat.java-1.53.0-win32-x64\jre\21.0.10-win32-x86_64\bin\net.dll
0x00007ffd334c0000 - 0x00007ffd335e7000 	C:\WINDOWS\SYSTEM32\WINHTTP.dll
0x00007ffd39c10000 - 0x00007ffd39c7b000 	C:\WINDOWS\system32\mswsock.dll
0x00007ffcd5470000 - 0x00007ffcd5486000 	C:\Users\jibri\.cursor\extensions\redhat.java-1.53.0-win32-x64\jre\21.0.10-win32-x86_64\bin\nio.dll
0x00007ffcd5450000 - 0x00007ffcd5460000 	C:\Users\jibri\.cursor\extensions\redhat.java-1.53.0-win32-x64\jre\21.0.10-win32-x86_64\bin\verify.dll
0x00007ffcd55a0000 - 0x00007ffcd55c7000 	C:\Users\jibri\.gradle\native\1def1411415f61bf3af743bc5b6707747c0891f09f0c88961ee8f79bc544acac\windows-amd64\native-platform.dll
0x00007ffcd49e0000 - 0x00007ffcd4a57000 	C:\Users\jibri\.gradle\native\0.2.8\x86_64-windows-gnu\gradle-fileevents.dll
0x00007ffcd5440000 - 0x00007ffcd544a000 	C:\Users\jibri\.cursor\extensions\redhat.java-1.53.0-win32-x64\jre\21.0.10-win32-x86_64\bin\management.dll
0x00007ffcd5430000 - 0x00007ffcd543c000 	C:\Users\jibri\.cursor\extensions\redhat.java-1.53.0-win32-x64\jre\21.0.10-win32-x86_64\bin\management_ext.dll
0x00007ffd3bde0000 - 0x00007ffd3bde8000 	C:\WINDOWS\System32\PSAPI.DLL
0x00007ffd390d0000 - 0x00007ffd39104000 	C:\WINDOWS\SYSTEM32\IPHLPAPI.DLL
0x00007ffd3d9a0000 - 0x00007ffd3d9aa000 	C:\WINDOWS\System32\NSI.dll
0x00007ffcd5410000 - 0x00007ffcd5419000 	C:\Users\jibri\.cursor\extensions\redhat.java-1.53.0-win32-x64\jre\21.0.10-win32-x86_64\bin\extnet.dll
0x00007ffd39f00000 - 0x00007ffd39f1b000 	C:\WINDOWS\SYSTEM32\CRYPTSP.dll
0x00007ffd395f0000 - 0x00007ffd39629000 	C:\WINDOWS\system32\rsaenh.dll
0x00007ffd39cc0000 - 0x00007ffd39ceb000 	C:\WINDOWS\SYSTEM32\USERENV.dll
0x00007ffd3a810000 - 0x00007ffd3a83a000 	C:\WINDOWS\SYSTEM32\bcrypt.dll
0x00007ffd39f20000 - 0x00007ffd39f2c000 	C:\WINDOWS\SYSTEM32\CRYPTBASE.dll
0x00007ffcd5420000 - 0x00007ffcd542e000 	C:\Users\jibri\.cursor\extensions\redhat.java-1.53.0-win32-x64\jre\21.0.10-win32-x86_64\bin\sunmscapi.dll
0x00007ffd3ae70000 - 0x00007ffd3afe7000 	C:\WINDOWS\System32\CRYPT32.dll
0x00007ffd3a120000 - 0x00007ffd3a150000 	C:\WINDOWS\SYSTEM32\ncrypt.dll
0x00007ffd3a0d0000 - 0x00007ffd3a10f000 	C:\WINDOWS\SYSTEM32\NTASN1.dll
0x00007ffcffad0000 - 0x00007ffcffad8000 	C:\WINDOWS\system32\wshunix.dll

JVMTI agents:
C:\Users\jibri\.gradle\wrapper\dists\gradle-9.0.0-bin\d6wjpkvcgsg3oed0qlfss3wgl\gradle-9.0.0\lib\agents\gradle-instrumentation-agent-9.0.0.jar path:C:\Users\jibri\.cursor\extensions\redhat.java-1.53.0-win32-x64\jre\21.0.10-win32-x86_64\bin\instrument.dll, loaded, initialized, instrumentlib options:none

dbghelp: loaded successfully - version: 4.0.5 - missing functions: none
symbol engine: initialized successfully - sym options: 0x614 - pdb path: .;C:\Users\jibri\.cursor\extensions\redhat.java-1.53.0-win32-x64\jre\21.0.10-win32-x86_64\bin;C:\WINDOWS\SYSTEM32;C:\Program Files\Avast Software\Avast;C:\WINDOWS\WinSxS\amd64_microsoft.windows.common-controls_6595b64144ccf1df_6.0.26100.7824_none_3e0870b2e3345462;C:\Users\jibri\.cursor\extensions\redhat.java-1.53.0-win32-x64\jre\21.0.10-win32-x86_64\bin\server;C:\Users\jibri\.gradle\native\1def1411415f61bf3af743bc5b6707747c0891f09f0c88961ee8f79bc544acac\windows-amd64;C:\Users\jibri\.gradle\native\0.2.8\x86_64-windows-gnu

VM Arguments:
jvm_args: --add-opens=java.base/java.lang=ALL-UNNAMED --add-opens=java.base/java.lang.invoke=ALL-UNNAMED --add-opens=java.base/java.util=ALL-UNNAMED --add-opens=java.prefs/java.util.prefs=ALL-UNNAMED --add-exports=jdk.compiler/com.sun.tools.javac.api=ALL-UNNAMED --add-exports=jdk.compiler/com.sun.tools.javac.util=ALL-UNNAMED --add-opens=java.base/java.util=ALL-UNNAMED --add-opens=java.prefs/java.util.prefs=ALL-UNNAMED --add-opens=java.base/java.nio.charset=ALL-UNNAMED --add-opens=java.base/java.net=ALL-UNNAMED --add-opens=java.base/java.util.concurrent=ALL-UNNAMED --add-opens=java.base/java.util.concurrent.atomic=ALL-UNNAMED --add-opens=java.xml/javax.xml.namespace=ALL-UNNAMED -XX:MaxMetaspaceSize=512m -Xmx2048m -Dfile.encoding=UTF-8 -Duser.country=PH -Duser.language=en -Duser.variant -javaagent:C:\Users\jibri\.gradle\wrapper\dists\gradle-9.0.0-bin\d6wjpkvcgsg3oed0qlfss3wgl\gradle-9.0.0\lib\agents\gradle-instrumentation-agent-9.0.0.jar 
java_command: org.gradle.launcher.daemon.bootstrap.GradleDaemon 9.0.0
java_class_path (initial): C:\Users\jibri\.gradle\wrapper\dists\gradle-9.0.0-bin\d6wjpkvcgsg3oed0qlfss3wgl\gradle-9.0.0\lib\gradle-daemon-main-9.0.0.jar
Launcher Type: SUN_STANDARD

[Global flags]
     intx CICompilerCount                          = 12                                        {product} {ergonomic}
   size_t CompressedClassSpaceSize                 = 436207616                                 {product} {ergonomic}
     uint ConcGCThreads                            = 4                                         {product} {ergonomic}
     uint G1ConcRefinementThreads                  = 15                                        {product} {ergonomic}
   size_t G1HeapRegionSize                         = 1048576                                   {product} {ergonomic}
    uintx GCDrainStackTargetSize                   = 64                                        {product} {ergonomic}
   size_t InitialHeapSize                          = 130023424                                 {product} {ergonomic}
   size_t MarkStackSize                            = 4194304                                   {product} {ergonomic}
   size_t MaxHeapSize                              = 2147483648                                {product} {command line}
   size_t MaxMetaspaceSize                         = 536870912                                 {product} {command line}
   size_t MaxNewSize                               = 1287651328                                {product} {ergonomic}
   size_t MinHeapDeltaBytes                        = 1048576                                   {product} {ergonomic}
   size_t MinHeapSize                              = 8388608                                   {product} {ergonomic}
    uintx NonNMethodCodeHeapSize                   = 7602480                                {pd product} {ergonomic}
    uintx NonProfiledCodeHeapSize                  = 122027880                              {pd product} {ergonomic}
    uintx ProfiledCodeHeapSize                     = 122027880                              {pd product} {ergonomic}
    uintx ReservedCodeCacheSize                    = 251658240                              {pd product} {ergonomic}
     bool SegmentedCodeCache                       = true                                      {product} {ergonomic}
   size_t SoftMaxHeapSize                          = 2147483648                             {manageable} {ergonomic}
     bool UseCompressedOops                        = true                           {product lp64_product} {ergonomic}
     bool UseG1GC                                  = true                                      {product} {ergonomic}
     bool UseLargePagesIndividualAllocation        = false                                  {pd product} {ergonomic}

Logging:
Log output configuration:
 #0: stdout all=warning uptime,level,tags foldmultilines=false
 #1: stderr all=off uptime,level,tags foldmultilines=false

Release file:
JAVA_VERSION="21.0.10" 
MODULES="java.base java.compiler java.datatransfer java.xml java.prefs java.desktop java.instrument java.logging java.management java.security.sasl java.naming java.rmi java.management.rmi java.net.http java.scripting java.security.jgss java.transaction.xa java.sql java.sql.rowset java.xml.crypto java.se java.smartcardio jdk.accessibility jdk.internal.jvmstat jdk.attach jdk.charsets jdk.internal.opt jdk.zipfs jdk.compiler jdk.crypto.ec jdk.crypto.cryptoki jdk.crypto.mscapi jdk.dynalink jdk.internal.ed jdk.editpad jdk.hotspot.agent jdk.httpserver jdk.internal.le jdk.internal.vm.ci jdk.internal.vm.compiler jdk.internal.vm.compiler.management jdk.jartool jdk.javadoc jdk.jcmd jdk.management jdk.management.agent jdk.jconsole jdk.jdeps jdk.jdwp.agent jdk.jdi jdk.jfr jdk.jshell jdk.jsobject jdk.jstatd jdk.localedata jdk.management.jfr jdk.naming.dns jdk.naming.rmi jdk.net jdk.nio.mapmode jdk.random jdk.sctp jdk.security.auth jdk.security.jgss jdk.unsupported jdk.unsupported.desktop jdk.xml.dom" 

Environment Variables:
JAVA_HOME=C:\Program Files\Java\jdk-17
PATH=C:\Program Files\Microsoft\jdk-17.0.16.8-hotspot\bin;C:\ProgramData\Oracle\Java\javapath;C:\Program Files\NVIDIA GPU Computing Toolkit\CUDA\v12.8\bin;C:\Program Files\NVIDIA GPU Computing Toolkit\CUDA\v12.8\libnvvp;C:\Program Files\Common Files\Oracle\Java\javapath;C:\PHP\phpoldversion\;C:\Windows\system32;C:\Windows;C:\Windows\System32\Wbem;C:\Windows\System32\WindowsPowerShell\v1.0\;C:\Windows\System32\OpenSSH\;C:\Program Files (x86)\NVIDIA Corporation\PhysX\Common;C:\Program Files\Microsoft SQL Server\150\Tools\Binn\;C:\Program Files\Microsoft SQL Server\Client SDK\ODBC\170\Tools\Binn\;C:\ProgramData\ComposerSetup\bin;C:\Users\jibri\.config\herd\bin\nvm;C:\Program Files\nodejs;C:\Program Files\Java\jdk-17\bin;C:\xampp\php;C:\WINDOWS\system32;C:\WINDOWS;C:\WINDOWS\System32\Wbem;C:\WINDOWS\System32\WindowsPowerShell\v1.0\;C:\WINDOWS\System32\OpenSSH\;C:\Program Files\nodejs\;C:\Program Files\Git\cmd;C:\Program Files\Git\bin;C:\Users\jibri\AppData\Local\Pub\Cache\bin;C:\Program Files\NVIDIA Corporation\NVIDIA app\NvDLISR;C:\Program Files\heroku\bin;C:\Program Files\NVIDIA Corporation\Nsight Compute 2025.1.1\;C:\ProgramData\chocolatey\bin;C:\Users\jibri\AppData\Local\Programs\Python\Python310\Scripts;C:\Program Files\dotnet\;C:\Program Files (x86)\Windows Kits\10\Windows Performance Toolkit\;C:\Users\jibri\AppData\Local\Android\Sdk\platform-tools;C:\Program Files\Docker\Docker\resources\bin;C:\Program Files\MySQL\MySQL Shell 8.0\bin\;C:\Users\jibri\AppData\Local\Programs\Python\Python310\Scripts\;C:\Users\jibri\AppData\Local\Programs\Python\Python310\;C:\Users\jibri\.config\herd\bin;C:\Users\jibri\AppData\Local\Microsoft\WindowsApps;C:\Users\jibri\AppData\Local\Programs\Microsoft VS Code\bin;C:\Users\jibri\AppData\Roaming\Composer\vendor\bin;C:\flutter\flutter\bin;C:\Users\jibri\AppData\Roaming\npm;C:\Program Files\Git;C:\Users\jibri\AppData\Local\Pub\Cache\bin;C:\Program Files\heroku\bin;C:\Users\jibri\.dotnet\tools;C:\AppServ\Apache24\bin;C:\AppServ\php7;C:\AppServ\MySQL\bin;C:\Users\jibri\AppData\Local\Android\Sdk\build-tools;C:\ProgramData\chocolatey\bin;C:\Program Files\nodejs\;C:\Users\jibri\AppData\Local\Programs\cursor\resources\app\bin
USERNAME=jibri
OS=Windows_NT
PROCESSOR_IDENTIFIER=Intel64 Family 6 Model 191 Stepping 2, GenuineIntel
TMP=C:\Users\jibri\AppData\Local\Temp
TEMP=C:\Users\jibri\AppData\Local\Temp




Periodic native trim disabled

---------------  S Y S T E M  ---------------

OS:
 Windows 11 , 64 bit Build 26100 (10.0.26100.7705)
OS uptime: 0 days 3:58 hours
Hyper-V role detected

CPU: total 20 (initial active 20) (10 cores per cpu, 2 threads per core) family 6 model 191 stepping 2 microcode 0x2c, cx8, cmov, fxsr, ht, mmx, 3dnowpref, sse, sse2, sse3, ssse3, sse4.1, sse4.2, popcnt, lzcnt, tsc, tscinvbit, avx, avx2, aes, erms, clmul, bmi1, bmi2, adx, sha, fma, vzeroupper, clflush, clflushopt, clwb, hv, serialize, rdtscp, rdpid, fsrm, f16c, cet_ibt, cet_ss
Processor Information for processor 0
  Max Mhz: 2500, Current Mhz: 2500, Mhz Limit: 2500
Processor Information for processor 1
  Max Mhz: 2500, Current Mhz: 2500, Mhz Limit: 2500
Processor Information for processor 2
  Max Mhz: 2500, Current Mhz: 2500, Mhz Limit: 2500
Processor Information for processor 3
  Max Mhz: 2500, Current Mhz: 2500, Mhz Limit: 2500
Processor Information for processor 4
  Max Mhz: 2500, Current Mhz: 2500, Mhz Limit: 2500
Processor Information for processor 5
  Max Mhz: 2500, Current Mhz: 2500, Mhz Limit: 2500
Processor Information for processor 6
  Max Mhz: 2500, Current Mhz: 2500, Mhz Limit: 2500
Processor Information for processor 7
  Max Mhz: 2500, Current Mhz: 2500, Mhz Limit: 2500
Processor Information for processor 8
  Max Mhz: 2500, Current Mhz: 2500, Mhz Limit: 2500
Processor Information for processor 9
  Max Mhz: 2500, Current Mhz: 2500, Mhz Limit: 2500
Processor Information for processor 10
  Max Mhz: 2500, Current Mhz: 2500, Mhz Limit: 2500
Processor Information for processor 11
  Max Mhz: 2500, Current Mhz: 2500, Mhz Limit: 2500
Processor Information for processor 12
  Max Mhz: 2500, Current Mhz: 1800, Mhz Limit: 1800
Processor Information for processor 13
  Max Mhz: 2500, Current Mhz: 1500, Mhz Limit: 1800
Processor Information for processor 14
  Max Mhz: 2500, Current Mhz: 1800, Mhz Limit: 1800
Processor Information for processor 15
  Max Mhz: 2500, Current Mhz: 1800, Mhz Limit: 1800
Processor Information for processor 16
  Max Mhz: 2500, Current Mhz: 1500, Mhz Limit: 1800
Processor Information for processor 17
  Max Mhz: 2500, Current Mhz: 1500, Mhz Limit: 1800
Processor Information for processor 18
  Max Mhz: 2500, Current Mhz: 1500, Mhz Limit: 1800
Processor Information for processor 19
  Max Mhz: 2500, Current Mhz: 1500, Mhz Limit: 1800

Memory: 4k page, system-wide physical 7911M (596M free)
TotalPageFile size 32487M (AvailPageFile size 7M)
current process WorkingSet (physical memory assigned to process): 497M, peak: 498M
current process commit charge ("private bytes"): 593M, peak: 607M

vm_info: OpenJDK 64-Bit Server VM (21.0.10+7-LTS) for windows-amd64 JRE (21.0.10+7-LTS), built on 2026-01-20T00:00:00Z by "admin" with MS VC++ 17.12 (VS2022)

END.
