#
# There is insufficient memory for the Java Runtime Environment to continue.
# Native memory allocation (mmap) failed to map 298844160 bytes for G1 virtual space
# Possible reasons:
#   The system is out of physical RAM or swap space
#   The process is running with CompressedOops enabled, and the Java Heap may be blocking the growth of the native heap
# Possible solutions:
#   Reduce memory load on the system
#   Increase physical memory or swap space
#   Check if swap backing store is full
#   Decrease Java heap size (-Xmx/-Xms)
#   Decrease number of Java threads
#   Decrease Java thread stack sizes (-Xss)
#   Set larger code cache with -XX:ReservedCodeCacheSize=
#   JVM is running with Unscaled Compressed Oops mode in which the Java heap is
#     placed in the first 4GB address space. The Java Heap base address is the
#     maximum limit for the native heap growth. Please use -XX:HeapBaseMinAddress
#     to set the Java Heap base and to place the Java Heap above 4GB virtual address.
# This output file may be truncated or incomplete.
#
#  Out of Memory Error (os_windows.cpp:3551), pid=21540, tid=35760
#
# JRE version: Java(TM) SE Runtime Environment (17.0.14+8) (build 17.0.14+8-LTS-191)
# Java VM: Java HotSpot(TM) 64-Bit Server VM (17.0.14+8-LTS-191, mixed mode, sharing, tiered, compressed oops, compressed class ptrs, g1 gc, windows-amd64)
# No core dump will be written. Minidumps are not enabled by default on client versions of Windows
#

---------------  S U M M A R Y ------------

Command Line: --add-opens=java.base/java.lang=ALL-UNNAMED --add-opens=java.base/java.lang.invoke=ALL-UNNAMED --add-opens=java.base/java.util=ALL-UNNAMED --add-opens=java.prefs/java.util.prefs=ALL-UNNAMED --add-exports=jdk.compiler/com.sun.tools.javac.api=ALL-UNNAMED --add-exports=jdk.compiler/com.sun.tools.javac.util=ALL-UNNAMED --add-opens=java.base/java.util=ALL-UNNAMED --add-opens=java.prefs/java.util.prefs=ALL-UNNAMED --add-opens=java.base/java.nio.charset=ALL-UNNAMED --add-opens=java.base/java.net=ALL-UNNAMED --add-opens=java.base/java.util.concurrent=ALL-UNNAMED --add-opens=java.base/java.util.concurrent.atomic=ALL-UNNAMED --add-opens=java.xml/javax.xml.namespace=ALL-UNNAMED -XX:MaxMetaspaceSize=512m -Xmx2048m -Dfile.encoding=windows-1252 -Duser.country=PH -Duser.language=en -Duser.variant -javaagent:C:\Users\jibri\.gradle\wrapper\dists\gradle-9.0.0-bin\d6wjpkvcgsg3oed0qlfss3wgl\gradle-9.0.0\lib\agents\gradle-instrumentation-agent-9.0.0.jar org.gradle.launcher.daemon.bootstrap.GradleDaemon 9.0.0

Host: 13th Gen Intel(R) Core(TM) i5-13500HX, 20 cores, 7G,  Windows 11 , 64 bit Build 26100 (10.0.26100.8246)
Time: Fri May  8 09:54:30 2026 Malay Peninsula Standard Time elapsed time: 107.235809 seconds (0d 0h 1m 47s)

---------------  T H R E A D  ---------------

Current thread (0x000002cddf896a90):  VMThread "VM Thread" [stack: 0x000000dcb9b00000,0x000000dcb9c00000] [id=35760]

Stack: [0x000000dcb9b00000,0x000000dcb9c00000]
Native frames: (J=compiled Java code, j=interpreted, Vv=VM code, C=native code)
V  [jvm.dll+0x67a38a]
V  [jvm.dll+0x7da7ed]
V  [jvm.dll+0x7dc133]
V  [jvm.dll+0x7dc7a3]
V  [jvm.dll+0x24517f]
V  [jvm.dll+0x6773b9]
V  [jvm.dll+0x66c062]
V  [jvm.dll+0x302096]
V  [jvm.dll+0x309636]
V  [jvm.dll+0x359f8e]
V  [jvm.dll+0x35a1bf]
V  [jvm.dll+0x2d9168]
V  [jvm.dll+0x2d759d]
V  [jvm.dll+0x2d6bec]
V  [jvm.dll+0x31a74b]
V  [jvm.dll+0x7e109b]
V  [jvm.dll+0x7e1dd4]
V  [jvm.dll+0x7e22ed]
V  [jvm.dll+0x7e26c4]
V  [jvm.dll+0x7e2790]
V  [jvm.dll+0x78b04a]
V  [jvm.dll+0x679275]
C  [ucrtbase.dll+0x37b0]
C  [KERNEL32.DLL+0x2e8d7]
C  [ntdll.dll+0x8c3fc]

VM_Operation (0x000000dcc36f8c90): G1CollectForAllocation, mode: safepoint, requested by thread 0x000002cd85d6a600


---------------  P R O C E S S  ---------------

Threads class SMR info:
_java_thread_list=0x000002cda8d19280, length=354, elements={
0x000002cdc0745b80, 0x000002cddf9b40b0, 0x000002cddf9b4980, 0x000002cddf9c3df0,
0x000002cddf9c46c0, 0x000002cddf9c4f90, 0x000002cddf9c5860, 0x000002cddf9cc490,
0x000002cddf9ccda0, 0x000002cddf9d76d0, 0x000002cddfb04ab0, 0x000002cddfca03b0,
0x000002cd815cd740, 0x000002cd80ec7180, 0x000002cd81faeaf0, 0x000002cdff7f7a60,
0x000002cd81762d50, 0x000002cd81f584a0, 0x000002cd81f593d0, 0x000002cd81f57f90,
0x000002cd81f5a810, 0x000002cd81f589b0, 0x000002cd81f58ec0, 0x000002cd81f598e0,
0x000002cd81f59df0, 0x000002cd81f5a300, 0x000002cd81f57060, 0x000002cd81f57570,
0x000002cd81f57a80, 0x000002cd84053990, 0x000002cd84056210, 0x000002cd84053480,
0x000002cd84052a60, 0x000002cd840548c0, 0x000002cd84055d00, 0x000002cd84056720,
0x000002cd84052f70, 0x000002cd84057650, 0x000002cd840543b0, 0x000002cd84058070,
0x000002cd84054dd0, 0x000002cd84056c30, 0x000002cd84057b60, 0x000002cd84058580,
0x000002cd840557f0, 0x000002cd840552e0, 0x000002cd84058fa0, 0x000002cd84058a90,
0x000002cd840599c0, 0x000002cd84059ed0, 0x000002cd840594b0, 0x000002cd8405a3e0,
0x000002cd84354fe0, 0x000002cd843554f0, 0x000002cd84353180, 0x000002cd84351d40,
0x000002cd84355a00, 0x000002cd84352250, 0x000002cd843540b0, 0x000002cd843545c0,
0x000002cd84354ad0, 0x000002cd84355f10, 0x000002cd84352760, 0x000002cd84356420,
0x000002cd84352c70, 0x000002cd84356930, 0x000002cd84356e40, 0x000002cd84353690,
0x000002cd84357350, 0x000002cd84353ba0, 0x000002cd84357860, 0x000002cd84358790,
0x000002cd84357d70, 0x000002cd843596c0, 0x000002cd84358280, 0x000002cd84358ca0,
0x000002cd843591b0, 0x000002cd853fc900, 0x000002cd853fb4c0, 0x000002cd853fb9d0,
0x000002cd853fbee0, 0x000002cd853fc3f0, 0x000002cd853fa590, 0x000002cd853fce10,
0x000002cd853fa080, 0x000002cd853fd320, 0x000002cd853fd830, 0x000002cd853faaa0,
0x000002cd853fafb0, 0x000002cd856bdfd0, 0x000002cd856bc680, 0x000002cd856bef00,
0x000002cd856bf410, 0x000002cd856bd5b0, 0x000002cd856bbc60, 0x000002cd856bd0a0,
0x000002cd856bcb90, 0x000002cd856bdac0, 0x000002cd856be4e0, 0x000002cd856bf920,
0x000002cd856c2bc0, 0x000002cd856c1270, 0x000002cd856c1780, 0x000002cd856c30d0,
0x000002cd856c0850, 0x000002cd856c0340, 0x000002cd856c1c90, 0x000002cd856c21a0,
0x000002cd856bfe30, 0x000002cd85d67360, 0x000002cd85d64ff0, 0x000002cd85d67870,
0x000002cd85d65f20, 0x000002cd85d64ae0, 0x000002cd85d66430, 0x000002cd85d66e50,
0x000002cd85d66940, 0x000002cd85d640c0, 0x000002cd85d67d80, 0x000002cd85d645d0,
0x000002cd85d68cb0, 0x000002cd85d6a0f0, 0x000002cd85d6ab10, 0x000002cd85d6b530,
0x000002cd85d696d0, 0x000002cd85d6ba40, 0x000002cd85d68290, 0x000002cd85d69be0,
0x000002cd85d691c0, 0x000002cd85d6a600, 0x000002cd85d6b020, 0x000002cd85d687a0,
0x000002cd8091f570, 0x000002cd8091dc20, 0x000002cd8091e130, 0x000002cd8091d710,
0x000002cd8091f060, 0x000002cd8091c2d0, 0x000002cd8091e640, 0x000002cd8091eb50,
0x000002cd8091bdc0, 0x000002cd8091c7e0, 0x000002cd8091ccf0, 0x000002cd8091d200,
0x000002cd838da830, 0x000002cd838ddfe0, 0x000002cd838dad40, 0x000002cd838ddad0,
0x000002cd838de4f0, 0x000002cd838dea00, 0x000002cd838db250, 0x000002cd838def10,
0x000002cd838dcba0, 0x000002cd838db760, 0x000002cd838df420, 0x000002cd838dbc70,
0x000002cd838df930, 0x000002cd838dc690, 0x000002cd838dc180, 0x000002cd838dd0b0,
0x000002cd838e0350, 0x000002cd838e0860, 0x000002cd838e0d70, 0x000002cd838dd5c0,
0x000002cd838e1790, 0x000002cd838e21b0, 0x000002cd838e1280, 0x000002cd838e1ca0,
0x000002cd8501d2d0, 0x000002cd8501be90, 0x000002cd8501c3a0, 0x000002cd8501dcf0,
0x000002cd8501cdc0, 0x000002cd8501e200, 0x000002cd8501b470, 0x000002cd8501c8b0,
0x000002cd8501d7e0, 0x000002cd8501e710, 0x000002cd8501ec20, 0x000002cd8501f130,
0x000002cd8501b980, 0x000002cd85022df0, 0x000002cd8501fb50, 0x000002cd850228e0,
0x000002cd8501f640, 0x000002cd85020060, 0x000002cd85020570, 0x000002cd85021ec0,
0x000002cd85020a80, 0x000002cd85020f90, 0x000002cd850214a0, 0x000002cd850223d0,
0x000002cd850219b0, 0x000002cd851db790, 0x000002cd851d9420, 0x000002cd851db280,
0x000002cd851d9930, 0x000002cd851d8f10, 0x000002cd851d9e40, 0x000002cd851dcbd0,
0x000002cd851dbca0, 0x000002cd851dc6c0, 0x000002cd851ddb00, 0x000002cd851da350,
0x000002cd851de010, 0x000002cd851dc1b0, 0x000002cd851dd0e0, 0x000002cd851dd5f0,
0x000002cd851da860, 0x000002cd851de520, 0x000002cd851dea30, 0x000002cd851def40,
0x000002cd851df450, 0x000002cd851df960, 0x000002cd851e0380, 0x000002cd83d45130,
0x000002cd83d42dc0, 0x000002cd83d45b50, 0x000002cd83d43cf0, 0x000002cd83d44710,
0x000002cd83d44200, 0x000002cd83d432d0, 0x000002cd83d46a80, 0x000002cd83d44c20,
0x000002cd83d45640, 0x000002cd83d46060, 0x000002cd83d46570, 0x000002cd83d46f90,
0x000002cd83d437e0, 0x000002cd83d474a0, 0x000002cd83d48df0, 0x000002cd83d4ac50,
0x000002cd83d4a740, 0x000002cd83d49d20, 0x000002cd83d49300, 0x000002cd83d47ec0,
0x000002cd83d49810, 0x000002cd83d4b160, 0x000002cd83d479b0, 0x000002cd83d4b670,
0x000002cd83d4bb80, 0x000002cd83d4a230, 0x000002cd83d483d0, 0x000002cd83d4c090,
0x000002cd83d488e0, 0x000002cd83d4e910, 0x000002cd83d4fd50, 0x000002cd83d4ee20,
0x000002cd83d4cab0, 0x000002cd83d4f330, 0x000002cd83d4d9e0, 0x000002cd83d4cfc0,
0x000002cd83d4def0, 0x000002cd83d4c5a0, 0x000002cd83d50260, 0x000002cd83d4e400,
0x000002cd83d4f840, 0x000002cd83d50770, 0x000002cd83d50c80, 0x000002cd83d4d4d0,
0x000002cd83d516a0, 0x000002cd83d51190, 0x000002cd83d525d0, 0x000002cd83d51bb0,
0x000002cd83d520c0, 0x000002cd80d436b0, 0x000002cd80d40920, 0x000002cd80d43bc0,
0x000002cd80d42780, 0x000002cd80d40410, 0x000002cd80d440d0, 0x000002cd80d41850,
0x000002cd80d431a0, 0x000002cd80d40e30, 0x000002cd80d41340, 0x000002cd80d47880,
0x000002cd80d46950, 0x000002cd80d496e0, 0x000002cd80d45f30, 0x000002cd80d4a610,
0x000002cd80d49bf0, 0x000002cd80d4ce90, 0x000002cd80d4d3a0, 0x000002cd80d4c980,
0x000002cd80d4a100, 0x000002cd80d4e2d0, 0x000002cd80d4ddc0, 0x000002cd80d4e7e0,
0x000002cd80d4ecf0, 0x000002cd8dc0dd30, 0x000002cd8dc114e0, 0x000002cd8dc0e750,
0x000002cd8dc12410, 0x000002cd8dc105b0, 0x000002cd8dc11f00, 0x000002cd8dc119f0,
0x000002cd8dc0ec60, 0x000002cd8dc0f170, 0x000002cd8dc0f680, 0x000002cd8dc0fb90,
0x000002cd8dc10ac0, 0x000002cd80d45510, 0x000002cd80d46440, 0x000002cd80d47370,
0x000002cd851dad70, 0x000002cd90eccaa0, 0x000002cd90ecd9d0, 0x000002cd90ecf320,
0x000002cd90ed5350, 0x000002cd90ed5860, 0x000002cd90ed4930, 0x000002cd90ed5d70,
0x000002cd90ed6790, 0x000002cd90ed4e40, 0x000002cd90ed2fe0, 0x000002cd90ed71b0,
0x000002cd90ed6ca0, 0x000002cd90ed3f10, 0x000002cd90ed8b00, 0x000002cd90ed7bd0,
0x000002cd90ed9010, 0x000002cd90eda450, 0x000002cd90ed9520, 0x000002cd90ed9a30,
0x000002cd90eda960, 0x000002cd90edae70, 0x000002cd90ed9f40, 0x000002cd90edb380,
0x000002cd90ed85f0, 0x000002cd90edb890, 0x000002cd90ed80e0, 0x000002cd8dc0afa0,
0x000002cd8dc0c3e0, 0x000002cd8dc100a0, 0x000002cd8dc0c8f0, 0x000002cd8dac8a10,
0x000002cd8dac8f20, 0x000002cd8dac9430, 0x000002cd8dac66a0, 0x000002cd8dac7ae0,
0x000002cd8dace020, 0x000002cd8daccbe0, 0x000002cd8dacd600, 0x000002cd8dacc6d0,
0x000002cd8dacd0f0, 0x000002cd8daca870, 0x000002cd8dacea40, 0x000002cd8dacef50,
0x000002cd8dad1ce0, 0x000002cd8dace530, 0x000002cd8dad12c0, 0x000002cd8dad21f0,
0x000002cd84716af0, 0x000002cd84716050
}

Java Threads: ( => current thread )
  0x000002cdc0745b80 JavaThread "main" [_thread_blocked, id=24380, stack(0x000000dcb9500000,0x000000dcb9600000)]
  0x000002cddf9b40b0 JavaThread "Reference Handler" daemon [_thread_blocked, id=35820, stack(0x000000dcb9c00000,0x000000dcb9d00000)]
  0x000002cddf9b4980 JavaThread "Finalizer" daemon [_thread_blocked, id=30500, stack(0x000000dcb9d00000,0x000000dcb9e00000)]
  0x000002cddf9c3df0 JavaThread "Signal Dispatcher" daemon [_thread_blocked, id=31044, stack(0x000000dcb9e00000,0x000000dcb9f00000)]
  0x000002cddf9c46c0 JavaThread "Attach Listener" daemon [_thread_blocked, id=11724, stack(0x000000dcb9f00000,0x000000dcba000000)]
  0x000002cddf9c4f90 JavaThread "Service Thread" daemon [_thread_blocked, id=35492, stack(0x000000dcba000000,0x000000dcba100000)]
  0x000002cddf9c5860 JavaThread "Monitor Deflation Thread" daemon [_thread_blocked, id=31956, stack(0x000000dcba100000,0x000000dcba200000)]
  0x000002cddf9cc490 JavaThread "C2 CompilerThread0" daemon [_thread_blocked, id=34908, stack(0x000000dcba200000,0x000000dcba300000)]
  0x000002cddf9ccda0 JavaThread "C1 CompilerThread0" daemon [_thread_blocked, id=30960, stack(0x000000dcba300000,0x000000dcba400000)]
  0x000002cddf9d76d0 JavaThread "Sweeper thread" daemon [_thread_blocked, id=34608, stack(0x000000dcba400000,0x000000dcba500000)]
  0x000002cddfb04ab0 JavaThread "Common-Cleaner" daemon [_thread_blocked, id=6156, stack(0x000000dcba500000,0x000000dcba600000)]
  0x000002cddfca03b0 JavaThread "Notification Thread" daemon [_thread_blocked, id=31212, stack(0x000000dcbaa00000,0x000000dcbab00000)]
  0x000002cd815cd740 JavaThread "Daemon health stats" [_thread_blocked, id=26420, stack(0x000000dcbac00000,0x000000dcbad00000)]
  0x000002cd80ec7180 JavaThread "Incoming local TCP Connector on port 58585" [_thread_in_native, id=32852, stack(0x000000dcbb100000,0x000000dcbb200000)]
  0x000002cd81faeaf0 JavaThread "Daemon periodic checks" [_thread_blocked, id=29032, stack(0x000000dcbb200000,0x000000dcbb300000)]
  0x000002cdff7f7a60 JavaThread "Daemon" [_thread_blocked, id=11732, stack(0x000000dcbb300000,0x000000dcbb400000)]
  0x000002cd81762d50 JavaThread "Handler for socket connection from /127.0.0.1:58585 to /127.0.0.1:58586" [_thread_in_native, id=6912, stack(0x000000dcbb400000,0x000000dcbb500000)]
  0x000002cd81f584a0 JavaThread "Cancel handler" [_thread_blocked, id=32204, stack(0x000000dcbb500000,0x000000dcbb600000)]
  0x000002cd81f593d0 JavaThread "Daemon worker" [_thread_blocked, id=32980, stack(0x000000dcbb600000,0x000000dcbb700000)]
  0x000002cd81f57f90 JavaThread "Asynchronous log dispatcher for DefaultDaemonConnection: socket connection from /127.0.0.1:58585 to /127.0.0.1:58586" [_thread_blocked, id=34440, stack(0x000000dcbb700000,0x000000dcbb800000)]
  0x000002cd81f5a810 JavaThread "Stdin handler" [_thread_blocked, id=29744, stack(0x000000dcbb800000,0x000000dcbb900000)]
  0x000002cd81f589b0 JavaThread "Daemon client event forwarder" [_thread_blocked, id=32152, stack(0x000000dcbb900000,0x000000dcbba00000)]
  0x000002cd81f58ec0 JavaThread "Cache worker for journal cache (C:\Users\jibri\.gradle\caches\journal-1)" [_thread_blocked, id=36744, stack(0x000000dcbba00000,0x000000dcbbb00000)]
  0x000002cd81f598e0 JavaThread "File lock request listener" [_thread_in_native, id=32600, stack(0x000000dcbbb00000,0x000000dcbbc00000)]
  0x000002cd81f59df0 JavaThread "Cache worker for file hash cache (C:\Users\jibri\.gradle\caches\9.0.0\fileHashes)" [_thread_blocked, id=30292, stack(0x000000dcbbc00000,0x000000dcbbd00000)]
  0x000002cd81f5a300 JavaThread "Cache worker for file hash cache (C:\rubi_web\CISC_Capstone\MarungkoReading\android\.gradle\9.0.0\fileHashes)" [_thread_blocked, id=15736, stack(0x000000dcbca00000,0x000000dcbcb00000)]
  0x000002cd81f57060 JavaThread "Cache worker for Build Output Cleanup Cache (C:\rubi_web\CISC_Capstone\MarungkoReading\android\.gradle\buildOutputCleanup)" [_thread_blocked, id=34012, stack(0x000000dcbcb00000,0x000000dcbcc00000)]
  0x000002cd81f57570 JavaThread "File watcher server" daemon [_thread_blocked, id=35292, stack(0x000000dcbcc00000,0x000000dcbcd00000)]
  0x000002cd81f57a80 JavaThread "File watcher consumer" daemon [_thread_blocked, id=14688, stack(0x000000dcbcd00000,0x000000dcbce00000)]
  0x000002cd84053990 JavaThread "Cache worker for checksums cache (C:\rubi_web\CISC_Capstone\MarungkoReading\android\.gradle\9.0.0\checksums)" [_thread_blocked, id=31176, stack(0x000000dcbce00000,0x000000dcbcf00000)]
  0x000002cd84056210 JavaThread "Cache worker for file content cache (C:\Users\jibri\.gradle\caches\9.0.0\fileContent)" [_thread_blocked, id=36020, stack(0x000000dcbcf00000,0x000000dcbd000000)]
  0x000002cd84053480 JavaThread "Cache worker for cache directory md-supplier (C:\Users\jibri\.gradle\caches\9.0.0\md-supplier)" [_thread_blocked, id=19004, stack(0x000000dcbd000000,0x000000dcbd100000)]
  0x000002cd84052a60 JavaThread "Cache worker for cache directory md-rule (C:\Users\jibri\.gradle\caches\9.0.0\md-rule)" [_thread_blocked, id=24640, stack(0x000000dcbd100000,0x000000dcbd200000)]
  0x000002cd840548c0 JavaThread "jar transforms" [_thread_blocked, id=17976, stack(0x000000dcbd200000,0x000000dcbd300000)]
  0x000002cd84055d00 JavaThread "Cache worker for Build Output Cleanup Cache (C:\rubi_web\CISC_Capstone\MarungkoReading\node_modules\@react-native\gradle-plugin\.gradle\buildOutputCleanup)" [_thread_blocked, id=20184, stack(0x000000dcbd300000,0x000000dcbd400000)]
  0x000002cd84056720 JavaThread "Unconstrained build operations" [_thread_blocked, id=36548, stack(0x000000dcbd600000,0x000000dcbd700000)]
  0x000002cd84052f70 JavaThread "Unconstrained build operations Thread 2" [_thread_blocked, id=34216, stack(0x000000dcbd700000,0x000000dcbd800000)]
  0x000002cd84057650 JavaThread "Unconstrained build operations Thread 3" [_thread_blocked, id=25296, stack(0x000000dcbd800000,0x000000dcbd900000)]
  0x000002cd840543b0 JavaThread "Unconstrained build operations Thread 4" [_thread_blocked, id=35420, stack(0x000000dcbd900000,0x000000dcbda00000)]
  0x000002cd84058070 JavaThread "Unconstrained build operations Thread 5" [_thread_blocked, id=580, stack(0x000000dcbda00000,0x000000dcbdb00000)]
  0x000002cd84054dd0 JavaThread "Unconstrained build operations Thread 6" [_thread_blocked, id=21108, stack(0x000000dcbdb00000,0x000000dcbdc00000)]
  0x000002cd84056c30 JavaThread "Unconstrained build operations Thread 7" [_thread_blocked, id=35452, stack(0x000000dcbdc00000,0x000000dcbdd00000)]
  0x000002cd84057b60 JavaThread "Unconstrained build operations Thread 8" [_thread_blocked, id=36656, stack(0x000000dcbdd00000,0x000000dcbde00000)]
  0x000002cd84058580 JavaThread "Unconstrained build operations Thread 9" [_thread_blocked, id=36000, stack(0x000000dcbde00000,0x000000dcbdf00000)]
  0x000002cd840557f0 JavaThread "Unconstrained build operations Thread 10" [_thread_blocked, id=34980, stack(0x000000dcbdf00000,0x000000dcbe000000)]
  0x000002cd840552e0 JavaThread "Unconstrained build operations Thread 11" [_thread_blocked, id=30224, stack(0x000000dcbe000000,0x000000dcbe100000)]
  0x000002cd84058fa0 JavaThread "Unconstrained build operations Thread 12" [_thread_blocked, id=33100, stack(0x000000dcbe100000,0x000000dcbe200000)]
  0x000002cd84058a90 JavaThread "Unconstrained build operations Thread 13" [_thread_blocked, id=35336, stack(0x000000dcbe200000,0x000000dcbe300000)]
  0x000002cd840599c0 JavaThread "Unconstrained build operations Thread 14" [_thread_blocked, id=17160, stack(0x000000dcbe300000,0x000000dcbe400000)]
  0x000002cd84059ed0 JavaThread "Unconstrained build operations Thread 15" [_thread_blocked, id=36468, stack(0x000000dcbe400000,0x000000dcbe500000)]
  0x000002cd840594b0 JavaThread "Unconstrained build operations Thread 16" [_thread_blocked, id=35008, stack(0x000000dcbe500000,0x000000dcbe600000)]
  0x000002cd8405a3e0 JavaThread "Unconstrained build operations Thread 17" [_thread_blocked, id=9936, stack(0x000000dcbe600000,0x000000dcbe700000)]
  0x000002cd84354fe0 JavaThread "Unconstrained build operations Thread 18" [_thread_blocked, id=31824, stack(0x000000dcbe700000,0x000000dcbe800000)]
  0x000002cd843554f0 JavaThread "Unconstrained build operations Thread 19" [_thread_blocked, id=9316, stack(0x000000dcbe800000,0x000000dcbe900000)]
  0x000002cd84353180 JavaThread "Unconstrained build operations Thread 20" [_thread_blocked, id=35480, stack(0x000000dcbe900000,0x000000dcbea00000)]
  0x000002cd84351d40 JavaThread "Unconstrained build operations Thread 21" [_thread_blocked, id=3996, stack(0x000000dcbea00000,0x000000dcbeb00000)]
  0x000002cd84355a00 JavaThread "Unconstrained build operations Thread 22" [_thread_blocked, id=27072, stack(0x000000dcbeb00000,0x000000dcbec00000)]
  0x000002cd84352250 JavaThread "Unconstrained build operations Thread 23" [_thread_blocked, id=31688, stack(0x000000dcbec00000,0x000000dcbed00000)]
  0x000002cd843540b0 JavaThread "Unconstrained build operations Thread 24" [_thread_blocked, id=34480, stack(0x000000dcbed00000,0x000000dcbee00000)]
  0x000002cd843545c0 JavaThread "Unconstrained build operations Thread 25" [_thread_blocked, id=32108, stack(0x000000dcbee00000,0x000000dcbef00000)]
  0x000002cd84354ad0 JavaThread "Unconstrained build operations Thread 26" [_thread_blocked, id=14740, stack(0x000000dcbf000000,0x000000dcbf100000)]
  0x000002cd84355f10 JavaThread "Unconstrained build operations Thread 27" [_thread_blocked, id=8604, stack(0x000000dcbf100000,0x000000dcbf200000)]
  0x000002cd84352760 JavaThread "Unconstrained build operations Thread 28" [_thread_blocked, id=15940, stack(0x000000dcbf200000,0x000000dcbf300000)]
  0x000002cd84356420 JavaThread "Unconstrained build operations Thread 29" [_thread_blocked, id=5568, stack(0x000000dcbf300000,0x000000dcbf400000)]
  0x000002cd84352c70 JavaThread "Unconstrained build operations Thread 30" [_thread_blocked, id=29584, stack(0x000000dcbf400000,0x000000dcbf500000)]
  0x000002cd84356930 JavaThread "Unconstrained build operations Thread 31" [_thread_blocked, id=30692, stack(0x000000dcbf500000,0x000000dcbf600000)]
  0x000002cd84356e40 JavaThread "Unconstrained build operations Thread 32" [_thread_blocked, id=17524, stack(0x000000dcbf600000,0x000000dcbf700000)]
  0x000002cd84353690 JavaThread "Unconstrained build operations Thread 33" [_thread_blocked, id=2796, stack(0x000000dcbf700000,0x000000dcbf800000)]
  0x000002cd84357350 JavaThread "Unconstrained build operations Thread 34" [_thread_blocked, id=22704, stack(0x000000dcbf800000,0x000000dcbf900000)]
  0x000002cd84353ba0 JavaThread "Unconstrained build operations Thread 35" [_thread_blocked, id=34880, stack(0x000000dcbf900000,0x000000dcbfa00000)]
  0x000002cd84357860 JavaThread "Unconstrained build operations Thread 36" [_thread_blocked, id=35828, stack(0x000000dcbfa00000,0x000000dcbfb00000)]
  0x000002cd84358790 JavaThread "Unconstrained build operations Thread 37" [_thread_blocked, id=23320, stack(0x000000dcbfb00000,0x000000dcbfc00000)]
  0x000002cd84357d70 JavaThread "Unconstrained build operations Thread 38" [_thread_blocked, id=34268, stack(0x000000dcbfc00000,0x000000dcbfd00000)]
  0x000002cd843596c0 JavaThread "Unconstrained build operations Thread 39" [_thread_blocked, id=34868, stack(0x000000dcbfd00000,0x000000dcbfe00000)]
  0x000002cd84358280 JavaThread "Unconstrained build operations Thread 40" [_thread_blocked, id=14428, stack(0x000000dcbfe00000,0x000000dcbff00000)]
  0x000002cd84358ca0 JavaThread "Unconstrained build operations Thread 41" [_thread_blocked, id=34532, stack(0x000000dcbff00000,0x000000dcc0000000)]
  0x000002cd843591b0 JavaThread "Unconstrained build operations Thread 42" [_thread_blocked, id=33680, stack(0x000000dcc0000000,0x000000dcc0100000)]
  0x000002cd853fc900 JavaThread "Unconstrained build operations Thread 43" [_thread_blocked, id=27924, stack(0x000000dcc0100000,0x000000dcc0200000)]
  0x000002cd853fb4c0 JavaThread "Unconstrained build operations Thread 44" [_thread_blocked, id=23976, stack(0x000000dcc0200000,0x000000dcc0300000)]
  0x000002cd853fb9d0 JavaThread "Unconstrained build operations Thread 45" [_thread_blocked, id=34552, stack(0x000000dcc0300000,0x000000dcc0400000)]
  0x000002cd853fbee0 JavaThread "Unconstrained build operations Thread 46" [_thread_blocked, id=32684, stack(0x000000dcc0400000,0x000000dcc0500000)]
  0x000002cd853fc3f0 JavaThread "Unconstrained build operations Thread 47" [_thread_blocked, id=23740, stack(0x000000dcc0500000,0x000000dcc0600000)]
  0x000002cd853fa590 JavaThread "Unconstrained build operations Thread 48" [_thread_blocked, id=21576, stack(0x000000dcc0600000,0x000000dcc0700000)]
  0x000002cd853fce10 JavaThread "Unconstrained build operations Thread 49" [_thread_blocked, id=13112, stack(0x000000dcc0700000,0x000000dcc0800000)]
  0x000002cd853fa080 JavaThread "Unconstrained build operations Thread 50" [_thread_blocked, id=2636, stack(0x000000dcc0800000,0x000000dcc0900000)]
  0x000002cd853fd320 JavaThread "Unconstrained build operations Thread 51" [_thread_blocked, id=4552, stack(0x000000dcc0900000,0x000000dcc0a00000)]
  0x000002cd853fd830 JavaThread "Unconstrained build operations Thread 52" [_thread_blocked, id=35572, stack(0x000000dcc0a00000,0x000000dcc0b00000)]
  0x000002cd853faaa0 JavaThread "Unconstrained build operations Thread 53" [_thread_blocked, id=33888, stack(0x000000dcc0b00000,0x000000dcc0c00000)]
  0x000002cd853fafb0 JavaThread "Unconstrained build operations Thread 54" [_thread_blocked, id=24384, stack(0x000000dcc0c00000,0x000000dcc0d00000)]
  0x000002cd856bdfd0 JavaThread "Unconstrained build operations Thread 55" [_thread_blocked, id=32568, stack(0x000000dcc0d00000,0x000000dcc0e00000)]
  0x000002cd856bc680 JavaThread "Unconstrained build operations Thread 56" [_thread_blocked, id=28372, stack(0x000000dcc0e00000,0x000000dcc0f00000)]
  0x000002cd856bef00 JavaThread "Unconstrained build operations Thread 57" [_thread_blocked, id=36684, stack(0x000000dcc0f00000,0x000000dcc1000000)]
  0x000002cd856bf410 JavaThread "Unconstrained build operations Thread 58" [_thread_blocked, id=22724, stack(0x000000dcc1000000,0x000000dcc1100000)]
  0x000002cd856bd5b0 JavaThread "Unconstrained build operations Thread 59" [_thread_blocked, id=11376, stack(0x000000dcc1100000,0x000000dcc1200000)]
  0x000002cd856bbc60 JavaThread "Unconstrained build operations Thread 60" [_thread_blocked, id=34792, stack(0x000000dcc1200000,0x000000dcc1300000)]
  0x000002cd856bd0a0 JavaThread "Unconstrained build operations Thread 61" [_thread_blocked, id=14828, stack(0x000000dcc1300000,0x000000dcc1400000)]
  0x000002cd856bcb90 JavaThread "Unconstrained build operations Thread 62" [_thread_blocked, id=6484, stack(0x000000dcc1400000,0x000000dcc1500000)]
  0x000002cd856bdac0 JavaThread "Unconstrained build operations Thread 63" [_thread_blocked, id=34288, stack(0x000000dcc1600000,0x000000dcc1700000)]
  0x000002cd856be4e0 JavaThread "build event listener" [_thread_blocked, id=32664, stack(0x000000dcbef00000,0x000000dcbf000000)]
  0x000002cd856bf920 JavaThread "Memory manager" [_thread_blocked, id=36368, stack(0x000000dcbd500000,0x000000dcbd600000)]
  0x000002cd856c2bc0 JavaThread "ForkJoinPool.commonPool-worker-1" daemon [_thread_blocked, id=19160, stack(0x000000dcc1700000,0x000000dcc1800000)]
  0x000002cd856c1270 JavaThread "ForkJoinPool.commonPool-worker-3" daemon [_thread_blocked, id=31404, stack(0x000000dcc1900000,0x000000dcc1a00000)]
  0x000002cd856c1780 JavaThread "ForkJoinPool.commonPool-worker-4" daemon [_thread_blocked, id=30564, stack(0x000000dcc1a00000,0x000000dcc1b00000)]
  0x000002cd856c30d0 JavaThread "ForkJoinPool.commonPool-worker-5" daemon [_thread_blocked, id=36680, stack(0x000000dcc1b00000,0x000000dcc1c00000)]
  0x000002cd856c0850 JavaThread "ForkJoinPool.commonPool-worker-6" daemon [_thread_blocked, id=35436, stack(0x000000dcc1c00000,0x000000dcc1d00000)]
  0x000002cd856c0340 JavaThread "ForkJoinPool.commonPool-worker-7" daemon [_thread_blocked, id=27136, stack(0x000000dcc1d00000,0x000000dcc1e00000)]
  0x000002cd856c1c90 JavaThread "ForkJoinPool.commonPool-worker-8" daemon [_thread_blocked, id=24052, stack(0x000000dcc1e00000,0x000000dcc1f00000)]
  0x000002cd856c21a0 JavaThread "ForkJoinPool.commonPool-worker-9" daemon [_thread_blocked, id=31484, stack(0x000000dcc1f00000,0x000000dcc2000000)]
  0x000002cd856bfe30 JavaThread "ForkJoinPool.commonPool-worker-10" daemon [_thread_blocked, id=32652, stack(0x000000dcc2100000,0x000000dcc2200000)]
  0x000002cd85d67360 JavaThread "ForkJoinPool.commonPool-worker-11" daemon [_thread_blocked, id=35344, stack(0x000000dcc2400000,0x000000dcc2500000)]
  0x000002cd85d64ff0 JavaThread "included builds" [_thread_blocked, id=22084, stack(0x000000dcbd400000,0x000000dcbd500000)]
  0x000002cd85d67870 JavaThread "Execution worker" [_thread_blocked, id=31792, stack(0x000000dcc1500000,0x000000dcc1600000)]
  0x000002cd85d65f20 JavaThread "Execution worker Thread 2" [_thread_blocked, id=15216, stack(0x000000dcc2500000,0x000000dcc2600000)]
  0x000002cd85d64ae0 JavaThread "Execution worker Thread 3" [_thread_blocked, id=34232, stack(0x000000dcc2600000,0x000000dcc2700000)]
  0x000002cd85d66430 JavaThread "Execution worker Thread 4" [_thread_blocked, id=32256, stack(0x000000dcc2700000,0x000000dcc2800000)]
  0x000002cd85d66e50 JavaThread "Execution worker Thread 5" [_thread_blocked, id=12356, stack(0x000000dcc2800000,0x000000dcc2900000)]
  0x000002cd85d66940 JavaThread "Execution worker Thread 6" [_thread_blocked, id=36240, stack(0x000000dcc2900000,0x000000dcc2a00000)]
  0x000002cd85d640c0 JavaThread "Execution worker Thread 7" [_thread_blocked, id=31840, stack(0x000000dcc2a00000,0x000000dcc2b00000)]
  0x000002cd85d67d80 JavaThread "Execution worker Thread 8" [_thread_blocked, id=30724, stack(0x000000dcc2b00000,0x000000dcc2c00000)]
  0x000002cd85d645d0 JavaThread "Execution worker Thread 9" [_thread_blocked, id=36396, stack(0x000000dcc2c00000,0x000000dcc2d00000)]
  0x000002cd85d68cb0 JavaThread "Execution worker Thread 10" [_thread_blocked, id=36204, stack(0x000000dcc2d00000,0x000000dcc2e00000)]
  0x000002cd85d6a0f0 JavaThread "Execution worker Thread 11" [_thread_blocked, id=16404, stack(0x000000dcc2e00000,0x000000dcc2f00000)]
  0x000002cd85d6ab10 JavaThread "Execution worker Thread 12" [_thread_blocked, id=32220, stack(0x000000dcc2f00000,0x000000dcc3000000)]
  0x000002cd85d6b530 JavaThread "Execution worker Thread 13" [_thread_blocked, id=20512, stack(0x000000dcc3000000,0x000000dcc3100000)]
  0x000002cd85d696d0 JavaThread "Execution worker Thread 14" [_thread_blocked, id=25744, stack(0x000000dcc3100000,0x000000dcc3200000)]
  0x000002cd85d6ba40 JavaThread "Execution worker Thread 15" [_thread_blocked, id=32844, stack(0x000000dcc3200000,0x000000dcc3300000)]
  0x000002cd85d68290 JavaThread "Execution worker Thread 16" [_thread_blocked, id=29508, stack(0x000000dcc3300000,0x000000dcc3400000)]
  0x000002cd85d69be0 JavaThread "Execution worker Thread 17" [_thread_blocked, id=33640, stack(0x000000dcc3400000,0x000000dcc3500000)]
  0x000002cd85d691c0 JavaThread "Execution worker Thread 18" [_thread_blocked, id=36848, stack(0x000000dcc3500000,0x000000dcc3600000)]
  0x000002cd85d6a600 JavaThread "Execution worker Thread 19" [_thread_blocked, id=24860, stack(0x000000dcc3600000,0x000000dcc3700000)]
  0x000002cd85d6b020 JavaThread "Cache worker for execution history cache (C:\rubi_web\CISC_Capstone\MarungkoReading\node_modules\@react-native\gradle-plugin\.gradle\9.0.0\executionHistory)" [_thread_blocked, id=26232, stack(0x000000dcc3700000,0x000000dcc3800000)]
  0x000002cd85d687a0 JavaThread "Unconstrained build operations Thread 64" [_thread_blocked, id=34780, stack(0x000000dcc3800000,0x000000dcc3900000)]
  0x000002cd8091f570 JavaThread "Unconstrained build operations Thread 65" [_thread_blocked, id=17668, stack(0x000000dcc3900000,0x000000dcc3a00000)]
  0x000002cd8091dc20 JavaThread "Unconstrained build operations Thread 66" [_thread_blocked, id=22420, stack(0x000000dcc3a00000,0x000000dcc3b00000)]
  0x000002cd8091e130 JavaThread "Unconstrained build operations Thread 67" [_thread_blocked, id=17756, stack(0x000000dcc3b00000,0x000000dcc3c00000)]
  0x000002cd8091d710 JavaThread "Unconstrained build operations Thread 68" [_thread_blocked, id=17924, stack(0x000000dcc3c00000,0x000000dcc3d00000)]
  0x000002cd8091f060 JavaThread "Unconstrained build operations Thread 69" [_thread_blocked, id=33436, stack(0x000000dcc3d00000,0x000000dcc3e00000)]
  0x000002cd8091c2d0 JavaThread "Unconstrained build operations Thread 70" [_thread_blocked, id=21860, stack(0x000000dcc3e00000,0x000000dcc3f00000)]
  0x000002cd8091e640 JavaThread "Unconstrained build operations Thread 71" [_thread_blocked, id=29596, stack(0x000000dcc3f00000,0x000000dcc4000000)]
  0x000002cd8091eb50 JavaThread "Unconstrained build operations Thread 72" [_thread_blocked, id=18604, stack(0x000000dcc4000000,0x000000dcc4100000)]
  0x000002cd8091bdc0 JavaThread "Unconstrained build operations Thread 73" [_thread_blocked, id=4796, stack(0x000000dcc4100000,0x000000dcc4200000)]
  0x000002cd8091c7e0 JavaThread "Unconstrained build operations Thread 74" [_thread_blocked, id=32500, stack(0x000000dcc4200000,0x000000dcc4300000)]
  0x000002cd8091ccf0 JavaThread "Unconstrained build operations Thread 75" [_thread_blocked, id=26032, stack(0x000000dcc4300000,0x000000dcc4400000)]
  0x000002cd8091d200 JavaThread "Unconstrained build operations Thread 76" [_thread_blocked, id=33676, stack(0x000000dcc4400000,0x000000dcc4500000)]
  0x000002cd838da830 JavaThread "Unconstrained build operations Thread 77" [_thread_blocked, id=6096, stack(0x000000dcc4500000,0x000000dcc4600000)]
  0x000002cd838ddfe0 JavaThread "Unconstrained build operations Thread 78" [_thread_blocked, id=32536, stack(0x000000dcc4600000,0x000000dcc4700000)]
  0x000002cd838dad40 JavaThread "Unconstrained build operations Thread 79" [_thread_blocked, id=30344, stack(0x000000dcc4700000,0x000000dcc4800000)]
  0x000002cd838ddad0 JavaThread "Unconstrained build operations Thread 80" [_thread_blocked, id=35088, stack(0x000000dcc4800000,0x000000dcc4900000)]
  0x000002cd838de4f0 JavaThread "Unconstrained build operations Thread 81" [_thread_blocked, id=7216, stack(0x000000dcc4900000,0x000000dcc4a00000)]
  0x000002cd838dea00 JavaThread "Unconstrained build operations Thread 82" [_thread_blocked, id=23796, stack(0x000000dcc4a00000,0x000000dcc4b00000)]
  0x000002cd838db250 JavaThread "Unconstrained build operations Thread 83" [_thread_blocked, id=29276, stack(0x000000dcc4b00000,0x000000dcc4c00000)]
  0x000002cd838def10 JavaThread "Unconstrained build operations Thread 84" [_thread_blocked, id=20260, stack(0x000000dcc4c00000,0x000000dcc4d00000)]
  0x000002cd838dcba0 JavaThread "Unconstrained build operations Thread 85" [_thread_blocked, id=480, stack(0x000000dcc4d00000,0x000000dcc4e00000)]
  0x000002cd838db760 JavaThread "Unconstrained build operations Thread 86" [_thread_blocked, id=4672, stack(0x000000dcc4e00000,0x000000dcc4f00000)]
  0x000002cd838df420 JavaThread "Unconstrained build operations Thread 87" [_thread_blocked, id=2580, stack(0x000000dcc4f00000,0x000000dcc5000000)]
  0x000002cd838dbc70 JavaThread "Unconstrained build operations Thread 88" [_thread_blocked, id=15956, stack(0x000000dcc5000000,0x000000dcc5100000)]
  0x000002cd838df930 JavaThread "Unconstrained build operations Thread 89" [_thread_blocked, id=34048, stack(0x000000dcc5100000,0x000000dcc5200000)]
  0x000002cd838dc690 JavaThread "Unconstrained build operations Thread 90" [_thread_blocked, id=29716, stack(0x000000dcc5200000,0x000000dcc5300000)]
  0x000002cd838dc180 JavaThread "Unconstrained build operations Thread 91" [_thread_blocked, id=15108, stack(0x000000dcc5300000,0x000000dcc5400000)]
  0x000002cd838dd0b0 JavaThread "Unconstrained build operations Thread 92" [_thread_blocked, id=30444, stack(0x000000dcc5400000,0x000000dcc5500000)]
  0x000002cd838e0350 JavaThread "Unconstrained build operations Thread 93" [_thread_blocked, id=26360, stack(0x000000dcba900000,0x000000dcbaa00000)]
  0x000002cd838e0860 JavaThread "Unconstrained build operations Thread 94" [_thread_blocked, id=19596, stack(0x000000dcc5600000,0x000000dcc5700000)]
  0x000002cd838e0d70 JavaThread "Unconstrained build operations Thread 95" [_thread_blocked, id=21036, stack(0x000000dcc5700000,0x000000dcc5800000)]
  0x000002cd838dd5c0 JavaThread "Unconstrained build operations Thread 96" [_thread_blocked, id=7696, stack(0x000000dcc5800000,0x000000dcc5900000)]
  0x000002cd838e1790 JavaThread "Unconstrained build operations Thread 97" [_thread_blocked, id=29568, stack(0x000000dcc5900000,0x000000dcc5a00000)]
  0x000002cd838e21b0 JavaThread "Unconstrained build operations Thread 98" [_thread_blocked, id=26536, stack(0x000000dcc5a00000,0x000000dcc5b00000)]
  0x000002cd838e1280 JavaThread "Unconstrained build operations Thread 99" [_thread_blocked, id=32956, stack(0x000000dcc5b00000,0x000000dcc5c00000)]
  0x000002cd838e1ca0 JavaThread "Unconstrained build operations Thread 100" [_thread_blocked, id=13576, stack(0x000000dcc5c00000,0x000000dcc5d00000)]
  0x000002cd8501d2d0 JavaThread "Unconstrained build operations Thread 101" [_thread_blocked, id=35348, stack(0x000000dcc5d00000,0x000000dcc5e00000)]
  0x000002cd8501be90 JavaThread "Unconstrained build operations Thread 102" [_thread_blocked, id=12736, stack(0x000000dcc5e00000,0x000000dcc5f00000)]
  0x000002cd8501c3a0 JavaThread "Unconstrained build operations Thread 103" [_thread_blocked, id=28832, stack(0x000000dcc5f00000,0x000000dcc6000000)]
  0x000002cd8501dcf0 JavaThread "Unconstrained build operations Thread 104" [_thread_blocked, id=32916, stack(0x000000dcc6000000,0x000000dcc6100000)]
  0x000002cd8501cdc0 JavaThread "Unconstrained build operations Thread 105" [_thread_blocked, id=17036, stack(0x000000dcc6100000,0x000000dcc6200000)]
  0x000002cd8501e200 JavaThread "Unconstrained build operations Thread 106" [_thread_blocked, id=9896, stack(0x000000dcc6200000,0x000000dcc6300000)]
  0x000002cd8501b470 JavaThread "Unconstrained build operations Thread 107" [_thread_blocked, id=36844, stack(0x000000dcc6300000,0x000000dcc6400000)]
  0x000002cd8501c8b0 JavaThread "Unconstrained build operations Thread 108" [_thread_blocked, id=36312, stack(0x000000dcc6400000,0x000000dcc6500000)]
  0x000002cd8501d7e0 JavaThread "Unconstrained build operations Thread 109" [_thread_blocked, id=5668, stack(0x000000dcc6500000,0x000000dcc6600000)]
  0x000002cd8501e710 JavaThread "Unconstrained build operations Thread 110" [_thread_blocked, id=33376, stack(0x000000dcc6600000,0x000000dcc6700000)]
  0x000002cd8501ec20 JavaThread "Unconstrained build operations Thread 111" [_thread_blocked, id=28588, stack(0x000000dcc6700000,0x000000dcc6800000)]
  0x000002cd8501f130 JavaThread "Unconstrained build operations Thread 112" [_thread_blocked, id=34496, stack(0x000000dcc6800000,0x000000dcc6900000)]
  0x000002cd8501b980 JavaThread "Unconstrained build operations Thread 113" [_thread_blocked, id=16144, stack(0x000000dcc6900000,0x000000dcc6a00000)]
  0x000002cd85022df0 JavaThread "Unconstrained build operations Thread 114" [_thread_blocked, id=32456, stack(0x000000dcc6a00000,0x000000dcc6b00000)]
  0x000002cd8501fb50 JavaThread "Unconstrained build operations Thread 115" [_thread_blocked, id=13848, stack(0x000000dcc6b00000,0x000000dcc6c00000)]
  0x000002cd850228e0 JavaThread "Unconstrained build operations Thread 116" [_thread_blocked, id=17136, stack(0x000000dcc6c00000,0x000000dcc6d00000)]
  0x000002cd8501f640 JavaThread "Unconstrained build operations Thread 117" [_thread_blocked, id=8260, stack(0x000000dcc6d00000,0x000000dcc6e00000)]
  0x000002cd85020060 JavaThread "Unconstrained build operations Thread 118" [_thread_blocked, id=35980, stack(0x000000dcc6e00000,0x000000dcc6f00000)]
  0x000002cd85020570 JavaThread "Unconstrained build operations Thread 119" [_thread_blocked, id=2040, stack(0x000000dcc6f00000,0x000000dcc7000000)]
  0x000002cd85021ec0 JavaThread "Unconstrained build operations Thread 120" [_thread_blocked, id=20060, stack(0x000000dcc7000000,0x000000dcc7100000)]
  0x000002cd85020a80 JavaThread "Unconstrained build operations Thread 121" [_thread_blocked, id=33000, stack(0x000000dcc7100000,0x000000dcc7200000)]
  0x000002cd85020f90 JavaThread "Unconstrained build operations Thread 122" [_thread_blocked, id=28008, stack(0x000000dcc7200000,0x000000dcc7300000)]
  0x000002cd850214a0 JavaThread "Unconstrained build operations Thread 123" [_thread_blocked, id=36152, stack(0x000000dcc7300000,0x000000dcc7400000)]
  0x000002cd850223d0 JavaThread "Unconstrained build operations Thread 124" [_thread_blocked, id=21248, stack(0x000000dcc7400000,0x000000dcc7500000)]
  0x000002cd850219b0 JavaThread "Unconstrained build operations Thread 125" [_thread_blocked, id=15028, stack(0x000000dcc7500000,0x000000dcc7600000)]
  0x000002cd851db790 JavaThread "Unconstrained build operations Thread 126" [_thread_blocked, id=10780, stack(0x000000dcc7600000,0x000000dcc7700000)]
  0x000002cd851d9420 JavaThread "Unconstrained build operations Thread 127" [_thread_blocked, id=35508, stack(0x000000dcc7700000,0x000000dcc7800000)]
  0x000002cd851db280 JavaThread "Unconstrained build operations Thread 128" [_thread_blocked, id=34852, stack(0x000000dcc7800000,0x000000dcc7900000)]
  0x000002cd851d9930 JavaThread "Unconstrained build operations Thread 129" [_thread_blocked, id=5960, stack(0x000000dcc7900000,0x000000dcc7a00000)]
  0x000002cd851d8f10 JavaThread "Unconstrained build operations Thread 130" [_thread_blocked, id=25192, stack(0x000000dcc7a00000,0x000000dcc7b00000)]
  0x000002cd851d9e40 JavaThread "Unconstrained build operations Thread 131" [_thread_blocked, id=7440, stack(0x000000dcc7b00000,0x000000dcc7c00000)]
  0x000002cd851dcbd0 JavaThread "Unconstrained build operations Thread 132" [_thread_blocked, id=19932, stack(0x000000dcc7c00000,0x000000dcc7d00000)]
  0x000002cd851dbca0 JavaThread "Unconstrained build operations Thread 133" [_thread_blocked, id=35568, stack(0x000000dcc7d00000,0x000000dcc7e00000)]
  0x000002cd851dc6c0 JavaThread "Unconstrained build operations Thread 134" [_thread_blocked, id=29540, stack(0x000000dcc7e00000,0x000000dcc7f00000)]
  0x000002cd851ddb00 JavaThread "Unconstrained build operations Thread 135" [_thread_blocked, id=13616, stack(0x000000dcc7f00000,0x000000dcc8000000)]
  0x000002cd851da350 JavaThread "Unconstrained build operations Thread 136" [_thread_blocked, id=34200, stack(0x000000dcc8000000,0x000000dcc8100000)]
  0x000002cd851de010 JavaThread "Unconstrained build operations Thread 137" [_thread_blocked, id=5184, stack(0x000000dcc8100000,0x000000dcc8200000)]
  0x000002cd851dc1b0 JavaThread "Unconstrained build operations Thread 138" [_thread_blocked, id=36276, stack(0x000000dcc8200000,0x000000dcc8300000)]
  0x000002cd851dd0e0 JavaThread "Unconstrained build operations Thread 139" [_thread_blocked, id=35576, stack(0x000000dcc8300000,0x000000dcc8400000)]
  0x000002cd851dd5f0 JavaThread "Unconstrained build operations Thread 140" [_thread_blocked, id=7816, stack(0x000000dcc8400000,0x000000dcc8500000)]
  0x000002cd851da860 JavaThread "Unconstrained build operations Thread 141" [_thread_blocked, id=36404, stack(0x000000dcc8500000,0x000000dcc8600000)]
  0x000002cd851de520 JavaThread "Unconstrained build operations Thread 142" [_thread_blocked, id=34436, stack(0x000000dcc8600000,0x000000dcc8700000)]
  0x000002cd851dea30 JavaThread "jar transforms Thread 2" [_thread_blocked, id=28800, stack(0x000000dcc8700000,0x000000dcc8800000)]
  0x000002cd851def40 JavaThread "jar transforms Thread 3" [_thread_blocked, id=27452, stack(0x000000dcc8900000,0x000000dcc8a00000)]
  0x000002cd851df450 JavaThread "Unconstrained build operations Thread 143" [_thread_blocked, id=21552, stack(0x000000dcc8a00000,0x000000dcc8b00000)]
  0x000002cd851df960 JavaThread "Unconstrained build operations Thread 144" [_thread_blocked, id=29096, stack(0x000000dcc8b00000,0x000000dcc8c00000)]
  0x000002cd851e0380 JavaThread "Unconstrained build operations Thread 145" [_thread_blocked, id=29832, stack(0x000000dcc8c00000,0x000000dcc8d00000)]
  0x000002cd83d45130 JavaThread "Unconstrained build operations Thread 146" [_thread_blocked, id=19504, stack(0x000000dcc8d00000,0x000000dcc8e00000)]
  0x000002cd83d42dc0 JavaThread "Unconstrained build operations Thread 147" [_thread_blocked, id=33840, stack(0x000000dcc8e00000,0x000000dcc8f00000)]
  0x000002cd83d45b50 JavaThread "Unconstrained build operations Thread 148" [_thread_blocked, id=17212, stack(0x000000dcc8f00000,0x000000dcc9000000)]
  0x000002cd83d43cf0 JavaThread "Unconstrained build operations Thread 149" [_thread_blocked, id=34000, stack(0x000000dcc9000000,0x000000dcc9100000)]
  0x000002cd83d44710 JavaThread "Unconstrained build operations Thread 150" [_thread_blocked, id=3956, stack(0x000000dcc9100000,0x000000dcc9200000)]
  0x000002cd83d44200 JavaThread "Unconstrained build operations Thread 151" [_thread_blocked, id=2596, stack(0x000000dcc9400000,0x000000dcc9500000)]
  0x000002cd83d432d0 JavaThread "Unconstrained build operations Thread 152" [_thread_blocked, id=23752, stack(0x000000dcc9500000,0x000000dcc9600000)]
  0x000002cd83d46a80 JavaThread "Unconstrained build operations Thread 153" [_thread_blocked, id=4100, stack(0x000000dcc9600000,0x000000dcc9700000)]
  0x000002cd83d44c20 JavaThread "Unconstrained build operations Thread 154" [_thread_blocked, id=10180, stack(0x000000dcc9700000,0x000000dcc9800000)]
  0x000002cd83d45640 JavaThread "Unconstrained build operations Thread 155" [_thread_blocked, id=2660, stack(0x000000dcc9800000,0x000000dcc9900000)]
  0x000002cd83d46060 JavaThread "Unconstrained build operations Thread 156" [_thread_blocked, id=20612, stack(0x000000dcc9900000,0x000000dcc9a00000)]
  0x000002cd83d46570 JavaThread "Unconstrained build operations Thread 157" [_thread_blocked, id=26348, stack(0x000000dcc9a00000,0x000000dcc9b00000)]
  0x000002cd83d46f90 JavaThread "Unconstrained build operations Thread 158" [_thread_blocked, id=32072, stack(0x000000dcc9b00000,0x000000dcc9c00000)]
  0x000002cd83d437e0 JavaThread "Unconstrained build operations Thread 159" [_thread_blocked, id=34632, stack(0x000000dcc9c00000,0x000000dcc9d00000)]
  0x000002cd83d474a0 JavaThread "Unconstrained build operations Thread 160" [_thread_blocked, id=20104, stack(0x000000dcc9d00000,0x000000dcc9e00000)]
  0x000002cd83d48df0 JavaThread "Unconstrained build operations Thread 161" [_thread_blocked, id=2156, stack(0x000000dcc9e00000,0x000000dcc9f00000)]
  0x000002cd83d4ac50 JavaThread "Unconstrained build operations Thread 162" [_thread_blocked, id=36212, stack(0x000000dcc9f00000,0x000000dcca000000)]
  0x000002cd83d4a740 JavaThread "Unconstrained build operations Thread 163" [_thread_blocked, id=3324, stack(0x000000dcca000000,0x000000dcca100000)]
  0x000002cd83d49d20 JavaThread "Unconstrained build operations Thread 164" [_thread_blocked, id=32096, stack(0x000000dcca100000,0x000000dcca200000)]
  0x000002cd83d49300 JavaThread "Unconstrained build operations Thread 165" [_thread_blocked, id=35024, stack(0x000000dcca200000,0x000000dcca300000)]
  0x000002cd83d47ec0 JavaThread "Unconstrained build operations Thread 166" [_thread_blocked, id=33688, stack(0x000000dcca300000,0x000000dcca400000)]
  0x000002cd83d49810 JavaThread "Unconstrained build operations Thread 167" [_thread_blocked, id=23792, stack(0x000000dcca400000,0x000000dcca500000)]
  0x000002cd83d4b160 JavaThread "Unconstrained build operations Thread 168" [_thread_blocked, id=31340, stack(0x000000dcca500000,0x000000dcca600000)]
  0x000002cd83d479b0 JavaThread "Unconstrained build operations Thread 169" [_thread_blocked, id=6608, stack(0x000000dcca600000,0x000000dcca700000)]
  0x000002cd83d4b670 JavaThread "Unconstrained build operations Thread 170" [_thread_blocked, id=35656, stack(0x000000dcca700000,0x000000dcca800000)]
  0x000002cd83d4bb80 JavaThread "Unconstrained build operations Thread 171" [_thread_blocked, id=36420, stack(0x000000dcca800000,0x000000dcca900000)]
  0x000002cd83d4a230 JavaThread "Unconstrained build operations Thread 172" [_thread_blocked, id=33388, stack(0x000000dcca900000,0x000000dccaa00000)]
  0x000002cd83d483d0 JavaThread "Unconstrained build operations Thread 173" [_thread_blocked, id=22644, stack(0x000000dccaa00000,0x000000dccab00000)]
  0x000002cd83d4c090 JavaThread "Unconstrained build operations Thread 174" [_thread_blocked, id=21604, stack(0x000000dccab00000,0x000000dccac00000)]
  0x000002cd83d488e0 JavaThread "Unconstrained build operations Thread 175" [_thread_blocked, id=34120, stack(0x000000dccac00000,0x000000dccad00000)]
  0x000002cd83d4e910 JavaThread "Unconstrained build operations Thread 176" [_thread_blocked, id=26844, stack(0x000000dccad00000,0x000000dccae00000)]
  0x000002cd83d4fd50 JavaThread "Unconstrained build operations Thread 177" [_thread_blocked, id=828, stack(0x000000dccae00000,0x000000dccaf00000)]
  0x000002cd83d4ee20 JavaThread "Unconstrained build operations Thread 178" [_thread_blocked, id=15648, stack(0x000000dccaf00000,0x000000dccb000000)]
  0x000002cd83d4cab0 JavaThread "Unconstrained build operations Thread 179" [_thread_blocked, id=18484, stack(0x000000dccb000000,0x000000dccb100000)]
  0x000002cd83d4f330 JavaThread "Unconstrained build operations Thread 180" [_thread_blocked, id=35012, stack(0x000000dccb100000,0x000000dccb200000)]
  0x000002cd83d4d9e0 JavaThread "Unconstrained build operations Thread 181" [_thread_blocked, id=15792, stack(0x000000dccb200000,0x000000dccb300000)]
  0x000002cd83d4cfc0 JavaThread "Unconstrained build operations Thread 182" [_thread_blocked, id=34100, stack(0x000000dccb300000,0x000000dccb400000)]
  0x000002cd83d4def0 JavaThread "Unconstrained build operations Thread 183" [_thread_blocked, id=28036, stack(0x000000dccb400000,0x000000dccb500000)]
  0x000002cd83d4c5a0 JavaThread "Unconstrained build operations Thread 184" [_thread_blocked, id=32028, stack(0x000000dccb500000,0x000000dccb600000)]
  0x000002cd83d50260 JavaThread "Unconstrained build operations Thread 185" [_thread_blocked, id=12040, stack(0x000000dccb600000,0x000000dccb700000)]
  0x000002cd83d4e400 JavaThread "Unconstrained build operations Thread 186" [_thread_blocked, id=25204, stack(0x000000dccb700000,0x000000dccb800000)]
  0x000002cd83d4f840 JavaThread "Unconstrained build operations Thread 187" [_thread_blocked, id=35432, stack(0x000000dccb800000,0x000000dccb900000)]
  0x000002cd83d50770 JavaThread "Unconstrained build operations Thread 188" [_thread_blocked, id=21160, stack(0x000000dccb900000,0x000000dccba00000)]
  0x000002cd83d50c80 JavaThread "Unconstrained build operations Thread 189" [_thread_blocked, id=16836, stack(0x000000dccba00000,0x000000dccbb00000)]
  0x000002cd83d4d4d0 JavaThread "Unconstrained build operations Thread 190" [_thread_blocked, id=32804, stack(0x000000dccbb00000,0x000000dccbc00000)]
  0x000002cd83d516a0 JavaThread "Unconstrained build operations Thread 191" [_thread_blocked, id=33880, stack(0x000000dccbc00000,0x000000dccbd00000)]
  0x000002cd83d51190 JavaThread "Unconstrained build operations Thread 192" [_thread_blocked, id=33736, stack(0x000000dccbd00000,0x000000dccbe00000)]
  0x000002cd83d525d0 JavaThread "Unconstrained build operations Thread 193" [_thread_blocked, id=32624, stack(0x000000dccbe00000,0x000000dccbf00000)]
  0x000002cd83d51bb0 JavaThread "Unconstrained build operations Thread 194" [_thread_blocked, id=33628, stack(0x000000dccbf00000,0x000000dccc000000)]
  0x000002cd83d520c0 JavaThread "Unconstrained build operations Thread 195" [_thread_blocked, id=35512, stack(0x000000dccc000000,0x000000dccc100000)]
  0x000002cd80d436b0 JavaThread "Unconstrained build operations Thread 196" [_thread_blocked, id=35180, stack(0x000000dccc100000,0x000000dccc200000)]
  0x000002cd80d40920 JavaThread "Unconstrained build operations Thread 197" [_thread_blocked, id=36124, stack(0x000000dccc200000,0x000000dccc300000)]
  0x000002cd80d43bc0 JavaThread "Unconstrained build operations Thread 198" [_thread_blocked, id=6180, stack(0x000000dccc300000,0x000000dccc400000)]
  0x000002cd80d42780 JavaThread "Unconstrained build operations Thread 199" [_thread_blocked, id=34712, stack(0x000000dccc400000,0x000000dccc500000)]
  0x000002cd80d40410 JavaThread "Unconstrained build operations Thread 200" [_thread_blocked, id=20716, stack(0x000000dccc500000,0x000000dccc600000)]
  0x000002cd80d440d0 JavaThread "jar transforms Thread 4" [_thread_blocked, id=9688, stack(0x000000dccc800000,0x000000dccc900000)]
  0x000002cd80d41850 JavaThread "jar transforms Thread 5" [_thread_blocked, id=7424, stack(0x000000dccc900000,0x000000dccca00000)]
  0x000002cd80d431a0 JavaThread "jar transforms Thread 6" [_thread_blocked, id=32428, stack(0x000000dccca00000,0x000000dcccb00000)]
  0x000002cd80d40e30 JavaThread "build event listener" [_thread_blocked, id=27684, stack(0x000000dccc700000,0x000000dccc800000)]
  0x000002cd80d41340 JavaThread "Problems report writer" [_thread_blocked, id=32328, stack(0x000000dcc8800000,0x000000dcc8900000)]
  0x000002cd80d47880 JavaThread "jar transforms Thread 7" [_thread_blocked, id=36944, stack(0x000000dcccb00000,0x000000dcccc00000)]
  0x000002cd80d46950 JavaThread "jar transforms Thread 8" [_thread_blocked, id=37088, stack(0x000000dcccd00000,0x000000dccce00000)]
  0x000002cd80d496e0 JavaThread "jar transforms Thread 9" [_thread_blocked, id=37124, stack(0x000000dccce00000,0x000000dcccf00000)]
  0x000002cd80d45f30 JavaThread "jar transforms Thread 10" [_thread_blocked, id=37136, stack(0x000000dcccf00000,0x000000dccd000000)]
  0x000002cd80d4a610 JavaThread "jar transforms Thread 11" [_thread_blocked, id=37280, stack(0x000000dccd000000,0x000000dccd100000)]
  0x000002cd80d49bf0 JavaThread "jar transforms Thread 12" [_thread_blocked, id=37288, stack(0x000000dccd100000,0x000000dccd200000)]
  0x000002cd80d4ce90 JavaThread "jar transforms Thread 13" [_thread_blocked, id=37296, stack(0x000000dccd200000,0x000000dccd300000)]
  0x000002cd80d4d3a0 JavaThread "jar transforms Thread 14" [_thread_blocked, id=37308, stack(0x000000dccd300000,0x000000dccd400000)]
  0x000002cd80d4c980 JavaThread "jar transforms Thread 15" [_thread_blocked, id=37360, stack(0x000000dccd400000,0x000000dccd500000)]
  0x000002cd80d4a100 JavaThread "jar transforms Thread 16" [_thread_blocked, id=37364, stack(0x000000dccd500000,0x000000dccd600000)]
  0x000002cd80d4e2d0 JavaThread "jar transforms Thread 17" [_thread_blocked, id=37472, stack(0x000000dccd600000,0x000000dccd700000)]
  0x000002cd80d4ddc0 JavaThread "jar transforms Thread 18" [_thread_blocked, id=37548, stack(0x000000dccdf00000,0x000000dcce000000)]
  0x000002cd80d4e7e0 JavaThread "jar transforms Thread 19" [_thread_blocked, id=37604, stack(0x000000dcce000000,0x000000dcce100000)]
  0x000002cd80d4ecf0 JavaThread "jar transforms Thread 20" [_thread_blocked, id=37640, stack(0x000000dcce100000,0x000000dcce200000)]
  0x000002cd8dc0dd30 JavaThread "Cache worker for execution history cache (C:\rubi_web\CISC_Capstone\MarungkoReading\android\.gradle\9.0.0\executionHistory)" [_thread_blocked, id=37520, stack(0x000000dcce800000,0x000000dcce900000)]
  0x000002cd8dc114e0 JavaThread "WorkerExecutor Queue" [_thread_blocked, id=29968, stack(0x000000dcce900000,0x000000dccea00000)]
  0x000002cd8dc0e750 JavaThread "WorkerExecutor Queue Thread 2" [_thread_blocked, id=26792, stack(0x000000dccea00000,0x000000dcceb00000)]
  0x000002cd8dc12410 JavaThread "WorkerExecutor Queue Thread 3" [_thread_blocked, id=37684, stack(0x000000dcceb00000,0x000000dccec00000)]
  0x000002cd8dc105b0 JavaThread "WorkerExecutor Queue Thread 4" [_thread_blocked, id=37400, stack(0x000000dccec00000,0x000000dcced00000)]
  0x000002cd8dc11f00 JavaThread "WorkerExecutor Queue Thread 5" [_thread_blocked, id=37688, stack(0x000000dcced00000,0x000000dccee00000)]
  0x000002cd8dc119f0 JavaThread "WorkerExecutor Queue Thread 6" [_thread_blocked, id=37740, stack(0x000000dccee00000,0x000000dccef00000)]
  0x000002cd8dc0ec60 JavaThread "WorkerExecutor Queue Thread 7" [_thread_blocked, id=37748, stack(0x000000dccef00000,0x000000dccf000000)]
  0x000002cd8dc0f170 JavaThread "WorkerExecutor Queue Thread 8" [_thread_blocked, id=34664, stack(0x000000dccf000000,0x000000dccf100000)]
  0x000002cd8dc0f680 JavaThread "WorkerExecutor Queue Thread 9" [_thread_blocked, id=37728, stack(0x000000dccf100000,0x000000dccf200000)]
  0x000002cd8dc0fb90 JavaThread "WorkerExecutor Queue Thread 10" [_thread_blocked, id=37724, stack(0x000000dccf200000,0x000000dccf300000)]
  0x000002cd8dc10ac0 JavaThread "WorkerExecutor Queue Thread 11" [_thread_blocked, id=37716, stack(0x000000dccf300000,0x000000dccf400000)]
  0x000002cd80d45510 JavaThread "WorkerExecutor Queue Thread 14" [_thread_blocked, id=37696, stack(0x000000dccf600000,0x000000dccf700000)]
  0x000002cd80d46440 JavaThread "WorkerExecutor Queue Thread 15" [_thread_blocked, id=37676, stack(0x000000dccf700000,0x000000dccf800000)]
  0x000002cd80d47370 JavaThread "WorkerExecutor Queue Thread 16" [_thread_blocked, id=24528, stack(0x000000dccf800000,0x000000dccf900000)]
  0x000002cd851dad70 JavaThread "WorkerExecutor Queue Thread 17" [_thread_blocked, id=37628, stack(0x000000dcc5500000,0x000000dcc5600000)]
  0x000002cd90eccaa0 JavaThread "WorkerExecutor Queue Thread 18" [_thread_blocked, id=18068, stack(0x000000dcce500000,0x000000dcce600000)]
  0x000002cd90ecd9d0 JavaThread "WorkerExecutor Queue Thread 19" [_thread_blocked, id=37368, stack(0x000000dccf900000,0x000000dccfa00000)]
  0x000002cd90ecf320 JavaThread "WorkerExecutor Queue Thread 20" [_thread_blocked, id=37632, stack(0x000000dccfa00000,0x000000dccfb00000)]
  0x000002cd90ed5350 JavaThread "WorkerExecutor Queue Thread 21" [_thread_blocked, id=24948, stack(0x000000dccc600000,0x000000dccc700000)]
  0x000002cd90ed5860 JavaThread "Cache worker for Java compile cache (C:\Users\jibri\.gradle\caches\9.0.0\javaCompile)" [_thread_blocked, id=9504, stack(0x000000dccfc00000,0x000000dccfd00000)]
  0x000002cd90ed4930 JavaThread "RMI Scheduler(0)" daemon [_thread_blocked, id=37620, stack(0x000000dcba800000,0x000000dcba900000)]
  0x000002cd90ed5d70 JavaThread "RMI RenewClean-[127.0.0.1:17579,org.jetbrains.kotlin.daemon.common.LoopbackNetworkInterface$ClientLoopbackSocketFactory@24464a8a]" daemon [_thread_blocked, id=37004, stack(0x000000dccfb00000,0x000000dccfc00000)]
  0x000002cd90ed6790 JavaThread "RMI GC Daemon" daemon [_thread_blocked, id=37072, stack(0x000000dccfd00000,0x000000dccfe00000)]
  0x000002cd90ed4e40 JavaThread "RMI TCP Accept-0" daemon [_thread_in_native, id=16860, stack(0x000000dccff00000,0x000000dcd0000000)]
  0x000002cd90ed2fe0 JavaThread "RMI Reaper" [_thread_blocked, id=37736, stack(0x000000dcd0000000,0x000000dcd0100000)]
  0x000002cd90ed71b0 JavaThread "RMI TCP Connection(idle)" daemon [_thread_blocked, id=34096, stack(0x000000dccf400000,0x000000dccf500000)]
  0x000002cd90ed6ca0 JavaThread "Build operations" [_thread_blocked, id=5552, stack(0x000000dcd0100000,0x000000dcd0200000)]
  0x000002cd90ed3f10 JavaThread "Build operations Thread 2" [_thread_blocked, id=37060, stack(0x000000dcd0200000,0x000000dcd0300000)]
  0x000002cd90ed8b00 JavaThread "Build operations Thread 3" [_thread_blocked, id=35192, stack(0x000000dcd0300000,0x000000dcd0400000)]
  0x000002cd90ed7bd0 JavaThread "Build operations Thread 4" [_thread_blocked, id=34252, stack(0x000000dcd0400000,0x000000dcd0500000)]
  0x000002cd90ed9010 JavaThread "Build operations Thread 5" [_thread_blocked, id=16448, stack(0x000000dcd0500000,0x000000dcd0600000)]
  0x000002cd90eda450 JavaThread "Build operations Thread 6" [_thread_blocked, id=34416, stack(0x000000dcd0600000,0x000000dcd0700000)]
  0x000002cd90ed9520 JavaThread "Build operations Thread 7" [_thread_blocked, id=37188, stack(0x000000dcd0700000,0x000000dcd0800000)]
  0x000002cd90ed9a30 JavaThread "Build operations Thread 8" [_thread_blocked, id=36992, stack(0x000000dcd0800000,0x000000dcd0900000)]
  0x000002cd90eda960 JavaThread "Build operations Thread 9" [_thread_blocked, id=34604, stack(0x000000dcd0900000,0x000000dcd0a00000)]
  0x000002cd90edae70 JavaThread "Build operations Thread 10" [_thread_blocked, id=27264, stack(0x000000dcd0a00000,0x000000dcd0b00000)]
  0x000002cd90ed9f40 JavaThread "Build operations Thread 11" [_thread_blocked, id=27808, stack(0x000000dcd0b00000,0x000000dcd0c00000)]
  0x000002cd90edb380 JavaThread "Build operations Thread 12" [_thread_blocked, id=37524, stack(0x000000dcd0c00000,0x000000dcd0d00000)]
  0x000002cd90ed85f0 JavaThread "Build operations Thread 13" [_thread_blocked, id=37580, stack(0x000000dcd0d00000,0x000000dcd0e00000)]
  0x000002cd90edb890 JavaThread "Build operations Thread 14" [_thread_blocked, id=16260, stack(0x000000dcd0e00000,0x000000dcd0f00000)]
  0x000002cd90ed80e0 JavaThread "Build operations Thread 15" [_thread_blocked, id=37780, stack(0x000000dcd0f00000,0x000000dcd1000000)]
  0x000002cd8dc0afa0 JavaThread "Build operations Thread 16" [_thread_blocked, id=37064, stack(0x000000dcd1000000,0x000000dcd1100000)]
  0x000002cd8dc0c3e0 JavaThread "Build operations Thread 17" [_thread_blocked, id=32380, stack(0x000000dcd1100000,0x000000dcd1200000)]
  0x000002cd8dc100a0 JavaThread "Build operations Thread 18" [_thread_blocked, id=36900, stack(0x000000dcd1200000,0x000000dcd1300000)]
  0x000002cd8dc0c8f0 JavaThread "Build operations Thread 19" [_thread_blocked, id=34312, stack(0x000000dcd1300000,0x000000dcd1400000)]
  0x000002cd8dac8a10 JavaThread "pool-3-thread-1" [_thread_blocked, id=7884, stack(0x000000dcd1400000,0x000000dcd1500000)]
  0x000002cd8dac8f20 JavaThread "stderr" [_thread_in_native, id=38388, stack(0x000000dcd1600000,0x000000dcd1700000)]
  0x000002cd8dac9430 JavaThread "stdout" [_thread_in_native, id=38392, stack(0x000000dcd1700000,0x000000dcd1800000)]
  0x000002cd8dac66a0 JavaThread "Build operations Thread 20" [_thread_blocked, id=38196, stack(0x000000dcd1900000,0x000000dcd1a00000)]
  0x000002cd8dac7ae0 JavaThread "RMI RenewClean-[127.0.0.1:17579,org.jetbrains.kotlin.daemon.common.LoopbackNetworkInterface$ClientLoopbackSocketFactory@1cd2aec3]" daemon [_thread_blocked, id=37528, stack(0x000000dcb9300000,0x000000dcb9400000)]
  0x000002cd8dace020 JavaThread "RMI TCP Connection(14)-127.0.0.1" daemon [_thread_in_native, id=36576, stack(0x000000dcb9400000,0x000000dcb9500000)]
  0x000002cd8daccbe0 JavaThread "RMI RenewClean-[127.0.0.1:17579,org.jetbrains.kotlin.daemon.common.LoopbackNetworkInterface$ClientLoopbackSocketFactory@6ae8ee32]" daemon [_thread_blocked, id=37592, stack(0x000000dcd1800000,0x000000dcd1900000)]
  0x000002cd8dacd600 JavaThread "RMI TCP Connection(idle)" daemon [_thread_blocked, id=37040, stack(0x000000dcd1a00000,0x000000dcd1b00000)]
  0x000002cd8dacc6d0 JavaThread "RMI RenewClean-[127.0.0.1:17579,org.jetbrains.kotlin.daemon.common.LoopbackNetworkInterface$ClientLoopbackSocketFactory@1839b05d]" daemon [_thread_blocked, id=37896, stack(0x000000dcd1500000,0x000000dcd1600000)]
  0x000002cd8dacd0f0 JavaThread "RMI TCP Connection(10)-127.0.0.1" daemon [_thread_in_native, id=37900, stack(0x000000dcd1b00000,0x000000dcd1c00000)]
  0x000002cd8daca870 JavaThread "RMI RenewClean-[127.0.0.1:17579,org.jetbrains.kotlin.daemon.common.LoopbackNetworkInterface$ClientLoopbackSocketFactory@5cc09f8f]" daemon [_thread_blocked, id=37908, stack(0x000000dcd1c00000,0x000000dcd1d00000)]
  0x000002cd8dacea40 JavaThread "RMI TCP Connection(11)-127.0.0.1" daemon [_thread_in_native, id=37968, stack(0x000000dcd1d00000,0x000000dcd1e00000)]
  0x000002cd8dacef50 JavaThread "RMI RenewClean-[127.0.0.1:17579,org.jetbrains.kotlin.daemon.common.LoopbackNetworkInterface$ClientLoopbackSocketFactory@5b805de8]" daemon [_thread_blocked, id=38052, stack(0x000000dcd1e00000,0x000000dcd1f00000)]
  0x000002cd8dad1ce0 JavaThread "RMI TCP Connection(13)-127.0.0.1" daemon [_thread_in_native, id=38256, stack(0x000000dcd1f00000,0x000000dcd2000000)]
  0x000002cd8dace530 JavaThread "RMI RenewClean-[127.0.0.1:17579,org.jetbrains.kotlin.daemon.common.LoopbackNetworkInterface$ClientLoopbackSocketFactory@2c45cbca]" daemon [_thread_blocked, id=38348, stack(0x000000dccfe00000,0x000000dccff00000)]
  0x000002cd8dad12c0 JavaThread "RMI TCP Connection(12)-127.0.0.1" daemon [_thread_in_native, id=38896, stack(0x000000dcd2000000,0x000000dcd2100000)]
  0x000002cd8dad21f0 JavaThread "WorkerExecutor Queue Thread 22" [_thread_blocked, id=38368, stack(0x000000dcd2100000,0x000000dcd2200000)]
  0x000002cd84716af0 JavaThread "C1 CompilerThread1" daemon [_thread_blocked, id=11800, stack(0x000000dcba700000,0x000000dcba800000)]
  0x000002cd84716050 JavaThread "C2 CompilerThread1" daemon [_thread_blocked, id=38044, stack(0x000000dcb9200000,0x000000dcb9300000)]

Other Threads:
=>0x000002cddf896a90 VMThread "VM Thread" [stack: 0x000000dcb9b00000,0x000000dcb9c00000] [id=35760]
  0x000002cdc07f8e70 WatcherThread [stack: 0x000000dcbab00000,0x000000dcbac00000] [id=540]
  0x000002cdc07a4650 GCTaskThread "GC Thread#0" [stack: 0x000000dcb9600000,0x000000dcb9700000] [id=14408]
  0x000002cdff65cc00 GCTaskThread "GC Thread#1" [stack: 0x000000dcbad00000,0x000000dcbae00000] [id=28708]
  0x000002cdff4ff520 GCTaskThread "GC Thread#2" [stack: 0x000000dcbae00000,0x000000dcbaf00000] [id=36076]
  0x000002cd805e1d80 GCTaskThread "GC Thread#3" [stack: 0x000000dcbaf00000,0x000000dcbb000000] [id=2312]
  0x000002cd810e5b70 GCTaskThread "GC Thread#4" [stack: 0x000000dcbb000000,0x000000dcbb100000] [id=35784]
  0x000002cd821da870 GCTaskThread "GC Thread#5" [stack: 0x000000dcbbd00000,0x000000dcbbe00000] [id=17480]
  0x000002cd821da2f0 GCTaskThread "GC Thread#6" [stack: 0x000000dcbbe00000,0x000000dcbbf00000] [id=35380]
  0x000002cd821dadf0 GCTaskThread "GC Thread#7" [stack: 0x000000dcbbf00000,0x000000dcbc000000] [id=21148]
  0x000002cd821dab30 GCTaskThread "GC Thread#8" [stack: 0x000000dcbc000000,0x000000dcbc100000] [id=34284]
  0x000002cd821db0b0 GCTaskThread "GC Thread#9" [stack: 0x000000dcbc100000,0x000000dcbc200000] [id=34024]
  0x000002cd821d9530 GCTaskThread "GC Thread#10" [stack: 0x000000dcbc200000,0x000000dcbc300000] [id=33732]
  0x000002cd821d97f0 GCTaskThread "GC Thread#11" [stack: 0x000000dcbc300000,0x000000dcbc400000] [id=34452]
  0x000002cd821d9ab0 GCTaskThread "GC Thread#12" [stack: 0x000000dcbc400000,0x000000dcbc500000] [id=34940]
  0x000002cd821d9d70 GCTaskThread "GC Thread#13" [stack: 0x000000dcbc500000,0x000000dcbc600000] [id=17712]
  0x000002cd821da030 GCTaskThread "GC Thread#14" [stack: 0x000000dcbc600000,0x000000dcbc700000] [id=22756]
  0x000002cdc07b53b0 ConcurrentGCThread "G1 Main Marker" [stack: 0x000000dcb9700000,0x000000dcb9800000] [id=36820]
  0x000002cdc07b68a0 ConcurrentGCThread "G1 Conc#0" [stack: 0x000000dcb9800000,0x000000dcb9900000] [id=16064]
  0x000002cd825ba510 ConcurrentGCThread "G1 Conc#1" [stack: 0x000000dcbc700000,0x000000dcbc800000] [id=33972]
  0x000002cd825bb590 ConcurrentGCThread "G1 Conc#2" [stack: 0x000000dcbc800000,0x000000dcbc900000] [id=23168]
  0x000002cd825bb2d0 ConcurrentGCThread "G1 Conc#3" [stack: 0x000000dcbc900000,0x000000dcbca00000] [id=33296]
  0x000002cdc07fea10 ConcurrentGCThread "G1 Refine#0" [stack: 0x000000dcb9900000,0x000000dcb9a00000] [id=3856]
  0x000002cd83c53a60 ConcurrentGCThread "G1 Refine#1" [stack: 0x000000dccd700000,0x000000dccd800000] [id=37476]
  0x000002cd83c54040 ConcurrentGCThread "G1 Refine#2" [stack: 0x000000dccd800000,0x000000dccd900000] [id=37484]
  0x000002cd8369fe50 ConcurrentGCThread "G1 Refine#3" [stack: 0x000000dccd900000,0x000000dccda00000] [id=37488]
  0x000002cd835f2890 ConcurrentGCThread "G1 Refine#4" [stack: 0x000000dccda00000,0x000000dccdb00000] [id=37492]
  0x000002cd817a0b00 ConcurrentGCThread "G1 Refine#5" [stack: 0x000000dccdb00000,0x000000dccdc00000] [id=37496]
  0x000002cd817a2280 ConcurrentGCThread "G1 Refine#6" [stack: 0x000000dccdc00000,0x000000dccdd00000] [id=37500]
  0x000002cd817a10e0 ConcurrentGCThread "G1 Refine#7" [stack: 0x000000dccdd00000,0x000000dccde00000] [id=37504]
  0x000002cd817a0df0 ConcurrentGCThread "G1 Refine#8" [stack: 0x000000dccde00000,0x000000dccdf00000] [id=37508]
  0x000002cddf746430 ConcurrentGCThread "G1 Service" [stack: 0x000000dcb9a00000,0x000000dcb9b00000] [id=17868]

Threads with active compile tasks:
C2 CompilerThread0   107626 44069       4       com.android.tools.r8.ir.optimize.f0::a (1849 bytes)
C2 CompilerThread1   107626 44650 %     4       com.android.tools.r8.internal.rT::b @ 654 (2119 bytes)

VM state: at safepoint (normal execution)

VM Mutex/Monitor currently owned by a thread:  ([mutex/lock_event])
[0x000002cdbe307970] Threads_lock - owner thread: 0x000002cddf896a90
[0x000002cdc0742cc0] Heap_lock - owner thread: 0x000002cd85d6a600

Heap address: 0x0000000080000000, size: 2048 MB, Compressed Oops mode: 32-bit

CDS archive(s) mapped at: [0x000002cde0000000-0x000002cde0bd0000-0x000002cde0bd0000), size 12386304, SharedBaseAddress: 0x000002cde0000000, ArchiveRelocationMode: 1.
Compressed class space mapped at: 0x000002cde1000000-0x000002cdfb000000, reserved size: 436207616
Narrow klass base: 0x000002cde0000000, Narrow klass shift: 0, Narrow klass range: 0x100000000

GC Precious Log:
 CPUs: 20 total, 20 available
 Memory: 7911M
 Large Page Support: Disabled
 NUMA Support: Disabled
 Compressed Oops: Enabled (32-bit)
 Heap Region Size: 1M
 Heap Min Capacity: 8M
 Heap Initial Capacity: 124M
 Heap Max Capacity: 2G
 Pre-touch: Disabled
 Parallel Workers: 15
 Concurrent Workers: 4
 Concurrent Refinement Workers: 15
 Periodic GC: Disabled

Heap:
 garbage-first heap   total 642048K, used 477404K [0x0000000080000000, 0x0000000100000000)
  region size 1024K, 10 young (10240K), 10 survivors (10240K)
 Metaspace       used 180768K, committed 183616K, reserved 622592K
  class space    used 24644K, committed 25984K, reserved 425984K

Heap Regions: E=young(eden), S=young(survivor), O=old, HS=humongous(starts), HC=humongous(continues), CS=collection set, F=free, OA=open archive, CA=closed archive, TAMS=top-at-mark-start (previous, next)
|   0|0x0000000080000000, 0x0000000080100000, 0x0000000080100000|100%|HS|  |TAMS 0x0000000080100000, 0x0000000080000000| Complete 
|   1|0x0000000080100000, 0x0000000080200000, 0x0000000080200000|100%|HC|  |TAMS 0x0000000080200000, 0x0000000080100000| Complete 
|   2|0x0000000080200000, 0x0000000080300000, 0x0000000080300000|100%|HC|  |TAMS 0x0000000080300000, 0x0000000080200000| Complete 
|   3|0x0000000080300000, 0x0000000080400000, 0x0000000080400000|100%| O|  |TAMS 0x0000000080400000, 0x0000000080300000| Untracked 
|   4|0x0000000080400000, 0x0000000080500000, 0x0000000080500000|100%| O|  |TAMS 0x0000000080500000, 0x0000000080400000| Untracked 
|   5|0x0000000080500000, 0x0000000080600000, 0x0000000080600000|100%| O|  |TAMS 0x0000000080600000, 0x0000000080500000| Untracked 
|   6|0x0000000080600000, 0x0000000080700000, 0x0000000080700000|100%|HS|  |TAMS 0x0000000080700000, 0x0000000080600000| Complete 
|   7|0x0000000080700000, 0x0000000080800000, 0x0000000080800000|100%| O|  |TAMS 0x0000000080800000, 0x0000000080700000| Untracked 
|   8|0x0000000080800000, 0x0000000080900000, 0x0000000080900000|100%| O|  |TAMS 0x0000000080900000, 0x0000000080800000| Untracked 
|   9|0x0000000080900000, 0x0000000080a00000, 0x0000000080a00000|100%| O|  |TAMS 0x0000000080a00000, 0x0000000080900000| Untracked 
|  10|0x0000000080a00000, 0x0000000080b00000, 0x0000000080b00000|100%| O|  |TAMS 0x0000000080b00000, 0x0000000080a00000| Untracked 
|  11|0x0000000080b00000, 0x0000000080c00000, 0x0000000080c00000|100%| O|  |TAMS 0x0000000080c00000, 0x0000000080b00000| Untracked 
|  12|0x0000000080c00000, 0x0000000080d00000, 0x0000000080d00000|100%| O|  |TAMS 0x0000000080d00000, 0x0000000080c00000| Untracked 
|  13|0x0000000080d00000, 0x0000000080e00000, 0x0000000080e00000|100%| O|  |TAMS 0x0000000080e00000, 0x0000000080d00000| Untracked 
|  14|0x0000000080e00000, 0x0000000080f00000, 0x0000000080f00000|100%| O|  |TAMS 0x0000000080f00000, 0x0000000080e00000| Untracked 
|  15|0x0000000080f00000, 0x0000000081000000, 0x0000000081000000|100%| O|  |TAMS 0x0000000081000000, 0x0000000080f00000| Untracked 
|  16|0x0000000081000000, 0x0000000081100000, 0x0000000081100000|100%| O|  |TAMS 0x0000000081100000, 0x0000000081000000| Untracked 
|  17|0x0000000081100000, 0x0000000081200000, 0x0000000081200000|100%| O|  |TAMS 0x0000000081200000, 0x0000000081100000| Untracked 
|  18|0x0000000081200000, 0x0000000081300000, 0x0000000081300000|100%| O|  |TAMS 0x0000000081300000, 0x0000000081200000| Untracked 
|  19|0x0000000081300000, 0x0000000081400000, 0x0000000081400000|100%| O|  |TAMS 0x0000000081400000, 0x0000000081300000| Untracked 
|  20|0x0000000081400000, 0x0000000081500000, 0x0000000081500000|100%| O|  |TAMS 0x0000000081500000, 0x0000000081400000| Untracked 
|  21|0x0000000081500000, 0x0000000081600000, 0x0000000081600000|100%| O|  |TAMS 0x0000000081600000, 0x0000000081500000| Untracked 
|  22|0x0000000081600000, 0x0000000081700000, 0x0000000081700000|100%| O|  |TAMS 0x0000000081700000, 0x0000000081600000| Untracked 
|  23|0x0000000081700000, 0x0000000081800000, 0x0000000081800000|100%| O|  |TAMS 0x0000000081800000, 0x0000000081700000| Untracked 
|  24|0x0000000081800000, 0x0000000081900000, 0x0000000081900000|100%| O|  |TAMS 0x0000000081900000, 0x0000000081800000| Untracked 
|  25|0x0000000081900000, 0x0000000081a00000, 0x0000000081a00000|100%| O|  |TAMS 0x0000000081a00000, 0x0000000081900000| Untracked 
|  26|0x0000000081a00000, 0x0000000081b00000, 0x0000000081b00000|100%| O|  |TAMS 0x0000000081b00000, 0x0000000081a00000| Untracked 
|  27|0x0000000081b00000, 0x0000000081c00000, 0x0000000081c00000|100%| O|  |TAMS 0x0000000081c00000, 0x0000000081b00000| Untracked 
|  28|0x0000000081c00000, 0x0000000081d00000, 0x0000000081d00000|100%| O|  |TAMS 0x0000000081d00000, 0x0000000081c00000| Untracked 
|  29|0x0000000081d00000, 0x0000000081e00000, 0x0000000081e00000|100%| O|  |TAMS 0x0000000081e00000, 0x0000000081d00000| Untracked 
|  30|0x0000000081e00000, 0x0000000081f00000, 0x0000000081f00000|100%| O|  |TAMS 0x0000000081f00000, 0x0000000081e00000| Untracked 
|  31|0x0000000081f00000, 0x0000000082000000, 0x0000000082000000|100%| O|  |TAMS 0x0000000082000000, 0x0000000081f00000| Untracked 
|  32|0x0000000082000000, 0x0000000082100000, 0x0000000082100000|100%| O|  |TAMS 0x0000000082100000, 0x0000000082000000| Untracked 
|  33|0x0000000082100000, 0x0000000082200000, 0x0000000082200000|100%|HS|  |TAMS 0x0000000082200000, 0x0000000082100000| Complete 
|  34|0x0000000082200000, 0x0000000082300000, 0x0000000082300000|100%|HC|  |TAMS 0x0000000082300000, 0x0000000082200000| Complete 
|  35|0x0000000082300000, 0x0000000082400000, 0x0000000082400000|100%|HC|  |TAMS 0x0000000082400000, 0x0000000082300000| Complete 
|  36|0x0000000082400000, 0x0000000082500000, 0x0000000082500000|100%|HS|  |TAMS 0x0000000082500000, 0x0000000082400000| Complete 
|  37|0x0000000082500000, 0x0000000082600000, 0x0000000082600000|100%|HC|  |TAMS 0x0000000082600000, 0x0000000082500000| Complete 
|  38|0x0000000082600000, 0x0000000082700000, 0x0000000082700000|100%|HC|  |TAMS 0x0000000082700000, 0x0000000082600000| Complete 
|  39|0x0000000082700000, 0x0000000082800000, 0x0000000082800000|100%| O|  |TAMS 0x0000000082800000, 0x0000000082700000| Untracked 
|  40|0x0000000082800000, 0x0000000082900000, 0x0000000082900000|100%| O|  |TAMS 0x0000000082900000, 0x0000000082800000| Untracked 
|  41|0x0000000082900000, 0x0000000082a00000, 0x0000000082a00000|100%| O|  |TAMS 0x0000000082a00000, 0x0000000082900000| Untracked 
|  42|0x0000000082a00000, 0x0000000082b00000, 0x0000000082b00000|100%| O|  |TAMS 0x0000000082b00000, 0x0000000082a00000| Untracked 
|  43|0x0000000082b00000, 0x0000000082c00000, 0x0000000082c00000|100%|HS|  |TAMS 0x0000000082c00000, 0x0000000082b00000| Complete 
|  44|0x0000000082c00000, 0x0000000082d00000, 0x0000000082d00000|100%| O|  |TAMS 0x0000000082d00000, 0x0000000082c00000| Untracked 
|  45|0x0000000082d00000, 0x0000000082e00000, 0x0000000082e00000|100%| O|  |TAMS 0x0000000082e00000, 0x0000000082d00000| Untracked 
|  46|0x0000000082e00000, 0x0000000082f00000, 0x0000000082f00000|100%| O|  |TAMS 0x0000000082e00000, 0x0000000082e00000| Untracked 
|  47|0x0000000082f00000, 0x0000000083000000, 0x0000000083000000|100%|HS|  |TAMS 0x0000000083000000, 0x0000000082f00000| Complete 
|  48|0x0000000083000000, 0x0000000083100000, 0x0000000083100000|100%|HS|  |TAMS 0x0000000083100000, 0x0000000083000000| Complete 
|  49|0x0000000083100000, 0x0000000083200000, 0x0000000083200000|100%| O|  |TAMS 0x0000000083200000, 0x0000000083100000| Untracked 
|  50|0x0000000083200000, 0x0000000083300000, 0x0000000083300000|100%|HS|  |TAMS 0x0000000083300000, 0x0000000083200000| Complete 
|  51|0x0000000083300000, 0x0000000083400000, 0x0000000083400000|100%|HS|  |TAMS 0x0000000083400000, 0x0000000083300000| Complete 
|  52|0x0000000083400000, 0x0000000083500000, 0x0000000083500000|100%| O|  |TAMS 0x0000000083500000, 0x0000000083400000| Untracked 
|  53|0x0000000083500000, 0x0000000083600000, 0x0000000083600000|100%| O|  |TAMS 0x0000000083600000, 0x0000000083500000| Untracked 
|  54|0x0000000083600000, 0x0000000083700000, 0x0000000083700000|100%| O|  |TAMS 0x0000000083700000, 0x0000000083600000| Untracked 
|  55|0x0000000083700000, 0x0000000083800000, 0x0000000083800000|100%| O|  |TAMS 0x0000000083800000, 0x0000000083700000| Untracked 
|  56|0x0000000083800000, 0x0000000083900000, 0x0000000083900000|100%| O|  |TAMS 0x0000000083900000, 0x0000000083800000| Untracked 
|  57|0x0000000083900000, 0x0000000083a00000, 0x0000000083a00000|100%| O|  |TAMS 0x0000000083a00000, 0x0000000083900000| Untracked 
|  58|0x0000000083a00000, 0x0000000083b00000, 0x0000000083b00000|100%| O|  |TAMS 0x0000000083b00000, 0x0000000083a00000| Untracked 
|  59|0x0000000083b00000, 0x0000000083c00000, 0x0000000083c00000|100%| O|  |TAMS 0x0000000083c00000, 0x0000000083b00000| Untracked 
|  60|0x0000000083c00000, 0x0000000083d00000, 0x0000000083d00000|100%| O|  |TAMS 0x0000000083d00000, 0x0000000083c00000| Untracked 
|  61|0x0000000083d00000, 0x0000000083e00000, 0x0000000083e00000|100%| O|  |TAMS 0x0000000083e00000, 0x0000000083d00000| Untracked 
|  62|0x0000000083e00000, 0x0000000083f00000, 0x0000000083f00000|100%| O|  |TAMS 0x0000000083f00000, 0x0000000083e00000| Untracked 
|  63|0x0000000083f00000, 0x0000000084000000, 0x0000000084000000|100%| O|  |TAMS 0x0000000084000000, 0x0000000083f00000| Untracked 
|  64|0x0000000084000000, 0x0000000084100000, 0x0000000084100000|100%| O|  |TAMS 0x0000000084100000, 0x0000000084000000| Untracked 
|  65|0x0000000084100000, 0x0000000084200000, 0x0000000084200000|100%| O|  |TAMS 0x0000000084200000, 0x0000000084100000| Untracked 
|  66|0x0000000084200000, 0x0000000084300000, 0x0000000084300000|100%| O|  |TAMS 0x0000000084300000, 0x0000000084200000| Untracked 
|  67|0x0000000084300000, 0x0000000084400000, 0x0000000084400000|100%| O|  |TAMS 0x0000000084300000, 0x0000000084300000| Untracked 
|  68|0x0000000084400000, 0x0000000084500000, 0x0000000084500000|100%|HS|  |TAMS 0x0000000084500000, 0x0000000084400000| Complete 
|  69|0x0000000084500000, 0x0000000084600000, 0x0000000084600000|100%| O|  |TAMS 0x0000000084600000, 0x0000000084500000| Untracked 
|  70|0x0000000084600000, 0x0000000084700000, 0x0000000084700000|100%| O|  |TAMS 0x0000000084700000, 0x0000000084600000| Untracked 
|  71|0x0000000084700000, 0x0000000084800000, 0x0000000084800000|100%| O|  |TAMS 0x0000000084800000, 0x0000000084700000| Untracked 
|  72|0x0000000084800000, 0x0000000084900000, 0x0000000084900000|100%| O|  |TAMS 0x0000000084900000, 0x0000000084800000| Untracked 
|  73|0x0000000084900000, 0x0000000084a00000, 0x0000000084a00000|100%| O|  |TAMS 0x0000000084a00000, 0x0000000084900000| Untracked 
|  74|0x0000000084a00000, 0x0000000084b00000, 0x0000000084b00000|100%| O|  |TAMS 0x0000000084b00000, 0x0000000084a00000| Untracked 
|  75|0x0000000084b00000, 0x0000000084c00000, 0x0000000084c00000|100%|HS|  |TAMS 0x0000000084c00000, 0x0000000084b00000| Complete 
|  76|0x0000000084c00000, 0x0000000084d00000, 0x0000000084d00000|100%| O|  |TAMS 0x0000000084d00000, 0x0000000084c00000| Untracked 
|  77|0x0000000084d00000, 0x0000000084e00000, 0x0000000084e00000|100%| O|  |TAMS 0x0000000084e00000, 0x0000000084d00000| Untracked 
|  78|0x0000000084e00000, 0x0000000084f00000, 0x0000000084f00000|100%| O|  |TAMS 0x0000000084f00000, 0x0000000084e00000| Untracked 
|  79|0x0000000084f00000, 0x0000000085000000, 0x0000000085000000|100%| O|  |TAMS 0x0000000085000000, 0x0000000084f00000| Untracked 
|  80|0x0000000085000000, 0x0000000085100000, 0x0000000085100000|100%| O|  |TAMS 0x0000000085100000, 0x0000000085000000| Untracked 
|  81|0x0000000085100000, 0x0000000085200000, 0x0000000085200000|100%| O|  |TAMS 0x0000000085200000, 0x0000000085100000| Untracked 
|  82|0x0000000085200000, 0x0000000085300000, 0x0000000085300000|100%| O|  |TAMS 0x0000000085300000, 0x0000000085200000| Untracked 
|  83|0x0000000085300000, 0x0000000085400000, 0x0000000085400000|100%| O|  |TAMS 0x0000000085400000, 0x0000000085300000| Untracked 
|  84|0x0000000085400000, 0x0000000085500000, 0x0000000085500000|100%| O|  |TAMS 0x0000000085500000, 0x0000000085400000| Untracked 
|  85|0x0000000085500000, 0x0000000085600000, 0x0000000085600000|100%| O|  |TAMS 0x0000000085600000, 0x0000000085500000| Untracked 
|  86|0x0000000085600000, 0x0000000085700000, 0x0000000085700000|100%| O|  |TAMS 0x0000000085700000, 0x0000000085600000| Untracked 
|  87|0x0000000085700000, 0x0000000085800000, 0x0000000085800000|100%|HS|  |TAMS 0x0000000085800000, 0x0000000085700000| Complete 
|  88|0x0000000085800000, 0x0000000085900000, 0x0000000085900000|100%|HS|  |TAMS 0x0000000085900000, 0x0000000085800000| Complete 
|  89|0x0000000085900000, 0x0000000085a00000, 0x0000000085a00000|100%| O|  |TAMS 0x0000000085a00000, 0x0000000085900000| Untracked 
|  90|0x0000000085a00000, 0x0000000085b00000, 0x0000000085b00000|100%|HS|  |TAMS 0x0000000085a00000, 0x0000000085a00000| Complete 
|  91|0x0000000085b00000, 0x0000000085c00000, 0x0000000085c00000|100%|HC|  |TAMS 0x0000000085b00000, 0x0000000085b00000| Complete 
|  92|0x0000000085c00000, 0x0000000085d00000, 0x0000000085d00000|100%| O|  |TAMS 0x0000000085d00000, 0x0000000085c00000| Untracked 
|  93|0x0000000085d00000, 0x0000000085e00000, 0x0000000085e00000|100%| O|  |TAMS 0x0000000085e00000, 0x0000000085d00000| Untracked 
|  94|0x0000000085e00000, 0x0000000085f00000, 0x0000000085f00000|100%| O|  |TAMS 0x0000000085f00000, 0x0000000085e00000| Untracked 
|  95|0x0000000085f00000, 0x0000000086000000, 0x0000000086000000|100%| O|  |TAMS 0x0000000086000000, 0x0000000085f00000| Untracked 
|  96|0x0000000086000000, 0x0000000086100000, 0x0000000086100000|100%| O|  |TAMS 0x0000000086100000, 0x0000000086000000| Untracked 
|  97|0x0000000086100000, 0x0000000086200000, 0x0000000086200000|100%| O|  |TAMS 0x0000000086200000, 0x0000000086100000| Untracked 
|  98|0x0000000086200000, 0x0000000086300000, 0x0000000086300000|100%| O|  |TAMS 0x0000000086300000, 0x0000000086200000| Untracked 
|  99|0x0000000086300000, 0x0000000086400000, 0x0000000086400000|100%| O|  |TAMS 0x0000000086400000, 0x0000000086300000| Untracked 
| 100|0x0000000086400000, 0x0000000086500000, 0x0000000086500000|100%| O|  |TAMS 0x0000000086500000, 0x0000000086400000| Untracked 
| 101|0x0000000086500000, 0x0000000086600000, 0x0000000086600000|100%| O|  |TAMS 0x0000000086600000, 0x0000000086500000| Untracked 
| 102|0x0000000086600000, 0x0000000086700000, 0x0000000086700000|100%| O|  |TAMS 0x0000000086600000, 0x0000000086600000| Untracked 
| 103|0x0000000086700000, 0x0000000086800000, 0x0000000086800000|100%| O|  |TAMS 0x0000000086800000, 0x0000000086700000| Untracked 
| 104|0x0000000086800000, 0x0000000086900000, 0x0000000086900000|100%| O|  |TAMS 0x0000000086900000, 0x0000000086800000| Untracked 
| 105|0x0000000086900000, 0x0000000086a00000, 0x0000000086a00000|100%|HS|  |TAMS 0x0000000086a00000, 0x0000000086900000| Complete 
| 106|0x0000000086a00000, 0x0000000086b00000, 0x0000000086b00000|100%|HC|  |TAMS 0x0000000086b00000, 0x0000000086a00000| Complete 
| 107|0x0000000086b00000, 0x0000000086c00000, 0x0000000086c00000|100%|HC|  |TAMS 0x0000000086c00000, 0x0000000086b00000| Complete 
| 108|0x0000000086c00000, 0x0000000086d00000, 0x0000000086d00000|100%|HS|  |TAMS 0x0000000086d00000, 0x0000000086c00000| Complete 
| 109|0x0000000086d00000, 0x0000000086e00000, 0x0000000086e00000|100%|HC|  |TAMS 0x0000000086e00000, 0x0000000086d00000| Complete 
| 110|0x0000000086e00000, 0x0000000086f00000, 0x0000000086f00000|100%| O|  |TAMS 0x0000000086f00000, 0x0000000086e00000| Untracked 
| 111|0x0000000086f00000, 0x0000000087000000, 0x0000000087000000|100%| O|  |TAMS 0x0000000087000000, 0x0000000086f00000| Untracked 
| 112|0x0000000087000000, 0x0000000087100000, 0x0000000087100000|100%| O|  |TAMS 0x0000000087100000, 0x0000000087000000| Untracked 
| 113|0x0000000087100000, 0x0000000087200000, 0x0000000087200000|100%| O|  |TAMS 0x0000000087200000, 0x0000000087100000| Untracked 
| 114|0x0000000087200000, 0x0000000087300000, 0x0000000087300000|100%| O|  |TAMS 0x0000000087300000, 0x0000000087200000| Untracked 
| 115|0x0000000087300000, 0x0000000087400000, 0x0000000087400000|100%| O|  |TAMS 0x0000000087400000, 0x0000000087300000| Untracked 
| 116|0x0000000087400000, 0x0000000087500000, 0x0000000087500000|100%| O|  |TAMS 0x0000000087500000, 0x0000000087400000| Untracked 
| 117|0x0000000087500000, 0x0000000087600000, 0x0000000087600000|100%| O|  |TAMS 0x0000000087600000, 0x0000000087500000| Untracked 
| 118|0x0000000087600000, 0x0000000087700000, 0x0000000087700000|100%| O|  |TAMS 0x0000000087700000, 0x0000000087600000| Untracked 
| 119|0x0000000087700000, 0x0000000087800000, 0x0000000087800000|100%| O|  |TAMS 0x0000000087800000, 0x0000000087700000| Untracked 
| 120|0x0000000087800000, 0x0000000087900000, 0x0000000087900000|100%| O|  |TAMS 0x0000000087900000, 0x0000000087800000| Untracked 
| 121|0x0000000087900000, 0x0000000087a00000, 0x0000000087a00000|100%| O|  |TAMS 0x0000000087a00000, 0x0000000087900000| Untracked 
| 122|0x0000000087a00000, 0x0000000087b00000, 0x0000000087b00000|100%| O|  |TAMS 0x0000000087b00000, 0x0000000087a00000| Untracked 
| 123|0x0000000087b00000, 0x0000000087c00000, 0x0000000087c00000|100%| O|  |TAMS 0x0000000087c00000, 0x0000000087b00000| Untracked 
| 124|0x0000000087c00000, 0x0000000087d00000, 0x0000000087d00000|100%| O|  |TAMS 0x0000000087d00000, 0x0000000087c00000| Untracked 
| 125|0x0000000087d00000, 0x0000000087e00000, 0x0000000087e00000|100%| O|  |TAMS 0x0000000087e00000, 0x0000000087d00000| Untracked 
| 126|0x0000000087e00000, 0x0000000087f00000, 0x0000000087f00000|100%| O|  |TAMS 0x0000000087f00000, 0x0000000087e00000| Untracked 
| 127|0x0000000087f00000, 0x0000000088000000, 0x0000000088000000|100%| O|  |TAMS 0x0000000088000000, 0x0000000087f00000| Untracked 
| 128|0x0000000088000000, 0x0000000088100000, 0x0000000088100000|100%| O|  |TAMS 0x0000000088100000, 0x0000000088000000| Untracked 
| 129|0x0000000088100000, 0x0000000088200000, 0x0000000088200000|100%| O|  |TAMS 0x0000000088200000, 0x0000000088100000| Untracked 
| 130|0x0000000088200000, 0x0000000088300000, 0x0000000088300000|100%| O|  |TAMS 0x0000000088300000, 0x0000000088200000| Untracked 
| 131|0x0000000088300000, 0x0000000088400000, 0x0000000088400000|100%| O|  |TAMS 0x0000000088400000, 0x0000000088300000| Untracked 
| 132|0x0000000088400000, 0x0000000088500000, 0x0000000088500000|100%| O|  |TAMS 0x0000000088500000, 0x0000000088400000| Untracked 
| 133|0x0000000088500000, 0x0000000088600000, 0x0000000088600000|100%| O|  |TAMS 0x0000000088600000, 0x0000000088500000| Untracked 
| 134|0x0000000088600000, 0x0000000088700000, 0x0000000088700000|100%| O|  |TAMS 0x0000000088700000, 0x0000000088600000| Untracked 
| 135|0x0000000088700000, 0x0000000088800000, 0x0000000088800000|100%| O|  |TAMS 0x0000000088800000, 0x0000000088700000| Untracked 
| 136|0x0000000088800000, 0x0000000088900000, 0x0000000088900000|100%| O|  |TAMS 0x0000000088900000, 0x0000000088800000| Untracked 
| 137|0x0000000088900000, 0x0000000088a00000, 0x0000000088a00000|100%| O|  |TAMS 0x0000000088a00000, 0x0000000088900000| Untracked 
| 138|0x0000000088a00000, 0x0000000088b00000, 0x0000000088b00000|100%| O|  |TAMS 0x0000000088b00000, 0x0000000088a00000| Untracked 
| 139|0x0000000088b00000, 0x0000000088c00000, 0x0000000088c00000|100%| O|  |TAMS 0x0000000088c00000, 0x0000000088b00000| Untracked 
| 140|0x0000000088c00000, 0x0000000088d00000, 0x0000000088d00000|100%| O|  |TAMS 0x0000000088d00000, 0x0000000088c00000| Untracked 
| 141|0x0000000088d00000, 0x0000000088e00000, 0x0000000088e00000|100%| O|  |TAMS 0x0000000088e00000, 0x0000000088d00000| Untracked 
| 142|0x0000000088e00000, 0x0000000088f00000, 0x0000000088f00000|100%| O|  |TAMS 0x0000000088f00000, 0x0000000088e00000| Untracked 
| 143|0x0000000088f00000, 0x0000000089000000, 0x0000000089000000|100%| O|  |TAMS 0x0000000089000000, 0x0000000088f00000| Untracked 
| 144|0x0000000089000000, 0x0000000089100000, 0x0000000089100000|100%| O|  |TAMS 0x0000000089100000, 0x0000000089000000| Untracked 
| 145|0x0000000089100000, 0x0000000089200000, 0x0000000089200000|100%| O|  |TAMS 0x0000000089200000, 0x0000000089100000| Untracked 
| 146|0x0000000089200000, 0x0000000089300000, 0x0000000089300000|100%| O|  |TAMS 0x0000000089300000, 0x0000000089200000| Untracked 
| 147|0x0000000089300000, 0x0000000089400000, 0x0000000089400000|100%| O|  |TAMS 0x0000000089400000, 0x0000000089300000| Untracked 
| 148|0x0000000089400000, 0x0000000089500000, 0x0000000089500000|100%| O|  |TAMS 0x0000000089500000, 0x0000000089400000| Untracked 
| 149|0x0000000089500000, 0x0000000089600000, 0x0000000089600000|100%| O|  |TAMS 0x0000000089500000, 0x0000000089500000| Untracked 
| 150|0x0000000089600000, 0x0000000089700000, 0x0000000089700000|100%| O|  |TAMS 0x0000000089700000, 0x0000000089600000| Untracked 
| 151|0x0000000089700000, 0x0000000089800000, 0x0000000089800000|100%|HS|  |TAMS 0x0000000089800000, 0x0000000089700000| Complete 
| 152|0x0000000089800000, 0x0000000089900000, 0x0000000089900000|100%|HS|  |TAMS 0x0000000089900000, 0x0000000089800000| Complete 
| 153|0x0000000089900000, 0x0000000089a00000, 0x0000000089a00000|100%|HS|  |TAMS 0x0000000089a00000, 0x0000000089900000| Complete 
| 154|0x0000000089a00000, 0x0000000089b00000, 0x0000000089b00000|100%|HS|  |TAMS 0x0000000089b00000, 0x0000000089a00000| Complete 
| 155|0x0000000089b00000, 0x0000000089c00000, 0x0000000089c00000|100%| O|  |TAMS 0x0000000089c00000, 0x0000000089b00000| Untracked 
| 156|0x0000000089c00000, 0x0000000089d00000, 0x0000000089d00000|100%| O|  |TAMS 0x0000000089d00000, 0x0000000089c00000| Untracked 
| 157|0x0000000089d00000, 0x0000000089e00000, 0x0000000089e00000|100%| O|  |TAMS 0x0000000089e00000, 0x0000000089d00000| Untracked 
| 158|0x0000000089e00000, 0x0000000089f00000, 0x0000000089f00000|100%| O|  |TAMS 0x0000000089f00000, 0x0000000089e00000| Untracked 
| 159|0x0000000089f00000, 0x000000008a000000, 0x000000008a000000|100%| O|  |TAMS 0x000000008a000000, 0x0000000089f00000| Untracked 
| 160|0x000000008a000000, 0x000000008a100000, 0x000000008a100000|100%| O|  |TAMS 0x000000008a100000, 0x000000008a000000| Untracked 
| 161|0x000000008a100000, 0x000000008a200000, 0x000000008a200000|100%| O|  |TAMS 0x000000008a200000, 0x000000008a100000| Untracked 
| 162|0x000000008a200000, 0x000000008a300000, 0x000000008a300000|100%| O|  |TAMS 0x000000008a300000, 0x000000008a200000| Untracked 
| 163|0x000000008a300000, 0x000000008a400000, 0x000000008a400000|100%| O|  |TAMS 0x000000008a400000, 0x000000008a300000| Untracked 
| 164|0x000000008a400000, 0x000000008a500000, 0x000000008a500000|100%| O|  |TAMS 0x000000008a500000, 0x000000008a400000| Untracked 
| 165|0x000000008a500000, 0x000000008a600000, 0x000000008a600000|100%| O|  |TAMS 0x000000008a500000, 0x000000008a500000| Untracked 
| 166|0x000000008a600000, 0x000000008a700000, 0x000000008a700000|100%| O|  |TAMS 0x000000008a600000, 0x000000008a600000| Untracked 
| 167|0x000000008a700000, 0x000000008a800000, 0x000000008a800000|100%| O|  |TAMS 0x000000008a800000, 0x000000008a700000| Untracked 
| 168|0x000000008a800000, 0x000000008a900000, 0x000000008a900000|100%|HS|  |TAMS 0x000000008a900000, 0x000000008a800000| Complete 
| 169|0x000000008a900000, 0x000000008aa00000, 0x000000008aa00000|100%|HS|  |TAMS 0x000000008aa00000, 0x000000008a900000| Complete 
| 170|0x000000008aa00000, 0x000000008ab00000, 0x000000008ab00000|100%| O|  |TAMS 0x000000008ab00000, 0x000000008aa00000| Untracked 
| 171|0x000000008ab00000, 0x000000008ac00000, 0x000000008ac00000|100%| O|  |TAMS 0x000000008ac00000, 0x000000008ab00000| Untracked 
| 172|0x000000008ac00000, 0x000000008ad00000, 0x000000008ad00000|100%| O|  |TAMS 0x000000008ad00000, 0x000000008ac00000| Untracked 
| 173|0x000000008ad00000, 0x000000008ae00000, 0x000000008ae00000|100%| O|  |TAMS 0x000000008ae00000, 0x000000008ad00000| Untracked 
| 174|0x000000008ae00000, 0x000000008af00000, 0x000000008af00000|100%| O|  |TAMS 0x000000008af00000, 0x000000008ae00000| Untracked 
| 175|0x000000008af00000, 0x000000008b000000, 0x000000008b000000|100%| O|  |TAMS 0x000000008b000000, 0x000000008af00000| Untracked 
| 176|0x000000008b000000, 0x000000008b100000, 0x000000008b100000|100%| O|  |TAMS 0x000000008b100000, 0x000000008b000000| Untracked 
| 177|0x000000008b100000, 0x000000008b200000, 0x000000008b200000|100%| O|  |TAMS 0x000000008b200000, 0x000000008b100000| Untracked 
| 178|0x000000008b200000, 0x000000008b300000, 0x000000008b300000|100%| O|  |TAMS 0x000000008b300000, 0x000000008b200000| Untracked 
| 179|0x000000008b300000, 0x000000008b400000, 0x000000008b400000|100%| O|  |TAMS 0x000000008b400000, 0x000000008b300000| Untracked 
| 180|0x000000008b400000, 0x000000008b500000, 0x000000008b500000|100%| O|  |TAMS 0x000000008b500000, 0x000000008b400000| Untracked 
| 181|0x000000008b500000, 0x000000008b600000, 0x000000008b600000|100%| O|  |TAMS 0x000000008b600000, 0x000000008b500000| Untracked 
| 182|0x000000008b600000, 0x000000008b700000, 0x000000008b700000|100%| O|  |TAMS 0x000000008b700000, 0x000000008b600000| Untracked 
| 183|0x000000008b700000, 0x000000008b800000, 0x000000008b800000|100%| O|  |TAMS 0x000000008b800000, 0x000000008b700000| Untracked 
| 184|0x000000008b800000, 0x000000008b900000, 0x000000008b900000|100%| O|  |TAMS 0x000000008b900000, 0x000000008b800000| Untracked 
| 185|0x000000008b900000, 0x000000008ba00000, 0x000000008ba00000|100%| O|  |TAMS 0x000000008ba00000, 0x000000008b900000| Untracked 
| 186|0x000000008ba00000, 0x000000008bb00000, 0x000000008bb00000|100%| O|  |TAMS 0x000000008bb00000, 0x000000008ba00000| Untracked 
| 187|0x000000008bb00000, 0x000000008bc00000, 0x000000008bc00000|100%| O|  |TAMS 0x000000008bc00000, 0x000000008bb00000| Untracked 
| 188|0x000000008bc00000, 0x000000008bd00000, 0x000000008bd00000|100%| O|  |TAMS 0x000000008bd00000, 0x000000008bc00000| Untracked 
| 189|0x000000008bd00000, 0x000000008be00000, 0x000000008be00000|100%| O|  |TAMS 0x000000008be00000, 0x000000008bd00000| Untracked 
| 190|0x000000008be00000, 0x000000008bf00000, 0x000000008bf00000|100%| O|  |TAMS 0x000000008bf00000, 0x000000008be00000| Untracked 
| 191|0x000000008bf00000, 0x000000008c000000, 0x000000008c000000|100%| O|  |TAMS 0x000000008c000000, 0x000000008bf00000| Untracked 
| 192|0x000000008c000000, 0x000000008c100000, 0x000000008c100000|100%| O|  |TAMS 0x000000008c100000, 0x000000008c000000| Untracked 
| 193|0x000000008c100000, 0x000000008c200000, 0x000000008c200000|100%| O|  |TAMS 0x000000008c200000, 0x000000008c100000| Untracked 
| 194|0x000000008c200000, 0x000000008c300000, 0x000000008c300000|100%| O|  |TAMS 0x000000008c300000, 0x000000008c200000| Untracked 
| 195|0x000000008c300000, 0x000000008c400000, 0x000000008c400000|100%| O|  |TAMS 0x000000008c400000, 0x000000008c300000| Untracked 
| 196|0x000000008c400000, 0x000000008c500000, 0x000000008c500000|100%| O|  |TAMS 0x000000008c500000, 0x000000008c400000| Untracked 
| 197|0x000000008c500000, 0x000000008c600000, 0x000000008c600000|100%| O|  |TAMS 0x000000008c600000, 0x000000008c500000| Untracked 
| 198|0x000000008c600000, 0x000000008c700000, 0x000000008c700000|100%| O|  |TAMS 0x000000008c700000, 0x000000008c600000| Untracked 
| 199|0x000000008c700000, 0x000000008c800000, 0x000000008c800000|100%| O|  |TAMS 0x000000008c700000, 0x000000008c700000| Untracked 
| 200|0x000000008c800000, 0x000000008c900000, 0x000000008c900000|100%| O|  |TAMS 0x000000008c900000, 0x000000008c800000| Untracked 
| 201|0x000000008c900000, 0x000000008ca00000, 0x000000008ca00000|100%|HS|  |TAMS 0x000000008ca00000, 0x000000008c900000| Complete 
| 202|0x000000008ca00000, 0x000000008cb00000, 0x000000008cb00000|100%|HS|  |TAMS 0x000000008cb00000, 0x000000008ca00000| Complete 
| 203|0x000000008cb00000, 0x000000008cc00000, 0x000000008cc00000|100%|HS|  |TAMS 0x000000008cc00000, 0x000000008cb00000| Complete 
| 204|0x000000008cc00000, 0x000000008cd00000, 0x000000008cd00000|100%|HS|  |TAMS 0x000000008cd00000, 0x000000008cc00000| Complete 
| 205|0x000000008cd00000, 0x000000008ce00000, 0x000000008ce00000|100%|HS|  |TAMS 0x000000008ce00000, 0x000000008cd00000| Complete 
| 206|0x000000008ce00000, 0x000000008cf00000, 0x000000008cf00000|100%| O|  |TAMS 0x000000008cf00000, 0x000000008ce00000| Untracked 
| 207|0x000000008cf00000, 0x000000008d000000, 0x000000008d000000|100%| O|  |TAMS 0x000000008d000000, 0x000000008cf00000| Untracked 
| 208|0x000000008d000000, 0x000000008d100000, 0x000000008d100000|100%| O|  |TAMS 0x000000008d100000, 0x000000008d000000| Untracked 
| 209|0x000000008d100000, 0x000000008d200000, 0x000000008d200000|100%| O|  |TAMS 0x000000008d200000, 0x000000008d100000| Untracked 
| 210|0x000000008d200000, 0x000000008d300000, 0x000000008d300000|100%| O|  |TAMS 0x000000008d300000, 0x000000008d200000| Untracked 
| 211|0x000000008d300000, 0x000000008d400000, 0x000000008d400000|100%| O|  |TAMS 0x000000008d400000, 0x000000008d300000| Untracked 
| 212|0x000000008d400000, 0x000000008d500000, 0x000000008d500000|100%| O|  |TAMS 0x000000008d400000, 0x000000008d400000| Untracked 
| 213|0x000000008d500000, 0x000000008d600000, 0x000000008d600000|100%| O|  |TAMS 0x000000008d600000, 0x000000008d500000| Untracked 
| 214|0x000000008d600000, 0x000000008d700000, 0x000000008d700000|100%| O|  |TAMS 0x000000008d700000, 0x000000008d600000| Untracked 
| 215|0x000000008d700000, 0x000000008d800000, 0x000000008d800000|100%| O|  |TAMS 0x000000008d800000, 0x000000008d700000| Untracked 
| 216|0x000000008d800000, 0x000000008d900000, 0x000000008d900000|100%| O|  |TAMS 0x000000008d900000, 0x000000008d800000| Untracked 
| 217|0x000000008d900000, 0x000000008da00000, 0x000000008da00000|100%| O|  |TAMS 0x000000008da00000, 0x000000008d900000| Untracked 
| 218|0x000000008da00000, 0x000000008db00000, 0x000000008db00000|100%| O|  |TAMS 0x000000008db00000, 0x000000008da00000| Untracked 
| 219|0x000000008db00000, 0x000000008dc00000, 0x000000008dc00000|100%| O|  |TAMS 0x000000008dc00000, 0x000000008db00000| Untracked 
| 220|0x000000008dc00000, 0x000000008dd00000, 0x000000008dd00000|100%| O|  |TAMS 0x000000008dd00000, 0x000000008dc00000| Untracked 
| 221|0x000000008dd00000, 0x000000008de00000, 0x000000008de00000|100%| O|  |TAMS 0x000000008de00000, 0x000000008dd00000| Untracked 
| 222|0x000000008de00000, 0x000000008df00000, 0x000000008df00000|100%| O|  |TAMS 0x000000008df00000, 0x000000008de00000| Untracked 
| 223|0x000000008df00000, 0x000000008e000000, 0x000000008e000000|100%| O|  |TAMS 0x000000008e000000, 0x000000008df00000| Untracked 
| 224|0x000000008e000000, 0x000000008e100000, 0x000000008e100000|100%| O|  |TAMS 0x000000008e100000, 0x000000008e000000| Untracked 
| 225|0x000000008e100000, 0x000000008e200000, 0x000000008e200000|100%| O|  |TAMS 0x000000008e200000, 0x000000008e100000| Untracked 
| 226|0x000000008e200000, 0x000000008e300000, 0x000000008e300000|100%| O|  |TAMS 0x000000008e300000, 0x000000008e200000| Untracked 
| 227|0x000000008e300000, 0x000000008e400000, 0x000000008e400000|100%| O|  |TAMS 0x000000008e400000, 0x000000008e300000| Untracked 
| 228|0x000000008e400000, 0x000000008e500000, 0x000000008e500000|100%| O|  |TAMS 0x000000008e500000, 0x000000008e400000| Untracked 
| 229|0x000000008e500000, 0x000000008e600000, 0x000000008e600000|100%| O|  |TAMS 0x000000008e600000, 0x000000008e500000| Untracked 
| 230|0x000000008e600000, 0x000000008e700000, 0x000000008e700000|100%| O|  |TAMS 0x000000008e700000, 0x000000008e600000| Untracked 
| 231|0x000000008e700000, 0x000000008e800000, 0x000000008e800000|100%| O|  |TAMS 0x000000008e800000, 0x000000008e700000| Untracked 
| 232|0x000000008e800000, 0x000000008e900000, 0x000000008e900000|100%| O|  |TAMS 0x000000008e900000, 0x000000008e800000| Untracked 
| 233|0x000000008e900000, 0x000000008ea00000, 0x000000008ea00000|100%| O|  |TAMS 0x000000008ea00000, 0x000000008e900000| Untracked 
| 234|0x000000008ea00000, 0x000000008eb00000, 0x000000008eb00000|100%| O|  |TAMS 0x000000008eb00000, 0x000000008ea00000| Untracked 
| 235|0x000000008eb00000, 0x000000008ec00000, 0x000000008ec00000|100%| O|  |TAMS 0x000000008ec00000, 0x000000008eb00000| Untracked 
| 236|0x000000008ec00000, 0x000000008ed00000, 0x000000008ed00000|100%| O|  |TAMS 0x000000008ed00000, 0x000000008ec00000| Untracked 
| 237|0x000000008ed00000, 0x000000008ee00000, 0x000000008ee00000|100%| O|  |TAMS 0x000000008ee00000, 0x000000008ed00000| Untracked 
| 238|0x000000008ee00000, 0x000000008ef00000, 0x000000008ef00000|100%| O|  |TAMS 0x000000008ef00000, 0x000000008ee00000| Untracked 
| 239|0x000000008ef00000, 0x000000008f000000, 0x000000008f000000|100%| O|  |TAMS 0x000000008f000000, 0x000000008ef00000| Untracked 
| 240|0x000000008f000000, 0x000000008f100000, 0x000000008f100000|100%| O|  |TAMS 0x000000008f100000, 0x000000008f000000| Untracked 
| 241|0x000000008f100000, 0x000000008f200000, 0x000000008f200000|100%| O|  |TAMS 0x000000008f200000, 0x000000008f100000| Untracked 
| 242|0x000000008f200000, 0x000000008f300000, 0x000000008f300000|100%| O|  |TAMS 0x000000008f300000, 0x000000008f200000| Untracked 
| 243|0x000000008f300000, 0x000000008f400000, 0x000000008f400000|100%| O|  |TAMS 0x000000008f400000, 0x000000008f300000| Untracked 
| 244|0x000000008f400000, 0x000000008f500000, 0x000000008f500000|100%| O|  |TAMS 0x000000008f500000, 0x000000008f400000| Untracked 
| 245|0x000000008f500000, 0x000000008f600000, 0x000000008f600000|100%| O|  |TAMS 0x000000008f600000, 0x000000008f500000| Untracked 
| 246|0x000000008f600000, 0x000000008f700000, 0x000000008f700000|100%| O|  |TAMS 0x000000008f700000, 0x000000008f600000| Untracked 
| 247|0x000000008f700000, 0x000000008f800000, 0x000000008f800000|100%| O|  |TAMS 0x000000008f800000, 0x000000008f700000| Untracked 
| 248|0x000000008f800000, 0x000000008f900000, 0x000000008f900000|100%| O|  |TAMS 0x000000008f900000, 0x000000008f800000| Untracked 
| 249|0x000000008f900000, 0x000000008fa00000, 0x000000008fa00000|100%| O|  |TAMS 0x000000008fa00000, 0x000000008f900000| Untracked 
| 250|0x000000008fa00000, 0x000000008fb00000, 0x000000008fb00000|100%| O|  |TAMS 0x000000008fb00000, 0x000000008fa00000| Untracked 
| 251|0x000000008fb00000, 0x000000008fc00000, 0x000000008fc00000|100%| O|  |TAMS 0x000000008fc00000, 0x000000008fb00000| Untracked 
| 252|0x000000008fc00000, 0x000000008fd00000, 0x000000008fd00000|100%| O|  |TAMS 0x000000008fd00000, 0x000000008fc00000| Untracked 
| 253|0x000000008fd00000, 0x000000008fe00000, 0x000000008fe00000|100%| O|  |TAMS 0x000000008fe00000, 0x000000008fd00000| Untracked 
| 254|0x000000008fe00000, 0x000000008ff00000, 0x000000008ff00000|100%| O|  |TAMS 0x000000008ff00000, 0x000000008fe00000| Untracked 
| 255|0x000000008ff00000, 0x0000000090000000, 0x0000000090000000|100%| O|  |TAMS 0x0000000090000000, 0x000000008ff00000| Untracked 
| 256|0x0000000090000000, 0x0000000090100000, 0x0000000090100000|100%| O|  |TAMS 0x0000000090100000, 0x0000000090000000| Untracked 
| 257|0x0000000090100000, 0x0000000090200000, 0x0000000090200000|100%| O|  |TAMS 0x0000000090200000, 0x0000000090100000| Untracked 
| 258|0x0000000090200000, 0x0000000090300000, 0x0000000090300000|100%| O|  |TAMS 0x0000000090300000, 0x0000000090200000| Untracked 
| 259|0x0000000090300000, 0x0000000090400000, 0x0000000090400000|100%| O|  |TAMS 0x0000000090300000, 0x0000000090300000| Untracked 
| 260|0x0000000090400000, 0x0000000090500000, 0x0000000090500000|100%| O|  |TAMS 0x0000000090500000, 0x0000000090400000| Untracked 
| 261|0x0000000090500000, 0x0000000090600000, 0x0000000090600000|100%| O|  |TAMS 0x0000000090600000, 0x0000000090500000| Untracked 
| 262|0x0000000090600000, 0x0000000090700000, 0x0000000090700000|100%| O|  |TAMS 0x0000000090700000, 0x0000000090600000| Untracked 
| 263|0x0000000090700000, 0x0000000090800000, 0x0000000090800000|100%| O|  |TAMS 0x0000000090800000, 0x0000000090700000| Untracked 
| 264|0x0000000090800000, 0x0000000090900000, 0x0000000090900000|100%| O|  |TAMS 0x0000000090900000, 0x0000000090800000| Untracked 
| 265|0x0000000090900000, 0x0000000090a00000, 0x0000000090a00000|100%| O|  |TAMS 0x0000000090a00000, 0x0000000090900000| Untracked 
| 266|0x0000000090a00000, 0x0000000090b00000, 0x0000000090b00000|100%| O|  |TAMS 0x0000000090b00000, 0x0000000090a00000| Untracked 
| 267|0x0000000090b00000, 0x0000000090c00000, 0x0000000090c00000|100%| O|  |TAMS 0x0000000090c00000, 0x0000000090b00000| Untracked 
| 268|0x0000000090c00000, 0x0000000090d00000, 0x0000000090d00000|100%| O|  |TAMS 0x0000000090d00000, 0x0000000090c00000| Untracked 
| 269|0x0000000090d00000, 0x0000000090e00000, 0x0000000090e00000|100%| O|  |TAMS 0x0000000090d00000, 0x0000000090d00000| Untracked 
| 270|0x0000000090e00000, 0x0000000090f00000, 0x0000000090f00000|100%| O|  |TAMS 0x0000000090f00000, 0x0000000090e00000| Untracked 
| 271|0x0000000090f00000, 0x0000000091000000, 0x0000000091000000|100%| O|  |TAMS 0x0000000091000000, 0x0000000090f00000| Untracked 
| 272|0x0000000091000000, 0x0000000091100000, 0x0000000091100000|100%| O|  |TAMS 0x0000000091100000, 0x0000000091000000| Untracked 
| 273|0x0000000091100000, 0x0000000091200000, 0x0000000091200000|100%| O|  |TAMS 0x0000000091200000, 0x0000000091100000| Untracked 
| 274|0x0000000091200000, 0x0000000091300000, 0x0000000091300000|100%| O|  |TAMS 0x0000000091300000, 0x0000000091200000| Untracked 
| 275|0x0000000091300000, 0x0000000091400000, 0x0000000091400000|100%| O|  |TAMS 0x0000000091400000, 0x0000000091300000| Untracked 
| 276|0x0000000091400000, 0x0000000091500000, 0x0000000091500000|100%| O|  |TAMS 0x0000000091500000, 0x0000000091400000| Untracked 
| 277|0x0000000091500000, 0x0000000091600000, 0x0000000091600000|100%| O|  |TAMS 0x0000000091600000, 0x0000000091500000| Untracked 
| 278|0x0000000091600000, 0x0000000091700000, 0x0000000091700000|100%| O|  |TAMS 0x0000000091700000, 0x0000000091600000| Untracked 
| 279|0x0000000091700000, 0x0000000091800000, 0x0000000091800000|100%| O|  |TAMS 0x0000000091800000, 0x0000000091700000| Untracked 
| 280|0x0000000091800000, 0x0000000091900000, 0x0000000091900000|100%| O|  |TAMS 0x0000000091900000, 0x0000000091800000| Untracked 
| 281|0x0000000091900000, 0x0000000091a00000, 0x0000000091a00000|100%| O|  |TAMS 0x0000000091a00000, 0x0000000091900000| Untracked 
| 282|0x0000000091a00000, 0x0000000091b00000, 0x0000000091b00000|100%| O|  |TAMS 0x0000000091b00000, 0x0000000091a00000| Untracked 
| 283|0x0000000091b00000, 0x0000000091c00000, 0x0000000091c00000|100%| O|  |TAMS 0x0000000091b83000, 0x0000000091b00000| Untracked 
| 284|0x0000000091c00000, 0x0000000091d00000, 0x0000000091d00000|100%| O|  |TAMS 0x0000000091d00000, 0x0000000091c00000| Untracked 
| 285|0x0000000091d00000, 0x0000000091e00000, 0x0000000091e00000|100%| O|  |TAMS 0x0000000091d00000, 0x0000000091d00000| Untracked 
| 286|0x0000000091e00000, 0x0000000091f00000, 0x0000000091f00000|100%| O|  |TAMS 0x0000000091f00000, 0x0000000091e00000| Untracked 
| 287|0x0000000091f00000, 0x0000000092000000, 0x0000000092000000|100%| O|  |TAMS 0x0000000091f00000, 0x0000000091f00000| Untracked 
| 288|0x0000000092000000, 0x0000000092100000, 0x0000000092100000|100%| O|  |TAMS 0x0000000092000000, 0x0000000092000000| Untracked 
| 289|0x0000000092100000, 0x0000000092200000, 0x0000000092200000|100%|HS|  |TAMS 0x0000000092100000, 0x0000000092100000| Complete 
| 290|0x0000000092200000, 0x0000000092300000, 0x0000000092300000|100%|HC|  |TAMS 0x0000000092200000, 0x0000000092200000| Complete 
| 291|0x0000000092300000, 0x0000000092400000, 0x0000000092400000|100%| O|  |TAMS 0x0000000092300000, 0x0000000092300000| Untracked 
| 292|0x0000000092400000, 0x0000000092500000, 0x0000000092500000|100%| O|  |TAMS 0x0000000092500000, 0x0000000092400000| Untracked 
| 293|0x0000000092500000, 0x0000000092600000, 0x0000000092600000|100%| O|  |TAMS 0x0000000092600000, 0x0000000092500000| Untracked 
| 294|0x0000000092600000, 0x0000000092700000, 0x0000000092700000|100%| O|  |TAMS 0x0000000092700000, 0x0000000092600000| Untracked 
| 295|0x0000000092700000, 0x0000000092800000, 0x0000000092800000|100%| O|  |TAMS 0x0000000092800000, 0x0000000092700000| Untracked 
| 296|0x0000000092800000, 0x0000000092900000, 0x0000000092900000|100%| O|  |TAMS 0x0000000092900000, 0x0000000092800000| Untracked 
| 297|0x0000000092900000, 0x0000000092a00000, 0x0000000092a00000|100%| O|  |TAMS 0x0000000092a00000, 0x0000000092900000| Untracked 
| 298|0x0000000092a00000, 0x0000000092b00000, 0x0000000092b00000|100%| O|  |TAMS 0x0000000092b00000, 0x0000000092a00000| Untracked 
| 299|0x0000000092b00000, 0x0000000092c00000, 0x0000000092c00000|100%| O|  |TAMS 0x0000000092c00000, 0x0000000092b00000| Untracked 
| 300|0x0000000092c00000, 0x0000000092d00000, 0x0000000092d00000|100%| O|  |TAMS 0x0000000092c00000, 0x0000000092c00000| Untracked 
| 301|0x0000000092d00000, 0x0000000092e00000, 0x0000000092e00000|100%| O|  |TAMS 0x0000000092e00000, 0x0000000092d00000| Untracked 
| 302|0x0000000092e00000, 0x0000000092f00000, 0x0000000092f00000|100%|HS|  |TAMS 0x0000000092e00000, 0x0000000092e00000| Complete 
| 303|0x0000000092f00000, 0x0000000093000000, 0x0000000093000000|100%|HC|  |TAMS 0x0000000092f00000, 0x0000000092f00000| Complete 
| 304|0x0000000093000000, 0x0000000093100000, 0x0000000093100000|100%| O|  |TAMS 0x0000000093000000, 0x0000000093000000| Untracked 
| 305|0x0000000093100000, 0x0000000093200000, 0x0000000093200000|100%| O|  |TAMS 0x0000000093100000, 0x0000000093100000| Untracked 
| 306|0x0000000093200000, 0x0000000093300000, 0x0000000093300000|100%| O|  |TAMS 0x0000000093200000, 0x0000000093200000| Untracked 
| 307|0x0000000093300000, 0x0000000093400000, 0x0000000093400000|100%| O|  |TAMS 0x0000000093300000, 0x0000000093300000| Untracked 
| 308|0x0000000093400000, 0x0000000093500000, 0x0000000093500000|100%| O|  |TAMS 0x0000000093400000, 0x0000000093400000| Untracked 
| 309|0x0000000093500000, 0x0000000093600000, 0x0000000093600000|100%| O|  |TAMS 0x0000000093500000, 0x0000000093500000| Untracked 
| 310|0x0000000093600000, 0x0000000093700000, 0x0000000093700000|100%| O|  |TAMS 0x0000000093600000, 0x0000000093600000| Untracked 
| 311|0x0000000093700000, 0x0000000093800000, 0x0000000093800000|100%| O|  |TAMS 0x0000000093700000, 0x0000000093700000| Untracked 
| 312|0x0000000093800000, 0x0000000093900000, 0x0000000093900000|100%| O|  |TAMS 0x0000000093800000, 0x0000000093800000| Untracked 
| 313|0x0000000093900000, 0x0000000093a00000, 0x0000000093a00000|100%| O|  |TAMS 0x0000000093900000, 0x0000000093900000| Untracked 
| 314|0x0000000093a00000, 0x0000000093b00000, 0x0000000093b00000|100%| O|  |TAMS 0x0000000093a00000, 0x0000000093a00000| Untracked 
| 315|0x0000000093b00000, 0x0000000093c00000, 0x0000000093c00000|100%| O|  |TAMS 0x0000000093b00000, 0x0000000093b00000| Untracked 
| 316|0x0000000093c00000, 0x0000000093d00000, 0x0000000093d00000|100%| O|  |TAMS 0x0000000093c00000, 0x0000000093c00000| Untracked 
| 317|0x0000000093d00000, 0x0000000093e00000, 0x0000000093e00000|100%| O|  |TAMS 0x0000000093d00000, 0x0000000093d00000| Untracked 
| 318|0x0000000093e00000, 0x0000000093f00000, 0x0000000093f00000|100%| O|  |TAMS 0x0000000093e00000, 0x0000000093e00000| Untracked 
| 319|0x0000000093f00000, 0x0000000094000000, 0x0000000094000000|100%| O|  |TAMS 0x0000000093f00000, 0x0000000093f00000| Untracked 
| 320|0x0000000094000000, 0x0000000094100000, 0x0000000094100000|100%| O|  |TAMS 0x0000000094000000, 0x0000000094000000| Untracked 
| 321|0x0000000094100000, 0x0000000094200000, 0x0000000094200000|100%| O|  |TAMS 0x0000000094100000, 0x0000000094100000| Untracked 
| 322|0x0000000094200000, 0x0000000094300000, 0x0000000094300000|100%| O|  |TAMS 0x0000000094200000, 0x0000000094200000| Untracked 
| 323|0x0000000094300000, 0x0000000094400000, 0x0000000094400000|100%| O|  |TAMS 0x0000000094400000, 0x0000000094300000| Untracked 
| 324|0x0000000094400000, 0x0000000094500000, 0x0000000094500000|100%| O|  |TAMS 0x0000000094400000, 0x0000000094400000| Untracked 
| 325|0x0000000094500000, 0x0000000094600000, 0x0000000094600000|100%| O|  |TAMS 0x0000000094500000, 0x0000000094500000| Untracked 
| 326|0x0000000094600000, 0x0000000094700000, 0x0000000094700000|100%| O|  |TAMS 0x0000000094600000, 0x0000000094600000| Untracked 
| 327|0x0000000094700000, 0x0000000094800000, 0x0000000094800000|100%| O|  |TAMS 0x0000000094700000, 0x0000000094700000| Untracked 
| 328|0x0000000094800000, 0x0000000094900000, 0x0000000094900000|100%| O|  |TAMS 0x0000000094800000, 0x0000000094800000| Untracked 
| 329|0x0000000094900000, 0x0000000094a00000, 0x0000000094a00000|100%| O|  |TAMS 0x0000000094900000, 0x0000000094900000| Untracked 
| 330|0x0000000094a00000, 0x0000000094b00000, 0x0000000094b00000|100%| O|  |TAMS 0x0000000094a00000, 0x0000000094a00000| Untracked 
| 331|0x0000000094b00000, 0x0000000094c00000, 0x0000000094c00000|100%| O|  |TAMS 0x0000000094b00000, 0x0000000094b00000| Untracked 
| 332|0x0000000094c00000, 0x0000000094d00000, 0x0000000094d00000|100%| O|  |TAMS 0x0000000094c00000, 0x0000000094c00000| Untracked 
| 333|0x0000000094d00000, 0x0000000094e00000, 0x0000000094e00000|100%| O|  |TAMS 0x0000000094d00000, 0x0000000094d00000| Untracked 
| 334|0x0000000094e00000, 0x0000000094f00000, 0x0000000094f00000|100%| O|  |TAMS 0x0000000094e00000, 0x0000000094e00000| Untracked 
| 335|0x0000000094f00000, 0x0000000095000000, 0x0000000095000000|100%|HS|  |TAMS 0x0000000094f00000, 0x0000000094f00000| Complete 
| 336|0x0000000095000000, 0x0000000095100000, 0x0000000095100000|100%|HC|  |TAMS 0x0000000095000000, 0x0000000095000000| Complete 
| 337|0x0000000095100000, 0x0000000095200000, 0x0000000095200000|100%| O|  |TAMS 0x0000000095100000, 0x0000000095100000| Untracked 
| 338|0x0000000095200000, 0x0000000095300000, 0x0000000095300000|100%| O|  |TAMS 0x0000000095200000, 0x0000000095200000| Untracked 
| 339|0x0000000095300000, 0x0000000095400000, 0x0000000095400000|100%| O|  |TAMS 0x0000000095300000, 0x0000000095300000| Untracked 
| 340|0x0000000095400000, 0x0000000095500000, 0x0000000095500000|100%| O|  |TAMS 0x0000000095400000, 0x0000000095400000| Untracked 
| 341|0x0000000095500000, 0x0000000095600000, 0x0000000095600000|100%| O|  |TAMS 0x0000000095500000, 0x0000000095500000| Untracked 
| 342|0x0000000095600000, 0x0000000095700000, 0x0000000095700000|100%| O|  |TAMS 0x0000000095600000, 0x0000000095600000| Untracked 
| 343|0x0000000095700000, 0x0000000095800000, 0x0000000095800000|100%| O|  |TAMS 0x0000000095700000, 0x0000000095700000| Untracked 
| 344|0x0000000095800000, 0x0000000095900000, 0x0000000095900000|100%| O|  |TAMS 0x0000000095800000, 0x0000000095800000| Untracked 
| 345|0x0000000095900000, 0x0000000095a00000, 0x0000000095a00000|100%| O|  |TAMS 0x0000000095900000, 0x0000000095900000| Untracked 
| 346|0x0000000095a00000, 0x0000000095b00000, 0x0000000095b00000|100%| O|  |TAMS 0x0000000095a00000, 0x0000000095a00000| Untracked 
| 347|0x0000000095b00000, 0x0000000095c00000, 0x0000000095c00000|100%| O|  |TAMS 0x0000000095b00000, 0x0000000095b00000| Untracked 
| 348|0x0000000095c00000, 0x0000000095d00000, 0x0000000095d00000|100%| O|  |TAMS 0x0000000095c00000, 0x0000000095c00000| Untracked 
| 349|0x0000000095d00000, 0x0000000095e00000, 0x0000000095e00000|100%| O|  |TAMS 0x0000000095d00000, 0x0000000095d00000| Untracked 
| 350|0x0000000095e00000, 0x0000000095f00000, 0x0000000095f00000|100%| O|  |TAMS 0x0000000095e00000, 0x0000000095e00000| Untracked 
| 351|0x0000000095f00000, 0x0000000096000000, 0x0000000096000000|100%| O|  |TAMS 0x0000000095f00000, 0x0000000095f00000| Untracked 
| 352|0x0000000096000000, 0x0000000096100000, 0x0000000096100000|100%| O|  |TAMS 0x0000000096000000, 0x0000000096000000| Untracked 
| 353|0x0000000096100000, 0x0000000096200000, 0x0000000096200000|100%| O|  |TAMS 0x0000000096100000, 0x0000000096100000| Untracked 
| 354|0x0000000096200000, 0x0000000096300000, 0x0000000096300000|100%| O|  |TAMS 0x0000000096200000, 0x0000000096200000| Untracked 
| 355|0x0000000096300000, 0x0000000096400000, 0x0000000096400000|100%| O|  |TAMS 0x0000000096300000, 0x0000000096300000| Untracked 
| 356|0x0000000096400000, 0x0000000096500000, 0x0000000096500000|100%| O|  |TAMS 0x0000000096400000, 0x0000000096400000| Untracked 
| 357|0x0000000096500000, 0x0000000096600000, 0x0000000096600000|100%| O|  |TAMS 0x0000000096500000, 0x0000000096500000| Untracked 
| 358|0x0000000096600000, 0x0000000096700000, 0x0000000096700000|100%|HS|  |TAMS 0x0000000096600000, 0x0000000096600000| Complete 
| 359|0x0000000096700000, 0x0000000096800000, 0x0000000096800000|100%|HC|  |TAMS 0x0000000096700000, 0x0000000096700000| Complete 
| 360|0x0000000096800000, 0x0000000096900000, 0x0000000096900000|100%|HS|  |TAMS 0x0000000096800000, 0x0000000096800000| Complete 
| 361|0x0000000096900000, 0x0000000096a00000, 0x0000000096a00000|100%|HC|  |TAMS 0x0000000096900000, 0x0000000096900000| Complete 
| 362|0x0000000096a00000, 0x0000000096b00000, 0x0000000096b00000|100%| O|  |TAMS 0x0000000096a00000, 0x0000000096a00000| Untracked 
| 363|0x0000000096b00000, 0x0000000096c00000, 0x0000000096c00000|100%| O|  |TAMS 0x0000000096b00000, 0x0000000096b00000| Untracked 
| 364|0x0000000096c00000, 0x0000000096d00000, 0x0000000096d00000|100%| O|  |TAMS 0x0000000096c00000, 0x0000000096c00000| Untracked 
| 365|0x0000000096d00000, 0x0000000096e00000, 0x0000000096e00000|100%| O|  |TAMS 0x0000000096d00000, 0x0000000096d00000| Untracked 
| 366|0x0000000096e00000, 0x0000000096f00000, 0x0000000096f00000|100%| O|  |TAMS 0x0000000096e00000, 0x0000000096e00000| Untracked 
| 367|0x0000000096f00000, 0x0000000097000000, 0x0000000097000000|100%| O|  |TAMS 0x0000000096f00000, 0x0000000096f00000| Untracked 
| 368|0x0000000097000000, 0x0000000097100000, 0x0000000097100000|100%| O|  |TAMS 0x0000000097000000, 0x0000000097000000| Untracked 
| 369|0x0000000097100000, 0x0000000097200000, 0x0000000097200000|100%| O|  |TAMS 0x0000000097100000, 0x0000000097100000| Untracked 
| 370|0x0000000097200000, 0x0000000097300000, 0x0000000097300000|100%| O|  |TAMS 0x0000000097200000, 0x0000000097200000| Untracked 
| 371|0x0000000097300000, 0x0000000097400000, 0x0000000097400000|100%| O|  |TAMS 0x0000000097300000, 0x0000000097300000| Untracked 
| 372|0x0000000097400000, 0x0000000097500000, 0x0000000097500000|100%| O|  |TAMS 0x0000000097400000, 0x0000000097400000| Untracked 
| 373|0x0000000097500000, 0x0000000097600000, 0x0000000097600000|100%| O|  |TAMS 0x0000000097500000, 0x0000000097500000| Untracked 
| 374|0x0000000097600000, 0x0000000097700000, 0x0000000097700000|100%| O|  |TAMS 0x0000000097600000, 0x0000000097600000| Untracked 
| 375|0x0000000097700000, 0x0000000097800000, 0x0000000097800000|100%| O|  |TAMS 0x0000000097700000, 0x0000000097700000| Untracked 
| 376|0x0000000097800000, 0x0000000097900000, 0x0000000097900000|100%| O|  |TAMS 0x0000000097800000, 0x0000000097800000| Untracked 
| 377|0x0000000097900000, 0x0000000097a00000, 0x0000000097a00000|100%| O|  |TAMS 0x0000000097900000, 0x0000000097900000| Untracked 
| 378|0x0000000097a00000, 0x0000000097b00000, 0x0000000097b00000|100%| O|  |TAMS 0x0000000097a00000, 0x0000000097a00000| Untracked 
| 379|0x0000000097b00000, 0x0000000097c00000, 0x0000000097c00000|100%| O|  |TAMS 0x0000000097b00000, 0x0000000097b00000| Untracked 
| 380|0x0000000097c00000, 0x0000000097d00000, 0x0000000097d00000|100%| O|  |TAMS 0x0000000097d00000, 0x0000000097c00000| Untracked 
| 381|0x0000000097d00000, 0x0000000097e00000, 0x0000000097e00000|100%| O|  |TAMS 0x0000000097d00000, 0x0000000097d00000| Untracked 
| 382|0x0000000097e00000, 0x0000000097f00000, 0x0000000097f00000|100%| O|  |TAMS 0x0000000097e00000, 0x0000000097e00000| Untracked 
| 383|0x0000000097f00000, 0x0000000098000000, 0x0000000098000000|100%|HS|  |TAMS 0x0000000097f00000, 0x0000000097f00000| Complete 
| 384|0x0000000098000000, 0x0000000098100000, 0x0000000098100000|100%|HC|  |TAMS 0x0000000098000000, 0x0000000098000000| Complete 
| 385|0x0000000098100000, 0x0000000098200000, 0x0000000098200000|100%| O|  |TAMS 0x0000000098100000, 0x0000000098100000| Untracked 
| 386|0x0000000098200000, 0x0000000098300000, 0x0000000098300000|100%| O|  |TAMS 0x0000000098200000, 0x0000000098200000| Untracked 
| 387|0x0000000098300000, 0x0000000098400000, 0x0000000098400000|100%| O|  |TAMS 0x0000000098300000, 0x0000000098300000| Untracked 
| 388|0x0000000098400000, 0x0000000098500000, 0x0000000098500000|100%| O|  |TAMS 0x0000000098400000, 0x0000000098400000| Untracked 
| 389|0x0000000098500000, 0x0000000098600000, 0x0000000098600000|100%| O|  |TAMS 0x0000000098500000, 0x0000000098500000| Untracked 
| 390|0x0000000098600000, 0x0000000098700000, 0x0000000098700000|100%| O|  |TAMS 0x0000000098600000, 0x0000000098600000| Untracked 
| 391|0x0000000098700000, 0x0000000098800000, 0x0000000098800000|100%| O|  |TAMS 0x0000000098700000, 0x0000000098700000| Untracked 
| 392|0x0000000098800000, 0x0000000098900000, 0x0000000098900000|100%| O|  |TAMS 0x0000000098800000, 0x0000000098800000| Untracked 
| 393|0x0000000098900000, 0x0000000098a00000, 0x0000000098a00000|100%| O|  |TAMS 0x0000000098900000, 0x0000000098900000| Untracked 
| 394|0x0000000098a00000, 0x0000000098b00000, 0x0000000098b00000|100%| O|  |TAMS 0x0000000098a00000, 0x0000000098a00000| Untracked 
| 395|0x0000000098b00000, 0x0000000098c00000, 0x0000000098c00000|100%| O|  |TAMS 0x0000000098b00000, 0x0000000098b00000| Untracked 
| 396|0x0000000098c00000, 0x0000000098d00000, 0x0000000098d00000|100%| O|  |TAMS 0x0000000098c00000, 0x0000000098c00000| Untracked 
| 397|0x0000000098d00000, 0x0000000098e00000, 0x0000000098e00000|100%| O|  |TAMS 0x0000000098d00000, 0x0000000098d00000| Untracked 
| 398|0x0000000098e00000, 0x0000000098f00000, 0x0000000098f00000|100%| O|  |TAMS 0x0000000098e00000, 0x0000000098e00000| Untracked 
| 399|0x0000000098f00000, 0x0000000099000000, 0x0000000099000000|100%| O|  |TAMS 0x0000000098f00000, 0x0000000098f00000| Untracked 
| 400|0x0000000099000000, 0x0000000099100000, 0x0000000099100000|100%| O|  |TAMS 0x0000000099000000, 0x0000000099000000| Untracked 
| 401|0x0000000099100000, 0x0000000099200000, 0x0000000099200000|100%| O|  |TAMS 0x0000000099100000, 0x0000000099100000| Untracked 
| 402|0x0000000099200000, 0x0000000099300000, 0x0000000099300000|100%| O|  |TAMS 0x0000000099200000, 0x0000000099200000| Untracked 
| 403|0x0000000099300000, 0x0000000099400000, 0x0000000099400000|100%| O|  |TAMS 0x0000000099300000, 0x0000000099300000| Untracked 
| 404|0x0000000099400000, 0x0000000099500000, 0x0000000099500000|100%| O|  |TAMS 0x0000000099400000, 0x0000000099400000| Untracked 
| 405|0x0000000099500000, 0x0000000099600000, 0x0000000099600000|100%| O|  |TAMS 0x0000000099500000, 0x0000000099500000| Untracked 
| 406|0x0000000099600000, 0x0000000099700000, 0x0000000099700000|100%| O|  |TAMS 0x0000000099600000, 0x0000000099600000| Untracked 
| 407|0x0000000099700000, 0x0000000099800000, 0x0000000099800000|100%| O|  |TAMS 0x0000000099700000, 0x0000000099700000| Untracked 
| 408|0x0000000099800000, 0x0000000099900000, 0x0000000099900000|100%| O|  |TAMS 0x0000000099800000, 0x0000000099800000| Untracked 
| 409|0x0000000099900000, 0x0000000099a00000, 0x0000000099a00000|100%| O|  |TAMS 0x0000000099900000, 0x0000000099900000| Untracked 
| 410|0x0000000099a00000, 0x0000000099b00000, 0x0000000099b00000|100%| O|  |TAMS 0x0000000099a00000, 0x0000000099a00000| Untracked 
| 411|0x0000000099b00000, 0x0000000099c00000, 0x0000000099c00000|100%| O|  |TAMS 0x0000000099b00000, 0x0000000099b00000| Untracked 
| 412|0x0000000099c00000, 0x0000000099d00000, 0x0000000099d00000|100%| O|  |TAMS 0x0000000099c00000, 0x0000000099c00000| Untracked 
| 413|0x0000000099d00000, 0x0000000099e00000, 0x0000000099e00000|100%| O|  |TAMS 0x0000000099d00000, 0x0000000099d00000| Untracked 
| 414|0x0000000099e00000, 0x0000000099f00000, 0x0000000099f00000|100%| O|  |TAMS 0x0000000099e00000, 0x0000000099e00000| Untracked 
| 415|0x0000000099f00000, 0x000000009a000000, 0x000000009a000000|100%| O|  |TAMS 0x0000000099f00000, 0x0000000099f00000| Untracked 
| 416|0x000000009a000000, 0x000000009a100000, 0x000000009a100000|100%| O|  |TAMS 0x000000009a000000, 0x000000009a000000| Untracked 
| 417|0x000000009a100000, 0x000000009a200000, 0x000000009a200000|100%| O|  |TAMS 0x000000009a100000, 0x000000009a100000| Untracked 
| 418|0x000000009a200000, 0x000000009a300000, 0x000000009a300000|100%| O|  |TAMS 0x000000009a200000, 0x000000009a200000| Untracked 
| 419|0x000000009a300000, 0x000000009a400000, 0x000000009a400000|100%| O|  |TAMS 0x000000009a300000, 0x000000009a300000| Untracked 
| 420|0x000000009a400000, 0x000000009a500000, 0x000000009a500000|100%| O|  |TAMS 0x000000009a400000, 0x000000009a400000| Untracked 
| 421|0x000000009a500000, 0x000000009a600000, 0x000000009a600000|100%| O|  |TAMS 0x000000009a500000, 0x000000009a500000| Untracked 
| 422|0x000000009a600000, 0x000000009a700000, 0x000000009a700000|100%| O|  |TAMS 0x000000009a600000, 0x000000009a600000| Untracked 
| 423|0x000000009a700000, 0x000000009a800000, 0x000000009a800000|100%| O|  |TAMS 0x000000009a700000, 0x000000009a700000| Untracked 
| 424|0x000000009a800000, 0x000000009a900000, 0x000000009a900000|100%| O|  |TAMS 0x000000009a800000, 0x000000009a800000| Untracked 
| 425|0x000000009a900000, 0x000000009aa00000, 0x000000009aa00000|100%| O|  |TAMS 0x000000009a900000, 0x000000009a900000| Untracked 
| 426|0x000000009aa00000, 0x000000009ab00000, 0x000000009ab00000|100%| O|  |TAMS 0x000000009aa00000, 0x000000009aa00000| Untracked 
| 427|0x000000009ab00000, 0x000000009ac00000, 0x000000009ac00000|100%| O|  |TAMS 0x000000009ab00000, 0x000000009ab00000| Untracked 
| 428|0x000000009ac00000, 0x000000009ad00000, 0x000000009ad00000|100%| O|  |TAMS 0x000000009ac00000, 0x000000009ac00000| Untracked 
| 429|0x000000009ad00000, 0x000000009ae00000, 0x000000009ae00000|100%| O|  |TAMS 0x000000009ad00000, 0x000000009ad00000| Untracked 
| 430|0x000000009ae00000, 0x000000009af00000, 0x000000009af00000|100%| O|  |TAMS 0x000000009ae00000, 0x000000009ae00000| Untracked 
| 431|0x000000009af00000, 0x000000009b000000, 0x000000009b000000|100%| O|  |TAMS 0x000000009af00000, 0x000000009af00000| Untracked 
| 432|0x000000009b000000, 0x000000009b100000, 0x000000009b100000|100%| O|  |TAMS 0x000000009b000000, 0x000000009b000000| Untracked 
| 433|0x000000009b100000, 0x000000009b200000, 0x000000009b200000|100%| O|  |TAMS 0x000000009b100000, 0x000000009b100000| Untracked 
| 434|0x000000009b200000, 0x000000009b300000, 0x000000009b300000|100%| O|  |TAMS 0x000000009b200000, 0x000000009b200000| Untracked 
| 435|0x000000009b300000, 0x000000009b400000, 0x000000009b400000|100%| O|  |TAMS 0x000000009b300000, 0x000000009b300000| Untracked 
| 436|0x000000009b400000, 0x000000009b500000, 0x000000009b500000|100%| O|  |TAMS 0x000000009b400000, 0x000000009b400000| Untracked 
| 437|0x000000009b500000, 0x000000009b600000, 0x000000009b600000|100%| O|  |TAMS 0x000000009b500000, 0x000000009b500000| Untracked 
| 438|0x000000009b600000, 0x000000009b700000, 0x000000009b700000|100%| O|  |TAMS 0x000000009b600000, 0x000000009b600000| Untracked 
| 439|0x000000009b700000, 0x000000009b800000, 0x000000009b800000|100%| O|  |TAMS 0x000000009b700000, 0x000000009b700000| Untracked 
| 440|0x000000009b800000, 0x000000009b900000, 0x000000009b900000|100%| O|  |TAMS 0x000000009b800000, 0x000000009b800000| Untracked 
| 441|0x000000009b900000, 0x000000009ba00000, 0x000000009ba00000|100%|HS|  |TAMS 0x000000009b900000, 0x000000009b900000| Complete 
| 442|0x000000009ba00000, 0x000000009bb00000, 0x000000009bb00000|100%|HC|  |TAMS 0x000000009ba00000, 0x000000009ba00000| Complete 
| 443|0x000000009bb00000, 0x000000009bc00000, 0x000000009bc00000|100%| O|  |TAMS 0x000000009bb00000, 0x000000009bb00000| Untracked 
| 444|0x000000009bc00000, 0x000000009bd00000, 0x000000009bd00000|100%| O|  |TAMS 0x000000009bc00000, 0x000000009bc00000| Untracked 
| 445|0x000000009bd00000, 0x000000009be00000, 0x000000009be00000|100%| O|  |TAMS 0x000000009bd00000, 0x000000009bd00000| Untracked 
| 446|0x000000009be00000, 0x000000009bf00000, 0x000000009bf00000|100%| O|  |TAMS 0x000000009be00000, 0x000000009be00000| Untracked 
| 447|0x000000009bf00000, 0x000000009c000000, 0x000000009c000000|100%| O|  |TAMS 0x000000009bf00000, 0x000000009bf00000| Untracked 
| 448|0x000000009c000000, 0x000000009c100000, 0x000000009c100000|100%| O|  |TAMS 0x000000009c000000, 0x000000009c000000| Untracked 
| 449|0x000000009c100000, 0x000000009c200000, 0x000000009c200000|100%| O|  |TAMS 0x000000009c100000, 0x000000009c100000| Untracked 
| 450|0x000000009c200000, 0x000000009c300000, 0x000000009c300000|100%| O|  |TAMS 0x000000009c200000, 0x000000009c200000| Untracked 
| 451|0x000000009c300000, 0x000000009c400000, 0x000000009c400000|100%| O|  |TAMS 0x000000009c300000, 0x000000009c300000| Untracked 
| 452|0x000000009c400000, 0x000000009c500000, 0x000000009c500000|100%| O|  |TAMS 0x000000009c400000, 0x000000009c400000| Untracked 
| 453|0x000000009c500000, 0x000000009c600000, 0x000000009c600000|100%| O|  |TAMS 0x000000009c500000, 0x000000009c500000| Untracked 
| 454|0x000000009c600000, 0x000000009c700000, 0x000000009c700000|100%| O|  |TAMS 0x000000009c600000, 0x000000009c600000| Untracked 
| 455|0x000000009c700000, 0x000000009c800000, 0x000000009c800000|100%| O|  |TAMS 0x000000009c700000, 0x000000009c700000| Untracked 
| 456|0x000000009c800000, 0x000000009c83c400, 0x000000009c900000| 23%| O|  |TAMS 0x000000009c800000, 0x000000009c800000| Untracked 
| 457|0x000000009c900000, 0x000000009c900000, 0x000000009ca00000|  0%| F|  |TAMS 0x000000009c900000, 0x000000009c900000| Untracked 
| 458|0x000000009ca00000, 0x000000009ca00000, 0x000000009cb00000|  0%| F|  |TAMS 0x000000009ca00000, 0x000000009ca00000| Untracked 
| 459|0x000000009cb00000, 0x000000009cb00000, 0x000000009cc00000|  0%| F|  |TAMS 0x000000009cb00000, 0x000000009cb00000| Untracked 
| 460|0x000000009cc00000, 0x000000009cc00000, 0x000000009cd00000|  0%| F|  |TAMS 0x000000009cc00000, 0x000000009cc00000| Untracked 
| 461|0x000000009cd00000, 0x000000009cd00000, 0x000000009ce00000|  0%| F|  |TAMS 0x000000009cd00000, 0x000000009cd00000| Untracked 
| 462|0x000000009ce00000, 0x000000009ce00000, 0x000000009cf00000|  0%| F|  |TAMS 0x000000009ce00000, 0x000000009ce00000| Untracked 
| 463|0x000000009cf00000, 0x000000009cf00000, 0x000000009d000000|  0%| F|  |TAMS 0x000000009cf00000, 0x000000009cf00000| Untracked 
| 464|0x000000009d000000, 0x000000009d000000, 0x000000009d100000|  0%| F|  |TAMS 0x000000009d000000, 0x000000009d000000| Untracked 
| 465|0x000000009d100000, 0x000000009d100000, 0x000000009d200000|  0%| F|  |TAMS 0x000000009d100000, 0x000000009d100000| Untracked 
| 466|0x000000009d200000, 0x000000009d200000, 0x000000009d300000|  0%| F|  |TAMS 0x000000009d200000, 0x000000009d200000| Untracked 
| 467|0x000000009d300000, 0x000000009d300000, 0x000000009d400000|  0%| F|  |TAMS 0x000000009d300000, 0x000000009d300000| Untracked 
| 468|0x000000009d400000, 0x000000009d400000, 0x000000009d500000|  0%| F|  |TAMS 0x000000009d400000, 0x000000009d400000| Untracked 
| 469|0x000000009d500000, 0x000000009d500000, 0x000000009d600000|  0%| F|  |TAMS 0x000000009d500000, 0x000000009d500000| Untracked 
| 470|0x000000009d600000, 0x000000009d600000, 0x000000009d700000|  0%| F|  |TAMS 0x000000009d600000, 0x000000009d600000| Untracked 
| 471|0x000000009d700000, 0x000000009d700000, 0x000000009d800000|  0%| F|  |TAMS 0x000000009d700000, 0x000000009d700000| Untracked 
| 472|0x000000009d800000, 0x000000009d800000, 0x000000009d900000|  0%| F|  |TAMS 0x000000009d800000, 0x000000009d800000| Untracked 
| 473|0x000000009d900000, 0x000000009d900000, 0x000000009da00000|  0%| F|  |TAMS 0x000000009d900000, 0x000000009d900000| Untracked 
| 474|0x000000009da00000, 0x000000009da00000, 0x000000009db00000|  0%| F|  |TAMS 0x000000009da00000, 0x000000009da00000| Untracked 
| 475|0x000000009db00000, 0x000000009db00000, 0x000000009dc00000|  0%| F|  |TAMS 0x000000009db00000, 0x000000009db00000| Untracked 
| 476|0x000000009dc00000, 0x000000009dc00000, 0x000000009dd00000|  0%| F|  |TAMS 0x000000009dc00000, 0x000000009dc00000| Untracked 
| 477|0x000000009dd00000, 0x000000009dd00000, 0x000000009de00000|  0%| F|  |TAMS 0x000000009dd00000, 0x000000009dd00000| Untracked 
| 478|0x000000009de00000, 0x000000009de00000, 0x000000009df00000|  0%| F|  |TAMS 0x000000009de00000, 0x000000009de00000| Untracked 
| 479|0x000000009df00000, 0x000000009df00000, 0x000000009e000000|  0%| F|  |TAMS 0x000000009df00000, 0x000000009df00000| Untracked 
| 480|0x000000009e000000, 0x000000009e000000, 0x000000009e100000|  0%| F|  |TAMS 0x000000009e000000, 0x000000009e000000| Untracked 
| 481|0x000000009e100000, 0x000000009e100000, 0x000000009e200000|  0%| F|  |TAMS 0x000000009e100000, 0x000000009e100000| Untracked 
| 482|0x000000009e200000, 0x000000009e200000, 0x000000009e300000|  0%| F|  |TAMS 0x000000009e200000, 0x000000009e200000| Untracked 
| 483|0x000000009e300000, 0x000000009e300000, 0x000000009e400000|  0%| F|  |TAMS 0x000000009e300000, 0x000000009e300000| Untracked 
| 484|0x000000009e400000, 0x000000009e400000, 0x000000009e500000|  0%| F|  |TAMS 0x000000009e400000, 0x000000009e400000| Untracked 
| 485|0x000000009e500000, 0x000000009e500000, 0x000000009e600000|  0%| F|  |TAMS 0x000000009e500000, 0x000000009e500000| Untracked 
| 486|0x000000009e600000, 0x000000009e600000, 0x000000009e700000|  0%| F|  |TAMS 0x000000009e600000, 0x000000009e600000| Untracked 
| 487|0x000000009e700000, 0x000000009e700000, 0x000000009e800000|  0%| F|  |TAMS 0x000000009e700000, 0x000000009e700000| Untracked 
| 488|0x000000009e800000, 0x000000009e800000, 0x000000009e900000|  0%| F|  |TAMS 0x000000009e800000, 0x000000009e800000| Untracked 
| 489|0x000000009e900000, 0x000000009e900000, 0x000000009ea00000|  0%| F|  |TAMS 0x000000009e900000, 0x000000009e900000| Untracked 
| 490|0x000000009ea00000, 0x000000009ea00000, 0x000000009eb00000|  0%| F|  |TAMS 0x000000009ea00000, 0x000000009ea00000| Untracked 
| 491|0x000000009eb00000, 0x000000009eb00000, 0x000000009ec00000|  0%| F|  |TAMS 0x000000009eb00000, 0x000000009eb00000| Untracked 
| 492|0x000000009ec00000, 0x000000009ec00000, 0x000000009ed00000|  0%| F|  |TAMS 0x000000009ec00000, 0x000000009ec00000| Untracked 
| 493|0x000000009ed00000, 0x000000009ed00000, 0x000000009ee00000|  0%| F|  |TAMS 0x000000009ed00000, 0x000000009ed00000| Untracked 
| 494|0x000000009ee00000, 0x000000009ee00000, 0x000000009ef00000|  0%| F|  |TAMS 0x000000009ee00000, 0x000000009ee00000| Untracked 
| 495|0x000000009ef00000, 0x000000009ef00000, 0x000000009f000000|  0%| F|  |TAMS 0x000000009ef00000, 0x000000009ef00000| Untracked 
| 496|0x000000009f000000, 0x000000009f000000, 0x000000009f100000|  0%| F|  |TAMS 0x000000009f000000, 0x000000009f000000| Untracked 
| 497|0x000000009f100000, 0x000000009f100000, 0x000000009f200000|  0%| F|  |TAMS 0x000000009f100000, 0x000000009f100000| Untracked 
| 498|0x000000009f200000, 0x000000009f200000, 0x000000009f300000|  0%| F|  |TAMS 0x000000009f200000, 0x000000009f200000| Untracked 
| 499|0x000000009f300000, 0x000000009f300000, 0x000000009f400000|  0%| F|  |TAMS 0x000000009f300000, 0x000000009f300000| Untracked 
| 500|0x000000009f400000, 0x000000009f400000, 0x000000009f500000|  0%| F|  |TAMS 0x000000009f400000, 0x000000009f400000| Untracked 
| 501|0x000000009f500000, 0x000000009f500000, 0x000000009f600000|  0%| F|  |TAMS 0x000000009f500000, 0x000000009f500000| Untracked 
| 502|0x000000009f600000, 0x000000009f600000, 0x000000009f700000|  0%| F|  |TAMS 0x000000009f600000, 0x000000009f600000| Untracked 
| 503|0x000000009f700000, 0x000000009f700000, 0x000000009f800000|  0%| F|  |TAMS 0x000000009f700000, 0x000000009f700000| Untracked 
| 504|0x000000009f800000, 0x000000009f800000, 0x000000009f900000|  0%| F|  |TAMS 0x000000009f800000, 0x000000009f800000| Untracked 
| 505|0x000000009f900000, 0x000000009f900000, 0x000000009fa00000|  0%| F|  |TAMS 0x000000009f900000, 0x000000009f900000| Untracked 
| 506|0x000000009fa00000, 0x000000009fa00000, 0x000000009fb00000|  0%| F|  |TAMS 0x000000009fa00000, 0x000000009fa00000| Untracked 
| 507|0x000000009fb00000, 0x000000009fb00000, 0x000000009fc00000|  0%| F|  |TAMS 0x000000009fb00000, 0x000000009fb00000| Untracked 
| 508|0x000000009fc00000, 0x000000009fc00000, 0x000000009fd00000|  0%| F|  |TAMS 0x000000009fc00000, 0x000000009fc00000| Untracked 
| 509|0x000000009fd00000, 0x000000009fd00000, 0x000000009fe00000|  0%| F|  |TAMS 0x000000009fd00000, 0x000000009fd00000| Untracked 
| 510|0x000000009fe00000, 0x000000009fe00000, 0x000000009ff00000|  0%| F|  |TAMS 0x000000009fe00000, 0x000000009fe00000| Untracked 
| 511|0x000000009ff00000, 0x000000009ff00000, 0x00000000a0000000|  0%| F|  |TAMS 0x000000009ff00000, 0x000000009ff00000| Untracked 
| 512|0x00000000a0000000, 0x00000000a0000000, 0x00000000a0100000|  0%| F|  |TAMS 0x00000000a0000000, 0x00000000a0000000| Untracked 
| 513|0x00000000a0100000, 0x00000000a0100000, 0x00000000a0200000|  0%| F|  |TAMS 0x00000000a0100000, 0x00000000a0100000| Untracked 
| 514|0x00000000a0200000, 0x00000000a0200000, 0x00000000a0300000|  0%| F|  |TAMS 0x00000000a0200000, 0x00000000a0200000| Untracked 
| 515|0x00000000a0300000, 0x00000000a0300000, 0x00000000a0400000|  0%| F|  |TAMS 0x00000000a0300000, 0x00000000a0300000| Untracked 
| 516|0x00000000a0400000, 0x00000000a0400000, 0x00000000a0500000|  0%| F|  |TAMS 0x00000000a0400000, 0x00000000a0400000| Untracked 
| 517|0x00000000a0500000, 0x00000000a0500000, 0x00000000a0600000|  0%| F|  |TAMS 0x00000000a0500000, 0x00000000a0500000| Untracked 
| 518|0x00000000a0600000, 0x00000000a0600000, 0x00000000a0700000|  0%| F|  |TAMS 0x00000000a0600000, 0x00000000a0600000| Untracked 
| 519|0x00000000a0700000, 0x00000000a0700000, 0x00000000a0800000|  0%| F|  |TAMS 0x00000000a0700000, 0x00000000a0700000| Untracked 
| 520|0x00000000a0800000, 0x00000000a0800000, 0x00000000a0900000|  0%| F|  |TAMS 0x00000000a0800000, 0x00000000a0800000| Untracked 
| 521|0x00000000a0900000, 0x00000000a09fae70, 0x00000000a0a00000| 98%| S|CS|TAMS 0x00000000a0900000, 0x00000000a0900000| Complete 
| 522|0x00000000a0a00000, 0x00000000a0b00000, 0x00000000a0b00000|100%| S|CS|TAMS 0x00000000a0a00000, 0x00000000a0a00000| Complete 
| 523|0x00000000a0b00000, 0x00000000a0c00000, 0x00000000a0c00000|100%| S|CS|TAMS 0x00000000a0b00000, 0x00000000a0b00000| Complete 
| 524|0x00000000a0c00000, 0x00000000a0d00000, 0x00000000a0d00000|100%| S|CS|TAMS 0x00000000a0c00000, 0x00000000a0c00000| Complete 
| 525|0x00000000a0d00000, 0x00000000a0e00000, 0x00000000a0e00000|100%| S|CS|TAMS 0x00000000a0d00000, 0x00000000a0d00000| Complete 
| 526|0x00000000a0e00000, 0x00000000a0f00000, 0x00000000a0f00000|100%| S|CS|TAMS 0x00000000a0e00000, 0x00000000a0e00000| Complete 
| 527|0x00000000a0f00000, 0x00000000a1000000, 0x00000000a1000000|100%| S|CS|TAMS 0x00000000a0f00000, 0x00000000a0f00000| Complete 
| 528|0x00000000a1000000, 0x00000000a1000000, 0x00000000a1100000|  0%| F|  |TAMS 0x00000000a1000000, 0x00000000a1000000| Untracked 
| 529|0x00000000a1100000, 0x00000000a1100000, 0x00000000a1200000|  0%| F|  |TAMS 0x00000000a1100000, 0x00000000a1100000| Untracked 
| 530|0x00000000a1200000, 0x00000000a1200000, 0x00000000a1300000|  0%| F|  |TAMS 0x00000000a1200000, 0x00000000a1200000| Untracked 
| 531|0x00000000a1300000, 0x00000000a1300000, 0x00000000a1400000|  0%| F|  |TAMS 0x00000000a1300000, 0x00000000a1300000| Untracked 
| 532|0x00000000a1400000, 0x00000000a1500000, 0x00000000a1500000|100%| S|CS|TAMS 0x00000000a1400000, 0x00000000a1400000| Complete 
| 533|0x00000000a1500000, 0x00000000a1600000, 0x00000000a1600000|100%| S|CS|TAMS 0x00000000a1500000, 0x00000000a1500000| Complete 
| 534|0x00000000a1600000, 0x00000000a1700000, 0x00000000a1700000|100%| S|CS|TAMS 0x00000000a1600000, 0x00000000a1600000| Complete 
| 535|0x00000000a1700000, 0x00000000a1700000, 0x00000000a1800000|  0%| F|  |TAMS 0x00000000a1700000, 0x00000000a1700000| Untracked 
| 536|0x00000000a1800000, 0x00000000a1800000, 0x00000000a1900000|  0%| F|  |TAMS 0x00000000a1800000, 0x00000000a1800000| Untracked 
| 537|0x00000000a1900000, 0x00000000a1900000, 0x00000000a1a00000|  0%| F|  |TAMS 0x00000000a1900000, 0x00000000a1900000| Untracked 
| 538|0x00000000a1a00000, 0x00000000a1a00000, 0x00000000a1b00000|  0%| F|  |TAMS 0x00000000a1a00000, 0x00000000a1a00000| Untracked 
| 539|0x00000000a1b00000, 0x00000000a1b00000, 0x00000000a1c00000|  0%| F|  |TAMS 0x00000000a1b00000, 0x00000000a1b00000| Untracked 
| 540|0x00000000a1c00000, 0x00000000a1c00000, 0x00000000a1d00000|  0%| F|  |TAMS 0x00000000a1c00000, 0x00000000a1c00000| Untracked 
| 541|0x00000000a1d00000, 0x00000000a1d00000, 0x00000000a1e00000|  0%| F|  |TAMS 0x00000000a1d00000, 0x00000000a1d00000| Untracked 
| 542|0x00000000a1e00000, 0x00000000a1e00000, 0x00000000a1f00000|  0%| F|  |TAMS 0x00000000a1e00000, 0x00000000a1e00000| Untracked 
| 543|0x00000000a1f00000, 0x00000000a1f00000, 0x00000000a2000000|  0%| F|  |TAMS 0x00000000a1f00000, 0x00000000a1f00000| Untracked 
| 544|0x00000000a2000000, 0x00000000a2000000, 0x00000000a2100000|  0%| F|  |TAMS 0x00000000a2000000, 0x00000000a2000000| Untracked 
| 545|0x00000000a2100000, 0x00000000a2100000, 0x00000000a2200000|  0%| F|  |TAMS 0x00000000a2100000, 0x00000000a2100000| Untracked 
| 546|0x00000000a2200000, 0x00000000a2200000, 0x00000000a2300000|  0%| F|  |TAMS 0x00000000a2200000, 0x00000000a2200000| Untracked 
| 547|0x00000000a2300000, 0x00000000a2300000, 0x00000000a2400000|  0%| F|  |TAMS 0x00000000a2300000, 0x00000000a2300000| Untracked 
| 548|0x00000000a2400000, 0x00000000a2400000, 0x00000000a2500000|  0%| F|  |TAMS 0x00000000a2400000, 0x00000000a2400000| Untracked 
| 549|0x00000000a2500000, 0x00000000a2500000, 0x00000000a2600000|  0%| F|  |TAMS 0x00000000a2500000, 0x00000000a2500000| Untracked 
| 550|0x00000000a2600000, 0x00000000a2600000, 0x00000000a2700000|  0%| F|  |TAMS 0x00000000a2600000, 0x00000000a2600000| Untracked 
| 551|0x00000000a2700000, 0x00000000a2700000, 0x00000000a2800000|  0%| F|  |TAMS 0x00000000a2700000, 0x00000000a2700000| Untracked 
| 552|0x00000000a2800000, 0x00000000a2800000, 0x00000000a2900000|  0%| F|  |TAMS 0x00000000a2800000, 0x00000000a2800000| Untracked 
| 553|0x00000000a2900000, 0x00000000a2900000, 0x00000000a2a00000|  0%| F|  |TAMS 0x00000000a2900000, 0x00000000a2900000| Untracked 
| 554|0x00000000a2a00000, 0x00000000a2a00000, 0x00000000a2b00000|  0%| F|  |TAMS 0x00000000a2a00000, 0x00000000a2a00000| Untracked 
| 555|0x00000000a2b00000, 0x00000000a2b00000, 0x00000000a2c00000|  0%| F|  |TAMS 0x00000000a2b00000, 0x00000000a2b00000| Untracked 
| 556|0x00000000a2c00000, 0x00000000a2c00000, 0x00000000a2d00000|  0%| F|  |TAMS 0x00000000a2c00000, 0x00000000a2c00000| Untracked 
| 557|0x00000000a2d00000, 0x00000000a2d00000, 0x00000000a2e00000|  0%| F|  |TAMS 0x00000000a2d00000, 0x00000000a2d00000| Untracked 
| 558|0x00000000a2e00000, 0x00000000a2e00000, 0x00000000a2f00000|  0%| F|  |TAMS 0x00000000a2e00000, 0x00000000a2e00000| Untracked 
| 559|0x00000000a2f00000, 0x00000000a2f00000, 0x00000000a3000000|  0%| F|  |TAMS 0x00000000a2f00000, 0x00000000a2f00000| Untracked 
| 560|0x00000000a3000000, 0x00000000a3000000, 0x00000000a3100000|  0%| F|  |TAMS 0x00000000a3000000, 0x00000000a3000000| Untracked 
| 561|0x00000000a3100000, 0x00000000a3100000, 0x00000000a3200000|  0%| F|  |TAMS 0x00000000a3100000, 0x00000000a3100000| Untracked 
| 562|0x00000000a3200000, 0x00000000a3200000, 0x00000000a3300000|  0%| F|  |TAMS 0x00000000a3200000, 0x00000000a3200000| Untracked 
| 563|0x00000000a3300000, 0x00000000a3300000, 0x00000000a3400000|  0%| F|  |TAMS 0x00000000a3300000, 0x00000000a3300000| Untracked 
| 564|0x00000000a3400000, 0x00000000a3400000, 0x00000000a3500000|  0%| F|  |TAMS 0x00000000a3400000, 0x00000000a3400000| Untracked 
| 565|0x00000000a3500000, 0x00000000a3500000, 0x00000000a3600000|  0%| F|  |TAMS 0x00000000a3500000, 0x00000000a3500000| Untracked 
| 566|0x00000000a3600000, 0x00000000a3600000, 0x00000000a3700000|  0%| F|  |TAMS 0x00000000a3600000, 0x00000000a3600000| Untracked 
| 567|0x00000000a3700000, 0x00000000a3700000, 0x00000000a3800000|  0%| F|  |TAMS 0x00000000a3700000, 0x00000000a3700000| Untracked 
| 568|0x00000000a3800000, 0x00000000a3800000, 0x00000000a3900000|  0%| F|  |TAMS 0x00000000a3800000, 0x00000000a3800000| Untracked 
| 569|0x00000000a3900000, 0x00000000a3900000, 0x00000000a3a00000|  0%| F|  |TAMS 0x00000000a3900000, 0x00000000a3900000| Untracked 
| 570|0x00000000a3a00000, 0x00000000a3a00000, 0x00000000a3b00000|  0%| F|  |TAMS 0x00000000a3a00000, 0x00000000a3a00000| Untracked 
| 571|0x00000000a3b00000, 0x00000000a3b00000, 0x00000000a3c00000|  0%| F|  |TAMS 0x00000000a3b00000, 0x00000000a3b00000| Untracked 
| 572|0x00000000a3c00000, 0x00000000a3c00000, 0x00000000a3d00000|  0%| F|  |TAMS 0x00000000a3c00000, 0x00000000a3c00000| Untracked 
| 573|0x00000000a3d00000, 0x00000000a3d00000, 0x00000000a3e00000|  0%| F|  |TAMS 0x00000000a3d00000, 0x00000000a3d00000| Untracked 
| 574|0x00000000a3e00000, 0x00000000a3e00000, 0x00000000a3f00000|  0%| F|  |TAMS 0x00000000a3e00000, 0x00000000a3e00000| Untracked 
| 575|0x00000000a3f00000, 0x00000000a3f00000, 0x00000000a4000000|  0%| F|  |TAMS 0x00000000a3f00000, 0x00000000a3f00000| Untracked 
| 576|0x00000000a4000000, 0x00000000a4000000, 0x00000000a4100000|  0%| F|  |TAMS 0x00000000a4000000, 0x00000000a4000000| Untracked 
| 577|0x00000000a4100000, 0x00000000a4100000, 0x00000000a4200000|  0%| F|  |TAMS 0x00000000a4100000, 0x00000000a4100000| Untracked 
| 578|0x00000000a4200000, 0x00000000a4200000, 0x00000000a4300000|  0%| F|  |TAMS 0x00000000a4200000, 0x00000000a4200000| Untracked 
| 579|0x00000000a4300000, 0x00000000a4300000, 0x00000000a4400000|  0%| F|  |TAMS 0x00000000a4300000, 0x00000000a4300000| Untracked 
| 580|0x00000000a4400000, 0x00000000a4400000, 0x00000000a4500000|  0%| F|  |TAMS 0x00000000a4400000, 0x00000000a4400000| Untracked 
| 581|0x00000000a4500000, 0x00000000a4500000, 0x00000000a4600000|  0%| F|  |TAMS 0x00000000a4500000, 0x00000000a4500000| Untracked 
| 582|0x00000000a4600000, 0x00000000a4600000, 0x00000000a4700000|  0%| F|  |TAMS 0x00000000a4600000, 0x00000000a4600000| Untracked 
| 583|0x00000000a4700000, 0x00000000a4700000, 0x00000000a4800000|  0%| F|  |TAMS 0x00000000a4700000, 0x00000000a4700000| Untracked 
| 584|0x00000000a4800000, 0x00000000a4800000, 0x00000000a4900000|  0%| F|  |TAMS 0x00000000a4800000, 0x00000000a4800000| Untracked 
| 585|0x00000000a4900000, 0x00000000a4900000, 0x00000000a4a00000|  0%| F|  |TAMS 0x00000000a4900000, 0x00000000a4900000| Untracked 
| 586|0x00000000a4a00000, 0x00000000a4a00000, 0x00000000a4b00000|  0%| F|  |TAMS 0x00000000a4a00000, 0x00000000a4a00000| Untracked 
| 587|0x00000000a4b00000, 0x00000000a4b00000, 0x00000000a4c00000|  0%| F|  |TAMS 0x00000000a4b00000, 0x00000000a4b00000| Untracked 
| 588|0x00000000a4c00000, 0x00000000a4c00000, 0x00000000a4d00000|  0%| F|  |TAMS 0x00000000a4c00000, 0x00000000a4c00000| Untracked 
| 589|0x00000000a4d00000, 0x00000000a4d00000, 0x00000000a4e00000|  0%| F|  |TAMS 0x00000000a4d00000, 0x00000000a4d00000| Untracked 
| 590|0x00000000a4e00000, 0x00000000a4e00000, 0x00000000a4f00000|  0%| F|  |TAMS 0x00000000a4e00000, 0x00000000a4e00000| Untracked 
| 591|0x00000000a4f00000, 0x00000000a4f00000, 0x00000000a5000000|  0%| F|  |TAMS 0x00000000a4f00000, 0x00000000a4f00000| Untracked 
| 592|0x00000000a5000000, 0x00000000a5000000, 0x00000000a5100000|  0%| F|  |TAMS 0x00000000a5000000, 0x00000000a5000000| Untracked 
| 593|0x00000000a5100000, 0x00000000a5100000, 0x00000000a5200000|  0%| F|  |TAMS 0x00000000a5100000, 0x00000000a5100000| Untracked 
| 594|0x00000000a5200000, 0x00000000a5200000, 0x00000000a5300000|  0%| F|  |TAMS 0x00000000a5200000, 0x00000000a5200000| Untracked 
| 595|0x00000000a5300000, 0x00000000a5300000, 0x00000000a5400000|  0%| F|  |TAMS 0x00000000a5300000, 0x00000000a5300000| Untracked 
| 596|0x00000000a5400000, 0x00000000a5400000, 0x00000000a5500000|  0%| F|  |TAMS 0x00000000a5400000, 0x00000000a5400000| Untracked 
| 597|0x00000000a5500000, 0x00000000a5500000, 0x00000000a5600000|  0%| F|  |TAMS 0x00000000a5500000, 0x00000000a5500000| Untracked 
| 598|0x00000000a5600000, 0x00000000a5600000, 0x00000000a5700000|  0%| F|  |TAMS 0x00000000a5600000, 0x00000000a5600000| Untracked 
| 599|0x00000000a5700000, 0x00000000a5700000, 0x00000000a5800000|  0%| F|  |TAMS 0x00000000a5700000, 0x00000000a5700000| Untracked 
| 600|0x00000000a5800000, 0x00000000a5800000, 0x00000000a5900000|  0%| F|  |TAMS 0x00000000a5800000, 0x00000000a5800000| Untracked 
| 601|0x00000000a5900000, 0x00000000a5900000, 0x00000000a5a00000|  0%| F|  |TAMS 0x00000000a5900000, 0x00000000a5900000| Untracked 
| 602|0x00000000a5a00000, 0x00000000a5a00000, 0x00000000a5b00000|  0%| F|  |TAMS 0x00000000a5a00000, 0x00000000a5a00000| Untracked 
| 603|0x00000000a5b00000, 0x00000000a5b00000, 0x00000000a5c00000|  0%| F|  |TAMS 0x00000000a5b00000, 0x00000000a5b00000| Untracked 
| 604|0x00000000a5c00000, 0x00000000a5c00000, 0x00000000a5d00000|  0%| F|  |TAMS 0x00000000a5c00000, 0x00000000a5c00000| Untracked 
| 605|0x00000000a5d00000, 0x00000000a5d00000, 0x00000000a5e00000|  0%| F|  |TAMS 0x00000000a5d00000, 0x00000000a5d00000| Untracked 
| 606|0x00000000a5e00000, 0x00000000a5e00000, 0x00000000a5f00000|  0%| F|  |TAMS 0x00000000a5e00000, 0x00000000a5e00000| Untracked 
| 607|0x00000000a5f00000, 0x00000000a5f00000, 0x00000000a6000000|  0%| F|  |TAMS 0x00000000a5f00000, 0x00000000a5f00000| Untracked 
| 608|0x00000000a6000000, 0x00000000a6000000, 0x00000000a6100000|  0%| F|  |TAMS 0x00000000a6000000, 0x00000000a6000000| Untracked 
| 609|0x00000000a6100000, 0x00000000a6100000, 0x00000000a6200000|  0%| F|  |TAMS 0x00000000a6100000, 0x00000000a6100000| Untracked 
| 610|0x00000000a6200000, 0x00000000a6200000, 0x00000000a6300000|  0%| F|  |TAMS 0x00000000a6200000, 0x00000000a6200000| Untracked 
| 611|0x00000000a6300000, 0x00000000a6300000, 0x00000000a6400000|  0%| F|  |TAMS 0x00000000a6300000, 0x00000000a6300000| Untracked 
| 612|0x00000000a6400000, 0x00000000a6400000, 0x00000000a6500000|  0%| F|  |TAMS 0x00000000a6400000, 0x00000000a6400000| Untracked 
| 613|0x00000000a6500000, 0x00000000a6500000, 0x00000000a6600000|  0%| F|  |TAMS 0x00000000a6500000, 0x00000000a6500000| Untracked 
| 614|0x00000000a6600000, 0x00000000a6600000, 0x00000000a6700000|  0%| F|  |TAMS 0x00000000a6600000, 0x00000000a6600000| Untracked 
| 615|0x00000000a6700000, 0x00000000a6700000, 0x00000000a6800000|  0%| F|  |TAMS 0x00000000a6700000, 0x00000000a6700000| Untracked 
| 616|0x00000000a6800000, 0x00000000a6800000, 0x00000000a6900000|  0%| F|  |TAMS 0x00000000a6800000, 0x00000000a6800000| Untracked 
| 617|0x00000000a6900000, 0x00000000a6900000, 0x00000000a6a00000|  0%| F|  |TAMS 0x00000000a6900000, 0x00000000a6900000| Untracked 
| 618|0x00000000a6a00000, 0x00000000a6a00000, 0x00000000a6b00000|  0%| F|  |TAMS 0x00000000a6a00000, 0x00000000a6a00000| Untracked 
| 619|0x00000000a6b00000, 0x00000000a6b00000, 0x00000000a6c00000|  0%| F|  |TAMS 0x00000000a6b00000, 0x00000000a6b00000| Untracked 
| 620|0x00000000a6c00000, 0x00000000a6c00000, 0x00000000a6d00000|  0%| F|  |TAMS 0x00000000a6c00000, 0x00000000a6c00000| Untracked 
| 621|0x00000000a6d00000, 0x00000000a6d00000, 0x00000000a6e00000|  0%| F|  |TAMS 0x00000000a6d00000, 0x00000000a6d00000| Untracked 
| 622|0x00000000a6e00000, 0x00000000a6e00000, 0x00000000a6f00000|  0%| F|  |TAMS 0x00000000a6e00000, 0x00000000a6e00000| Untracked 
| 623|0x00000000a6f00000, 0x00000000a6f00000, 0x00000000a7000000|  0%| F|  |TAMS 0x00000000a6f00000, 0x00000000a6f00000| Untracked 
| 624|0x00000000a7000000, 0x00000000a7000000, 0x00000000a7100000|  0%| F|  |TAMS 0x00000000a7000000, 0x00000000a7000000| Untracked 
| 625|0x00000000a7100000, 0x00000000a7100000, 0x00000000a7200000|  0%| F|  |TAMS 0x00000000a7100000, 0x00000000a7100000| Untracked 
| 626|0x00000000a7200000, 0x00000000a7200000, 0x00000000a7300000|  0%| F|  |TAMS 0x00000000a7200000, 0x00000000a7200000| Untracked 

Card table byte_map: [0x000002cdd7eb0000,0x000002cdd82b0000] _byte_map_base: 0x000002cdd7ab0000

Marking Bits (Prev, Next): (CMBitMap*) 0x000002cdc07a4a80, (CMBitMap*) 0x000002cdc07a4ac0
 Prev Bits: [0x000002cdd86b0000, 0x000002cdda6b0000)
 Next Bits: [0x000002cdda6b0000, 0x000002cddc6b0000)

Polling page: 0x000002cdbe5b0000

Metaspace:

Usage:
  Non-class:    152.47 MB used.
      Class:     24.07 MB used.
       Both:    176.53 MB used.

Virtual space:
  Non-class space:      192.00 MB reserved,     153.94 MB ( 80%) committed,  3 nodes.
      Class space:      416.00 MB reserved,      25.38 MB (  6%) committed,  1 nodes.
             Both:      608.00 MB reserved,     179.31 MB ( 29%) committed. 

Chunk freelists:
   Non-Class:  5.75 MB
       Class:  6.53 MB
        Both:  12.28 MB

MaxMetaspaceSize: 512.00 MB
CompressedClassSpaceSize: 416.00 MB
Initial GC threshold: 21.00 MB
Current GC threshold: 241.38 MB
CDS: on
MetaspaceReclaimPolicy: balanced
 - commit_granule_bytes: 65536.
 - commit_granule_words: 8192.
 - virtual_space_node_default_size: 8388608.
 - enlarge_chunks_in_place: 1.
 - new_chunks_are_fully_committed: 0.
 - uncommit_free_chunks: 1.
 - use_allocation_guard: 0.
 - handle_deallocations: 1.


Internal statistics:

num_allocs_failed_limit: 12.
num_arena_births: 4244.
num_arena_deaths: 0.
num_vsnodes_births: 4.
num_vsnodes_deaths: 0.
num_space_committed: 2867.
num_space_uncommitted: 0.
num_chunks_returned_to_freelist: 12.
num_chunks_taken_from_freelist: 12975.
num_chunk_merges: 12.
num_chunk_splits: 8161.
num_chunks_enlarged: 4803.
num_inconsistent_stats: 0.

CodeHeap 'non-profiled nmethods': size=119168Kb used=31985Kb max_used=31985Kb free=87182Kb
 bounds [0x000002cdcfbb0000, 0x000002cdd1af0000, 0x000002cdd7010000]
CodeHeap 'profiled nmethods': size=119104Kb used=70691Kb max_used=70691Kb free=48412Kb
 bounds [0x000002cdc8010000, 0x000002cdcc5f0000, 0x000002cdcf460000]
CodeHeap 'non-nmethods': size=7488Kb used=3126Kb max_used=4421Kb free=4362Kb
 bounds [0x000002cdcf460000, 0x000002cdcf8c0000, 0x000002cdcfbb0000]
 total_blobs=35241 nmethods=34121 adapters=1029
 compilation: enabled
              stopped_count=0, restarted_count=0
 full_count=0

Compilation events (20 events):
Event: 106.980 Thread 0x000002cddf9ccda0 nmethod 44642 0x000002cdc813b390 code [0x000002cdc813b520, 0x000002cdc813b738]
Event: 106.981 Thread 0x000002cddf9ccda0 44645       3       java.util.Map$Entry$$Lambda$1914/0x000002cde17f43f8::compare (12 bytes)
Event: 106.981 Thread 0x000002cd84716af0 nmethod 44644 0x000002cdcbcd4a90 code [0x000002cdcbcd4d60, 0x000002cdcbcd5e08]
Event: 106.981 Thread 0x000002cddf9ccda0 nmethod 44645 0x000002cdc813a690 code [0x000002cdc813a880, 0x000002cdc813af88]
Event: 106.981 Thread 0x000002cd84716af0 44646       3       com.android.tools.r8.graph.f1$$Lambda$7071/0x000002cde28d3bb0::compare (12 bytes)
Event: 106.982 Thread 0x000002cd84716af0 nmethod 44646 0x000002cdcbe3bf10 code [0x000002cdcbe3c0e0, 0x000002cdcbe3c488]
Event: 106.983 Thread 0x000002cddf9ccda0 44647       3       com.android.tools.r8.dex.j$$Lambda$7075/0x000002cde28d49f0::accept (12 bytes)
Event: 106.984 Thread 0x000002cddf9ccda0 nmethod 44647 0x000002cdcbe3b990 code [0x000002cdcbe3bb40, 0x000002cdcbe3bde8]
Event: 106.984 Thread 0x000002cddf9ccda0 44649       3       com.android.tools.r8.graph.L4::e (32 bytes)
Event: 106.985 Thread 0x000002cddf9ccda0 nmethod 44649 0x000002cdcbed1690 code [0x000002cdcbed1900, 0x000002cdcbed2608]
Event: 106.986 Thread 0x000002cd84716050 nmethod 44197 0x000002cdd1aebb10 code [0x000002cdd1aebca0, 0x000002cdd1aec498]
Event: 106.986 Thread 0x000002cd84716050 44650 %     4       com.android.tools.r8.internal.rT::b @ 654 (2119 bytes)
Event: 106.989 Thread 0x000002cd84716af0 44652       2       com.android.tools.r8.graph.x5::a (116 bytes)
Event: 106.990 Thread 0x000002cd84716af0 nmethod 44652 0x000002cdcbe3ae90 code [0x000002cdcbe3b0c0, 0x000002cdcbe3b668]
Event: 106.995 Thread 0x000002cd84716af0 44654       2       com.android.tools.r8.graph.P2$c::hashCode (15 bytes)
Event: 106.995 Thread 0x000002cd84716af0 nmethod 44654 0x000002cdcbcba290 code [0x000002cdcbcba420, 0x000002cdcbcba558]
Event: 106.995 Thread 0x000002cd84716af0 44655       3       com.android.tools.r8.graph.P2$h::equals (32 bytes)
Event: 106.995 Thread 0x000002cd84716af0 nmethod 44655 0x000002cdcbed0e90 code [0x000002cdcbed1040, 0x000002cdcbed1458]
Event: 106.995 Thread 0x000002cd84716af0 44656       2       com.android.tools.r8.graph.X2::equals (12 bytes)
Event: 106.995 Thread 0x000002cd84716af0 nmethod 44656 0x000002cdcbcc9e10 code [0x000002cdcbcc9fa0, 0x000002cdcbcca118]

GC Heap History (20 events):
Event: 91.817 GC heap after
{Heap after GC invocations=95 (full 0):
 garbage-first heap   total 642048K, used 450479K [0x0000000080000000, 0x0000000100000000)
  region size 1024K, 9 young (9216K), 9 survivors (9216K)
 Metaspace       used 178979K, committed 181696K, reserved 622592K
  class space    used 24496K, committed 25792K, reserved 425984K
}
Event: 98.076 GC heap before
{Heap before GC invocations=95 (full 0):
 garbage-first heap   total 642048K, used 566191K [0x0000000080000000, 0x0000000100000000)
  region size 1024K, 123 young (125952K), 9 survivors (9216K)
 Metaspace       used 179164K, committed 181888K, reserved 622592K
  class space    used 24505K, committed 25792K, reserved 425984K
}
Event: 98.088 GC heap after
{Heap after GC invocations=96 (full 0):
 garbage-first heap   total 642048K, used 452390K [0x0000000080000000, 0x0000000100000000)
  region size 1024K, 11 young (11264K), 11 survivors (11264K)
 Metaspace       used 179164K, committed 181888K, reserved 622592K
  class space    used 24505K, committed 25792K, reserved 425984K
}
Event: 101.349 GC heap before
{Heap before GC invocations=96 (full 0):
 garbage-first heap   total 642048K, used 580390K [0x0000000080000000, 0x0000000100000000)
  region size 1024K, 121 young (123904K), 11 survivors (11264K)
 Metaspace       used 179756K, committed 182592K, reserved 622592K
  class space    used 24546K, committed 25856K, reserved 425984K
}
Event: 101.426 GC heap after
{Heap after GC invocations=97 (full 0):
 garbage-first heap   total 642048K, used 462673K [0x0000000080000000, 0x0000000100000000)
  region size 1024K, 13 young (13312K), 13 survivors (13312K)
 Metaspace       used 179756K, committed 182592K, reserved 622592K
  class space    used 24546K, committed 25856K, reserved 425984K
}
Event: 103.325 GC heap before
{Heap before GC invocations=97 (full 0):
 garbage-first heap   total 642048K, used 570193K [0x0000000080000000, 0x0000000100000000)
  region size 1024K, 111 young (113664K), 13 survivors (13312K)
 Metaspace       used 180390K, committed 183232K, reserved 622592K
  class space    used 24599K, committed 25920K, reserved 425984K
}
Event: 103.393 GC heap after
{Heap after GC invocations=98 (full 0):
 garbage-first heap   total 642048K, used 471936K [0x0000000080000000, 0x0000000100000000)
  region size 1024K, 14 young (14336K), 14 survivors (14336K)
 Metaspace       used 180390K, committed 183232K, reserved 622592K
  class space    used 24599K, committed 25920K, reserved 425984K
}
Event: 105.719 GC heap before
{Heap before GC invocations=98 (full 0):
 garbage-first heap   total 642048K, used 554880K [0x0000000080000000, 0x0000000100000000)
  region size 1024K, 96 young (98304K), 14 survivors (14336K)
 Metaspace       used 180451K, committed 183296K, reserved 622592K
  class space    used 24604K, committed 25920K, reserved 425984K
}
Event: 105.744 GC heap after
{Heap after GC invocations=99 (full 0):
 garbage-first heap   total 642048K, used 462791K [0x0000000080000000, 0x0000000100000000)
  region size 1024K, 5 young (5120K), 5 survivors (5120K)
 Metaspace       used 180451K, committed 183296K, reserved 622592K
  class space    used 24604K, committed 25920K, reserved 425984K
}
Event: 106.071 GC heap before
{Heap before GC invocations=99 (full 0):
 garbage-first heap   total 642048K, used 555975K [0x0000000080000000, 0x0000000100000000)
  region size 1024K, 97 young (99328K), 5 survivors (5120K)
 Metaspace       used 180561K, committed 183360K, reserved 622592K
  class space    used 24621K, committed 25920K, reserved 425984K
}
Event: 106.080 GC heap after
{Heap after GC invocations=100 (full 0):
 garbage-first heap   total 642048K, used 469238K [0x0000000080000000, 0x0000000100000000)
  region size 1024K, 11 young (11264K), 11 survivors (11264K)
 Metaspace       used 180561K, committed 183360K, reserved 622592K
  class space    used 24621K, committed 25920K, reserved 425984K
}
Event: 106.207 GC heap before
{Heap before GC invocations=100 (full 0):
 garbage-first heap   total 642048K, used 556278K [0x0000000080000000, 0x0000000100000000)
  region size 1024K, 96 young (98304K), 11 survivors (11264K)
 Metaspace       used 180579K, committed 183424K, reserved 622592K
  class space    used 24622K, committed 25920K, reserved 425984K
}
Event: 106.270 GC heap after
{Heap after GC invocations=101 (full 0):
 garbage-first heap   total 642048K, used 469038K [0x0000000080000000, 0x0000000100000000)
  region size 1024K, 2 young (2048K), 2 survivors (2048K)
 Metaspace       used 180579K, committed 183424K, reserved 622592K
  class space    used 24622K, committed 25920K, reserved 425984K
}
Event: 106.487 GC heap before
{Heap before GC invocations=101 (full 0):
 garbage-first heap   total 642048K, used 559150K [0x0000000080000000, 0x0000000100000000)
  region size 1024K, 90 young (92160K), 2 survivors (2048K)
 Metaspace       used 180602K, committed 183488K, reserved 622592K
  class space    used 24625K, committed 25984K, reserved 425984K
}
Event: 106.499 GC heap after
{Heap after GC invocations=102 (full 0):
 garbage-first heap   total 642048K, used 468739K [0x0000000080000000, 0x0000000100000000)
  region size 1024K, 2 young (2048K), 2 survivors (2048K)
 Metaspace       used 180602K, committed 183488K, reserved 622592K
  class space    used 24625K, committed 25984K, reserved 425984K
}
Event: 106.642 GC heap before
{Heap before GC invocations=102 (full 0):
 garbage-first heap   total 642048K, used 561923K [0x0000000080000000, 0x0000000100000000)
  region size 1024K, 93 young (95232K), 2 survivors (2048K)
 Metaspace       used 180625K, committed 183488K, reserved 622592K
  class space    used 24626K, committed 25984K, reserved 425984K
}
Event: 106.655 GC heap after
{Heap after GC invocations=103 (full 0):
 garbage-first heap   total 642048K, used 469060K [0x0000000080000000, 0x0000000100000000)
  region size 1024K, 2 young (2048K), 2 survivors (2048K)
 Metaspace       used 180625K, committed 183488K, reserved 622592K
  class space    used 24626K, committed 25984K, reserved 425984K
}
Event: 106.799 GC heap before
{Heap before GC invocations=103 (full 0):
 garbage-first heap   total 642048K, used 564292K [0x0000000080000000, 0x0000000100000000)
  region size 1024K, 95 young (97280K), 2 survivors (2048K)
 Metaspace       used 180684K, committed 183552K, reserved 622592K
  class space    used 24634K, committed 25984K, reserved 425984K
}
Event: 106.808 GC heap after
{Heap after GC invocations=104 (full 0):
 garbage-first heap   total 642048K, used 471257K [0x0000000080000000, 0x0000000100000000)
  region size 1024K, 4 young (4096K), 4 survivors (4096K)
 Metaspace       used 180684K, committed 183552K, reserved 622592K
  class space    used 24634K, committed 25984K, reserved 425984K
}
Event: 107.001 GC heap before
{Heap before GC invocations=104 (full 0):
 garbage-first heap   total 642048K, used 565465K [0x0000000080000000, 0x0000000100000000)
  region size 1024K, 96 young (98304K), 4 survivors (4096K)
 Metaspace       used 180768K, committed 183616K, reserved 622592K
  class space    used 24644K, committed 25984K, reserved 425984K
}

Deoptimization events (20 events):
Event: 106.917 Thread 0x000002cd85d645d0 DEOPT PACKING pc=0x000002cdd17deb10 sp=0x000000dcc2cfa690
Event: 106.917 Thread 0x000002cd85d645d0 DEOPT UNPACKING pc=0x000002cdcf4b23a3 sp=0x000000dcc2cfa5d8 mode 2
Event: 106.917 Thread 0x000002cd85d645d0 Uncommon trap: trap_request=0xffffffc6 fr.pc=0x000002cdd1586c84 relative=0x00000000000001c4
Event: 106.917 Thread 0x000002cd85d645d0 Uncommon trap: reason=bimorphic_or_optimized_type_check action=maybe_recompile pc=0x000002cdd1586c84 method=com.android.tools.r8.internal.Gf.b(Ljava/util/function/Predicate;)Lcom/android/tools/r8/internal/us0; @ 19 c2
Event: 106.917 Thread 0x000002cd85d645d0 DEOPT PACKING pc=0x000002cdd1586c84 sp=0x000000dcc2cfa720
Event: 106.917 Thread 0x000002cd85d645d0 DEOPT UNPACKING pc=0x000002cdcf4b23a3 sp=0x000000dcc2cfa6b0 mode 2
Event: 106.917 Thread 0x000002cd85d645d0 Uncommon trap: trap_request=0xffffffc6 fr.pc=0x000002cdd1577a1c relative=0x00000000000002dc
Event: 106.917 Thread 0x000002cd85d645d0 Uncommon trap: reason=bimorphic_or_optimized_type_check action=maybe_recompile pc=0x000002cdd1577a1c method=com.android.tools.r8.internal.Gf.a(Ljava/util/function/Predicate;Ljava/util/function/Function;Lcom/android/tools/r8/internal/ps0;Lcom/android/tools
Event: 106.917 Thread 0x000002cd85d645d0 DEOPT PACKING pc=0x000002cdd1577a1c sp=0x000000dcc2cfa6b0
Event: 106.917 Thread 0x000002cd85d645d0 DEOPT UNPACKING pc=0x000002cdcf4b23a3 sp=0x000000dcc2cfa640 mode 2
Event: 106.938 Thread 0x000002cd85d6a600 DEOPT PACKING pc=0x000002cdcc56da38 sp=0x000000dcc36f9d30
Event: 106.938 Thread 0x000002cd85d6a600 DEOPT UNPACKING pc=0x000002cdcf4b2b43 sp=0x000000dcc36f95f0 mode 0
Event: 106.940 Thread 0x000002cd85d6a600 DEOPT PACKING pc=0x000002cdcbf561c0 sp=0x000000dcc36f9200
Event: 106.940 Thread 0x000002cd85d6a600 DEOPT UNPACKING pc=0x000002cdcf4b2b43 sp=0x000000dcc36f8ad8 mode 0
Event: 106.944 Thread 0x000002cd85d6a600 DEOPT PACKING pc=0x000002cdcbf36a85 sp=0x000000dcc36f9b50
Event: 106.944 Thread 0x000002cd85d6a600 DEOPT UNPACKING pc=0x000002cdcf4b2b43 sp=0x000000dcc36f9408 mode 0
Event: 106.946 Thread 0x000002cd85d6a600 DEOPT PACKING pc=0x000002cdcbbb342b sp=0x000000dcc36f9570
Event: 106.946 Thread 0x000002cd85d6a600 DEOPT UNPACKING pc=0x000002cdcf4b2b43 sp=0x000000dcc36f8af0 mode 0
Event: 106.996 Thread 0x000002cd85d6a600 DEOPT PACKING pc=0x000002cdcbe60b92 sp=0x000000dcc36f93e0
Event: 106.996 Thread 0x000002cd85d6a600 DEOPT UNPACKING pc=0x000002cdcf4b2b43 sp=0x000000dcc36f8970 mode 0

Classes unloaded (0 events):
No events

Classes redefined (0 events):
No events

Internal exceptions (20 events):
Event: 105.415 Thread 0x000002cd8dc105b0 Exception <a 'sun/nio/fs/WindowsException'{0x00000000a2d3b280}> (0x00000000a2d3b280) 
thrown [s\open\src\hotspot\share\prims\jni.cpp, line 516]
Event: 105.415 Thread 0x000002cd8dc105b0 Exception <a 'sun/nio/fs/WindowsException'{0x00000000a2d3b340}> (0x00000000a2d3b340) 
thrown [s\open\src\hotspot\share\prims\jni.cpp, line 516]
Event: 105.415 Thread 0x000002cd8dc105b0 Exception <a 'sun/nio/fs/WindowsException'{0x00000000a2d3b628}> (0x00000000a2d3b628) 
thrown [s\open\src\hotspot\share\prims\jni.cpp, line 516]
Event: 105.427 Thread 0x000002cd85d6b530 Exception <a 'sun/nio/fs/WindowsException'{0x00000000a2c83ba8}> (0x00000000a2c83ba8) 
thrown [s\open\src\hotspot\share\prims\jni.cpp, line 516]
Event: 105.427 Thread 0x000002cd85d6b530 Exception <a 'sun/nio/fs/WindowsException'{0x00000000a2c84d90}> (0x00000000a2c84d90) 
thrown [s\open\src\hotspot\share\prims\jni.cpp, line 516]
Event: 105.427 Thread 0x000002cd85d6b530 Exception <a 'sun/nio/fs/WindowsException'{0x00000000a2c84e20}> (0x00000000a2c84e20) 
thrown [s\open\src\hotspot\share\prims\jni.cpp, line 516]
Event: 105.430 Thread 0x000002cd85d6b530 Exception <a 'sun/nio/fs/WindowsException'{0x00000000a2c853c0}> (0x00000000a2c853c0) 
thrown [s\open\src\hotspot\share\prims\jni.cpp, line 516]
Event: 105.433 Thread 0x000002cd80d45510 Exception <a 'sun/nio/fs/WindowsException'{0x00000000a2b38fe0}> (0x00000000a2b38fe0) 
thrown [s\open\src\hotspot\share\prims\jni.cpp, line 516]
Event: 105.433 Thread 0x000002cd80d45510 Exception <a 'sun/nio/fs/WindowsException'{0x00000000a2b39140}> (0x00000000a2b39140) 
thrown [s\open\src\hotspot\share\prims\jni.cpp, line 516]
Event: 105.433 Thread 0x000002cd80d45510 Exception <a 'sun/nio/fs/WindowsException'{0x00000000a2b397e8}> (0x00000000a2b397e8) 
thrown [s\open\src\hotspot\share\prims\jni.cpp, line 516]
Event: 105.433 Thread 0x000002cd80d45510 Exception <a 'sun/nio/fs/WindowsException'{0x00000000a2b39b38}> (0x00000000a2b39b38) 
thrown [s\open\src\hotspot\share\prims\jni.cpp, line 516]
Event: 105.713 Thread 0x000002cd85d6a600 Exception <a 'sun/nio/fs/WindowsException'{0x00000000a2298998}> (0x00000000a2298998) 
thrown [s\open\src\hotspot\share\prims\jni.cpp, line 516]
Event: 105.715 Thread 0x000002cd85d645d0 Exception <a 'sun/nio/fs/WindowsException'{0x00000000a21f1f90}> (0x00000000a21f1f90) 
thrown [s\open\src\hotspot\share\prims\jni.cpp, line 516]
Event: 105.935 Thread 0x000002cd85d696d0 Exception <a 'sun/nio/fs/WindowsException'{0x00000000a57d58d0}> (0x00000000a57d58d0) 
thrown [s\open\src\hotspot\share\prims\jni.cpp, line 516]
Event: 106.126 Thread 0x000002cd85d6a600 Exception <a 'sun/nio/fs/WindowsException'{0x00000000a5475c48}> (0x00000000a5475c48) 
thrown [s\open\src\hotspot\share\prims\jni.cpp, line 516]
Event: 106.746 Thread 0x000002cd85d6a600 Exception <a 'sun/nio/fs/WindowsException'{0x00000000a23b69d0}> (0x00000000a23b69d0) 
thrown [s\open\src\hotspot\share\prims\jni.cpp, line 516]
Event: 106.787 Thread 0x000002cd85d696d0 Exception <a 'sun/nio/fs/WindowsException'{0x00000000a19a18d0}> (0x00000000a19a18d0) 
thrown [s\open\src\hotspot\share\prims\jni.cpp, line 516]
Event: 106.846 Thread 0x000002cd85d645d0 Exception <a 'java/lang/NoSuchMethodError'{0x00000000a720a910}: 'java.lang.Object java.lang.invoke.DirectMethodHandle$Holder.newInvokeSpecial(java.lang.Object, int, java.lang.Object, java.lang.Object, java.lang.Object)'> (0x00000000a720a910) 
thrown [s\open\src\hotspot\share\interpreter\linkResolver.cpp, line 759]
Event: 106.871 Thread 0x000002cd85d645d0 Exception <a 'java/lang/NoSuchMethodError'{0x00000000a720f318}: 'java.lang.Object java.lang.invoke.DirectMethodHandle$Holder.invokeSpecial(java.lang.Object, java.lang.Object, int, java.lang.Object, java.lang.Object, java.lang.Object)'> (0x00000000a720f318) 
thrown [s\open\src\hotspot\share\interpreter\linkResolver.cpp, line 759]
Event: 106.875 Thread 0x000002cd85d645d0 Exception <a 'java/lang/NoSuchMethodError'{0x00000000a7213858}: 'java.lang.Object java.lang.invoke.Invokers$Holder.linkToTargetMethod(int, java.lang.Object, java.lang.Object, java.lang.Object, java.lang.Object)'> (0x00000000a7213858) 
thrown [s\open\src\hotspot\share\interpreter\linkResolver.cpp, line 759]

VM Operations (20 events):
Event: 105.744 Executing VM operation: G1CollectForAllocation done
Event: 105.926 Executing VM operation: HandshakeAllThreads
Event: 105.936 Executing VM operation: HandshakeAllThreads done
Event: 105.972 Executing VM operation: ICBufferFull
Event: 105.975 Executing VM operation: ICBufferFull done
Event: 106.070 Executing VM operation: G1CollectForAllocation
Event: 106.080 Executing VM operation: G1CollectForAllocation done
Event: 106.204 Executing VM operation: G1CollectForAllocation
Event: 106.270 Executing VM operation: G1CollectForAllocation done
Event: 106.484 Executing VM operation: G1CollectForAllocation
Event: 106.499 Executing VM operation: G1CollectForAllocation done
Event: 106.581 Executing VM operation: HandshakeAllThreads
Event: 106.592 Executing VM operation: HandshakeAllThreads done
Event: 106.592 Executing VM operation: HandshakeAllThreads
Event: 106.593 Executing VM operation: HandshakeAllThreads done
Event: 106.642 Executing VM operation: G1CollectForAllocation
Event: 106.655 Executing VM operation: G1CollectForAllocation done
Event: 106.798 Executing VM operation: G1CollectForAllocation
Event: 106.808 Executing VM operation: G1CollectForAllocation done
Event: 106.998 Executing VM operation: G1CollectForAllocation

Events (20 events):
Event: 106.668 Thread 0x000002cddf9d76d0 flushing nmethod 0x000002cdcb3b2590
Event: 106.669 Thread 0x000002cddf9d76d0 flushing nmethod 0x000002cdcb44ab10
Event: 106.669 Thread 0x000002cddf9d76d0 flushing nmethod 0x000002cdcb5f1e90
Event: 106.669 Thread 0x000002cddf9d76d0 flushing nmethod 0x000002cdcb643410
Event: 106.673 Thread 0x000002cddf9d76d0 flushing nmethod 0x000002cdcb8c8b90
Event: 106.674 Thread 0x000002cddf9d76d0 flushing nmethod 0x000002cdcb90fa10
Event: 106.675 Thread 0x000002cddf9d76d0 flushing nmethod 0x000002cdcbb17e90
Event: 106.675 Thread 0x000002cddf9d76d0 flushing nmethod 0x000002cdcbb2f090
Event: 106.675 Thread 0x000002cddf9d76d0 flushing nmethod 0x000002cdcbc2f990
Event: 106.675 Thread 0x000002cddf9d76d0 flushing nmethod 0x000002cdcbc4b110
Event: 106.676 Thread 0x000002cddf9d76d0 flushing nmethod 0x000002cdcbf9b190
Event: 106.678 Thread 0x000002cddf9d76d0 flushing nmethod 0x000002cdcbfaf710
Event: 106.681 Thread 0x000002cddf9d76d0 flushing nmethod 0x000002cdcc016410
Event: 106.682 Thread 0x000002cddf9d76d0 flushing nmethod 0x000002cdcc0aee10
Event: 106.682 Thread 0x000002cddf9d76d0 flushing nmethod 0x000002cdcc0e0410
Event: 106.682 Thread 0x000002cddf9d76d0 flushing nmethod 0x000002cdcc1e5410
Event: 106.682 Thread 0x000002cddf9d76d0 flushing nmethod 0x000002cdcc1ed590
Event: 106.682 Thread 0x000002cddf9d76d0 flushing nmethod 0x000002cdcc206e90
Event: 106.683 Thread 0x000002cddf9d76d0 flushing nmethod 0x000002cdcc283310
Event: 106.683 Thread 0x000002cddf9d76d0 flushing nmethod 0x000002cdcc2ad990


Dynamic libraries:
0x00007ff70ffd0000 - 0x00007ff70ffe0000 	C:\Program Files\Java\jdk-17\bin\java.exe
0x00007fff02120000 - 0x00007fff02387000 	C:\WINDOWS\SYSTEM32\ntdll.dll
0x00007fff00360000 - 0x00007fff00429000 	C:\WINDOWS\System32\KERNEL32.DLL
0x00007ffefea80000 - 0x00007ffefee74000 	C:\WINDOWS\System32\KERNELBASE.dll
0x00007ffefef60000 - 0x00007ffeff0ab000 	C:\WINDOWS\System32\ucrtbase.dll
0x00007ffea86f0000 - 0x00007ffea8709000 	C:\Program Files\Java\jdk-17\bin\jli.dll
0x00007ffea5690000 - 0x00007ffea56ab000 	C:\Program Files\Java\jdk-17\bin\VCRUNTIME140.dll
0x00007fff01250000 - 0x00007fff01306000 	C:\WINDOWS\System32\ADVAPI32.dll
0x00007fff01b70000 - 0x00007fff01c19000 	C:\WINDOWS\System32\msvcrt.dll
0x00007fff01e30000 - 0x00007fff01ed7000 	C:\WINDOWS\System32\sechost.dll
0x00007fff01a10000 - 0x00007fff01b28000 	C:\WINDOWS\System32\RPCRT4.dll
0x00007fff00430000 - 0x00007fff005f5000 	C:\WINDOWS\System32\USER32.dll
0x00007ffefee80000 - 0x00007ffefeea7000 	C:\WINDOWS\System32\win32u.dll
0x00007ffee0350000 - 0x00007ffee05e3000 	C:\WINDOWS\WinSxS\amd64_microsoft.windows.common-controls_6595b64144ccf1df_6.0.26100.8115_none_3e075c82e3354f9c\COMCTL32.dll
0x00007ffeffeb0000 - 0x00007ffeffedb000 	C:\WINDOWS\System32\GDI32.dll
0x00007ffeff3a0000 - 0x00007ffeff4cb000 	C:\WINDOWS\System32\gdi32full.dll
0x00007ffefeeb0000 - 0x00007ffefef53000 	C:\WINDOWS\System32\msvcp_win.dll
0x00007ffef8af0000 - 0x00007ffef8afb000 	C:\WINDOWS\SYSTEM32\VERSION.dll
0x00007fff01310000 - 0x00007fff01342000 	C:\WINDOWS\System32\IMM32.DLL
0x00007ffeac9b0000 - 0x00007ffeac9bc000 	C:\Program Files\Java\jdk-17\bin\vcruntime140_1.dll
0x00007ffe6fad0000 - 0x00007ffe6fb5e000 	C:\Program Files\Java\jdk-17\bin\msvcp140.dll
0x00007ffe27500000 - 0x00007ffe280e1000 	C:\Program Files\Java\jdk-17\bin\server\jvm.dll
0x00007fff00600000 - 0x00007fff00608000 	C:\WINDOWS\System32\PSAPI.DLL
0x00007ffed4a00000 - 0x00007ffed4a0a000 	C:\WINDOWS\SYSTEM32\WSOCK32.dll
0x00007ffef02a0000 - 0x00007ffef02d6000 	C:\WINDOWS\SYSTEM32\WINMM.dll
0x00007fff017e0000 - 0x00007fff01860000 	C:\WINDOWS\System32\WS2_32.dll
0x00007ffefd750000 - 0x00007ffefd76b000 	C:\WINDOWS\SYSTEM32\kernel.appcore.dll
0x00007ffeac6c0000 - 0x00007ffeac6ca000 	C:\Program Files\Java\jdk-17\bin\jimage.dll
0x00007ffefc9d0000 - 0x00007ffefcc12000 	C:\WINDOWS\SYSTEM32\DBGHELP.DLL
0x00007fff00ec0000 - 0x00007fff01242000 	C:\WINDOWS\System32\combase.dll
0x00007fff01870000 - 0x00007fff01948000 	C:\WINDOWS\System32\OLEAUT32.dll
0x00007ffed8330000 - 0x00007ffed836b000 	C:\WINDOWS\SYSTEM32\dbgcore.DLL
0x00007ffeffd40000 - 0x00007ffeffde5000 	C:\WINDOWS\System32\bcryptPrimitives.dll
0x00007ffeaa5a0000 - 0x00007ffeaa5ae000 	C:\Program Files\Java\jdk-17\bin\instrument.dll
0x00007ffe9f440000 - 0x00007ffe9f465000 	C:\Program Files\Java\jdk-17\bin\java.dll
0x00007ffe5db90000 - 0x00007ffe5dc67000 	C:\Program Files\Java\jdk-17\bin\jsvml.dll
0x00007fff00750000 - 0x00007fff00eb7000 	C:\WINDOWS\System32\SHELL32.dll
0x00007ffeff230000 - 0x00007ffeff39a000 	C:\WINDOWS\System32\wintypes.dll
0x00007ffeff4d0000 - 0x00007ffeffd38000 	C:\WINDOWS\System32\windows.storage.dll
0x00007fff00060000 - 0x00007fff00158000 	C:\WINDOWS\System32\SHCORE.dll
0x00007fff01dc0000 - 0x00007fff01e26000 	C:\WINDOWS\System32\shlwapi.dll
0x00007ffefe910000 - 0x00007ffefe939000 	C:\WINDOWS\SYSTEM32\profapi.dll
0x00007ffea2590000 - 0x00007ffea25a8000 	C:\Program Files\Java\jdk-17\bin\zip.dll
0x00007ffea5400000 - 0x00007ffea5419000 	C:\Program Files\Java\jdk-17\bin\net.dll
0x00007ffef78f0000 - 0x00007ffef7a1d000 	C:\WINDOWS\SYSTEM32\WINHTTP.dll
0x00007ffefdcf0000 - 0x00007ffefdd5c000 	C:\WINDOWS\system32\mswsock.dll
0x00007ffea52e0000 - 0x00007ffea52f6000 	C:\Program Files\Java\jdk-17\bin\nio.dll
0x00007ffeab750000 - 0x00007ffeab760000 	C:\Program Files\Java\jdk-17\bin\verify.dll
0x00007ffeac130000 - 0x00007ffeac157000 	C:\Users\jibri\.gradle\native\1def1411415f61bf3af743bc5b6707747c0891f09f0c88961ee8f79bc544acac\windows-amd64\native-platform.dll
0x00007ffeb1ca0000 - 0x00007ffeb1d17000 	C:\Users\jibri\.gradle\native\0.2.8\x86_64-windows-gnu\gradle-fileevents.dll
0x00007ffeac120000 - 0x00007ffeac12a000 	C:\Program Files\Java\jdk-17\bin\management.dll
0x00007ffeabe00000 - 0x00007ffeabe0b000 	C:\Program Files\Java\jdk-17\bin\management_ext.dll
0x00007ffefd170000 - 0x00007ffefd1a2000 	C:\WINDOWS\SYSTEM32\IPHLPAPI.DLL
0x00007fff01b60000 - 0x00007fff01b6a000 	C:\WINDOWS\System32\NSI.dll
0x00007ffef7db0000 - 0x00007ffef7dcd000 	C:\WINDOWS\SYSTEM32\dhcpcsvc6.DLL
0x00007ffef7ba0000 - 0x00007ffef7bc5000 	C:\WINDOWS\SYSTEM32\dhcpcsvc.DLL
0x00007ffefd210000 - 0x00007ffefd342000 	C:\WINDOWS\SYSTEM32\DNSAPI.dll
0x00007ffefdfd0000 - 0x00007ffefdfeb000 	C:\WINDOWS\SYSTEM32\CRYPTSP.dll
0x00007ffefd6b0000 - 0x00007ffefd6e9000 	C:\WINDOWS\system32\rsaenh.dll
0x00007ffefdda0000 - 0x00007ffefddd3000 	C:\WINDOWS\SYSTEM32\USERENV.dll
0x00007ffefe8e0000 - 0x00007ffefe90a000 	C:\WINDOWS\SYSTEM32\bcrypt.dll
0x00007ffefdff0000 - 0x00007ffefdffc000 	C:\WINDOWS\SYSTEM32\CRYPTBASE.dll
0x00007ffea9290000 - 0x00007ffea929e000 	C:\Program Files\Java\jdk-17\bin\sunmscapi.dll
0x00007ffeff0b0000 - 0x00007ffeff227000 	C:\WINDOWS\System32\CRYPT32.dll
0x00007ffefe1f0000 - 0x00007ffefe220000 	C:\WINDOWS\SYSTEM32\ncrypt.dll
0x00007ffefe1a0000 - 0x00007ffefe1df000 	C:\WINDOWS\SYSTEM32\NTASN1.dll
0x00007ffee1c60000 - 0x00007ffee1c68000 	C:\WINDOWS\system32\wshunix.dll
0x00007ffefd880000 - 0x00007ffefd8b6000 	C:\WINDOWS\SYSTEM32\ntmarta.dll
0x00007ffefa010000 - 0x00007ffefa017000 	C:\Program Files\Java\jdk-17\bin\rmi.dll

dbghelp: loaded successfully - version: 4.0.5 - missing functions: none
symbol engine: initialized successfully - sym options: 0x614 - pdb path: .;C:\Program Files\Java\jdk-17\bin;C:\WINDOWS\SYSTEM32;C:\WINDOWS\WinSxS\amd64_microsoft.windows.common-controls_6595b64144ccf1df_6.0.26100.8115_none_3e075c82e3354f9c;C:\Program Files\Java\jdk-17\bin\server;C:\Users\jibri\.gradle\native\1def1411415f61bf3af743bc5b6707747c0891f09f0c88961ee8f79bc544acac\windows-amd64;C:\Users\jibri\.gradle\native\0.2.8\x86_64-windows-gnu

VM Arguments:
jvm_args: --add-opens=java.base/java.lang=ALL-UNNAMED --add-opens=java.base/java.lang.invoke=ALL-UNNAMED --add-opens=java.base/java.util=ALL-UNNAMED --add-opens=java.prefs/java.util.prefs=ALL-UNNAMED --add-exports=jdk.compiler/com.sun.tools.javac.api=ALL-UNNAMED --add-exports=jdk.compiler/com.sun.tools.javac.util=ALL-UNNAMED --add-opens=java.base/java.util=ALL-UNNAMED --add-opens=java.prefs/java.util.prefs=ALL-UNNAMED --add-opens=java.base/java.nio.charset=ALL-UNNAMED --add-opens=java.base/java.net=ALL-UNNAMED --add-opens=java.base/java.util.concurrent=ALL-UNNAMED --add-opens=java.base/java.util.concurrent.atomic=ALL-UNNAMED --add-opens=java.xml/javax.xml.namespace=ALL-UNNAMED -XX:MaxMetaspaceSize=512m -Xmx2048m -Dfile.encoding=windows-1252 -Duser.country=PH -Duser.language=en -Duser.variant -javaagent:C:\Users\jibri\.gradle\wrapper\dists\gradle-9.0.0-bin\d6wjpkvcgsg3oed0qlfss3wgl\gradle-9.0.0\lib\agents\gradle-instrumentation-agent-9.0.0.jar 
java_command: org.gradle.launcher.daemon.bootstrap.GradleDaemon 9.0.0
java_class_path (initial): C:\Users\jibri\.gradle\wrapper\dists\gradle-9.0.0-bin\d6wjpkvcgsg3oed0qlfss3wgl\gradle-9.0.0\lib\gradle-daemon-main-9.0.0.jar
Launcher Type: SUN_STANDARD

[Global flags]
     intx CICompilerCount                          = 12                                        {product} {ergonomic}
   size_t CompressedClassSpaceSize                 = 436207616                                 {product} {ergonomic}
     uint ConcGCThreads                            = 4                                         {product} {ergonomic}
     uint G1ConcRefinementThreads                  = 15                                        {product} {ergonomic}
   size_t G1HeapRegionSize                         = 1048576                                   {product} {ergonomic}
    uintx GCDrainStackTargetSize                   = 64                                        {product} {ergonomic}
   size_t InitialHeapSize                          = 130023424                                 {product} {ergonomic}
   size_t MarkStackSize                            = 4194304                                   {product} {ergonomic}
   size_t MaxHeapSize                              = 2147483648                                {product} {command line}
   size_t MaxMetaspaceSize                         = 536870912                                 {product} {command line}
   size_t MaxNewSize                               = 1287651328                                {product} {ergonomic}
   size_t MinHeapDeltaBytes                        = 1048576                                   {product} {ergonomic}
   size_t MinHeapSize                              = 8388608                                   {product} {ergonomic}
    uintx NonNMethodCodeHeapSize                   = 7602480                                {pd product} {ergonomic}
    uintx NonProfiledCodeHeapSize                  = 122027880                              {pd product} {ergonomic}
    uintx ProfiledCodeHeapSize                     = 122027880                              {pd product} {ergonomic}
    uintx ReservedCodeCacheSize                    = 251658240                              {pd product} {ergonomic}
     bool SegmentedCodeCache                       = true                                      {product} {ergonomic}
   size_t SoftMaxHeapSize                          = 2147483648                             {manageable} {ergonomic}
     bool UseCompressedClassPointers               = true                           {product lp64_product} {ergonomic}
     bool UseCompressedOops                        = true                           {product lp64_product} {ergonomic}
     bool UseG1GC                                  = true                                      {product} {ergonomic}
     bool UseLargePagesIndividualAllocation        = false                                  {pd product} {ergonomic}

Logging:
Log output configuration:
 #0: stdout all=warning uptime,level,tags
 #1: stderr all=off uptime,level,tags

Environment Variables:
JAVA_HOME=C:\Program Files\Java\jdk-17
PATH=C:\rubi_web\CISC_Capstone\MarungkoReading\node_modules\.bin;C:\rubi_web\CISC_Capstone\node_modules\.bin;C:\rubi_web\node_modules\.bin;C:\node_modules\.bin;C:\Users\jibri\CONFIG~1\herd\bin\nvm\v22.9.0\node_modules\npm\node_modules\@npmcli\run-script\lib\node-gyp-bin;C:\Users\jibri\bin;C:\Program Files\Git\mingw64\bin;C:\Program Files\Git\usr\local\bin;C:\Program Files\Git\usr\bin;C:\Program Files\Git\usr\bin;C:\Program Files\Git\mingw64\bin;C:\Program Files\Git\usr\bin;C:\Users\jibri\bin;C:\Users\jibri\AppData\Roaming\Code\User\globalStorage\github.copilot-chat\debugCommand;C:\Users\jibri\AppData\Roaming\Code\User\globalStorage\github.copilot-chat\copilotCli;C:\Users\jibri\AppData\Local\Programs\Microsoft VS Code;C:\Program Files\Microsoft\jdk-17.0.16.8-hotspot\bin;C:\ProgramData\Oracle\Java\javapath;C:\Program Files\NVIDIA GPU Computing Toolkit\CUDA\v12.8\bin;C:\Program Files\NVIDIA GPU Computing Toolkit\CUDA\v12.8\libnvvp;C:\Program Files\Common Files\Oracle\Java\javapath;C:\PHP\phpoldversion;C:\Windows\system32;C:\Windows;C:\Windows\System32\Wbem;C:\Windows\System32\WindowsPowerShell\v1.0;C:\Windows\System32\OpenSSH;C:\Program Files (x86)\NVIDIA Corporation\PhysX\Common;C:\Program Files\Microsoft SQL Server\150\Tools\Binn;C:\Program Files\Microsoft SQL Server\Client SDK\ODBC\170\Tools\Binn;C:\ProgramData\ComposerSetup\bin;C:\Users\jibri\.config\herd\bin\nvm;C:\Program Files\nodejs;C:\Program Files\Java\jdk-17\bin;C:\xampp\php;C:\WINDOWS\system32;C:\WINDOWS;C:\WINDOWS\System32\Wbem;C:\WINDOWS\System32\WindowsPowerShell\v1.0;C:\WINDOWS\System32\OpenSSH;C:\Program Files\nodejs;C:\Program Files\Git\cmd;C:\Program Files\Git\usr\bin;C:\Users\jibri\AppData\Local\Pub\Cache\bin;C:\Program Files\NVIDIA Corporation\NVIDIA app\NvDLISR;C:\Program Files\heroku\bin;C:\Program Files\NVIDIA Corporation\Nsight Compute 2025.1.1;C:\ProgramData\chocolatey\bin;C:\Users\jibri\AppData\Local\Programs\Python\Python310\Scripts;C:\Program Files\dotnet;C:\Program Files (x86)\Windows Kits\10
USERNAME=jibri
SHELL=C:\Program Files\Git\usr\bin\bash.exe
DISPLAY=needs-to-be-defined
LANG=en_US.UTF-8
OS=Windows_NT
PROCESSOR_IDENTIFIER=Intel64 Family 6 Model 191 Stepping 2, GenuineIntel



---------------  S Y S T E M  ---------------

OS:
 Windows 11 , 64 bit Build 26100 (10.0.26100.8246)
OS uptime: 0 days 15:59 hours
Hyper-V role detected

CPU: total 20 (initial active 20) (10 cores per cpu, 2 threads per core) family 6 model 191 stepping 2 microcode 0x2c, cx8, cmov, fxsr, ht, mmx, 3dnowpref, sse, sse2, sse3, ssse3, sse4.1, sse4.2, popcnt, lzcnt, tsc, tscinvbit, avx, avx2, aes, erms, clmul, bmi1, bmi2, adx, sha, fma, vzeroupper, clflush, clflushopt, clwb, hv

Memory: 4k page, system-wide physical 7911M (621M free)
TotalPageFile size 32464M (AvailPageFile size 123M)
current process WorkingSet (physical memory assigned to process): 589M, peak: 890M
current process commit charge ("private bytes"): 1318M, peak: 1603M

vm_info: Java HotSpot(TM) 64-Bit Server VM (17.0.14+8-LTS-191) for windows-amd64 JRE (17.0.14+8-LTS-191), built on Dec  3 2024 11:07:59 by "mach5one" with MS VC++ 17.6 (VS2022)

END.
