#
# There is insufficient memory for the Java Runtime Environment to continue.
# Native memory allocation (malloc) failed to allocate 1512976 bytes for Chunk::new
# Possible reasons:
#   The system is out of physical RAM or swap space
#   The process is running with CompressedOops enabled, and the Java Heap may be blocking the growth of the native heap
# Possible solutions:
#   Reduce memory load on the system
#   Increase physical memory or swap space
#   Check if swap backing store is full
#   Decrease Java heap size (-Xmx/-Xms)
#   Decrease number of Java threads
#   Decrease Java thread stack sizes (-Xss)
#   Set larger code cache with -XX:ReservedCodeCacheSize=
#   JVM is running with Unscaled Compressed Oops mode in which the Java heap is
#     placed in the first 4GB address space. The Java Heap base address is the
#     maximum limit for the native heap growth. Please use -XX:HeapBaseMinAddress
#     to set the Java Heap base and to place the Java Heap above 4GB virtual address.
# This output file may be truncated or incomplete.
#
#  Out of Memory Error (arena.cpp:189), pid=21748, tid=30756
#
# JRE version: Java(TM) SE Runtime Environment (17.0.14+8) (build 17.0.14+8-LTS-191)
# Java VM: Java HotSpot(TM) 64-Bit Server VM (17.0.14+8-LTS-191, mixed mode, sharing, tiered, compressed oops, compressed class ptrs, g1 gc, windows-amd64)
# No core dump will be written. Minidumps are not enabled by default on client versions of Windows
#

---------------  S U M M A R Y ------------

Command Line: --add-opens=java.base/java.lang=ALL-UNNAMED --add-opens=java.base/java.lang.invoke=ALL-UNNAMED --add-opens=java.base/java.util=ALL-UNNAMED --add-opens=java.prefs/java.util.prefs=ALL-UNNAMED --add-exports=jdk.compiler/com.sun.tools.javac.api=ALL-UNNAMED --add-exports=jdk.compiler/com.sun.tools.javac.util=ALL-UNNAMED --add-opens=java.base/java.util=ALL-UNNAMED --add-opens=java.prefs/java.util.prefs=ALL-UNNAMED --add-opens=java.base/java.nio.charset=ALL-UNNAMED --add-opens=java.base/java.net=ALL-UNNAMED --add-opens=java.base/java.util.concurrent=ALL-UNNAMED --add-opens=java.base/java.util.concurrent.atomic=ALL-UNNAMED --add-opens=java.xml/javax.xml.namespace=ALL-UNNAMED -XX:MaxMetaspaceSize=512m -Xmx2048m -Dfile.encoding=windows-1252 -Duser.country=PH -Duser.language=en -Duser.variant -javaagent:C:\Users\jibri\.gradle\wrapper\dists\gradle-9.0.0-bin\d6wjpkvcgsg3oed0qlfss3wgl\gradle-9.0.0\lib\agents\gradle-instrumentation-agent-9.0.0.jar org.gradle.launcher.daemon.bootstrap.GradleDaemon 9.0.0

Host: 13th Gen Intel(R) Core(TM) i5-13500HX, 20 cores, 7G,  Windows 11 , 64 bit Build 26100 (10.0.26100.7705)
Time: Tue Mar  3 12:36:59 2026 Malay Peninsula Standard Time elapsed time: 40.502019 seconds (0d 0h 0m 40s)

---------------  T H R E A D  ---------------

Current thread (0x000001f9f579edd0):  JavaThread "C2 CompilerThread2" daemon [_thread_in_native, id=30756, stack(0x0000004f92000000,0x0000004f92100000)]


Current CompileTask:
C2:  40502 19844       4       com.android.build.gradle.options.ProjectOptions::get (81 bytes)

Stack: [0x0000004f92000000,0x0000004f92100000]
Native frames: (J=compiled Java code, j=interpreted, Vv=VM code, C=native code)
V  [jvm.dll+0x67a38a]
V  [jvm.dll+0x7da7ed]
V  [jvm.dll+0x7dc133]
V  [jvm.dll+0x7dc7a3]
V  [jvm.dll+0x24517f]
V  [jvm.dll+0xab773]
V  [jvm.dll+0xabd3c]
V  [jvm.dll+0x361dff]
V  [jvm.dll+0x1ba28a]
V  [jvm.dll+0x216a97]
V  [jvm.dll+0x215d6f]
V  [jvm.dll+0x1a2950]
V  [jvm.dll+0x22620b]
V  [jvm.dll+0x2243ab]
V  [jvm.dll+0x790bbc]
V  [jvm.dll+0x78b04a]
V  [jvm.dll+0x679275]
C  [ucrtbase.dll+0x37b0]
C  [KERNEL32.DLL+0x2e8d7]
C  [ntdll.dll+0x8c40c]


---------------  P R O C E S S  ---------------

Threads class SMR info:
_java_thread_list=0x000001f9feec15b0, length=305, elements={
0x000001f9cca00680, 0x000001f9ecb84af0, 0x000001f9ecb874d0, 0x000001f9ecb9e4c0,
0x000001f9ecb9ed90, 0x000001f9ecb9fe70, 0x000001f9ecba2750, 0x000001f9ecbab360,
0x000001f9ecbadc80, 0x000001f9edac0090, 0x000001f9edc3bd60, 0x000001f9edc38fd0,
0x000001f9edc3ae30, 0x000001f9edc3a920, 0x000001f9edc38ac0, 0x000001f9edc3b340,
0x000001f9edc3b850, 0x000001f9edc399f0, 0x000001f9edc394e0, 0x000001f9edc39f00,
0x000001f9edc3a410, 0x000001f9f3fdf2d0, 0x000001f9f3fe0200, 0x000001f9f3fdf7e0,
0x000001f9f3fdedc0, 0x000001f9f3fdcf60, 0x000001f9f3fdd470, 0x000001f9f3fdd980,
0x000001f9f3fdfcf0, 0x000001f9f3fe0710, 0x000001f9f3fe0c20, 0x000001f9f3fe1130,
0x000001f9f3fe1640, 0x000001f9f3fdde90, 0x000001f9f3fe1b50, 0x000001f9f3fe2060,
0x000001f9f3fde8b0, 0x000001f9f3fe2a80, 0x000001f9f3fe2570, 0x000001f9f3fe2f90,
0x000001f9f3fe34a0, 0x000001f9f3fe3ec0, 0x000001f9f3fe43d0, 0x000001f9f3fe48e0,
0x000001f9f790e660, 0x000001f9f790eb70, 0x000001f9f790faa0, 0x000001f9f790f080,
0x000001f9f790ffb0, 0x000001f9f79104c0, 0x000001f9f790cd10, 0x000001f9f790dc40,
0x000001f9f790f590, 0x000001f9f79109d0, 0x000001f9f790d220, 0x000001f9f7910ee0,
0x000001f9f790d730, 0x000001f9f7911900, 0x000001f9f790e150, 0x000001f9f7911e10,
0x000001f9f79113f0, 0x000001f9f7912320, 0x000001f9f7912830, 0x000001f9f7912d40,
0x000001f9f7913250, 0x000001f9f7913760, 0x000001f9f7913c70, 0x000001f9f7914180,
0x000001f9f7914690, 0x000001f9f30d07e0, 0x000001f9f30d2b50, 0x000001f9f30d1710,
0x000001f9f30d2640, 0x000001f9f30d0cf0, 0x000001f9f30cf3a0, 0x000001f9f30cfdc0,
0x000001f9f30d1200, 0x000001f9f30d1c20, 0x000001f9f30d02d0, 0x000001f9f30d3060,
0x000001f9f30d2130, 0x000001f9f30cf8b0, 0x000001f9f30d49b0, 0x000001f9f30d4ec0,
0x000001f9f30d58e0, 0x000001f9f30d6d20, 0x000001f9f30d3570, 0x000001f9f30d6810,
0x000001f9f30d3a80, 0x000001f9f30d53d0, 0x000001f9f30d3f90, 0x000001f9f30d5df0,
0x000001f9f30d6300, 0x000001f9f30d44a0, 0x000001f9f8264df0, 0x000001f9f8262570,
0x000001f9f8262f90, 0x000001f9f8262a80, 0x000001f9f8263ec0, 0x000001f9f8262060,
0x000001f9f8267160, 0x000001f9f8265810, 0x000001f9f82648e0, 0x000001f9f82639b0,
0x000001f9f8268ab0, 0x000001f9f8267670, 0x000001f9f8268fc0, 0x000001f9f82694d0,
0x000001f9f8265d20, 0x000001f9f82699e0, 0x000001f9f8266230, 0x000001f9f8268090,
0x000001f9f82685a0, 0x000001f9f3125250, 0x000001f9f31229d0, 0x000001f9f3124320,
0x000001f9f3125c70, 0x000001f9f31233f0, 0x000001f9f3125760, 0x000001f9f3124d40,
0x000001f9f3123900, 0x000001f9f3122ee0, 0x000001f9f3124830, 0x000001f9f3123e10,
0x000001f9f2c44d40, 0x000001f9f2c43900, 0x000001f9f2c45c70, 0x000001f9f2c433f0,
0x000001f9f2c44830, 0x000001f9f2c46180, 0x000001f9f2c475c0, 0x000001f9f2c44320,
0x000001f9f2c45760, 0x000001f9f2c45250, 0x000001f9f2c46690, 0x000001f9f2c46ba0,
0x000001f9f2c470b0, 0x000001f9f2c43e10, 0x000001f9f2c4ad70, 0x000001f9f2c48a00,
0x000001f9f2c4a350, 0x000001f9f2c4a860, 0x000001f9f2c48f10, 0x000001f9f2c49930,
0x000001f9f2c49420, 0x000001f9f2c47ad0, 0x000001f9f2c49e40, 0x000001f9f2c47fe0,
0x000001f9f2c484f0, 0x000001f9f73a7670, 0x000001f9f73aa910, 0x000001f9f73a7b80,
0x000001f9f73a8ab0, 0x000001f9f73a85a0, 0x000001f9f73a8fc0, 0x000001f9f73a7160,
0x000001f9f73a9ef0, 0x000001f9f73a99e0, 0x000001f9f73aa400, 0x000001f9f73a94d0,
0x000001f9f8323a20, 0x000001f9f8324440, 0x000001f9f8324950, 0x000001f9f8323000,
0x000001f9f8324e60, 0x000001f9f8325370, 0x000001f9f8323f30, 0x000001f9f8326cc0,
0x000001f9f8325880, 0x000001f9f8325d90, 0x000001f9f8323510, 0x000001f9f8329f60,
0x000001f9f8328100, 0x000001f9f8327bf0, 0x000001f9f83271d0, 0x000001f9f8329540,
0x000001f9f83276e0, 0x000001f9f8328610, 0x000001f9f8328b20, 0x000001f9f8329030,
0x000001f9f8329a50, 0x000001f9f83267b0, 0x000001f9f832a470, 0x000001f9f832a980,
0x000001f9f8e7d810, 0x000001f9f8e7bec0, 0x000001f9f8e7d300, 0x000001f9f8e7af90,
0x000001f9f8e7a060, 0x000001f9f8e7b9b0, 0x000001f9f8e7aa80, 0x000001f9f8e7b4a0,
0x000001f9f8e7c3d0, 0x000001f9f8e7c8e0, 0x000001f9f8e7cdf0, 0x000001f9f8e7dd20,
0x000001f9f8e7a570, 0x000001f9f8e814d0, 0x000001f9f8e7f160, 0x000001f9f8e80ab0,
0x000001f9f8e80fc0, 0x000001f9f8e819e0, 0x000001f9f8e7fb80, 0x000001f9f8e7e230,
0x000001f9f8e7f670, 0x000001f9f8e7e740, 0x000001f9f8e7ec50, 0x000001f9f8e80090,
0x000001f9f8e805a0, 0x000001f9f51e2b90, 0x000001f9f51e3fd0, 0x000001f9f51e49f0,
0x000001f9f51e44e0, 0x000001f9f51e30a0, 0x000001f9f51e5920, 0x000001f9f51e4f00,
0x000001f9f51e35b0, 0x000001f9f51e3ac0, 0x000001f9f51e5410, 0x000001f9f51e2170,
0x000001f9f51e2680, 0x000001f9f51e90d0, 0x000001f9f51e7780, 0x000001f9f51e86b0,
0x000001f9f51e6850, 0x000001f9f51e7270, 0x000001f9f51e95e0, 0x000001f9f51e81a0,
0x000001f9f51e6d60, 0x000001f9f51e8bc0, 0x000001f9f51e9af0, 0x000001f9f51e6340,
0x000001f9edc3c270, 0x000001f9f820e090, 0x000001f9f820e5a0, 0x000001f9f820eab0,
0x000001f9f8212260, 0x000001f9f8210400, 0x000001f9f8212770, 0x000001f9f820efc0,
0x000001f9f8212c80, 0x000001f9f820f4d0, 0x000001f9f8211d50, 0x000001f9f8213190,
0x000001f9f820f9e0, 0x000001f9f82136a0, 0x000001f9f820fef0, 0x000001f9f8211330,
0x000001f9f8213bb0, 0x000001f9f82140c0, 0x000001f9f82145d0, 0x000001f9f8210e20,
0x000001f9f8214ae0, 0x000001f9f8214ff0, 0x000001f9f8211840, 0x000001f9f8216430,
0x000001f9f8215f20, 0x000001f9f82187a0, 0x000001f9f8218290, 0x000001f9f8217d80,
0x000001f9f8218cb0, 0x000001f9f8217870, 0x000001f9f8217360, 0x000001f9f8215a10,
0x000001f9f8216940, 0x000001f9f8215500, 0x000001f9f82196d0, 0x000001f9f82191c0,
0x000001f9f8219be0, 0x000001f9f821a0f0, 0x000001f9f8216e50, 0x000001f9f821d390,
0x000001f9f821ab10, 0x000001f9f821ce80, 0x000001f9f821b530, 0x000001f9f821bf50,
0x000001f9f821b020, 0x000001f9f821ba40, 0x000001f9f821c460, 0x000001f9f821c970,
0x000001f9f821d8a0, 0x000001f9edcb7b50, 0x000001f9edcb5cf0, 0x000001f9edcb48b0,
0x000001f9edcb8060, 0x000001f9edcbc230, 0x000001f9edcb94a0, 0x000001f9edcba8e0,
0x000001f9edcb7130, 0x000001f9edcbdb80, 0x000001f9edcbcc50, 0x000001f9edcbb810,
0x000001f9edcbd670, 0x000001f9edcbf4d0, 0x000001f9edcbbd20, 0x000001f9edcbf9e0,
0x000001f9edcc0910, 0x000001f9edcc2770, 0x000001f9edcc1840, 0x000001f9edcc36a0,
0x000001f9edcc2c80, 0x000001f9edcbfef0, 0x000001f9f5799e20, 0x000001f9f579edd0,
0x000001f9f579f870
}

Java Threads: ( => current thread )
  0x000001f9cca00680 JavaThread "main" [_thread_blocked, id=15616, stack(0x0000004ffcc00000,0x0000004ffcd00000)]
  0x000001f9ecb84af0 JavaThread "Reference Handler" daemon [_thread_blocked, id=30440, stack(0x0000004ffd300000,0x0000004ffd400000)]
  0x000001f9ecb874d0 JavaThread "Finalizer" daemon [_thread_blocked, id=23660, stack(0x0000004ffd400000,0x0000004ffd500000)]
  0x000001f9ecb9e4c0 JavaThread "Signal Dispatcher" daemon [_thread_blocked, id=30352, stack(0x0000004ffd500000,0x0000004ffd600000)]
  0x000001f9ecb9ed90 JavaThread "Attach Listener" daemon [_thread_blocked, id=32680, stack(0x0000004ffd600000,0x0000004ffd700000)]
  0x000001f9ecb9fe70 JavaThread "Service Thread" daemon [_thread_blocked, id=28772, stack(0x0000004ffd700000,0x0000004ffd800000)]
  0x000001f9ecba2750 JavaThread "Monitor Deflation Thread" daemon [_thread_blocked, id=29652, stack(0x0000004ffd800000,0x0000004ffd900000)]
  0x000001f9ecbab360 JavaThread "C2 CompilerThread0" daemon [_thread_in_native, id=33096, stack(0x0000004ffd900000,0x0000004ffda00000)]
  0x000001f9ecbadc80 JavaThread "C1 CompilerThread0" daemon [_thread_blocked, id=17168, stack(0x0000004ffda00000,0x0000004ffdb00000)]
  0x000001f9edac0090 JavaThread "Sweeper thread" daemon [_thread_blocked, id=33584, stack(0x0000004ffdb00000,0x0000004ffdc00000)]
  0x000001f9edc3bd60 JavaThread "Common-Cleaner" daemon [_thread_blocked, id=33232, stack(0x0000004ffde00000,0x0000004ffdf00000)]
  0x000001f9edc38fd0 JavaThread "Notification Thread" daemon [_thread_blocked, id=12104, stack(0x0000004ffe100000,0x0000004ffe200000)]
  0x000001f9edc3ae30 JavaThread "Daemon health stats" [_thread_blocked, id=30912, stack(0x0000004ffe900000,0x0000004ffea00000)]
  0x000001f9edc3a920 JavaThread "Incoming local TCP Connector on port 57532" [_thread_in_native, id=23320, stack(0x0000004ffea00000,0x0000004ffeb00000)]
  0x000001f9edc38ac0 JavaThread "Daemon periodic checks" [_thread_blocked, id=28928, stack(0x0000004ffeb00000,0x0000004ffec00000)]
  0x000001f9edc3b340 JavaThread "Daemon" [_thread_blocked, id=33568, stack(0x0000004ffec00000,0x0000004ffed00000)]
  0x000001f9edc3b850 JavaThread "Handler for socket connection from /127.0.0.1:57532 to /127.0.0.1:57533" [_thread_in_native, id=32572, stack(0x0000004ffed00000,0x0000004ffee00000)]
  0x000001f9edc399f0 JavaThread "Cancel handler" [_thread_blocked, id=14860, stack(0x0000004ffee00000,0x0000004ffef00000)]
  0x000001f9edc394e0 JavaThread "Daemon worker" [_thread_in_Java, id=32156, stack(0x0000004ffef00000,0x0000004fff000000)]
  0x000001f9edc39f00 JavaThread "Asynchronous log dispatcher for DefaultDaemonConnection: socket connection from /127.0.0.1:57532 to /127.0.0.1:57533" [_thread_blocked, id=30340, stack(0x0000004fff000000,0x0000004fff100000)]
  0x000001f9edc3a410 JavaThread "Stdin handler" [_thread_blocked, id=30572, stack(0x0000004fff100000,0x0000004fff200000)]
  0x000001f9f3fdf2d0 JavaThread "Daemon client event forwarder" [_thread_blocked, id=18528, stack(0x0000004fff200000,0x0000004fff300000)]
  0x000001f9f3fe0200 JavaThread "Cache worker for journal cache (C:\Users\jibri\.gradle\caches\journal-1)" [_thread_blocked, id=32812, stack(0x0000004fff300000,0x0000004fff400000)]
  0x000001f9f3fdf7e0 JavaThread "File lock request listener" [_thread_in_native, id=32832, stack(0x0000004fff400000,0x0000004fff500000)]
  0x000001f9f3fdedc0 JavaThread "Cache worker for file hash cache (C:\Users\jibri\.gradle\caches\9.0.0\fileHashes)" [_thread_blocked, id=32836, stack(0x0000004fff500000,0x0000004fff600000)]
  0x000001f9f3fdcf60 JavaThread "Cache worker for file hash cache (C:\rubi_web\CISC_Capstone\MiscueReading\android\.gradle\9.0.0\fileHashes)" [_thread_blocked, id=33440, stack(0x0000004f80200000,0x0000004f80300000)]
  0x000001f9f3fdd470 JavaThread "Cache worker for Build Output Cleanup Cache (C:\rubi_web\CISC_Capstone\MiscueReading\android\.gradle\buildOutputCleanup)" [_thread_blocked, id=33432, stack(0x0000004f80300000,0x0000004f80400000)]
  0x000001f9f3fdd980 JavaThread "File watcher server" daemon [_thread_in_native, id=33504, stack(0x0000004f80400000,0x0000004f80500000)]
  0x000001f9f3fdfcf0 JavaThread "File watcher consumer" daemon [_thread_blocked, id=33512, stack(0x0000004f80500000,0x0000004f80600000)]
  0x000001f9f3fe0710 JavaThread "Cache worker for checksums cache (C:\rubi_web\CISC_Capstone\MiscueReading\android\.gradle\9.0.0\checksums)" [_thread_blocked, id=33552, stack(0x0000004f80600000,0x0000004f80700000)]
  0x000001f9f3fe0c20 JavaThread "Cache worker for file content cache (C:\Users\jibri\.gradle\caches\9.0.0\fileContent)" [_thread_blocked, id=33556, stack(0x0000004f80700000,0x0000004f80800000)]
  0x000001f9f3fe1130 JavaThread "Cache worker for cache directory md-supplier (C:\Users\jibri\.gradle\caches\9.0.0\md-supplier)" [_thread_blocked, id=32688, stack(0x0000004f80800000,0x0000004f80900000)]
  0x000001f9f3fe1640 JavaThread "Cache worker for cache directory md-rule (C:\Users\jibri\.gradle\caches\9.0.0\md-rule)" [_thread_blocked, id=15536, stack(0x0000004f80900000,0x0000004f80a00000)]
  0x000001f9f3fdde90 JavaThread "jar transforms" [_thread_blocked, id=10772, stack(0x0000004f80a00000,0x0000004f80b00000)]
  0x000001f9f3fe1b50 JavaThread "Cache worker for Build Output Cleanup Cache (C:\rubi_web\CISC_Capstone\MiscueReading\node_modules\@react-native\gradle-plugin\.gradle\buildOutputCleanup)" [_thread_blocked, id=32604, stack(0x0000004f80c00000,0x0000004f80d00000)]
  0x000001f9f3fe2060 JavaThread "Unconstrained build operations" [_thread_blocked, id=34708, stack(0x0000004f80d00000,0x0000004f80e00000)]
  0x000001f9f3fde8b0 JavaThread "Unconstrained build operations Thread 2" [_thread_blocked, id=32212, stack(0x0000004f80e00000,0x0000004f80f00000)]
  0x000001f9f3fe2a80 JavaThread "Unconstrained build operations Thread 3" [_thread_blocked, id=32968, stack(0x0000004f80f00000,0x0000004f81000000)]
  0x000001f9f3fe2570 JavaThread "Unconstrained build operations Thread 4" [_thread_blocked, id=33316, stack(0x0000004f81000000,0x0000004f81100000)]
  0x000001f9f3fe2f90 JavaThread "Unconstrained build operations Thread 5" [_thread_blocked, id=34728, stack(0x0000004f81200000,0x0000004f81300000)]
  0x000001f9f3fe34a0 JavaThread "Unconstrained build operations Thread 6" [_thread_blocked, id=34732, stack(0x0000004f81300000,0x0000004f81400000)]
  0x000001f9f3fe3ec0 JavaThread "Unconstrained build operations Thread 7" [_thread_blocked, id=33840, stack(0x0000004f81500000,0x0000004f81600000)]
  0x000001f9f3fe43d0 JavaThread "Unconstrained build operations Thread 8" [_thread_blocked, id=31356, stack(0x0000004f81600000,0x0000004f81700000)]
  0x000001f9f3fe48e0 JavaThread "Unconstrained build operations Thread 9" [_thread_blocked, id=33184, stack(0x0000004f81700000,0x0000004f81800000)]
  0x000001f9f790e660 JavaThread "Unconstrained build operations Thread 10" [_thread_blocked, id=32848, stack(0x0000004f81800000,0x0000004f81900000)]
  0x000001f9f790eb70 JavaThread "Unconstrained build operations Thread 11" [_thread_blocked, id=33036, stack(0x0000004f81900000,0x0000004f81a00000)]
  0x000001f9f790faa0 JavaThread "Unconstrained build operations Thread 12" [_thread_blocked, id=5980, stack(0x0000004f81a00000,0x0000004f81b00000)]
  0x000001f9f790f080 JavaThread "Unconstrained build operations Thread 13" [_thread_blocked, id=33244, stack(0x0000004f81b00000,0x0000004f81c00000)]
  0x000001f9f790ffb0 JavaThread "Unconstrained build operations Thread 14" [_thread_blocked, id=33404, stack(0x0000004f81c00000,0x0000004f81d00000)]
  0x000001f9f79104c0 JavaThread "Unconstrained build operations Thread 15" [_thread_blocked, id=33484, stack(0x0000004f81d00000,0x0000004f81e00000)]
  0x000001f9f790cd10 JavaThread "Unconstrained build operations Thread 16" [_thread_blocked, id=32956, stack(0x0000004f81e00000,0x0000004f81f00000)]
  0x000001f9f790dc40 JavaThread "Unconstrained build operations Thread 17" [_thread_blocked, id=33868, stack(0x0000004f81f00000,0x0000004f82000000)]
  0x000001f9f790f590 JavaThread "Unconstrained build operations Thread 18" [_thread_blocked, id=33372, stack(0x0000004f82000000,0x0000004f82100000)]
  0x000001f9f79109d0 JavaThread "Unconstrained build operations Thread 19" [_thread_blocked, id=33980, stack(0x0000004f82100000,0x0000004f82200000)]
  0x000001f9f790d220 JavaThread "Unconstrained build operations Thread 20" [_thread_blocked, id=32924, stack(0x0000004f82200000,0x0000004f82300000)]
  0x000001f9f7910ee0 JavaThread "Unconstrained build operations Thread 21" [_thread_blocked, id=28764, stack(0x0000004f82300000,0x0000004f82400000)]
  0x000001f9f790d730 JavaThread "Unconstrained build operations Thread 22" [_thread_blocked, id=34172, stack(0x0000004f82400000,0x0000004f82500000)]
  0x000001f9f7911900 JavaThread "Unconstrained build operations Thread 23" [_thread_blocked, id=22248, stack(0x0000004f82500000,0x0000004f82600000)]
  0x000001f9f790e150 JavaThread "Unconstrained build operations Thread 24" [_thread_blocked, id=33988, stack(0x0000004f82600000,0x0000004f82700000)]
  0x000001f9f7911e10 JavaThread "Unconstrained build operations Thread 25" [_thread_blocked, id=29240, stack(0x0000004f82700000,0x0000004f82800000)]
  0x000001f9f79113f0 JavaThread "Unconstrained build operations Thread 26" [_thread_blocked, id=33860, stack(0x0000004f82800000,0x0000004f82900000)]
  0x000001f9f7912320 JavaThread "Unconstrained build operations Thread 27" [_thread_blocked, id=33876, stack(0x0000004f82900000,0x0000004f82a00000)]
  0x000001f9f7912830 JavaThread "Unconstrained build operations Thread 28" [_thread_blocked, id=33984, stack(0x0000004f82a00000,0x0000004f82b00000)]
  0x000001f9f7912d40 JavaThread "Unconstrained build operations Thread 29" [_thread_blocked, id=35232, stack(0x0000004f82b00000,0x0000004f82c00000)]
  0x000001f9f7913250 JavaThread "Unconstrained build operations Thread 30" [_thread_blocked, id=34324, stack(0x0000004f82c00000,0x0000004f82d00000)]
  0x000001f9f7913760 JavaThread "Unconstrained build operations Thread 31" [_thread_blocked, id=34520, stack(0x0000004f82d00000,0x0000004f82e00000)]
  0x000001f9f7913c70 JavaThread "Unconstrained build operations Thread 32" [_thread_blocked, id=34560, stack(0x0000004f82e00000,0x0000004f82f00000)]
  0x000001f9f7914180 JavaThread "Unconstrained build operations Thread 33" [_thread_blocked, id=34012, stack(0x0000004f82f00000,0x0000004f83000000)]
  0x000001f9f7914690 JavaThread "Unconstrained build operations Thread 34" [_thread_blocked, id=34556, stack(0x0000004f83000000,0x0000004f83100000)]
  0x000001f9f30d07e0 JavaThread "Unconstrained build operations Thread 35" [_thread_blocked, id=34872, stack(0x0000004f83100000,0x0000004f83200000)]
  0x000001f9f30d2b50 JavaThread "Unconstrained build operations Thread 36" [_thread_blocked, id=34824, stack(0x0000004f83200000,0x0000004f83300000)]
  0x000001f9f30d1710 JavaThread "Unconstrained build operations Thread 37" [_thread_blocked, id=34868, stack(0x0000004f83300000,0x0000004f83400000)]
  0x000001f9f30d2640 JavaThread "Unconstrained build operations Thread 38" [_thread_blocked, id=34844, stack(0x0000004f83400000,0x0000004f83500000)]
  0x000001f9f30d0cf0 JavaThread "Unconstrained build operations Thread 39" [_thread_blocked, id=32460, stack(0x0000004f83500000,0x0000004f83600000)]
  0x000001f9f30cf3a0 JavaThread "Unconstrained build operations Thread 40" [_thread_blocked, id=33856, stack(0x0000004f83600000,0x0000004f83700000)]
  0x000001f9f30cfdc0 JavaThread "Unconstrained build operations Thread 41" [_thread_blocked, id=25896, stack(0x0000004f83700000,0x0000004f83800000)]
  0x000001f9f30d1200 JavaThread "Unconstrained build operations Thread 42" [_thread_blocked, id=34852, stack(0x0000004f83800000,0x0000004f83900000)]
  0x000001f9f30d1c20 JavaThread "Unconstrained build operations Thread 43" [_thread_blocked, id=34848, stack(0x0000004f83900000,0x0000004f83a00000)]
  0x000001f9f30d02d0 JavaThread "Unconstrained build operations Thread 44" [_thread_blocked, id=34864, stack(0x0000004f83a00000,0x0000004f83b00000)]
  0x000001f9f30d3060 JavaThread "Unconstrained build operations Thread 45" [_thread_blocked, id=17496, stack(0x0000004f83b00000,0x0000004f83c00000)]
  0x000001f9f30d2130 JavaThread "Unconstrained build operations Thread 46" [_thread_blocked, id=34820, stack(0x0000004f83c00000,0x0000004f83d00000)]
  0x000001f9f30cf8b0 JavaThread "Unconstrained build operations Thread 47" [_thread_blocked, id=34856, stack(0x0000004f83d00000,0x0000004f83e00000)]
  0x000001f9f30d49b0 JavaThread "Unconstrained build operations Thread 48" [_thread_blocked, id=30520, stack(0x0000004f83e00000,0x0000004f83f00000)]
  0x000001f9f30d4ec0 JavaThread "Unconstrained build operations Thread 49" [_thread_blocked, id=33852, stack(0x0000004f83f00000,0x0000004f84000000)]
  0x000001f9f30d58e0 JavaThread "Unconstrained build operations Thread 50" [_thread_blocked, id=34840, stack(0x0000004f84000000,0x0000004f84100000)]
  0x000001f9f30d6d20 JavaThread "Unconstrained build operations Thread 51" [_thread_blocked, id=35760, stack(0x0000004f84100000,0x0000004f84200000)]
  0x000001f9f30d3570 JavaThread "Unconstrained build operations Thread 52" [_thread_blocked, id=34836, stack(0x0000004f84200000,0x0000004f84300000)]
  0x000001f9f30d6810 JavaThread "Unconstrained build operations Thread 53" [_thread_blocked, id=33264, stack(0x0000004f84300000,0x0000004f84400000)]
  0x000001f9f30d3a80 JavaThread "Unconstrained build operations Thread 54" [_thread_blocked, id=32220, stack(0x0000004f84400000,0x0000004f84500000)]
  0x000001f9f30d53d0 JavaThread "Unconstrained build operations Thread 55" [_thread_blocked, id=32224, stack(0x0000004f84500000,0x0000004f84600000)]
  0x000001f9f30d3f90 JavaThread "Unconstrained build operations Thread 56" [_thread_blocked, id=22052, stack(0x0000004f84600000,0x0000004f84700000)]
  0x000001f9f30d5df0 JavaThread "Unconstrained build operations Thread 57" [_thread_blocked, id=33104, stack(0x0000004f84700000,0x0000004f84800000)]
  0x000001f9f30d6300 JavaThread "Unconstrained build operations Thread 58" [_thread_blocked, id=34932, stack(0x0000004f84800000,0x0000004f84900000)]
  0x000001f9f30d44a0 JavaThread "Unconstrained build operations Thread 59" [_thread_blocked, id=11552, stack(0x0000004f84900000,0x0000004f84a00000)]
  0x000001f9f8264df0 JavaThread "Unconstrained build operations Thread 60" [_thread_blocked, id=33912, stack(0x0000004f84a00000,0x0000004f84b00000)]
  0x000001f9f8262570 JavaThread "Unconstrained build operations Thread 61" [_thread_blocked, id=34004, stack(0x0000004f84b00000,0x0000004f84c00000)]
  0x000001f9f8262f90 JavaThread "Unconstrained build operations Thread 62" [_thread_blocked, id=34508, stack(0x0000004f84c00000,0x0000004f84d00000)]
  0x000001f9f8262a80 JavaThread "Unconstrained build operations Thread 63" [_thread_blocked, id=35556, stack(0x0000004f84d00000,0x0000004f84e00000)]
  0x000001f9f8263ec0 JavaThread "build event listener" [_thread_blocked, id=14100, stack(0x0000004f81400000,0x0000004f81500000)]
  0x000001f9f8262060 JavaThread "Memory manager" [_thread_blocked, id=31752, stack(0x0000004f84f00000,0x0000004f85000000)]
  0x000001f9f8267160 JavaThread "ForkJoinPool.commonPool-worker-1" daemon [_thread_blocked, id=35696, stack(0x0000004f85000000,0x0000004f85100000)]
  0x000001f9f8265810 JavaThread "ForkJoinPool.commonPool-worker-2" daemon [_thread_blocked, id=30000, stack(0x0000004f85100000,0x0000004f85200000)]
  0x000001f9f82648e0 JavaThread "ForkJoinPool.commonPool-worker-3" daemon [_thread_blocked, id=35236, stack(0x0000004f85200000,0x0000004f85300000)]
  0x000001f9f82639b0 JavaThread "ForkJoinPool.commonPool-worker-4" daemon [_thread_blocked, id=26700, stack(0x0000004f85300000,0x0000004f85400000)]
  0x000001f9f8268ab0 JavaThread "ForkJoinPool.commonPool-worker-5" daemon [_thread_blocked, id=25368, stack(0x0000004f85400000,0x0000004f85500000)]
  0x000001f9f8267670 JavaThread "ForkJoinPool.commonPool-worker-6" daemon [_thread_blocked, id=35028, stack(0x0000004f85500000,0x0000004f85600000)]
  0x000001f9f8268fc0 JavaThread "ForkJoinPool.commonPool-worker-7" daemon [_thread_blocked, id=34992, stack(0x0000004f85600000,0x0000004f85700000)]
  0x000001f9f82694d0 JavaThread "ForkJoinPool.commonPool-worker-8" daemon [_thread_blocked, id=34988, stack(0x0000004f85700000,0x0000004f85800000)]
  0x000001f9f8265d20 JavaThread "ForkJoinPool.commonPool-worker-9" daemon [_thread_blocked, id=34952, stack(0x0000004f85800000,0x0000004f85900000)]
  0x000001f9f82699e0 JavaThread "ForkJoinPool.commonPool-worker-10" daemon [_thread_blocked, id=30728, stack(0x0000004f85900000,0x0000004f85a00000)]
  0x000001f9f8266230 JavaThread "ForkJoinPool.commonPool-worker-11" daemon [_thread_blocked, id=16012, stack(0x0000004f85a00000,0x0000004f85b00000)]
  0x000001f9f8268090 JavaThread "Exec process" daemon [_thread_blocked, id=32152, stack(0x0000004f85b00000,0x0000004f85c00000)]
  0x000001f9f82685a0 JavaThread "ForkJoinPool.commonPool-worker-12" daemon [_thread_blocked, id=30228, stack(0x0000004f85c00000,0x0000004f85d00000)]
  0x000001f9f3125250 JavaThread "Exec process Thread 2" daemon [_thread_blocked, id=29960, stack(0x0000004f85d00000,0x0000004f85e00000)]
  0x000001f9f31229d0 JavaThread "Exec process Thread 3" daemon [_thread_blocked, id=34940, stack(0x0000004f85e00000,0x0000004f85f00000)]
  0x000001f9f3124320 JavaThread "ForkJoinPool.commonPool-worker-13" daemon [_thread_blocked, id=32704, stack(0x0000004f85f00000,0x0000004f86000000)]
  0x000001f9f3125c70 JavaThread "ForkJoinPool.commonPool-worker-14" daemon [_thread_blocked, id=32652, stack(0x0000004f84e00000,0x0000004f84f00000)]
  0x000001f9f31233f0 JavaThread "ForkJoinPool.commonPool-worker-15" daemon [_thread_blocked, id=31280, stack(0x0000004f86000000,0x0000004f86100000)]
  0x000001f9f3125760 JavaThread "ForkJoinPool.commonPool-worker-16" daemon [_thread_blocked, id=6360, stack(0x0000004f81100000,0x0000004f81200000)]
  0x000001f9f3124d40 JavaThread "ForkJoinPool.commonPool-worker-17" daemon [_thread_blocked, id=4140, stack(0x0000004f86100000,0x0000004f86200000)]
  0x000001f9f3123900 JavaThread "included builds" [_thread_blocked, id=35032, stack(0x0000004f86300000,0x0000004f86400000)]
  0x000001f9f3122ee0 JavaThread "Execution worker" [_thread_blocked, id=35048, stack(0x0000004f86400000,0x0000004f86500000)]
  0x000001f9f3124830 JavaThread "Execution worker Thread 2" [_thread_blocked, id=10488, stack(0x0000004f86500000,0x0000004f86600000)]
  0x000001f9f3123e10 JavaThread "Execution worker Thread 3" [_thread_blocked, id=33336, stack(0x0000004f86600000,0x0000004f86700000)]
  0x000001f9f2c44d40 JavaThread "Execution worker Thread 4" [_thread_blocked, id=29620, stack(0x0000004f86700000,0x0000004f86800000)]
  0x000001f9f2c43900 JavaThread "Execution worker Thread 5" [_thread_blocked, id=33636, stack(0x0000004f86800000,0x0000004f86900000)]
  0x000001f9f2c45c70 JavaThread "Execution worker Thread 6" [_thread_blocked, id=8028, stack(0x0000004f86900000,0x0000004f86a00000)]
  0x000001f9f2c433f0 JavaThread "Execution worker Thread 7" [_thread_blocked, id=10164, stack(0x0000004f86a00000,0x0000004f86b00000)]
  0x000001f9f2c44830 JavaThread "Execution worker Thread 8" [_thread_blocked, id=31024, stack(0x0000004f86b00000,0x0000004f86c00000)]
  0x000001f9f2c46180 JavaThread "Execution worker Thread 9" [_thread_blocked, id=22700, stack(0x0000004f86c00000,0x0000004f86d00000)]
  0x000001f9f2c475c0 JavaThread "Execution worker Thread 10" [_thread_blocked, id=32068, stack(0x0000004f86d00000,0x0000004f86e00000)]
  0x000001f9f2c44320 JavaThread "Execution worker Thread 11" [_thread_blocked, id=35596, stack(0x0000004f86e00000,0x0000004f86f00000)]
  0x000001f9f2c45760 JavaThread "Execution worker Thread 12" [_thread_blocked, id=35040, stack(0x0000004f86f00000,0x0000004f87000000)]
  0x000001f9f2c45250 JavaThread "Execution worker Thread 13" [_thread_blocked, id=30800, stack(0x0000004f87000000,0x0000004f87100000)]
  0x000001f9f2c46690 JavaThread "Execution worker Thread 14" [_thread_blocked, id=30420, stack(0x0000004f87100000,0x0000004f87200000)]
  0x000001f9f2c46ba0 JavaThread "Execution worker Thread 15" [_thread_blocked, id=32384, stack(0x0000004f87200000,0x0000004f87300000)]
  0x000001f9f2c470b0 JavaThread "Execution worker Thread 16" [_thread_blocked, id=30680, stack(0x0000004f87300000,0x0000004f87400000)]
  0x000001f9f2c43e10 JavaThread "Execution worker Thread 17" [_thread_blocked, id=32596, stack(0x0000004f87400000,0x0000004f87500000)]
  0x000001f9f2c4ad70 JavaThread "Execution worker Thread 18" [_thread_blocked, id=16688, stack(0x0000004f87500000,0x0000004f87600000)]
  0x000001f9f2c48a00 JavaThread "Execution worker Thread 19" [_thread_blocked, id=31036, stack(0x0000004f87600000,0x0000004f87700000)]
  0x000001f9f2c4a350 JavaThread "Cache worker for execution history cache (C:\rubi_web\CISC_Capstone\MiscueReading\node_modules\@react-native\gradle-plugin\.gradle\9.0.0\executionHistory)" [_thread_blocked, id=34480, stack(0x0000004f87700000,0x0000004f87800000)]
  0x000001f9f2c4a860 JavaThread "Unconstrained build operations Thread 64" [_thread_blocked, id=7128, stack(0x0000004f87800000,0x0000004f87900000)]
  0x000001f9f2c48f10 JavaThread "Unconstrained build operations Thread 65" [_thread_blocked, id=34424, stack(0x0000004f87900000,0x0000004f87a00000)]
  0x000001f9f2c49930 JavaThread "Unconstrained build operations Thread 66" [_thread_blocked, id=8200, stack(0x0000004f87a00000,0x0000004f87b00000)]
  0x000001f9f2c49420 JavaThread "Unconstrained build operations Thread 67" [_thread_blocked, id=31032, stack(0x0000004f87b00000,0x0000004f87c00000)]
  0x000001f9f2c47ad0 JavaThread "Unconstrained build operations Thread 68" [_thread_blocked, id=34164, stack(0x0000004f87c00000,0x0000004f87d00000)]
  0x000001f9f2c49e40 JavaThread "Unconstrained build operations Thread 69" [_thread_blocked, id=34252, stack(0x0000004f87d00000,0x0000004f87e00000)]
  0x000001f9f2c47fe0 JavaThread "Unconstrained build operations Thread 70" [_thread_blocked, id=33920, stack(0x0000004f87e00000,0x0000004f87f00000)]
  0x000001f9f2c484f0 JavaThread "Unconstrained build operations Thread 71" [_thread_blocked, id=29196, stack(0x0000004f87f00000,0x0000004f88000000)]
  0x000001f9f73a7670 JavaThread "Unconstrained build operations Thread 72" [_thread_blocked, id=35412, stack(0x0000004f88000000,0x0000004f88100000)]
  0x000001f9f73aa910 JavaThread "Unconstrained build operations Thread 73" [_thread_blocked, id=35468, stack(0x0000004f88100000,0x0000004f88200000)]
  0x000001f9f73a7b80 JavaThread "Unconstrained build operations Thread 74" [_thread_blocked, id=29508, stack(0x0000004f88200000,0x0000004f88300000)]
  0x000001f9f73a8ab0 JavaThread "Unconstrained build operations Thread 75" [_thread_blocked, id=8908, stack(0x0000004f88300000,0x0000004f88400000)]
  0x000001f9f73a85a0 JavaThread "Unconstrained build operations Thread 76" [_thread_blocked, id=7408, stack(0x0000004f88400000,0x0000004f88500000)]
  0x000001f9f73a8fc0 JavaThread "Unconstrained build operations Thread 77" [_thread_blocked, id=32412, stack(0x0000004f88500000,0x0000004f88600000)]
  0x000001f9f73a7160 JavaThread "Unconstrained build operations Thread 78" [_thread_blocked, id=31148, stack(0x0000004f88600000,0x0000004f88700000)]
  0x000001f9f73a9ef0 JavaThread "Unconstrained build operations Thread 79" [_thread_blocked, id=31144, stack(0x0000004f88700000,0x0000004f88800000)]
  0x000001f9f73a99e0 JavaThread "Unconstrained build operations Thread 80" [_thread_blocked, id=31408, stack(0x0000004f88800000,0x0000004f88900000)]
  0x000001f9f73aa400 JavaThread "Unconstrained build operations Thread 81" [_thread_blocked, id=33072, stack(0x0000004f88900000,0x0000004f88a00000)]
  0x000001f9f73a94d0 JavaThread "Unconstrained build operations Thread 82" [_thread_blocked, id=29324, stack(0x0000004f88a00000,0x0000004f88b00000)]
  0x000001f9f8323a20 JavaThread "Unconstrained build operations Thread 83" [_thread_blocked, id=32560, stack(0x0000004f88b00000,0x0000004f88c00000)]
  0x000001f9f8324440 JavaThread "Unconstrained build operations Thread 84" [_thread_blocked, id=33892, stack(0x0000004f88c00000,0x0000004f88d00000)]
  0x000001f9f8324950 JavaThread "Unconstrained build operations Thread 85" [_thread_blocked, id=34240, stack(0x0000004f88d00000,0x0000004f88e00000)]
  0x000001f9f8323000 JavaThread "Unconstrained build operations Thread 86" [_thread_blocked, id=33960, stack(0x0000004f88e00000,0x0000004f88f00000)]
  0x000001f9f8324e60 JavaThread "Unconstrained build operations Thread 87" [_thread_blocked, id=33952, stack(0x0000004f88f00000,0x0000004f89000000)]
  0x000001f9f8325370 JavaThread "Unconstrained build operations Thread 88" [_thread_blocked, id=34044, stack(0x0000004f89000000,0x0000004f89100000)]
  0x000001f9f8323f30 JavaThread "Unconstrained build operations Thread 89" [_thread_blocked, id=33996, stack(0x0000004f89100000,0x0000004f89200000)]
  0x000001f9f8326cc0 JavaThread "Unconstrained build operations Thread 90" [_thread_blocked, id=33956, stack(0x0000004f89200000,0x0000004f89300000)]
  0x000001f9f8325880 JavaThread "Unconstrained build operations Thread 91" [_thread_blocked, id=33848, stack(0x0000004f89300000,0x0000004f89400000)]
  0x000001f9f8325d90 JavaThread "Unconstrained build operations Thread 92" [_thread_blocked, id=34016, stack(0x0000004f89400000,0x0000004f89500000)]
  0x000001f9f8323510 JavaThread "Unconstrained build operations Thread 93" [_thread_blocked, id=34156, stack(0x0000004f89500000,0x0000004f89600000)]
  0x000001f9f8329f60 JavaThread "Unconstrained build operations Thread 94" [_thread_blocked, id=34256, stack(0x0000004f89600000,0x0000004f89700000)]
  0x000001f9f8328100 JavaThread "Unconstrained build operations Thread 95" [_thread_blocked, id=28804, stack(0x0000004f89700000,0x0000004f89800000)]
  0x000001f9f8327bf0 JavaThread "Unconstrained build operations Thread 96" [_thread_blocked, id=34456, stack(0x0000004f89800000,0x0000004f89900000)]
  0x000001f9f83271d0 JavaThread "Unconstrained build operations Thread 97" [_thread_blocked, id=27060, stack(0x0000004f89900000,0x0000004f89a00000)]
  0x000001f9f8329540 JavaThread "Unconstrained build operations Thread 98" [_thread_blocked, id=7064, stack(0x0000004f89a00000,0x0000004f89b00000)]
  0x000001f9f83276e0 JavaThread "Unconstrained build operations Thread 99" [_thread_blocked, id=34628, stack(0x0000004f89b00000,0x0000004f89c00000)]
  0x000001f9f8328610 JavaThread "Unconstrained build operations Thread 100" [_thread_blocked, id=34604, stack(0x0000004f89c00000,0x0000004f89d00000)]
  0x000001f9f8328b20 JavaThread "Unconstrained build operations Thread 101" [_thread_blocked, id=31152, stack(0x0000004f89d00000,0x0000004f89e00000)]
  0x000001f9f8329030 JavaThread "Unconstrained build operations Thread 102" [_thread_blocked, id=35324, stack(0x0000004f89e00000,0x0000004f89f00000)]
  0x000001f9f8329a50 JavaThread "Unconstrained build operations Thread 103" [_thread_blocked, id=34052, stack(0x0000004f89f00000,0x0000004f8a000000)]
  0x000001f9f83267b0 JavaThread "Unconstrained build operations Thread 104" [_thread_blocked, id=34260, stack(0x0000004f8a000000,0x0000004f8a100000)]
  0x000001f9f832a470 JavaThread "Unconstrained build operations Thread 105" [_thread_blocked, id=33472, stack(0x0000004f8a100000,0x0000004f8a200000)]
  0x000001f9f832a980 JavaThread "Unconstrained build operations Thread 106" [_thread_blocked, id=34224, stack(0x0000004f8a200000,0x0000004f8a300000)]
  0x000001f9f8e7d810 JavaThread "Unconstrained build operations Thread 107" [_thread_blocked, id=34296, stack(0x0000004f8a300000,0x0000004f8a400000)]
  0x000001f9f8e7bec0 JavaThread "Unconstrained build operations Thread 108" [_thread_blocked, id=34304, stack(0x0000004f8a400000,0x0000004f8a500000)]
  0x000001f9f8e7d300 JavaThread "Unconstrained build operations Thread 109" [_thread_blocked, id=34300, stack(0x0000004f8a500000,0x0000004f8a600000)]
  0x000001f9f8e7af90 JavaThread "Unconstrained build operations Thread 110" [_thread_blocked, id=34292, stack(0x0000004f8a600000,0x0000004f8a700000)]
  0x000001f9f8e7a060 JavaThread "Unconstrained build operations Thread 111" [_thread_blocked, id=34228, stack(0x0000004f8a700000,0x0000004f8a800000)]
  0x000001f9f8e7b9b0 JavaThread "Unconstrained build operations Thread 112" [_thread_blocked, id=34048, stack(0x0000004f8a800000,0x0000004f8a900000)]
  0x000001f9f8e7aa80 JavaThread "Unconstrained build operations Thread 113" [_thread_blocked, id=28876, stack(0x0000004f8a900000,0x0000004f8aa00000)]
  0x000001f9f8e7b4a0 JavaThread "Unconstrained build operations Thread 114" [_thread_blocked, id=33576, stack(0x0000004f8aa00000,0x0000004f8ab00000)]
  0x000001f9f8e7c3d0 JavaThread "Unconstrained build operations Thread 115" [_thread_blocked, id=33528, stack(0x0000004f8ab00000,0x0000004f8ac00000)]
  0x000001f9f8e7c8e0 JavaThread "Unconstrained build operations Thread 116" [_thread_blocked, id=35536, stack(0x0000004f8ac00000,0x0000004f8ad00000)]
  0x000001f9f8e7cdf0 JavaThread "Unconstrained build operations Thread 117" [_thread_blocked, id=34608, stack(0x0000004f8ad00000,0x0000004f8ae00000)]
  0x000001f9f8e7dd20 JavaThread "Unconstrained build operations Thread 118" [_thread_blocked, id=34636, stack(0x0000004f8ae00000,0x0000004f8af00000)]
  0x000001f9f8e7a570 JavaThread "Unconstrained build operations Thread 119" [_thread_blocked, id=34624, stack(0x0000004f8af00000,0x0000004f8b000000)]
  0x000001f9f8e814d0 JavaThread "Unconstrained build operations Thread 120" [_thread_blocked, id=30452, stack(0x0000004f8b000000,0x0000004f8b100000)]
  0x000001f9f8e7f160 JavaThread "Unconstrained build operations Thread 121" [_thread_blocked, id=34620, stack(0x0000004f8b100000,0x0000004f8b200000)]
  0x000001f9f8e80ab0 JavaThread "Unconstrained build operations Thread 122" [_thread_blocked, id=34616, stack(0x0000004f8b200000,0x0000004f8b300000)]
  0x000001f9f8e80fc0 JavaThread "Unconstrained build operations Thread 123" [_thread_blocked, id=31160, stack(0x0000004f8b300000,0x0000004f8b400000)]
  0x000001f9f8e819e0 JavaThread "Unconstrained build operations Thread 124" [_thread_blocked, id=32364, stack(0x0000004f8b400000,0x0000004f8b500000)]
  0x000001f9f8e7fb80 JavaThread "Unconstrained build operations Thread 125" [_thread_blocked, id=16892, stack(0x0000004f8b500000,0x0000004f8b600000)]
  0x000001f9f8e7e230 JavaThread "Unconstrained build operations Thread 126" [_thread_blocked, id=34980, stack(0x0000004f8b600000,0x0000004f8b700000)]
  0x000001f9f8e7f670 JavaThread "Unconstrained build operations Thread 127" [_thread_blocked, id=30324, stack(0x0000004f8b700000,0x0000004f8b800000)]
  0x000001f9f8e7e740 JavaThread "Unconstrained build operations Thread 128" [_thread_blocked, id=13280, stack(0x0000004f8b800000,0x0000004f8b900000)]
  0x000001f9f8e7ec50 JavaThread "Unconstrained build operations Thread 129" [_thread_blocked, id=35812, stack(0x0000004f8b900000,0x0000004f8ba00000)]
  0x000001f9f8e80090 JavaThread "Unconstrained build operations Thread 130" [_thread_blocked, id=34640, stack(0x0000004f8ba00000,0x0000004f8bb00000)]
  0x000001f9f8e805a0 JavaThread "Unconstrained build operations Thread 131" [_thread_blocked, id=35260, stack(0x0000004f8bb00000,0x0000004f8bc00000)]
  0x000001f9f51e2b90 JavaThread "Unconstrained build operations Thread 132" [_thread_blocked, id=1204, stack(0x0000004f8bc00000,0x0000004f8bd00000)]
  0x000001f9f51e3fd0 JavaThread "Unconstrained build operations Thread 133" [_thread_blocked, id=29248, stack(0x0000004f8bd00000,0x0000004f8be00000)]
  0x000001f9f51e49f0 JavaThread "Unconstrained build operations Thread 134" [_thread_blocked, id=29048, stack(0x0000004f8be00000,0x0000004f8bf00000)]
  0x000001f9f51e44e0 JavaThread "Unconstrained build operations Thread 135" [_thread_blocked, id=30112, stack(0x0000004f8bf00000,0x0000004f8c000000)]
  0x000001f9f51e30a0 JavaThread "Unconstrained build operations Thread 136" [_thread_blocked, id=23700, stack(0x0000004f8c000000,0x0000004f8c100000)]
  0x000001f9f51e5920 JavaThread "Unconstrained build operations Thread 137" [_thread_blocked, id=30560, stack(0x0000004f8c100000,0x0000004f8c200000)]
  0x000001f9f51e4f00 JavaThread "Unconstrained build operations Thread 138" [_thread_blocked, id=32468, stack(0x0000004f8c200000,0x0000004f8c300000)]
  0x000001f9f51e35b0 JavaThread "Unconstrained build operations Thread 139" [_thread_blocked, id=32456, stack(0x0000004f8c300000,0x0000004f8c400000)]
  0x000001f9f51e3ac0 JavaThread "Unconstrained build operations Thread 140" [_thread_blocked, id=27604, stack(0x0000004f8c400000,0x0000004f8c500000)]
  0x000001f9f51e5410 JavaThread "Unconstrained build operations Thread 141" [_thread_blocked, id=31304, stack(0x0000004f8c500000,0x0000004f8c600000)]
  0x000001f9f51e2170 JavaThread "Unconstrained build operations Thread 142" [_thread_blocked, id=31296, stack(0x0000004f8c600000,0x0000004f8c700000)]
  0x000001f9f51e2680 JavaThread "jar transforms Thread 2" [_thread_blocked, id=33724, stack(0x0000004f8c700000,0x0000004f8c800000)]
  0x000001f9f51e90d0 JavaThread "jar transforms Thread 3" [_thread_blocked, id=34068, stack(0x0000004f8c800000,0x0000004f8c900000)]
  0x000001f9f51e7780 JavaThread "Unconstrained build operations Thread 143" [_thread_blocked, id=9712, stack(0x0000004f8c900000,0x0000004f8ca00000)]
  0x000001f9f51e86b0 JavaThread "Unconstrained build operations Thread 144" [_thread_blocked, id=33180, stack(0x0000004f8cc00000,0x0000004f8cd00000)]
  0x000001f9f51e6850 JavaThread "Unconstrained build operations Thread 145" [_thread_blocked, id=14144, stack(0x0000004f8cd00000,0x0000004f8ce00000)]
  0x000001f9f51e7270 JavaThread "Unconstrained build operations Thread 146" [_thread_blocked, id=28108, stack(0x0000004f8ce00000,0x0000004f8cf00000)]
  0x000001f9f51e95e0 JavaThread "Unconstrained build operations Thread 147" [_thread_blocked, id=27792, stack(0x0000004f8cf00000,0x0000004f8d000000)]
  0x000001f9f51e81a0 JavaThread "Unconstrained build operations Thread 148" [_thread_blocked, id=28156, stack(0x0000004f8d000000,0x0000004f8d100000)]
  0x000001f9f51e6d60 JavaThread "Unconstrained build operations Thread 149" [_thread_blocked, id=28340, stack(0x0000004f8d100000,0x0000004f8d200000)]
  0x000001f9f51e8bc0 JavaThread "Unconstrained build operations Thread 150" [_thread_blocked, id=33580, stack(0x0000004f8d200000,0x0000004f8d300000)]
  0x000001f9f51e9af0 JavaThread "Unconstrained build operations Thread 151" [_thread_blocked, id=30488, stack(0x0000004f8d300000,0x0000004f8d400000)]
  0x000001f9f51e6340 JavaThread "Unconstrained build operations Thread 152" [_thread_blocked, id=10100, stack(0x0000004f8d400000,0x0000004f8d500000)]
  0x000001f9edc3c270 JavaThread "Unconstrained build operations Thread 153" [_thread_blocked, id=31352, stack(0x0000004f8d500000,0x0000004f8d600000)]
  0x000001f9f820e090 JavaThread "Unconstrained build operations Thread 154" [_thread_blocked, id=30356, stack(0x0000004f8d600000,0x0000004f8d700000)]
  0x000001f9f820e5a0 JavaThread "Unconstrained build operations Thread 155" [_thread_blocked, id=19700, stack(0x0000004f8d700000,0x0000004f8d800000)]
  0x000001f9f820eab0 JavaThread "Unconstrained build operations Thread 156" [_thread_blocked, id=35036, stack(0x0000004f8d800000,0x0000004f8d900000)]
  0x000001f9f8212260 JavaThread "Unconstrained build operations Thread 157" [_thread_blocked, id=34876, stack(0x0000004f8d900000,0x0000004f8da00000)]
  0x000001f9f8210400 JavaThread "Unconstrained build operations Thread 158" [_thread_blocked, id=30824, stack(0x0000004f8da00000,0x0000004f8db00000)]
  0x000001f9f8212770 JavaThread "Unconstrained build operations Thread 159" [_thread_blocked, id=32620, stack(0x0000004f8db00000,0x0000004f8dc00000)]
  0x000001f9f820efc0 JavaThread "Unconstrained build operations Thread 160" [_thread_blocked, id=31736, stack(0x0000004f8dc00000,0x0000004f8dd00000)]
  0x000001f9f8212c80 JavaThread "Unconstrained build operations Thread 161" [_thread_blocked, id=34200, stack(0x0000004f8dd00000,0x0000004f8de00000)]
  0x000001f9f820f4d0 JavaThread "Unconstrained build operations Thread 162" [_thread_blocked, id=35180, stack(0x0000004f8de00000,0x0000004f8df00000)]
  0x000001f9f8211d50 JavaThread "Unconstrained build operations Thread 163" [_thread_blocked, id=32316, stack(0x0000004f8df00000,0x0000004f8e000000)]
  0x000001f9f8213190 JavaThread "Unconstrained build operations Thread 164" [_thread_blocked, id=35680, stack(0x0000004f8e000000,0x0000004f8e100000)]
  0x000001f9f820f9e0 JavaThread "Unconstrained build operations Thread 165" [_thread_blocked, id=30068, stack(0x0000004f8e100000,0x0000004f8e200000)]
  0x000001f9f82136a0 JavaThread "Unconstrained build operations Thread 166" [_thread_blocked, id=31096, stack(0x0000004f8e200000,0x0000004f8e300000)]
  0x000001f9f820fef0 JavaThread "Unconstrained build operations Thread 167" [_thread_blocked, id=35808, stack(0x0000004f8e300000,0x0000004f8e400000)]
  0x000001f9f8211330 JavaThread "Unconstrained build operations Thread 168" [_thread_blocked, id=28816, stack(0x0000004f8e400000,0x0000004f8e500000)]
  0x000001f9f8213bb0 JavaThread "Unconstrained build operations Thread 169" [_thread_blocked, id=35128, stack(0x0000004f8e500000,0x0000004f8e600000)]
  0x000001f9f82140c0 JavaThread "Unconstrained build operations Thread 170" [_thread_blocked, id=35100, stack(0x0000004f8e600000,0x0000004f8e700000)]
  0x000001f9f82145d0 JavaThread "Unconstrained build operations Thread 171" [_thread_blocked, id=34408, stack(0x0000004f8e700000,0x0000004f8e800000)]
  0x000001f9f8210e20 JavaThread "Unconstrained build operations Thread 172" [_thread_blocked, id=35612, stack(0x0000004f8e800000,0x0000004f8e900000)]
  0x000001f9f8214ae0 JavaThread "Unconstrained build operations Thread 173" [_thread_blocked, id=5092, stack(0x0000004f8e900000,0x0000004f8ea00000)]
  0x000001f9f8214ff0 JavaThread "Unconstrained build operations Thread 174" [_thread_blocked, id=33268, stack(0x0000004f8ea00000,0x0000004f8eb00000)]
  0x000001f9f8211840 JavaThread "Unconstrained build operations Thread 175" [_thread_blocked, id=29328, stack(0x0000004f8eb00000,0x0000004f8ec00000)]
  0x000001f9f8216430 JavaThread "Unconstrained build operations Thread 176" [_thread_blocked, id=23256, stack(0x0000004f8ec00000,0x0000004f8ed00000)]
  0x000001f9f8215f20 JavaThread "Unconstrained build operations Thread 177" [_thread_blocked, id=5388, stack(0x0000004f8ed00000,0x0000004f8ee00000)]
  0x000001f9f82187a0 JavaThread "Unconstrained build operations Thread 178" [_thread_blocked, id=33084, stack(0x0000004f8ee00000,0x0000004f8ef00000)]
  0x000001f9f8218290 JavaThread "Unconstrained build operations Thread 179" [_thread_blocked, id=23316, stack(0x0000004f8ef00000,0x0000004f8f000000)]
  0x000001f9f8217d80 JavaThread "Unconstrained build operations Thread 180" [_thread_blocked, id=35120, stack(0x0000004f8f000000,0x0000004f8f100000)]
  0x000001f9f8218cb0 JavaThread "Unconstrained build operations Thread 181" [_thread_blocked, id=32672, stack(0x0000004f8f100000,0x0000004f8f200000)]
  0x000001f9f8217870 JavaThread "Unconstrained build operations Thread 182" [_thread_blocked, id=32584, stack(0x0000004f8f200000,0x0000004f8f300000)]
  0x000001f9f8217360 JavaThread "Unconstrained build operations Thread 183" [_thread_blocked, id=35576, stack(0x0000004f8f300000,0x0000004f8f400000)]
  0x000001f9f8215a10 JavaThread "Unconstrained build operations Thread 184" [_thread_blocked, id=6000, stack(0x0000004f8f400000,0x0000004f8f500000)]
  0x000001f9f8216940 JavaThread "Unconstrained build operations Thread 185" [_thread_blocked, id=6916, stack(0x0000004f8f500000,0x0000004f8f600000)]
  0x000001f9f8215500 JavaThread "Unconstrained build operations Thread 186" [_thread_blocked, id=29512, stack(0x0000004f8f600000,0x0000004f8f700000)]
  0x000001f9f82196d0 JavaThread "Unconstrained build operations Thread 187" [_thread_blocked, id=33128, stack(0x0000004f8f700000,0x0000004f8f800000)]
  0x000001f9f82191c0 JavaThread "Unconstrained build operations Thread 188" [_thread_blocked, id=25588, stack(0x0000004f8f800000,0x0000004f8f900000)]
  0x000001f9f8219be0 JavaThread "Unconstrained build operations Thread 189" [_thread_blocked, id=20772, stack(0x0000004f8f900000,0x0000004f8fa00000)]
  0x000001f9f821a0f0 JavaThread "Unconstrained build operations Thread 190" [_thread_blocked, id=26468, stack(0x0000004f8fa00000,0x0000004f8fb00000)]
  0x000001f9f8216e50 JavaThread "Unconstrained build operations Thread 191" [_thread_blocked, id=32904, stack(0x0000004f8fb00000,0x0000004f8fc00000)]
  0x000001f9f821d390 JavaThread "Unconstrained build operations Thread 192" [_thread_blocked, id=7416, stack(0x0000004f8fc00000,0x0000004f8fd00000)]
  0x000001f9f821ab10 JavaThread "Unconstrained build operations Thread 193" [_thread_blocked, id=34436, stack(0x0000004f8fd00000,0x0000004f8fe00000)]
  0x000001f9f821ce80 JavaThread "Unconstrained build operations Thread 194" [_thread_blocked, id=12784, stack(0x0000004f8fe00000,0x0000004f8ff00000)]
  0x000001f9f821b530 JavaThread "Unconstrained build operations Thread 195" [_thread_blocked, id=31516, stack(0x0000004f8ff00000,0x0000004f90000000)]
  0x000001f9f821bf50 JavaThread "Unconstrained build operations Thread 196" [_thread_blocked, id=14664, stack(0x0000004f90000000,0x0000004f90100000)]
  0x000001f9f821b020 JavaThread "Unconstrained build operations Thread 197" [_thread_blocked, id=34472, stack(0x0000004f90100000,0x0000004f90200000)]
  0x000001f9f821ba40 JavaThread "Unconstrained build operations Thread 198" [_thread_blocked, id=34464, stack(0x0000004f90200000,0x0000004f90300000)]
  0x000001f9f821c460 JavaThread "Unconstrained build operations Thread 199" [_thread_blocked, id=34476, stack(0x0000004f90300000,0x0000004f90400000)]
  0x000001f9f821c970 JavaThread "Unconstrained build operations Thread 200" [_thread_blocked, id=15736, stack(0x0000004f90400000,0x0000004f90500000)]
  0x000001f9f821d8a0 JavaThread "jar transforms Thread 4" [_thread_blocked, id=33644, stack(0x0000004f90500000,0x0000004f90600000)]
  0x000001f9edcb7b50 JavaThread "jar transforms Thread 5" [_thread_blocked, id=31812, stack(0x0000004f90600000,0x0000004f90700000)]
  0x000001f9edcb5cf0 JavaThread "jar transforms Thread 6" [_thread_blocked, id=33300, stack(0x0000004f90700000,0x0000004f90800000)]
  0x000001f9edcb48b0 JavaThread "build event listener" [_thread_blocked, id=34028, stack(0x0000004f90900000,0x0000004f90a00000)]
  0x000001f9edcb8060 JavaThread "Problems report writer" [_thread_blocked, id=32916, stack(0x0000004f90a00000,0x0000004f90b00000)]
  0x000001f9edcbc230 JavaThread "jar transforms Thread 7" [_thread_blocked, id=28216, stack(0x0000004f90b00000,0x0000004f90c00000)]
  0x000001f9edcb94a0 JavaThread "jar transforms Thread 8" [_thread_blocked, id=14460, stack(0x0000004f90d00000,0x0000004f90e00000)]
  0x000001f9edcba8e0 JavaThread "jar transforms Thread 9" [_thread_blocked, id=28040, stack(0x0000004f90800000,0x0000004f90900000)]
  0x000001f9edcb7130 JavaThread "jar transforms Thread 10" [_thread_blocked, id=33248, stack(0x0000004f90c00000,0x0000004f90d00000)]
  0x000001f9edcbdb80 JavaThread "jar transforms Thread 11" [_thread_blocked, id=22132, stack(0x0000004f90e00000,0x0000004f90f00000)]
  0x000001f9edcbcc50 JavaThread "jar transforms Thread 12" [_thread_blocked, id=33600, stack(0x0000004f90f00000,0x0000004f91000000)]
  0x000001f9edcbb810 JavaThread "jar transforms Thread 13" [_thread_blocked, id=29040, stack(0x0000004f91000000,0x0000004f91100000)]
  0x000001f9edcbd670 JavaThread "jar transforms Thread 14" [_thread_blocked, id=34652, stack(0x0000004f91100000,0x0000004f91200000)]
  0x000001f9edcbf4d0 JavaThread "jar transforms Thread 15" [_thread_blocked, id=34704, stack(0x0000004f91200000,0x0000004f91300000)]
  0x000001f9edcbbd20 JavaThread "jar transforms Thread 16" [_thread_blocked, id=33964, stack(0x0000004f91300000,0x0000004f91400000)]
  0x000001f9edcbf9e0 JavaThread "jar transforms Thread 17" [_thread_blocked, id=34752, stack(0x0000004f91500000,0x0000004f91600000)]
  0x000001f9edcc0910 JavaThread "jar transforms Thread 18" [_thread_blocked, id=34756, stack(0x0000004f91600000,0x0000004f91700000)]
  0x000001f9edcc2770 JavaThread "jar transforms Thread 19" [_thread_blocked, id=34768, stack(0x0000004f91700000,0x0000004f91800000)]
  0x000001f9edcc1840 JavaThread "jar transforms Thread 20" [_thread_blocked, id=34788, stack(0x0000004f91800000,0x0000004f91900000)]
  0x000001f9edcc36a0 JavaThread "Exec process" [_thread_blocked, id=33400, stack(0x0000004f91900000,0x0000004f91a00000)]
  0x000001f9edcc2c80 JavaThread "Exec process Thread 2" [_thread_blocked, id=28488, stack(0x0000004f91a00000,0x0000004f91b00000)]
  0x000001f9edcbfef0 JavaThread "Exec process Thread 3" [_thread_blocked, id=34448, stack(0x0000004f91b00000,0x0000004f91c00000)]
  0x000001f9f5799e20 JavaThread "C2 CompilerThread1" daemon [_thread_in_native, id=30312, stack(0x0000004f91d00000,0x0000004f91e00000)]
=>0x000001f9f579edd0 JavaThread "C2 CompilerThread2" daemon [_thread_in_native, id=30756, stack(0x0000004f92000000,0x0000004f92100000)]
  0x000001f9f579f870 JavaThread "C2 CompilerThread3" daemon [_thread_in_native, id=33708, stack(0x0000004f92100000,0x0000004f92200000)]

Other Threads:
  0x000001f9ecb802c0 VMThread "VM Thread" [stack: 0x0000004ffd200000,0x0000004ffd300000] [id=31328]
  0x000001f9cca854d0 WatcherThread [stack: 0x0000004ffe200000,0x0000004ffe300000] [id=30504]
  0x000001f9cca61290 GCTaskThread "GC Thread#0" [stack: 0x0000004ffcd00000,0x0000004ffce00000] [id=31508]
  0x000001f9f21e6a90 GCTaskThread "GC Thread#1" [stack: 0x0000004ffe400000,0x0000004ffe500000] [id=32772]
  0x000001f9f223c720 GCTaskThread "GC Thread#2" [stack: 0x0000004ffe500000,0x0000004ffe600000] [id=32780]
  0x000001f9f288bbc0 GCTaskThread "GC Thread#3" [stack: 0x0000004ffe600000,0x0000004ffe700000] [id=16408]
  0x000001f9f288b0c0 GCTaskThread "GC Thread#4" [stack: 0x0000004ffe700000,0x0000004ffe800000] [id=18436]
  0x000001f9f288a5c0 GCTaskThread "GC Thread#5" [stack: 0x0000004ffe800000,0x0000004ffe900000] [id=29816]
  0x000001f9f288a040 GCTaskThread "GC Thread#6" [stack: 0x0000004fff600000,0x0000004fff700000] [id=32884]
  0x000001f9f288ab40 GCTaskThread "GC Thread#7" [stack: 0x0000004fff700000,0x0000004fff800000] [id=33732]
  0x000001f9f288b640 GCTaskThread "GC Thread#8" [stack: 0x0000004fff800000,0x0000004fff900000] [id=32888]
  0x000001f9f288b900 GCTaskThread "GC Thread#9" [stack: 0x0000004fff900000,0x0000004fffa00000] [id=33048]
  0x000001f9f288a300 GCTaskThread "GC Thread#10" [stack: 0x0000004fffa00000,0x0000004fffb00000] [id=33088]
  0x000001f9f73725c0 GCTaskThread "GC Thread#11" [stack: 0x0000004fffb00000,0x0000004fffc00000] [id=28480]
  0x000001f9f7372040 GCTaskThread "GC Thread#12" [stack: 0x0000004fffc00000,0x0000004fffd00000] [id=33140]
  0x000001f9f736ec00 GCTaskThread "GC Thread#13" [stack: 0x0000004fffd00000,0x0000004fffe00000] [id=33152]
  0x000001f9f7371ac0 GCTaskThread "GC Thread#14" [stack: 0x0000004fffe00000,0x0000004ffff00000] [id=33744]
  0x000001f9cca720f0 ConcurrentGCThread "G1 Main Marker" [stack: 0x0000004ffce00000,0x0000004ffcf00000] [id=32608]
  0x000001f9cca72a10 ConcurrentGCThread "G1 Conc#0" [stack: 0x0000004ffcf00000,0x0000004ffd000000] [id=24324]
  0x000001f9f7372880 ConcurrentGCThread "G1 Conc#1" [stack: 0x0000004ffff00000,0x0000005000000000] [id=33172]
  0x000001f9f7370780 ConcurrentGCThread "G1 Conc#2" [stack: 0x0000004f80000000,0x0000004f80100000] [id=32856]
  0x000001f9f736eec0 ConcurrentGCThread "G1 Conc#3" [stack: 0x0000004f80100000,0x0000004f80200000] [id=33168]
  0x000001f9ccabe3b0 ConcurrentGCThread "G1 Refine#0" [stack: 0x0000004ffd000000,0x0000004ffd100000] [id=35584]
  0x000001f9f7d33d20 ConcurrentGCThread "G1 Refine#1" [stack: 0x0000004f80b00000,0x0000004f80c00000] [id=31428]
  0x000001f9ccabeb90 ConcurrentGCThread "G1 Service" [stack: 0x0000004ffd100000,0x0000004ffd200000] [id=4136]

Threads with active compile tasks:
C2 CompilerThread0    40598 19961   !   4       org.gradle.api.internal.artifacts.ivyservice.resolveengine.artifact.VariantResolvingArtifactSet::select (178 bytes)
C2 CompilerThread1    40598 20115       4       org.gradle.internal.reflect.annotations.impl.DefaultTypeAnnotationMetadataStore$PropertyAnnotationMetadataBuilder::build (20 bytes)
C2 CompilerThread2    40598 19844       4       com.android.build.gradle.options.ProjectOptions::get (81 bytes)
C2 CompilerThread3    40598 20114       4       org.gradle.internal.reflect.annotations.impl.DefaultTypeAnnotationMetadataStore$$Lambda$733/0x000001f981562908::apply (24 bytes)

VM state: not at safepoint (normal execution)

VM Mutex/Monitor currently owned by a thread: None

Heap address: 0x0000000080000000, size: 2048 MB, Compressed Oops mode: 32-bit

CDS archive(s) mapped at: [0x000001f980000000-0x000001f980bd0000-0x000001f980bd0000), size 12386304, SharedBaseAddress: 0x000001f980000000, ArchiveRelocationMode: 1.
Compressed class space mapped at: 0x000001f981000000-0x000001f99b000000, reserved size: 436207616
Narrow klass base: 0x000001f980000000, Narrow klass shift: 0, Narrow klass range: 0x100000000

GC Precious Log:
 CPUs: 20 total, 20 available
 Memory: 7911M
 Large Page Support: Disabled
 NUMA Support: Disabled
 Compressed Oops: Enabled (32-bit)
 Heap Region Size: 1M
 Heap Min Capacity: 8M
 Heap Initial Capacity: 124M
 Heap Max Capacity: 2G
 Pre-touch: Disabled
 Parallel Workers: 15
 Concurrent Workers: 4
 Concurrent Refinement Workers: 15
 Periodic GC: Disabled

Heap:
 garbage-first heap   total 488448K, used 333804K [0x0000000080000000, 0x0000000100000000)
  region size 1024K, 69 young (70656K), 3 survivors (3072K)
 Metaspace       used 117278K, committed 119296K, reserved 557056K
  class space    used 16387K, committed 17344K, reserved 425984K

Heap Regions: E=young(eden), S=young(survivor), O=old, HS=humongous(starts), HC=humongous(continues), CS=collection set, F=free, OA=open archive, CA=closed archive, TAMS=top-at-mark-start (previous, next)
|   0|0x0000000080000000, 0x0000000080100000, 0x0000000080100000|100%|HS|  |TAMS 0x0000000080100000, 0x0000000080000000| Complete 
|   1|0x0000000080100000, 0x0000000080200000, 0x0000000080200000|100%|HC|  |TAMS 0x0000000080200000, 0x0000000080100000| Complete 
|   2|0x0000000080200000, 0x0000000080300000, 0x0000000080300000|100%|HC|  |TAMS 0x0000000080300000, 0x0000000080200000| Complete 
|   3|0x0000000080300000, 0x0000000080400000, 0x0000000080400000|100%| O|  |TAMS 0x0000000080400000, 0x0000000080300000| Untracked 
|   4|0x0000000080400000, 0x0000000080500000, 0x0000000080500000|100%| O|  |TAMS 0x0000000080500000, 0x0000000080400000| Untracked 
|   5|0x0000000080500000, 0x0000000080600000, 0x0000000080600000|100%| O|  |TAMS 0x0000000080600000, 0x0000000080500000| Untracked 
|   6|0x0000000080600000, 0x0000000080700000, 0x0000000080700000|100%|HS|  |TAMS 0x0000000080700000, 0x0000000080600000| Complete 
|   7|0x0000000080700000, 0x0000000080800000, 0x0000000080800000|100%| O|  |TAMS 0x0000000080800000, 0x0000000080700000| Untracked 
|   8|0x0000000080800000, 0x0000000080900000, 0x0000000080900000|100%| O|  |TAMS 0x0000000080900000, 0x0000000080800000| Untracked 
|   9|0x0000000080900000, 0x0000000080a00000, 0x0000000080a00000|100%| O|  |TAMS 0x0000000080a00000, 0x0000000080900000| Untracked 
|  10|0x0000000080a00000, 0x0000000080b00000, 0x0000000080b00000|100%| O|  |TAMS 0x0000000080b00000, 0x0000000080a00000| Untracked 
|  11|0x0000000080b00000, 0x0000000080c00000, 0x0000000080c00000|100%| O|  |TAMS 0x0000000080c00000, 0x0000000080b00000| Untracked 
|  12|0x0000000080c00000, 0x0000000080d00000, 0x0000000080d00000|100%| O|  |TAMS 0x0000000080d00000, 0x0000000080c00000| Untracked 
|  13|0x0000000080d00000, 0x0000000080e00000, 0x0000000080e00000|100%| O|  |TAMS 0x0000000080e00000, 0x0000000080d00000| Untracked 
|  14|0x0000000080e00000, 0x0000000080f00000, 0x0000000080f00000|100%| O|  |TAMS 0x0000000080f00000, 0x0000000080e00000| Untracked 
|  15|0x0000000080f00000, 0x0000000081000000, 0x0000000081000000|100%| O|  |TAMS 0x0000000081000000, 0x0000000080f00000| Untracked 
|  16|0x0000000081000000, 0x0000000081100000, 0x0000000081100000|100%| O|  |TAMS 0x0000000081100000, 0x0000000081000000| Untracked 
|  17|0x0000000081100000, 0x0000000081200000, 0x0000000081200000|100%| O|  |TAMS 0x0000000081200000, 0x0000000081100000| Untracked 
|  18|0x0000000081200000, 0x0000000081300000, 0x0000000081300000|100%| O|  |TAMS 0x0000000081300000, 0x0000000081200000| Untracked 
|  19|0x0000000081300000, 0x0000000081400000, 0x0000000081400000|100%| O|  |TAMS 0x0000000081400000, 0x0000000081300000| Untracked 
|  20|0x0000000081400000, 0x0000000081500000, 0x0000000081500000|100%| O|  |TAMS 0x0000000081500000, 0x0000000081400000| Untracked 
|  21|0x0000000081500000, 0x0000000081600000, 0x0000000081600000|100%| O|  |TAMS 0x0000000081600000, 0x0000000081500000| Untracked 
|  22|0x0000000081600000, 0x0000000081700000, 0x0000000081700000|100%| O|  |TAMS 0x0000000081700000, 0x0000000081600000| Untracked 
|  23|0x0000000081700000, 0x0000000081800000, 0x0000000081800000|100%| O|  |TAMS 0x0000000081800000, 0x0000000081700000| Untracked 
|  24|0x0000000081800000, 0x0000000081900000, 0x0000000081900000|100%| O|  |TAMS 0x0000000081900000, 0x0000000081800000| Untracked 
|  25|0x0000000081900000, 0x0000000081a00000, 0x0000000081a00000|100%| O|  |TAMS 0x0000000081a00000, 0x0000000081900000| Untracked 
|  26|0x0000000081a00000, 0x0000000081b00000, 0x0000000081b00000|100%| O|  |TAMS 0x0000000081b00000, 0x0000000081a00000| Untracked 
|  27|0x0000000081b00000, 0x0000000081c00000, 0x0000000081c00000|100%| O|  |TAMS 0x0000000081c00000, 0x0000000081b00000| Untracked 
|  28|0x0000000081c00000, 0x0000000081d00000, 0x0000000081d00000|100%| O|  |TAMS 0x0000000081d00000, 0x0000000081c00000| Untracked 
|  29|0x0000000081d00000, 0x0000000081e00000, 0x0000000081e00000|100%| O|  |TAMS 0x0000000081e00000, 0x0000000081d00000| Untracked 
|  30|0x0000000081e00000, 0x0000000081e00000, 0x0000000081f00000|  0%| F|  |TAMS 0x0000000081e00000, 0x0000000081e00000| Untracked 
|  31|0x0000000081f00000, 0x0000000082000000, 0x0000000082000000|100%| O|  |TAMS 0x0000000082000000, 0x0000000081f00000| Untracked 
|  32|0x0000000082000000, 0x0000000082100000, 0x0000000082100000|100%| O|  |TAMS 0x0000000082100000, 0x0000000082000000| Untracked 
|  33|0x0000000082100000, 0x0000000082200000, 0x0000000082200000|100%| O|  |TAMS 0x0000000082200000, 0x0000000082100000| Untracked 
|  34|0x0000000082200000, 0x0000000082300000, 0x0000000082300000|100%| O|  |TAMS 0x0000000082300000, 0x0000000082200000| Untracked 
|  35|0x0000000082300000, 0x0000000082400000, 0x0000000082400000|100%|HS|  |TAMS 0x0000000082400000, 0x0000000082300000| Complete 
|  36|0x0000000082400000, 0x0000000082500000, 0x0000000082500000|100%|HC|  |TAMS 0x0000000082500000, 0x0000000082400000| Complete 
|  37|0x0000000082500000, 0x0000000082600000, 0x0000000082600000|100%|HC|  |TAMS 0x0000000082600000, 0x0000000082500000| Complete 
|  38|0x0000000082600000, 0x0000000082700000, 0x0000000082700000|100%|HS|  |TAMS 0x0000000082700000, 0x0000000082600000| Complete 
|  39|0x0000000082700000, 0x0000000082800000, 0x0000000082800000|100%|HC|  |TAMS 0x0000000082800000, 0x0000000082700000| Complete 
|  40|0x0000000082800000, 0x0000000082900000, 0x0000000082900000|100%|HC|  |TAMS 0x0000000082900000, 0x0000000082800000| Complete 
|  41|0x0000000082900000, 0x0000000082a00000, 0x0000000082a00000|100%| O|  |TAMS 0x0000000082a00000, 0x0000000082900000| Untracked 
|  42|0x0000000082a00000, 0x0000000082b00000, 0x0000000082b00000|100%| O|  |TAMS 0x0000000082b00000, 0x0000000082a00000| Untracked 
|  43|0x0000000082b00000, 0x0000000082c00000, 0x0000000082c00000|100%| O|  |TAMS 0x0000000082c00000, 0x0000000082b00000| Untracked 
|  44|0x0000000082c00000, 0x0000000082d00000, 0x0000000082d00000|100%| O|  |TAMS 0x0000000082d00000, 0x0000000082c00000| Untracked 
|  45|0x0000000082d00000, 0x0000000082e00000, 0x0000000082e00000|100%| O|  |TAMS 0x0000000082e00000, 0x0000000082d00000| Untracked 
|  46|0x0000000082e00000, 0x0000000082f00000, 0x0000000082f00000|100%| O|  |TAMS 0x0000000082f00000, 0x0000000082e00000| Untracked 
|  47|0x0000000082f00000, 0x0000000082f00000, 0x0000000083000000|  0%| F|  |TAMS 0x0000000082f00000, 0x0000000082f00000| Untracked 
|  48|0x0000000083000000, 0x0000000083000000, 0x0000000083100000|  0%| F|  |TAMS 0x0000000083000000, 0x0000000083000000| Untracked 
|  49|0x0000000083100000, 0x0000000083100000, 0x0000000083200000|  0%| F|  |TAMS 0x0000000083100000, 0x0000000083100000| Untracked 
|  50|0x0000000083200000, 0x0000000083300000, 0x0000000083300000|100%| O|  |TAMS 0x0000000083300000, 0x0000000083200000| Untracked 
|  51|0x0000000083300000, 0x0000000083400000, 0x0000000083400000|100%| O|  |TAMS 0x0000000083400000, 0x0000000083300000| Untracked 
|  52|0x0000000083400000, 0x0000000083500000, 0x0000000083500000|100%| O|  |TAMS 0x0000000083500000, 0x0000000083400000| Untracked 
|  53|0x0000000083500000, 0x0000000083600000, 0x0000000083600000|100%| O|  |TAMS 0x0000000083600000, 0x0000000083500000| Untracked 
|  54|0x0000000083600000, 0x0000000083700000, 0x0000000083700000|100%| O|  |TAMS 0x0000000083700000, 0x0000000083600000| Untracked 
|  55|0x0000000083700000, 0x0000000083800000, 0x0000000083800000|100%| O|  |TAMS 0x0000000083800000, 0x0000000083700000| Untracked 
|  56|0x0000000083800000, 0x0000000083900000, 0x0000000083900000|100%| O|  |TAMS 0x0000000083900000, 0x0000000083800000| Untracked 
|  57|0x0000000083900000, 0x0000000083a00000, 0x0000000083a00000|100%| O|  |TAMS 0x0000000083a00000, 0x0000000083900000| Untracked 
|  58|0x0000000083a00000, 0x0000000083b00000, 0x0000000083b00000|100%| O|  |TAMS 0x0000000083b00000, 0x0000000083a00000| Untracked 
|  59|0x0000000083b00000, 0x0000000083c00000, 0x0000000083c00000|100%| O|  |TAMS 0x0000000083c00000, 0x0000000083b00000| Untracked 
|  60|0x0000000083c00000, 0x0000000083d00000, 0x0000000083d00000|100%| O|  |TAMS 0x0000000083d00000, 0x0000000083c00000| Untracked 
|  61|0x0000000083d00000, 0x0000000083d00000, 0x0000000083e00000|  0%| F|  |TAMS 0x0000000083d00000, 0x0000000083d00000| Untracked 
|  62|0x0000000083e00000, 0x0000000083e00000, 0x0000000083f00000|  0%| F|  |TAMS 0x0000000083e00000, 0x0000000083e00000| Untracked 
|  63|0x0000000083f00000, 0x0000000084000000, 0x0000000084000000|100%|HS|  |TAMS 0x0000000084000000, 0x0000000083f00000| Complete 
|  64|0x0000000084000000, 0x0000000084100000, 0x0000000084100000|100%| O|  |TAMS 0x0000000084100000, 0x0000000084000000| Untracked 
|  65|0x0000000084100000, 0x0000000084200000, 0x0000000084200000|100%| O|  |TAMS 0x0000000084200000, 0x0000000084100000| Untracked 
|  66|0x0000000084200000, 0x0000000084300000, 0x0000000084300000|100%| O|  |TAMS 0x0000000084300000, 0x0000000084200000| Untracked 
|  67|0x0000000084300000, 0x0000000084400000, 0x0000000084400000|100%| O|  |TAMS 0x0000000084400000, 0x0000000084300000| Untracked 
|  68|0x0000000084400000, 0x0000000084500000, 0x0000000084500000|100%| O|  |TAMS 0x0000000084500000, 0x0000000084400000| Untracked 
|  69|0x0000000084500000, 0x0000000084500000, 0x0000000084600000|  0%| F|  |TAMS 0x0000000084500000, 0x0000000084500000| Untracked 
|  70|0x0000000084600000, 0x0000000084700000, 0x0000000084700000|100%| O|  |TAMS 0x0000000084700000, 0x0000000084600000| Untracked 
|  71|0x0000000084700000, 0x0000000084800000, 0x0000000084800000|100%| O|  |TAMS 0x0000000084800000, 0x0000000084700000| Untracked 
|  72|0x0000000084800000, 0x0000000084900000, 0x0000000084900000|100%| O|  |TAMS 0x0000000084900000, 0x0000000084800000| Untracked 
|  73|0x0000000084900000, 0x0000000084900000, 0x0000000084a00000|  0%| F|  |TAMS 0x0000000084900000, 0x0000000084900000| Untracked 
|  74|0x0000000084a00000, 0x0000000084b00000, 0x0000000084b00000|100%| O|  |TAMS 0x0000000084b00000, 0x0000000084a00000| Untracked 
|  75|0x0000000084b00000, 0x0000000084c00000, 0x0000000084c00000|100%| O|  |TAMS 0x0000000084c00000, 0x0000000084b00000| Untracked 
|  76|0x0000000084c00000, 0x0000000084d00000, 0x0000000084d00000|100%| O|  |TAMS 0x0000000084d00000, 0x0000000084c00000| Untracked 
|  77|0x0000000084d00000, 0x0000000084e00000, 0x0000000084e00000|100%| O|  |TAMS 0x0000000084e00000, 0x0000000084d00000| Untracked 
|  78|0x0000000084e00000, 0x0000000084f00000, 0x0000000084f00000|100%| O|  |TAMS 0x0000000084f00000, 0x0000000084e00000| Untracked 
|  79|0x0000000084f00000, 0x0000000085000000, 0x0000000085000000|100%|HS|  |TAMS 0x0000000085000000, 0x0000000084f00000| Complete 
|  80|0x0000000085000000, 0x0000000085100000, 0x0000000085100000|100%|HS|  |TAMS 0x0000000085100000, 0x0000000085000000| Complete 
|  81|0x0000000085100000, 0x0000000085200000, 0x0000000085200000|100%|HS|  |TAMS 0x0000000085200000, 0x0000000085100000| Complete 
|  82|0x0000000085200000, 0x0000000085300000, 0x0000000085300000|100%| O|  |TAMS 0x0000000085300000, 0x0000000085200000| Untracked 
|  83|0x0000000085300000, 0x0000000085400000, 0x0000000085400000|100%|HS|  |TAMS 0x0000000085400000, 0x0000000085300000| Complete 
|  84|0x0000000085400000, 0x0000000085500000, 0x0000000085500000|100%|HS|  |TAMS 0x0000000085500000, 0x0000000085400000| Complete 
|  85|0x0000000085500000, 0x0000000085600000, 0x0000000085600000|100%| O|  |TAMS 0x0000000085600000, 0x0000000085500000| Untracked 
|  86|0x0000000085600000, 0x0000000085700000, 0x0000000085700000|100%|HS|  |TAMS 0x0000000085700000, 0x0000000085600000| Complete 
|  87|0x0000000085700000, 0x0000000085800000, 0x0000000085800000|100%|HC|  |TAMS 0x0000000085800000, 0x0000000085700000| Complete 
|  88|0x0000000085800000, 0x0000000085900000, 0x0000000085900000|100%|HC|  |TAMS 0x0000000085900000, 0x0000000085800000| Complete 
|  89|0x0000000085900000, 0x0000000085a00000, 0x0000000085a00000|100%|HS|  |TAMS 0x0000000085a00000, 0x0000000085900000| Complete 
|  90|0x0000000085a00000, 0x0000000085b00000, 0x0000000085b00000|100%| O|  |TAMS 0x0000000085b00000, 0x0000000085a00000| Untracked 
|  91|0x0000000085b00000, 0x0000000085c00000, 0x0000000085c00000|100%| O|  |TAMS 0x0000000085c00000, 0x0000000085b00000| Untracked 
|  92|0x0000000085c00000, 0x0000000085d00000, 0x0000000085d00000|100%| O|  |TAMS 0x0000000085d00000, 0x0000000085c00000| Untracked 
|  93|0x0000000085d00000, 0x0000000085e00000, 0x0000000085e00000|100%| O|  |TAMS 0x0000000085e00000, 0x0000000085d00000| Untracked 
|  94|0x0000000085e00000, 0x0000000085f00000, 0x0000000085f00000|100%| O|  |TAMS 0x0000000085f00000, 0x0000000085e00000| Untracked 
|  95|0x0000000085f00000, 0x0000000086000000, 0x0000000086000000|100%| O|  |TAMS 0x0000000086000000, 0x0000000085f00000| Untracked 
|  96|0x0000000086000000, 0x0000000086100000, 0x0000000086100000|100%| O|  |TAMS 0x0000000086100000, 0x0000000086000000| Untracked 
|  97|0x0000000086100000, 0x0000000086200000, 0x0000000086200000|100%| O|  |TAMS 0x0000000086200000, 0x0000000086100000| Untracked 
|  98|0x0000000086200000, 0x0000000086300000, 0x0000000086300000|100%| O|  |TAMS 0x0000000086300000, 0x0000000086200000| Untracked 
|  99|0x0000000086300000, 0x0000000086400000, 0x0000000086400000|100%| O|  |TAMS 0x0000000086400000, 0x0000000086300000| Untracked 
| 100|0x0000000086400000, 0x0000000086400000, 0x0000000086500000|  0%| F|  |TAMS 0x0000000086400000, 0x0000000086400000| Untracked 
| 101|0x0000000086500000, 0x0000000086500000, 0x0000000086600000|  0%| F|  |TAMS 0x0000000086500000, 0x0000000086500000| Untracked 
| 102|0x0000000086600000, 0x0000000086600000, 0x0000000086700000|  0%| F|  |TAMS 0x0000000086600000, 0x0000000086600000| Untracked 
| 103|0x0000000086700000, 0x0000000086800000, 0x0000000086800000|100%| O|  |TAMS 0x0000000086800000, 0x0000000086700000| Untracked 
| 104|0x0000000086800000, 0x0000000086900000, 0x0000000086900000|100%| O|  |TAMS 0x0000000086900000, 0x0000000086800000| Untracked 
| 105|0x0000000086900000, 0x0000000086a00000, 0x0000000086a00000|100%| O|  |TAMS 0x0000000086a00000, 0x0000000086900000| Untracked 
| 106|0x0000000086a00000, 0x0000000086b00000, 0x0000000086b00000|100%| O|  |TAMS 0x0000000086b00000, 0x0000000086a00000| Untracked 
| 107|0x0000000086b00000, 0x0000000086c00000, 0x0000000086c00000|100%| O|  |TAMS 0x0000000086c00000, 0x0000000086b00000| Untracked 
| 108|0x0000000086c00000, 0x0000000086d00000, 0x0000000086d00000|100%| O|  |TAMS 0x0000000086d00000, 0x0000000086c00000| Untracked 
| 109|0x0000000086d00000, 0x0000000086e00000, 0x0000000086e00000|100%| O|  |TAMS 0x0000000086e00000, 0x0000000086d00000| Untracked 
| 110|0x0000000086e00000, 0x0000000086f00000, 0x0000000086f00000|100%| O|  |TAMS 0x0000000086f00000, 0x0000000086e00000| Untracked 
| 111|0x0000000086f00000, 0x0000000087000000, 0x0000000087000000|100%| O|  |TAMS 0x0000000087000000, 0x0000000086f00000| Untracked 
| 112|0x0000000087000000, 0x0000000087100000, 0x0000000087100000|100%| O|  |TAMS 0x0000000087100000, 0x0000000087000000| Untracked 
| 113|0x0000000087100000, 0x0000000087200000, 0x0000000087200000|100%| O|  |TAMS 0x0000000087200000, 0x0000000087100000| Untracked 
| 114|0x0000000087200000, 0x0000000087300000, 0x0000000087300000|100%| O|  |TAMS 0x0000000087300000, 0x0000000087200000| Untracked 
| 115|0x0000000087300000, 0x0000000087400000, 0x0000000087400000|100%| O|  |TAMS 0x0000000087400000, 0x0000000087300000| Untracked 
| 116|0x0000000087400000, 0x0000000087500000, 0x0000000087500000|100%| O|  |TAMS 0x0000000087500000, 0x0000000087400000| Untracked 
| 117|0x0000000087500000, 0x0000000087600000, 0x0000000087600000|100%| O|  |TAMS 0x0000000087600000, 0x0000000087500000| Untracked 
| 118|0x0000000087600000, 0x0000000087700000, 0x0000000087700000|100%| O|  |TAMS 0x0000000087700000, 0x0000000087600000| Untracked 
| 119|0x0000000087700000, 0x0000000087800000, 0x0000000087800000|100%| O|  |TAMS 0x0000000087800000, 0x0000000087700000| Untracked 
| 120|0x0000000087800000, 0x0000000087800000, 0x0000000087900000|  0%| F|  |TAMS 0x0000000087800000, 0x0000000087800000| Untracked 
| 121|0x0000000087900000, 0x0000000087a00000, 0x0000000087a00000|100%| O|  |TAMS 0x0000000087a00000, 0x0000000087900000| Untracked 
| 122|0x0000000087a00000, 0x0000000087b00000, 0x0000000087b00000|100%| O|  |TAMS 0x0000000087b00000, 0x0000000087a00000| Untracked 
| 123|0x0000000087b00000, 0x0000000087c00000, 0x0000000087c00000|100%| O|  |TAMS 0x0000000087c00000, 0x0000000087b00000| Untracked 
| 124|0x0000000087c00000, 0x0000000087d00000, 0x0000000087d00000|100%| O|  |TAMS 0x0000000087d00000, 0x0000000087c00000| Untracked 
| 125|0x0000000087d00000, 0x0000000087e00000, 0x0000000087e00000|100%| O|  |TAMS 0x0000000087e00000, 0x0000000087d00000| Untracked 
| 126|0x0000000087e00000, 0x0000000087f00000, 0x0000000087f00000|100%| O|  |TAMS 0x0000000087f00000, 0x0000000087e00000| Untracked 
| 127|0x0000000087f00000, 0x0000000088000000, 0x0000000088000000|100%| O|  |TAMS 0x0000000088000000, 0x0000000087f00000| Untracked 
| 128|0x0000000088000000, 0x0000000088000000, 0x0000000088100000|  0%| F|  |TAMS 0x0000000088000000, 0x0000000088000000| Untracked 
| 129|0x0000000088100000, 0x0000000088200000, 0x0000000088200000|100%| O|  |TAMS 0x0000000088200000, 0x0000000088100000| Untracked 
| 130|0x0000000088200000, 0x0000000088200000, 0x0000000088300000|  0%| F|  |TAMS 0x0000000088200000, 0x0000000088200000| Untracked 
| 131|0x0000000088300000, 0x0000000088400000, 0x0000000088400000|100%|HS|  |TAMS 0x0000000088400000, 0x0000000088300000| Complete 
| 132|0x0000000088400000, 0x0000000088500000, 0x0000000088500000|100%|HS|  |TAMS 0x0000000088500000, 0x0000000088400000| Complete 
| 133|0x0000000088500000, 0x0000000088600000, 0x0000000088600000|100%|HS|  |TAMS 0x0000000088600000, 0x0000000088500000| Complete 
| 134|0x0000000088600000, 0x0000000088700000, 0x0000000088700000|100%|HC|  |TAMS 0x0000000088700000, 0x0000000088600000| Complete 
| 135|0x0000000088700000, 0x0000000088800000, 0x0000000088800000|100%| O|  |TAMS 0x0000000088800000, 0x0000000088700000| Untracked 
| 136|0x0000000088800000, 0x0000000088800000, 0x0000000088900000|  0%| F|  |TAMS 0x0000000088800000, 0x0000000088800000| Untracked 
| 137|0x0000000088900000, 0x0000000088a00000, 0x0000000088a00000|100%| O|  |TAMS 0x0000000088a00000, 0x0000000088900000| Untracked 
| 138|0x0000000088a00000, 0x0000000088a00000, 0x0000000088b00000|  0%| F|  |TAMS 0x0000000088a00000, 0x0000000088a00000| Untracked 
| 139|0x0000000088b00000, 0x0000000088b00000, 0x0000000088c00000|  0%| F|  |TAMS 0x0000000088b00000, 0x0000000088b00000| Untracked 
| 140|0x0000000088c00000, 0x0000000088d00000, 0x0000000088d00000|100%| O|  |TAMS 0x0000000088d00000, 0x0000000088c00000| Untracked 
| 141|0x0000000088d00000, 0x0000000088e00000, 0x0000000088e00000|100%| O|  |TAMS 0x0000000088e00000, 0x0000000088d00000| Untracked 
| 142|0x0000000088e00000, 0x0000000088f00000, 0x0000000088f00000|100%| O|  |TAMS 0x0000000088f00000, 0x0000000088e00000| Untracked 
| 143|0x0000000088f00000, 0x0000000089000000, 0x0000000089000000|100%| O|  |TAMS 0x0000000089000000, 0x0000000088f00000| Untracked 
| 144|0x0000000089000000, 0x0000000089100000, 0x0000000089100000|100%| O|  |TAMS 0x0000000089100000, 0x0000000089000000| Untracked 
| 145|0x0000000089100000, 0x0000000089200000, 0x0000000089200000|100%| O|  |TAMS 0x0000000089200000, 0x0000000089100000| Untracked 
| 146|0x0000000089200000, 0x0000000089300000, 0x0000000089300000|100%| O|  |TAMS 0x0000000089300000, 0x0000000089200000| Untracked 
| 147|0x0000000089300000, 0x0000000089400000, 0x0000000089400000|100%| O|  |TAMS 0x0000000089400000, 0x0000000089300000| Untracked 
| 148|0x0000000089400000, 0x0000000089500000, 0x0000000089500000|100%| O|  |TAMS 0x0000000089500000, 0x0000000089400000| Untracked 
| 149|0x0000000089500000, 0x0000000089600000, 0x0000000089600000|100%| O|  |TAMS 0x0000000089600000, 0x0000000089500000| Untracked 
| 150|0x0000000089600000, 0x0000000089700000, 0x0000000089700000|100%| O|  |TAMS 0x0000000089700000, 0x0000000089600000| Untracked 
| 151|0x0000000089700000, 0x0000000089800000, 0x0000000089800000|100%| O|  |TAMS 0x0000000089800000, 0x0000000089700000| Untracked 
| 152|0x0000000089800000, 0x0000000089900000, 0x0000000089900000|100%| O|  |TAMS 0x0000000089900000, 0x0000000089800000| Untracked 
| 153|0x0000000089900000, 0x0000000089a00000, 0x0000000089a00000|100%| O|  |TAMS 0x0000000089a00000, 0x0000000089900000| Untracked 
| 154|0x0000000089a00000, 0x0000000089b00000, 0x0000000089b00000|100%| O|  |TAMS 0x0000000089b00000, 0x0000000089a00000| Untracked 
| 155|0x0000000089b00000, 0x0000000089c00000, 0x0000000089c00000|100%| O|  |TAMS 0x0000000089c00000, 0x0000000089b00000| Untracked 
| 156|0x0000000089c00000, 0x0000000089d00000, 0x0000000089d00000|100%| O|  |TAMS 0x0000000089d00000, 0x0000000089c00000| Untracked 
| 157|0x0000000089d00000, 0x0000000089e00000, 0x0000000089e00000|100%| O|  |TAMS 0x0000000089e00000, 0x0000000089d00000| Untracked 
| 158|0x0000000089e00000, 0x0000000089e00000, 0x0000000089f00000|  0%| F|  |TAMS 0x0000000089e00000, 0x0000000089e00000| Untracked 
| 159|0x0000000089f00000, 0x000000008a000000, 0x000000008a000000|100%| O|  |TAMS 0x000000008a000000, 0x0000000089f00000| Untracked 
| 160|0x000000008a000000, 0x000000008a100000, 0x000000008a100000|100%| O|  |TAMS 0x000000008a100000, 0x000000008a000000| Untracked 
| 161|0x000000008a100000, 0x000000008a200000, 0x000000008a200000|100%| O|  |TAMS 0x000000008a200000, 0x000000008a100000| Untracked 
| 162|0x000000008a200000, 0x000000008a300000, 0x000000008a300000|100%| O|  |TAMS 0x000000008a300000, 0x000000008a200000| Untracked 
| 163|0x000000008a300000, 0x000000008a400000, 0x000000008a400000|100%| O|  |TAMS 0x000000008a400000, 0x000000008a300000| Untracked 
| 164|0x000000008a400000, 0x000000008a500000, 0x000000008a500000|100%| O|  |TAMS 0x000000008a500000, 0x000000008a400000| Untracked 
| 165|0x000000008a500000, 0x000000008a500000, 0x000000008a600000|  0%| F|  |TAMS 0x000000008a500000, 0x000000008a500000| Untracked 
| 166|0x000000008a600000, 0x000000008a700000, 0x000000008a700000|100%| O|  |TAMS 0x000000008a700000, 0x000000008a600000| Untracked 
| 167|0x000000008a700000, 0x000000008a800000, 0x000000008a800000|100%| O|  |TAMS 0x000000008a800000, 0x000000008a700000| Untracked 
| 168|0x000000008a800000, 0x000000008a800000, 0x000000008a900000|  0%| F|  |TAMS 0x000000008a800000, 0x000000008a800000| Untracked 
| 169|0x000000008a900000, 0x000000008a900000, 0x000000008aa00000|  0%| F|  |TAMS 0x000000008a900000, 0x000000008a900000| Untracked 
| 170|0x000000008aa00000, 0x000000008aa00000, 0x000000008ab00000|  0%| F|  |TAMS 0x000000008aa00000, 0x000000008aa00000| Untracked 
| 171|0x000000008ab00000, 0x000000008ab00000, 0x000000008ac00000|  0%| F|  |TAMS 0x000000008ab00000, 0x000000008ab00000| Untracked 
| 172|0x000000008ac00000, 0x000000008ac00000, 0x000000008ad00000|  0%| F|  |TAMS 0x000000008ac00000, 0x000000008ac00000| Untracked 
| 173|0x000000008ad00000, 0x000000008ad00000, 0x000000008ae00000|  0%| F|  |TAMS 0x000000008ad00000, 0x000000008ad00000| Untracked 
| 174|0x000000008ae00000, 0x000000008af00000, 0x000000008af00000|100%| O|  |TAMS 0x000000008af00000, 0x000000008ae00000| Untracked 
| 175|0x000000008af00000, 0x000000008b000000, 0x000000008b000000|100%| O|  |TAMS 0x000000008b000000, 0x000000008af00000| Untracked 
| 176|0x000000008b000000, 0x000000008b100000, 0x000000008b100000|100%| O|  |TAMS 0x000000008b100000, 0x000000008b000000| Untracked 
| 177|0x000000008b100000, 0x000000008b100000, 0x000000008b200000|  0%| F|  |TAMS 0x000000008b100000, 0x000000008b100000| Untracked 
| 178|0x000000008b200000, 0x000000008b200000, 0x000000008b300000|  0%| F|  |TAMS 0x000000008b200000, 0x000000008b200000| Untracked 
| 179|0x000000008b300000, 0x000000008b400000, 0x000000008b400000|100%| O|  |TAMS 0x000000008b400000, 0x000000008b300000| Untracked 
| 180|0x000000008b400000, 0x000000008b400000, 0x000000008b500000|  0%| F|  |TAMS 0x000000008b400000, 0x000000008b400000| Untracked 
| 181|0x000000008b500000, 0x000000008b600000, 0x000000008b600000|100%| O|  |TAMS 0x000000008b600000, 0x000000008b500000| Untracked 
| 182|0x000000008b600000, 0x000000008b700000, 0x000000008b700000|100%| O|  |TAMS 0x000000008b700000, 0x000000008b600000| Untracked 
| 183|0x000000008b700000, 0x000000008b800000, 0x000000008b800000|100%|HS|  |TAMS 0x000000008b800000, 0x000000008b700000| Complete 
| 184|0x000000008b800000, 0x000000008b900000, 0x000000008b900000|100%|HS|  |TAMS 0x000000008b900000, 0x000000008b800000| Complete 
| 185|0x000000008b900000, 0x000000008ba00000, 0x000000008ba00000|100%|HS|  |TAMS 0x000000008ba00000, 0x000000008b900000| Complete 
| 186|0x000000008ba00000, 0x000000008bb00000, 0x000000008bb00000|100%| O|  |TAMS 0x000000008bb00000, 0x000000008ba00000| Untracked 
| 187|0x000000008bb00000, 0x000000008bb00000, 0x000000008bc00000|  0%| F|  |TAMS 0x000000008bb00000, 0x000000008bb00000| Untracked 
| 188|0x000000008bc00000, 0x000000008bc00000, 0x000000008bd00000|  0%| F|  |TAMS 0x000000008bc00000, 0x000000008bc00000| Untracked 
| 189|0x000000008bd00000, 0x000000008be00000, 0x000000008be00000|100%| O|  |TAMS 0x000000008be00000, 0x000000008bd00000| Untracked 
| 190|0x000000008be00000, 0x000000008bf00000, 0x000000008bf00000|100%| O|  |TAMS 0x000000008bf00000, 0x000000008be00000| Untracked 
| 191|0x000000008bf00000, 0x000000008c000000, 0x000000008c000000|100%| O|  |TAMS 0x000000008c000000, 0x000000008bf00000| Untracked 
| 192|0x000000008c000000, 0x000000008c100000, 0x000000008c100000|100%| O|  |TAMS 0x000000008c100000, 0x000000008c000000| Untracked 
| 193|0x000000008c100000, 0x000000008c100000, 0x000000008c200000|  0%| F|  |TAMS 0x000000008c100000, 0x000000008c100000| Untracked 
| 194|0x000000008c200000, 0x000000008c200000, 0x000000008c300000|  0%| F|  |TAMS 0x000000008c200000, 0x000000008c200000| Untracked 
| 195|0x000000008c300000, 0x000000008c400000, 0x000000008c400000|100%| O|  |TAMS 0x000000008c400000, 0x000000008c300000| Untracked 
| 196|0x000000008c400000, 0x000000008c500000, 0x000000008c500000|100%| O|  |TAMS 0x000000008c500000, 0x000000008c400000| Untracked 
| 197|0x000000008c500000, 0x000000008c600000, 0x000000008c600000|100%| O|  |TAMS 0x000000008c600000, 0x000000008c500000| Untracked 
| 198|0x000000008c600000, 0x000000008c700000, 0x000000008c700000|100%| O|  |TAMS 0x000000008c700000, 0x000000008c600000| Untracked 
| 199|0x000000008c700000, 0x000000008c800000, 0x000000008c800000|100%| O|  |TAMS 0x000000008c800000, 0x000000008c700000| Untracked 
| 200|0x000000008c800000, 0x000000008c800000, 0x000000008c900000|  0%| F|  |TAMS 0x000000008c800000, 0x000000008c800000| Untracked 
| 201|0x000000008c900000, 0x000000008c900000, 0x000000008ca00000|  0%| F|  |TAMS 0x000000008c900000, 0x000000008c900000| Untracked 
| 202|0x000000008ca00000, 0x000000008cb00000, 0x000000008cb00000|100%|HS|  |TAMS 0x000000008cb00000, 0x000000008ca00000| Complete 
| 203|0x000000008cb00000, 0x000000008cc00000, 0x000000008cc00000|100%|HS|  |TAMS 0x000000008cc00000, 0x000000008cb00000| Complete 
| 204|0x000000008cc00000, 0x000000008cd00000, 0x000000008cd00000|100%|HS|  |TAMS 0x000000008cd00000, 0x000000008cc00000| Complete 
| 205|0x000000008cd00000, 0x000000008ce00000, 0x000000008ce00000|100%|HS|  |TAMS 0x000000008ce00000, 0x000000008cd00000| Complete 
| 206|0x000000008ce00000, 0x000000008cf00000, 0x000000008cf00000|100%| O|  |TAMS 0x000000008cf00000, 0x000000008ce00000| Untracked 
| 207|0x000000008cf00000, 0x000000008d000000, 0x000000008d000000|100%| O|  |TAMS 0x000000008d000000, 0x000000008cf00000| Untracked 
| 208|0x000000008d000000, 0x000000008d100000, 0x000000008d100000|100%| O|  |TAMS 0x000000008d100000, 0x000000008d000000| Untracked 
| 209|0x000000008d100000, 0x000000008d200000, 0x000000008d200000|100%| O|  |TAMS 0x000000008d200000, 0x000000008d100000| Untracked 
| 210|0x000000008d200000, 0x000000008d300000, 0x000000008d300000|100%| O|  |TAMS 0x000000008d300000, 0x000000008d200000| Untracked 
| 211|0x000000008d300000, 0x000000008d400000, 0x000000008d400000|100%| O|  |TAMS 0x000000008d400000, 0x000000008d300000| Untracked 
| 212|0x000000008d400000, 0x000000008d500000, 0x000000008d500000|100%| O|  |TAMS 0x000000008d500000, 0x000000008d400000| Untracked 
| 213|0x000000008d500000, 0x000000008d600000, 0x000000008d600000|100%| O|  |TAMS 0x000000008d600000, 0x000000008d500000| Untracked 
| 214|0x000000008d600000, 0x000000008d700000, 0x000000008d700000|100%| O|  |TAMS 0x000000008d700000, 0x000000008d600000| Untracked 
| 215|0x000000008d700000, 0x000000008d800000, 0x000000008d800000|100%| O|  |TAMS 0x000000008d800000, 0x000000008d700000| Untracked 
| 216|0x000000008d800000, 0x000000008d900000, 0x000000008d900000|100%| O|  |TAMS 0x000000008d900000, 0x000000008d800000| Untracked 
| 217|0x000000008d900000, 0x000000008da00000, 0x000000008da00000|100%|HS|  |TAMS 0x000000008da00000, 0x000000008d900000| Complete 
| 218|0x000000008da00000, 0x000000008db00000, 0x000000008db00000|100%|HS|  |TAMS 0x000000008db00000, 0x000000008da00000| Complete 
| 219|0x000000008db00000, 0x000000008dc00000, 0x000000008dc00000|100%|HS|  |TAMS 0x000000008dc00000, 0x000000008db00000| Complete 
| 220|0x000000008dc00000, 0x000000008dd00000, 0x000000008dd00000|100%| O|  |TAMS 0x000000008dd00000, 0x000000008dc00000| Untracked 
| 221|0x000000008dd00000, 0x000000008de00000, 0x000000008de00000|100%| O|  |TAMS 0x000000008de00000, 0x000000008dd00000| Untracked 
| 222|0x000000008de00000, 0x000000008df00000, 0x000000008df00000|100%| O|  |TAMS 0x000000008df00000, 0x000000008de00000| Untracked 
| 223|0x000000008df00000, 0x000000008e000000, 0x000000008e000000|100%| O|  |TAMS 0x000000008e000000, 0x000000008df00000| Untracked 
| 224|0x000000008e000000, 0x000000008e100000, 0x000000008e100000|100%| O|  |TAMS 0x000000008e100000, 0x000000008e000000| Untracked 
| 225|0x000000008e100000, 0x000000008e200000, 0x000000008e200000|100%| O|  |TAMS 0x000000008e200000, 0x000000008e100000| Untracked 
| 226|0x000000008e200000, 0x000000008e300000, 0x000000008e300000|100%| O|  |TAMS 0x000000008e300000, 0x000000008e200000| Untracked 
| 227|0x000000008e300000, 0x000000008e400000, 0x000000008e400000|100%| O|  |TAMS 0x000000008e400000, 0x000000008e300000| Untracked 
| 228|0x000000008e400000, 0x000000008e500000, 0x000000008e500000|100%| O|  |TAMS 0x000000008e500000, 0x000000008e400000| Untracked 
| 229|0x000000008e500000, 0x000000008e600000, 0x000000008e600000|100%| O|  |TAMS 0x000000008e600000, 0x000000008e500000| Untracked 
| 230|0x000000008e600000, 0x000000008e700000, 0x000000008e700000|100%| O|  |TAMS 0x000000008e700000, 0x000000008e600000| Untracked 
| 231|0x000000008e700000, 0x000000008e700000, 0x000000008e800000|  0%| F|  |TAMS 0x000000008e700000, 0x000000008e700000| Untracked 
| 232|0x000000008e800000, 0x000000008e800000, 0x000000008e900000|  0%| F|  |TAMS 0x000000008e800000, 0x000000008e800000| Untracked 
| 233|0x000000008e900000, 0x000000008ea00000, 0x000000008ea00000|100%| O|  |TAMS 0x000000008ea00000, 0x000000008e900000| Untracked 
| 234|0x000000008ea00000, 0x000000008eb00000, 0x000000008eb00000|100%| O|  |TAMS 0x000000008eb00000, 0x000000008ea00000| Untracked 
| 235|0x000000008eb00000, 0x000000008ec00000, 0x000000008ec00000|100%| O|  |TAMS 0x000000008ec00000, 0x000000008eb00000| Untracked 
| 236|0x000000008ec00000, 0x000000008ed00000, 0x000000008ed00000|100%| O|  |TAMS 0x000000008ed00000, 0x000000008ec00000| Untracked 
| 237|0x000000008ed00000, 0x000000008ee00000, 0x000000008ee00000|100%| O|  |TAMS 0x000000008ee00000, 0x000000008ed00000| Untracked 
| 238|0x000000008ee00000, 0x000000008ef00000, 0x000000008ef00000|100%| O|  |TAMS 0x000000008ef00000, 0x000000008ee00000| Untracked 
| 239|0x000000008ef00000, 0x000000008f000000, 0x000000008f000000|100%|HS|  |TAMS 0x000000008f000000, 0x000000008ef00000| Complete 
| 240|0x000000008f000000, 0x000000008f100000, 0x000000008f100000|100%|HS|  |TAMS 0x000000008f100000, 0x000000008f000000| Complete 
| 241|0x000000008f100000, 0x000000008f200000, 0x000000008f200000|100%| O|  |TAMS 0x000000008f200000, 0x000000008f100000| Untracked 
| 242|0x000000008f200000, 0x000000008f300000, 0x000000008f300000|100%| O|  |TAMS 0x000000008f300000, 0x000000008f200000| Untracked 
| 243|0x000000008f300000, 0x000000008f400000, 0x000000008f400000|100%| O|  |TAMS 0x000000008f400000, 0x000000008f300000| Untracked 
| 244|0x000000008f400000, 0x000000008f500000, 0x000000008f500000|100%| O|  |TAMS 0x000000008f500000, 0x000000008f400000| Untracked 
| 245|0x000000008f500000, 0x000000008f600000, 0x000000008f600000|100%| O|  |TAMS 0x000000008f600000, 0x000000008f500000| Untracked 
| 246|0x000000008f600000, 0x000000008f700000, 0x000000008f700000|100%| O|  |TAMS 0x000000008f700000, 0x000000008f600000| Untracked 
| 247|0x000000008f700000, 0x000000008f800000, 0x000000008f800000|100%| O|  |TAMS 0x000000008f800000, 0x000000008f700000| Untracked 
| 248|0x000000008f800000, 0x000000008f900000, 0x000000008f900000|100%| O|  |TAMS 0x000000008f900000, 0x000000008f800000| Untracked 
| 249|0x000000008f900000, 0x000000008fa00000, 0x000000008fa00000|100%| O|  |TAMS 0x000000008fa00000, 0x000000008f900000| Untracked 
| 250|0x000000008fa00000, 0x000000008fb00000, 0x000000008fb00000|100%| O|  |TAMS 0x000000008fb00000, 0x000000008fa00000| Untracked 
| 251|0x000000008fb00000, 0x000000008fc00000, 0x000000008fc00000|100%| O|  |TAMS 0x000000008fc00000, 0x000000008fb00000| Untracked 
| 252|0x000000008fc00000, 0x000000008fc00000, 0x000000008fd00000|  0%| F|  |TAMS 0x000000008fc00000, 0x000000008fc00000| Untracked 
| 253|0x000000008fd00000, 0x000000008fe00000, 0x000000008fe00000|100%|HS|  |TAMS 0x000000008fe00000, 0x000000008fd00000| Complete 
| 254|0x000000008fe00000, 0x000000008ff00000, 0x000000008ff00000|100%|HS|  |TAMS 0x000000008ff00000, 0x000000008fe00000| Complete 
| 255|0x000000008ff00000, 0x0000000090000000, 0x0000000090000000|100%|HS|  |TAMS 0x0000000090000000, 0x000000008ff00000| Complete 
| 256|0x0000000090000000, 0x0000000090100000, 0x0000000090100000|100%| O|  |TAMS 0x0000000090100000, 0x0000000090000000| Untracked 
| 257|0x0000000090100000, 0x0000000090200000, 0x0000000090200000|100%| O|  |TAMS 0x0000000090200000, 0x0000000090100000| Untracked 
| 258|0x0000000090200000, 0x0000000090300000, 0x0000000090300000|100%| O|  |TAMS 0x0000000090300000, 0x0000000090200000| Untracked 
| 259|0x0000000090300000, 0x0000000090400000, 0x0000000090400000|100%| O|  |TAMS 0x0000000090400000, 0x0000000090300000| Untracked 
| 260|0x0000000090400000, 0x0000000090500000, 0x0000000090500000|100%| O|  |TAMS 0x0000000090500000, 0x0000000090400000| Untracked 
| 261|0x0000000090500000, 0x0000000090600000, 0x0000000090600000|100%| O|  |TAMS 0x0000000090600000, 0x0000000090500000| Untracked 
| 262|0x0000000090600000, 0x0000000090700000, 0x0000000090700000|100%| O|  |TAMS 0x0000000090700000, 0x0000000090600000| Untracked 
| 263|0x0000000090700000, 0x0000000090800000, 0x0000000090800000|100%| O|  |TAMS 0x0000000090800000, 0x0000000090700000| Untracked 
| 264|0x0000000090800000, 0x0000000090900000, 0x0000000090900000|100%| O|  |TAMS 0x0000000090900000, 0x0000000090800000| Untracked 
| 265|0x0000000090900000, 0x0000000090a00000, 0x0000000090a00000|100%| O|  |TAMS 0x0000000090978400, 0x0000000090900000| Untracked 
| 266|0x0000000090a00000, 0x0000000090b00000, 0x0000000090b00000|100%| O|  |TAMS 0x0000000090a00000, 0x0000000090a00000| Untracked 
| 267|0x0000000090b00000, 0x0000000090c00000, 0x0000000090c00000|100%| O|  |TAMS 0x0000000090b00000, 0x0000000090b00000| Untracked 
| 268|0x0000000090c00000, 0x0000000090d00000, 0x0000000090d00000|100%| O|  |TAMS 0x0000000090c00000, 0x0000000090c00000| Untracked 
| 269|0x0000000090d00000, 0x0000000090e00000, 0x0000000090e00000|100%| O|  |TAMS 0x0000000090d00000, 0x0000000090d00000| Untracked 
| 270|0x0000000090e00000, 0x0000000090f00000, 0x0000000090f00000|100%| O|  |TAMS 0x0000000090e00000, 0x0000000090e00000| Untracked 
| 271|0x0000000090f00000, 0x0000000091000000, 0x0000000091000000|100%| O|  |TAMS 0x0000000090f00000, 0x0000000090f00000| Untracked 
| 272|0x0000000091000000, 0x0000000091100000, 0x0000000091100000|100%| O|  |TAMS 0x0000000091000000, 0x0000000091000000| Untracked 
| 273|0x0000000091100000, 0x0000000091200000, 0x0000000091200000|100%| O|  |TAMS 0x0000000091100000, 0x0000000091100000| Untracked 
| 274|0x0000000091200000, 0x0000000091300000, 0x0000000091300000|100%| O|  |TAMS 0x0000000091200000, 0x0000000091200000| Untracked 
| 275|0x0000000091300000, 0x0000000091400000, 0x0000000091400000|100%| O|  |TAMS 0x0000000091300000, 0x0000000091300000| Untracked 
| 276|0x0000000091400000, 0x0000000091500000, 0x0000000091500000|100%| O|  |TAMS 0x0000000091400000, 0x0000000091400000| Untracked 
| 277|0x0000000091500000, 0x0000000091600000, 0x0000000091600000|100%| O|  |TAMS 0x0000000091500000, 0x0000000091500000| Untracked 
| 278|0x0000000091600000, 0x0000000091700000, 0x0000000091700000|100%| O|  |TAMS 0x0000000091600000, 0x0000000091600000| Untracked 
| 279|0x0000000091700000, 0x0000000091800000, 0x0000000091800000|100%| O|  |TAMS 0x0000000091700000, 0x0000000091700000| Untracked 
| 280|0x0000000091800000, 0x0000000091900000, 0x0000000091900000|100%| O|  |TAMS 0x0000000091800000, 0x0000000091800000| Untracked 
| 281|0x0000000091900000, 0x0000000091a00000, 0x0000000091a00000|100%| O|  |TAMS 0x0000000091900000, 0x0000000091900000| Untracked 
| 282|0x0000000091a00000, 0x0000000091b00000, 0x0000000091b00000|100%| O|  |TAMS 0x0000000091a00000, 0x0000000091a00000| Untracked 
| 283|0x0000000091b00000, 0x0000000091c00000, 0x0000000091c00000|100%| O|  |TAMS 0x0000000091b00000, 0x0000000091b00000| Untracked 
| 284|0x0000000091c00000, 0x0000000091d00000, 0x0000000091d00000|100%| O|  |TAMS 0x0000000091c00000, 0x0000000091c00000| Untracked 
| 285|0x0000000091d00000, 0x0000000091e00000, 0x0000000091e00000|100%| O|  |TAMS 0x0000000091d00000, 0x0000000091d00000| Untracked 
| 286|0x0000000091e00000, 0x0000000091f00000, 0x0000000091f00000|100%| O|  |TAMS 0x0000000091e00000, 0x0000000091e00000| Untracked 
| 287|0x0000000091f00000, 0x0000000092000000, 0x0000000092000000|100%| O|  |TAMS 0x0000000091f00000, 0x0000000091f00000| Untracked 
| 288|0x0000000092000000, 0x0000000092100000, 0x0000000092100000|100%| O|  |TAMS 0x0000000092000000, 0x0000000092000000| Untracked 
| 289|0x0000000092100000, 0x0000000092200000, 0x0000000092200000|100%| O|  |TAMS 0x0000000092100000, 0x0000000092100000| Untracked 
| 290|0x0000000092200000, 0x0000000092300000, 0x0000000092300000|100%| O|  |TAMS 0x0000000092200000, 0x0000000092200000| Untracked 
| 291|0x0000000092300000, 0x0000000092400000, 0x0000000092400000|100%| O|  |TAMS 0x0000000092300000, 0x0000000092300000| Untracked 
| 292|0x0000000092400000, 0x0000000092500000, 0x0000000092500000|100%| O|  |TAMS 0x0000000092400000, 0x0000000092400000| Untracked 
| 293|0x0000000092500000, 0x0000000092600000, 0x0000000092600000|100%| O|  |TAMS 0x0000000092500000, 0x0000000092500000| Untracked 
| 294|0x0000000092600000, 0x00000000926fb000, 0x0000000092700000| 98%| O|  |TAMS 0x0000000092600000, 0x0000000092600000| Untracked 
| 295|0x0000000092700000, 0x0000000092700000, 0x0000000092800000|  0%| F|  |TAMS 0x0000000092700000, 0x0000000092700000| Untracked 
| 296|0x0000000092800000, 0x0000000092800000, 0x0000000092900000|  0%| F|  |TAMS 0x0000000092800000, 0x0000000092800000| Untracked 
| 297|0x0000000092900000, 0x0000000092900000, 0x0000000092a00000|  0%| F|  |TAMS 0x0000000092900000, 0x0000000092900000| Untracked 
| 298|0x0000000092a00000, 0x0000000092a00000, 0x0000000092b00000|  0%| F|  |TAMS 0x0000000092a00000, 0x0000000092a00000| Untracked 
| 299|0x0000000092b00000, 0x0000000092b00000, 0x0000000092c00000|  0%| F|  |TAMS 0x0000000092b00000, 0x0000000092b00000| Untracked 
| 300|0x0000000092c00000, 0x0000000092c00000, 0x0000000092d00000|  0%| F|  |TAMS 0x0000000092c00000, 0x0000000092c00000| Untracked 
| 301|0x0000000092d00000, 0x0000000092d00000, 0x0000000092e00000|  0%| F|  |TAMS 0x0000000092d00000, 0x0000000092d00000| Untracked 
| 302|0x0000000092e00000, 0x0000000092e00000, 0x0000000092f00000|  0%| F|  |TAMS 0x0000000092e00000, 0x0000000092e00000| Untracked 
| 303|0x0000000092f00000, 0x0000000092f00000, 0x0000000093000000|  0%| F|  |TAMS 0x0000000092f00000, 0x0000000092f00000| Untracked 
| 304|0x0000000093000000, 0x0000000093000000, 0x0000000093100000|  0%| F|  |TAMS 0x0000000093000000, 0x0000000093000000| Untracked 
| 305|0x0000000093100000, 0x0000000093100000, 0x0000000093200000|  0%| F|  |TAMS 0x0000000093100000, 0x0000000093100000| Untracked 
| 306|0x0000000093200000, 0x0000000093200000, 0x0000000093300000|  0%| F|  |TAMS 0x0000000093200000, 0x0000000093200000| Untracked 
| 307|0x0000000093300000, 0x0000000093300000, 0x0000000093400000|  0%| F|  |TAMS 0x0000000093300000, 0x0000000093300000| Untracked 
| 308|0x0000000093400000, 0x0000000093400000, 0x0000000093500000|  0%| F|  |TAMS 0x0000000093400000, 0x0000000093400000| Untracked 
| 309|0x0000000093500000, 0x0000000093500000, 0x0000000093600000|  0%| F|  |TAMS 0x0000000093500000, 0x0000000093500000| Untracked 
| 310|0x0000000093600000, 0x0000000093600000, 0x0000000093700000|  0%| F|  |TAMS 0x0000000093600000, 0x0000000093600000| Untracked 
| 311|0x0000000093700000, 0x0000000093700000, 0x0000000093800000|  0%| F|  |TAMS 0x0000000093700000, 0x0000000093700000| Untracked 
| 312|0x0000000093800000, 0x0000000093800000, 0x0000000093900000|  0%| F|  |TAMS 0x0000000093800000, 0x0000000093800000| Untracked 
| 313|0x0000000093900000, 0x0000000093900000, 0x0000000093a00000|  0%| F|  |TAMS 0x0000000093900000, 0x0000000093900000| Untracked 
| 314|0x0000000093a00000, 0x0000000093a00000, 0x0000000093b00000|  0%| F|  |TAMS 0x0000000093a00000, 0x0000000093a00000| Untracked 
| 315|0x0000000093b00000, 0x0000000093b00000, 0x0000000093c00000|  0%| F|  |TAMS 0x0000000093b00000, 0x0000000093b00000| Untracked 
| 316|0x0000000093c00000, 0x0000000093c00000, 0x0000000093d00000|  0%| F|  |TAMS 0x0000000093c00000, 0x0000000093c00000| Untracked 
| 317|0x0000000093d00000, 0x0000000093d00000, 0x0000000093e00000|  0%| F|  |TAMS 0x0000000093d00000, 0x0000000093d00000| Untracked 
| 318|0x0000000093e00000, 0x0000000093e00000, 0x0000000093f00000|  0%| F|  |TAMS 0x0000000093e00000, 0x0000000093e00000| Untracked 
| 319|0x0000000093f00000, 0x0000000093f00000, 0x0000000094000000|  0%| F|  |TAMS 0x0000000093f00000, 0x0000000093f00000| Untracked 
| 320|0x0000000094000000, 0x0000000094000000, 0x0000000094100000|  0%| F|  |TAMS 0x0000000094000000, 0x0000000094000000| Untracked 
| 321|0x0000000094100000, 0x0000000094100000, 0x0000000094200000|  0%| F|  |TAMS 0x0000000094100000, 0x0000000094100000| Untracked 
| 322|0x0000000094200000, 0x0000000094200000, 0x0000000094300000|  0%| F|  |TAMS 0x0000000094200000, 0x0000000094200000| Untracked 
| 323|0x0000000094300000, 0x0000000094300000, 0x0000000094400000|  0%| F|  |TAMS 0x0000000094300000, 0x0000000094300000| Untracked 
| 324|0x0000000094400000, 0x0000000094400000, 0x0000000094500000|  0%| F|  |TAMS 0x0000000094400000, 0x0000000094400000| Untracked 
| 325|0x0000000094500000, 0x0000000094500000, 0x0000000094600000|  0%| F|  |TAMS 0x0000000094500000, 0x0000000094500000| Untracked 
| 326|0x0000000094600000, 0x0000000094600000, 0x0000000094700000|  0%| F|  |TAMS 0x0000000094600000, 0x0000000094600000| Untracked 
| 327|0x0000000094700000, 0x0000000094700000, 0x0000000094800000|  0%| F|  |TAMS 0x0000000094700000, 0x0000000094700000| Untracked 
| 328|0x0000000094800000, 0x0000000094800000, 0x0000000094900000|  0%| F|  |TAMS 0x0000000094800000, 0x0000000094800000| Untracked 
| 329|0x0000000094900000, 0x0000000094900000, 0x0000000094a00000|  0%| F|  |TAMS 0x0000000094900000, 0x0000000094900000| Untracked 
| 330|0x0000000094a00000, 0x0000000094a00000, 0x0000000094b00000|  0%| F|  |TAMS 0x0000000094a00000, 0x0000000094a00000| Untracked 
| 331|0x0000000094b00000, 0x0000000094b00000, 0x0000000094c00000|  0%| F|  |TAMS 0x0000000094b00000, 0x0000000094b00000| Untracked 
| 332|0x0000000094c00000, 0x0000000094c00000, 0x0000000094d00000|  0%| F|  |TAMS 0x0000000094c00000, 0x0000000094c00000| Untracked 
| 333|0x0000000094d00000, 0x0000000094d00000, 0x0000000094e00000|  0%| F|  |TAMS 0x0000000094d00000, 0x0000000094d00000| Untracked 
| 334|0x0000000094e00000, 0x0000000094e00000, 0x0000000094f00000|  0%| F|  |TAMS 0x0000000094e00000, 0x0000000094e00000| Untracked 
| 335|0x0000000094f00000, 0x0000000094f00000, 0x0000000095000000|  0%| F|  |TAMS 0x0000000094f00000, 0x0000000094f00000| Untracked 
| 336|0x0000000095000000, 0x0000000095000000, 0x0000000095100000|  0%| F|  |TAMS 0x0000000095000000, 0x0000000095000000| Untracked 
| 337|0x0000000095100000, 0x0000000095100000, 0x0000000095200000|  0%| F|  |TAMS 0x0000000095100000, 0x0000000095100000| Untracked 
| 338|0x0000000095200000, 0x0000000095200000, 0x0000000095300000|  0%| F|  |TAMS 0x0000000095200000, 0x0000000095200000| Untracked 
| 339|0x0000000095300000, 0x0000000095300000, 0x0000000095400000|  0%| F|  |TAMS 0x0000000095300000, 0x0000000095300000| Untracked 
| 340|0x0000000095400000, 0x0000000095400000, 0x0000000095500000|  0%| F|  |TAMS 0x0000000095400000, 0x0000000095400000| Untracked 
| 341|0x0000000095500000, 0x0000000095500000, 0x0000000095600000|  0%| F|  |TAMS 0x0000000095500000, 0x0000000095500000| Untracked 
| 342|0x0000000095600000, 0x0000000095600000, 0x0000000095700000|  0%| F|  |TAMS 0x0000000095600000, 0x0000000095600000| Untracked 
| 343|0x0000000095700000, 0x0000000095700000, 0x0000000095800000|  0%| F|  |TAMS 0x0000000095700000, 0x0000000095700000| Untracked 
| 344|0x0000000095800000, 0x0000000095800000, 0x0000000095900000|  0%| F|  |TAMS 0x0000000095800000, 0x0000000095800000| Untracked 
| 345|0x0000000095900000, 0x0000000095900000, 0x0000000095a00000|  0%| F|  |TAMS 0x0000000095900000, 0x0000000095900000| Untracked 
| 346|0x0000000095a00000, 0x0000000095a00000, 0x0000000095b00000|  0%| F|  |TAMS 0x0000000095a00000, 0x0000000095a00000| Untracked 
| 347|0x0000000095b00000, 0x0000000095b00000, 0x0000000095c00000|  0%| F|  |TAMS 0x0000000095b00000, 0x0000000095b00000| Untracked 
| 348|0x0000000095c00000, 0x0000000095c00000, 0x0000000095d00000|  0%| F|  |TAMS 0x0000000095c00000, 0x0000000095c00000| Untracked 
| 349|0x0000000095d00000, 0x0000000095d00000, 0x0000000095e00000|  0%| F|  |TAMS 0x0000000095d00000, 0x0000000095d00000| Untracked 
| 350|0x0000000095e00000, 0x0000000095e00000, 0x0000000095f00000|  0%| F|  |TAMS 0x0000000095e00000, 0x0000000095e00000| Untracked 
| 351|0x0000000095f00000, 0x0000000095f00000, 0x0000000096000000|  0%| F|  |TAMS 0x0000000095f00000, 0x0000000095f00000| Untracked 
| 352|0x0000000096000000, 0x0000000096000000, 0x0000000096100000|  0%| F|  |TAMS 0x0000000096000000, 0x0000000096000000| Untracked 
| 353|0x0000000096100000, 0x0000000096100000, 0x0000000096200000|  0%| F|  |TAMS 0x0000000096100000, 0x0000000096100000| Untracked 
| 354|0x0000000096200000, 0x0000000096200000, 0x0000000096300000|  0%| F|  |TAMS 0x0000000096200000, 0x0000000096200000| Untracked 
| 355|0x0000000096300000, 0x0000000096300000, 0x0000000096400000|  0%| F|  |TAMS 0x0000000096300000, 0x0000000096300000| Untracked 
| 356|0x0000000096400000, 0x0000000096400000, 0x0000000096500000|  0%| F|  |TAMS 0x0000000096400000, 0x0000000096400000| Untracked 
| 357|0x0000000096500000, 0x0000000096500000, 0x0000000096600000|  0%| F|  |TAMS 0x0000000096500000, 0x0000000096500000| Untracked 
| 358|0x0000000096600000, 0x0000000096600000, 0x0000000096700000|  0%| F|  |TAMS 0x0000000096600000, 0x0000000096600000| Untracked 
| 359|0x0000000096700000, 0x0000000096700000, 0x0000000096800000|  0%| F|  |TAMS 0x0000000096700000, 0x0000000096700000| Untracked 
| 360|0x0000000096800000, 0x0000000096800000, 0x0000000096900000|  0%| F|  |TAMS 0x0000000096800000, 0x0000000096800000| Untracked 
| 361|0x0000000096900000, 0x0000000096900000, 0x0000000096a00000|  0%| F|  |TAMS 0x0000000096900000, 0x0000000096900000| Untracked 
| 362|0x0000000096a00000, 0x0000000096a00000, 0x0000000096b00000|  0%| F|  |TAMS 0x0000000096a00000, 0x0000000096a00000| Untracked 
| 363|0x0000000096b00000, 0x0000000096b00000, 0x0000000096c00000|  0%| F|  |TAMS 0x0000000096b00000, 0x0000000096b00000| Untracked 
| 364|0x0000000096c00000, 0x0000000096c00000, 0x0000000096d00000|  0%| F|  |TAMS 0x0000000096c00000, 0x0000000096c00000| Untracked 
| 365|0x0000000096d00000, 0x0000000096d00000, 0x0000000096e00000|  0%| F|  |TAMS 0x0000000096d00000, 0x0000000096d00000| Untracked 
| 366|0x0000000096e00000, 0x0000000096e00000, 0x0000000096f00000|  0%| F|  |TAMS 0x0000000096e00000, 0x0000000096e00000| Untracked 
| 367|0x0000000096f00000, 0x0000000096f00000, 0x0000000097000000|  0%| F|  |TAMS 0x0000000096f00000, 0x0000000096f00000| Untracked 
| 368|0x0000000097000000, 0x0000000097000000, 0x0000000097100000|  0%| F|  |TAMS 0x0000000097000000, 0x0000000097000000| Untracked 
| 369|0x0000000097100000, 0x0000000097100000, 0x0000000097200000|  0%| F|  |TAMS 0x0000000097100000, 0x0000000097100000| Untracked 
| 370|0x0000000097200000, 0x0000000097200000, 0x0000000097300000|  0%| F|  |TAMS 0x0000000097200000, 0x0000000097200000| Untracked 
| 371|0x0000000097300000, 0x0000000097300000, 0x0000000097400000|  0%| F|  |TAMS 0x0000000097300000, 0x0000000097300000| Untracked 
| 372|0x0000000097400000, 0x0000000097400000, 0x0000000097500000|  0%| F|  |TAMS 0x0000000097400000, 0x0000000097400000| Untracked 
| 373|0x0000000097500000, 0x0000000097500000, 0x0000000097600000|  0%| F|  |TAMS 0x0000000097500000, 0x0000000097500000| Untracked 
| 374|0x0000000097600000, 0x0000000097600000, 0x0000000097700000|  0%| F|  |TAMS 0x0000000097600000, 0x0000000097600000| Untracked 
| 375|0x0000000097700000, 0x0000000097700000, 0x0000000097800000|  0%| F|  |TAMS 0x0000000097700000, 0x0000000097700000| Untracked 
| 376|0x0000000097800000, 0x0000000097800000, 0x0000000097900000|  0%| F|  |TAMS 0x0000000097800000, 0x0000000097800000| Untracked 
| 377|0x0000000097900000, 0x0000000097900000, 0x0000000097a00000|  0%| F|  |TAMS 0x0000000097900000, 0x0000000097900000| Untracked 
| 378|0x0000000097a00000, 0x0000000097a00000, 0x0000000097b00000|  0%| F|  |TAMS 0x0000000097a00000, 0x0000000097a00000| Untracked 
| 379|0x0000000097b00000, 0x0000000097b00000, 0x0000000097c00000|  0%| F|  |TAMS 0x0000000097b00000, 0x0000000097b00000| Untracked 
| 380|0x0000000097c00000, 0x0000000097c00000, 0x0000000097d00000|  0%| F|  |TAMS 0x0000000097c00000, 0x0000000097c00000| Untracked 
| 381|0x0000000097d00000, 0x0000000097d00000, 0x0000000097e00000|  0%| F|  |TAMS 0x0000000097d00000, 0x0000000097d00000| Untracked 
| 382|0x0000000097e00000, 0x0000000097e00000, 0x0000000097f00000|  0%| F|  |TAMS 0x0000000097e00000, 0x0000000097e00000| Untracked 
| 383|0x0000000097f00000, 0x0000000097f00000, 0x0000000098000000|  0%| F|  |TAMS 0x0000000097f00000, 0x0000000097f00000| Untracked 
| 384|0x0000000098000000, 0x0000000098000000, 0x0000000098100000|  0%| F|  |TAMS 0x0000000098000000, 0x0000000098000000| Untracked 
| 385|0x0000000098100000, 0x0000000098100000, 0x0000000098200000|  0%| F|  |TAMS 0x0000000098100000, 0x0000000098100000| Untracked 
| 386|0x0000000098200000, 0x0000000098200000, 0x0000000098300000|  0%| F|  |TAMS 0x0000000098200000, 0x0000000098200000| Untracked 
| 387|0x0000000098300000, 0x0000000098300000, 0x0000000098400000|  0%| F|  |TAMS 0x0000000098300000, 0x0000000098300000| Untracked 
| 388|0x0000000098400000, 0x0000000098400000, 0x0000000098500000|  0%| F|  |TAMS 0x0000000098400000, 0x0000000098400000| Untracked 
| 389|0x0000000098500000, 0x0000000098500000, 0x0000000098600000|  0%| F|  |TAMS 0x0000000098500000, 0x0000000098500000| Untracked 
| 390|0x0000000098600000, 0x0000000098600000, 0x0000000098700000|  0%| F|  |TAMS 0x0000000098600000, 0x0000000098600000| Untracked 
| 391|0x0000000098700000, 0x0000000098700000, 0x0000000098800000|  0%| F|  |TAMS 0x0000000098700000, 0x0000000098700000| Untracked 
| 392|0x0000000098800000, 0x0000000098800000, 0x0000000098900000|  0%| F|  |TAMS 0x0000000098800000, 0x0000000098800000| Untracked 
| 393|0x0000000098900000, 0x0000000098900000, 0x0000000098a00000|  0%| F|  |TAMS 0x0000000098900000, 0x0000000098900000| Untracked 
| 394|0x0000000098a00000, 0x0000000098a00000, 0x0000000098b00000|  0%| F|  |TAMS 0x0000000098a00000, 0x0000000098a00000| Untracked 
| 395|0x0000000098b00000, 0x0000000098b00000, 0x0000000098c00000|  0%| F|  |TAMS 0x0000000098b00000, 0x0000000098b00000| Untracked 
| 396|0x0000000098c00000, 0x0000000098c00000, 0x0000000098d00000|  0%| F|  |TAMS 0x0000000098c00000, 0x0000000098c00000| Untracked 
| 397|0x0000000098d00000, 0x0000000098d00000, 0x0000000098e00000|  0%| F|  |TAMS 0x0000000098d00000, 0x0000000098d00000| Untracked 
| 398|0x0000000098e00000, 0x0000000098e00000, 0x0000000098f00000|  0%| F|  |TAMS 0x0000000098e00000, 0x0000000098e00000| Untracked 
| 399|0x0000000098f00000, 0x0000000098f00000, 0x0000000099000000|  0%| F|  |TAMS 0x0000000098f00000, 0x0000000098f00000| Untracked 
| 400|0x0000000099000000, 0x0000000099000000, 0x0000000099100000|  0%| F|  |TAMS 0x0000000099000000, 0x0000000099000000| Untracked 
| 401|0x0000000099100000, 0x0000000099100000, 0x0000000099200000|  0%| F|  |TAMS 0x0000000099100000, 0x0000000099100000| Untracked 
| 402|0x0000000099200000, 0x0000000099200000, 0x0000000099300000|  0%| F|  |TAMS 0x0000000099200000, 0x0000000099200000| Untracked 
| 403|0x0000000099300000, 0x0000000099300000, 0x0000000099400000|  0%| F|  |TAMS 0x0000000099300000, 0x0000000099300000| Untracked 
| 404|0x0000000099400000, 0x0000000099400000, 0x0000000099500000|  0%| F|  |TAMS 0x0000000099400000, 0x0000000099400000| Untracked 
| 405|0x0000000099500000, 0x0000000099500000, 0x0000000099600000|  0%| F|  |TAMS 0x0000000099500000, 0x0000000099500000| Untracked 
| 406|0x0000000099600000, 0x0000000099600000, 0x0000000099700000|  0%| F|  |TAMS 0x0000000099600000, 0x0000000099600000| Untracked 
| 407|0x0000000099700000, 0x0000000099700000, 0x0000000099800000|  0%| F|  |TAMS 0x0000000099700000, 0x0000000099700000| Untracked 
| 408|0x0000000099800000, 0x0000000099900000, 0x0000000099900000|100%| E|  |TAMS 0x0000000099800000, 0x0000000099800000| Complete 
| 409|0x0000000099900000, 0x0000000099a00000, 0x0000000099a00000|100%| E|CS|TAMS 0x0000000099900000, 0x0000000099900000| Complete 
| 410|0x0000000099a00000, 0x0000000099b00000, 0x0000000099b00000|100%| E|CS|TAMS 0x0000000099a00000, 0x0000000099a00000| Complete 
| 411|0x0000000099b00000, 0x0000000099c00000, 0x0000000099c00000|100%| E|CS|TAMS 0x0000000099b00000, 0x0000000099b00000| Complete 
| 412|0x0000000099c00000, 0x0000000099d00000, 0x0000000099d00000|100%| E|CS|TAMS 0x0000000099c00000, 0x0000000099c00000| Complete 
| 413|0x0000000099d00000, 0x0000000099e00000, 0x0000000099e00000|100%| E|CS|TAMS 0x0000000099d00000, 0x0000000099d00000| Complete 
| 414|0x0000000099e00000, 0x0000000099f00000, 0x0000000099f00000|100%| E|CS|TAMS 0x0000000099e00000, 0x0000000099e00000| Complete 
| 415|0x0000000099f00000, 0x000000009a000000, 0x000000009a000000|100%| E|CS|TAMS 0x0000000099f00000, 0x0000000099f00000| Complete 
| 416|0x000000009a000000, 0x000000009a100000, 0x000000009a100000|100%| E|CS|TAMS 0x000000009a000000, 0x000000009a000000| Complete 
| 417|0x000000009a100000, 0x000000009a200000, 0x000000009a200000|100%| E|CS|TAMS 0x000000009a100000, 0x000000009a100000| Complete 
| 418|0x000000009a200000, 0x000000009a300000, 0x000000009a300000|100%| E|CS|TAMS 0x000000009a200000, 0x000000009a200000| Complete 
| 419|0x000000009a300000, 0x000000009a400000, 0x000000009a400000|100%| E|CS|TAMS 0x000000009a300000, 0x000000009a300000| Complete 
| 420|0x000000009a400000, 0x000000009a500000, 0x000000009a500000|100%| E|CS|TAMS 0x000000009a400000, 0x000000009a400000| Complete 
| 421|0x000000009a500000, 0x000000009a600000, 0x000000009a600000|100%| E|CS|TAMS 0x000000009a500000, 0x000000009a500000| Complete 
| 422|0x000000009a600000, 0x000000009a700000, 0x000000009a700000|100%| E|CS|TAMS 0x000000009a600000, 0x000000009a600000| Complete 
| 423|0x000000009a700000, 0x000000009a800000, 0x000000009a800000|100%| E|CS|TAMS 0x000000009a700000, 0x000000009a700000| Complete 
| 424|0x000000009a800000, 0x000000009a900000, 0x000000009a900000|100%| E|CS|TAMS 0x000000009a800000, 0x000000009a800000| Complete 
| 425|0x000000009a900000, 0x000000009aa00000, 0x000000009aa00000|100%| E|CS|TAMS 0x000000009a900000, 0x000000009a900000| Complete 
| 426|0x000000009aa00000, 0x000000009ab00000, 0x000000009ab00000|100%| E|CS|TAMS 0x000000009aa00000, 0x000000009aa00000| Complete 
| 427|0x000000009ab00000, 0x000000009ac00000, 0x000000009ac00000|100%| E|CS|TAMS 0x000000009ab00000, 0x000000009ab00000| Complete 
| 428|0x000000009ac00000, 0x000000009ad00000, 0x000000009ad00000|100%| E|CS|TAMS 0x000000009ac00000, 0x000000009ac00000| Complete 
| 429|0x000000009ad00000, 0x000000009ae00000, 0x000000009ae00000|100%| E|CS|TAMS 0x000000009ad00000, 0x000000009ad00000| Complete 
| 430|0x000000009ae00000, 0x000000009af00000, 0x000000009af00000|100%| E|CS|TAMS 0x000000009ae00000, 0x000000009ae00000| Complete 
| 431|0x000000009af00000, 0x000000009b000000, 0x000000009b000000|100%| E|CS|TAMS 0x000000009af00000, 0x000000009af00000| Complete 
| 432|0x000000009b000000, 0x000000009b100000, 0x000000009b100000|100%| E|CS|TAMS 0x000000009b000000, 0x000000009b000000| Complete 
| 433|0x000000009b100000, 0x000000009b200000, 0x000000009b200000|100%| E|CS|TAMS 0x000000009b100000, 0x000000009b100000| Complete 
| 434|0x000000009b200000, 0x000000009b300000, 0x000000009b300000|100%| E|CS|TAMS 0x000000009b200000, 0x000000009b200000| Complete 
| 435|0x000000009b300000, 0x000000009b400000, 0x000000009b400000|100%| E|CS|TAMS 0x000000009b300000, 0x000000009b300000| Complete 
| 436|0x000000009b400000, 0x000000009b500000, 0x000000009b500000|100%| E|CS|TAMS 0x000000009b400000, 0x000000009b400000| Complete 
| 437|0x000000009b500000, 0x000000009b600000, 0x000000009b600000|100%| E|CS|TAMS 0x000000009b500000, 0x000000009b500000| Complete 
| 438|0x000000009b600000, 0x000000009b700000, 0x000000009b700000|100%| E|CS|TAMS 0x000000009b600000, 0x000000009b600000| Complete 
| 439|0x000000009b700000, 0x000000009b800000, 0x000000009b800000|100%| E|CS|TAMS 0x000000009b700000, 0x000000009b700000| Complete 
| 440|0x000000009b800000, 0x000000009b900000, 0x000000009b900000|100%| E|CS|TAMS 0x000000009b800000, 0x000000009b800000| Complete 
| 441|0x000000009b900000, 0x000000009ba00000, 0x000000009ba00000|100%| E|CS|TAMS 0x000000009b900000, 0x000000009b900000| Complete 
| 442|0x000000009ba00000, 0x000000009bb00000, 0x000000009bb00000|100%| E|CS|TAMS 0x000000009ba00000, 0x000000009ba00000| Complete 
| 443|0x000000009bb00000, 0x000000009bc00000, 0x000000009bc00000|100%| E|CS|TAMS 0x000000009bb00000, 0x000000009bb00000| Complete 
| 444|0x000000009bc00000, 0x000000009bd00000, 0x000000009bd00000|100%| E|CS|TAMS 0x000000009bc00000, 0x000000009bc00000| Complete 
| 445|0x000000009bd00000, 0x000000009be00000, 0x000000009be00000|100%| E|CS|TAMS 0x000000009bd00000, 0x000000009bd00000| Complete 
| 446|0x000000009be00000, 0x000000009bf00000, 0x000000009bf00000|100%| E|CS|TAMS 0x000000009be00000, 0x000000009be00000| Complete 
| 447|0x000000009bf00000, 0x000000009c000000, 0x000000009c000000|100%| E|CS|TAMS 0x000000009bf00000, 0x000000009bf00000| Complete 
| 448|0x000000009c000000, 0x000000009c100000, 0x000000009c100000|100%| E|CS|TAMS 0x000000009c000000, 0x000000009c000000| Complete 
| 449|0x000000009c100000, 0x000000009c200000, 0x000000009c200000|100%| E|CS|TAMS 0x000000009c100000, 0x000000009c100000| Complete 
| 450|0x000000009c200000, 0x000000009c300000, 0x000000009c300000|100%| E|CS|TAMS 0x000000009c200000, 0x000000009c200000| Complete 
| 451|0x000000009c300000, 0x000000009c400000, 0x000000009c400000|100%| E|CS|TAMS 0x000000009c300000, 0x000000009c300000| Complete 
| 452|0x000000009c400000, 0x000000009c500000, 0x000000009c500000|100%| E|CS|TAMS 0x000000009c400000, 0x000000009c400000| Complete 
| 453|0x000000009c500000, 0x000000009c600000, 0x000000009c600000|100%| E|CS|TAMS 0x000000009c500000, 0x000000009c500000| Complete 
| 454|0x000000009c600000, 0x000000009c700000, 0x000000009c700000|100%| S|CS|TAMS 0x000000009c600000, 0x000000009c600000| Complete 
| 455|0x000000009c700000, 0x000000009c800000, 0x000000009c800000|100%| S|CS|TAMS 0x000000009c700000, 0x000000009c700000| Complete 
| 456|0x000000009c800000, 0x000000009c900000, 0x000000009c900000|100%| S|CS|TAMS 0x000000009c800000, 0x000000009c800000| Complete 
| 457|0x000000009c900000, 0x000000009ca00000, 0x000000009ca00000|100%| E|CS|TAMS 0x000000009c900000, 0x000000009c900000| Complete 
| 458|0x000000009ca00000, 0x000000009cb00000, 0x000000009cb00000|100%| E|CS|TAMS 0x000000009ca00000, 0x000000009ca00000| Complete 
| 459|0x000000009cb00000, 0x000000009cc00000, 0x000000009cc00000|100%| E|CS|TAMS 0x000000009cb00000, 0x000000009cb00000| Complete 
| 460|0x000000009cc00000, 0x000000009cd00000, 0x000000009cd00000|100%| E|CS|TAMS 0x000000009cc00000, 0x000000009cc00000| Complete 
| 461|0x000000009cd00000, 0x000000009ce00000, 0x000000009ce00000|100%| E|CS|TAMS 0x000000009cd00000, 0x000000009cd00000| Complete 
| 462|0x000000009ce00000, 0x000000009cf00000, 0x000000009cf00000|100%| E|CS|TAMS 0x000000009ce00000, 0x000000009ce00000| Complete 
| 463|0x000000009cf00000, 0x000000009d000000, 0x000000009d000000|100%| E|CS|TAMS 0x000000009cf00000, 0x000000009cf00000| Complete 
| 464|0x000000009d000000, 0x000000009d100000, 0x000000009d100000|100%| E|CS|TAMS 0x000000009d000000, 0x000000009d000000| Complete 
| 465|0x000000009d100000, 0x000000009d200000, 0x000000009d200000|100%| E|CS|TAMS 0x000000009d100000, 0x000000009d100000| Complete 
| 466|0x000000009d200000, 0x000000009d300000, 0x000000009d300000|100%| E|CS|TAMS 0x000000009d200000, 0x000000009d200000| Complete 
| 467|0x000000009d300000, 0x000000009d400000, 0x000000009d400000|100%| E|CS|TAMS 0x000000009d300000, 0x000000009d300000| Complete 
| 468|0x000000009d400000, 0x000000009d500000, 0x000000009d500000|100%| E|CS|TAMS 0x000000009d400000, 0x000000009d400000| Complete 
| 469|0x000000009d500000, 0x000000009d600000, 0x000000009d600000|100%| E|CS|TAMS 0x000000009d500000, 0x000000009d500000| Complete 
| 470|0x000000009d600000, 0x000000009d700000, 0x000000009d700000|100%| E|CS|TAMS 0x000000009d600000, 0x000000009d600000| Complete 
| 471|0x000000009d700000, 0x000000009d800000, 0x000000009d800000|100%| E|CS|TAMS 0x000000009d700000, 0x000000009d700000| Complete 
| 472|0x000000009d800000, 0x000000009d900000, 0x000000009d900000|100%| E|CS|TAMS 0x000000009d800000, 0x000000009d800000| Complete 
| 473|0x000000009d900000, 0x000000009da00000, 0x000000009da00000|100%| E|CS|TAMS 0x000000009d900000, 0x000000009d900000| Complete 
| 474|0x000000009da00000, 0x000000009db00000, 0x000000009db00000|100%| E|CS|TAMS 0x000000009da00000, 0x000000009da00000| Complete 
| 475|0x000000009db00000, 0x000000009dc00000, 0x000000009dc00000|100%| E|CS|TAMS 0x000000009db00000, 0x000000009db00000| Complete 
| 476|0x000000009dc00000, 0x000000009dd00000, 0x000000009dd00000|100%| E|CS|TAMS 0x000000009dc00000, 0x000000009dc00000| Complete 

Card table byte_map: [0x000001f9e5e90000,0x000001f9e6290000] _byte_map_base: 0x000001f9e5a90000

Marking Bits (Prev, Next): (CMBitMap*) 0x000001f9cca61800, (CMBitMap*) 0x000001f9cca617c0
 Prev Bits: [0x000001f9e8690000, 0x000001f9ea690000)
 Next Bits: [0x000001f9e6690000, 0x000001f9e8690000)

Polling page: 0x000001f9cc710000

Metaspace:

Usage:
  Non-class:     98.58 MB used.
      Class:     16.01 MB used.
       Both:    114.60 MB used.

Virtual space:
  Non-class space:      128.00 MB reserved,      99.62 MB ( 78%) committed,  2 nodes.
      Class space:      416.00 MB reserved,      17.00 MB (  4%) committed,  1 nodes.
             Both:      544.00 MB reserved,     116.62 MB ( 21%) committed. 

Chunk freelists:
   Non-Class:  11.61 MB
       Class:  14.98 MB
        Both:  26.59 MB

MaxMetaspaceSize: 512.00 MB
CompressedClassSpaceSize: 416.00 MB
Initial GC threshold: 21.00 MB
Current GC threshold: 187.12 MB
CDS: on
MetaspaceReclaimPolicy: balanced
 - commit_granule_bytes: 65536.
 - commit_granule_words: 8192.
 - virtual_space_node_default_size: 8388608.
 - enlarge_chunks_in_place: 1.
 - new_chunks_are_fully_committed: 0.
 - uncommit_free_chunks: 1.
 - use_allocation_guard: 0.
 - handle_deallocations: 1.


Internal statistics:

num_allocs_failed_limit: 6.
num_arena_births: 2946.
num_arena_deaths: 0.
num_vsnodes_births: 3.
num_vsnodes_deaths: 0.
num_space_committed: 1866.
num_space_uncommitted: 0.
num_chunks_returned_to_freelist: 6.
num_chunks_taken_from_freelist: 8815.
num_chunk_merges: 6.
num_chunk_splits: 5455.
num_chunks_enlarged: 3113.
num_inconsistent_stats: 0.

CodeHeap 'non-profiled nmethods': size=119168Kb used=13202Kb max_used=13202Kb free=105965Kb
 bounds [0x000001f9dd460000, 0x000001f9de150000, 0x000001f9e48c0000]
CodeHeap 'profiled nmethods': size=119104Kb used=32742Kb max_used=32742Kb free=86361Kb
 bounds [0x000001f9d58c0000, 0x000001f9d78c0000, 0x000001f9dcd10000]
CodeHeap 'non-nmethods': size=7488Kb used=2482Kb max_used=4226Kb free=5005Kb
 bounds [0x000001f9dcd10000, 0x000001f9dd140000, 0x000001f9dd460000]
 total_blobs=17694 nmethods=16668 adapters=937
 compilation: enabled
              stopped_count=0, restarted_count=0
 full_count=0

Compilation events (20 events):
Event: 39.479 Thread 0x000001f9f579e330 20056       3       org.gradle.internal.reflect.annotations.impl.DefaultTypeAnnotationMetadataStore::lambda$isSetterProhibitedForType$15 (6 bytes)
Event: 39.479 Thread 0x000001f9f579e330 nmethod 20056 0x000001f9d7892c10 code [0x000001f9d7892da0, 0x000001f9d7892ec8]
Event: 39.480 Thread 0x000001f9f579e880 nmethod 20055 0x000001f9d7892f90 code [0x000001f9d7893140, 0x000001f9d78933e8]
Event: 39.480 Thread 0x000001f9f579c8a0 20058       3       org.gradle.internal.reflect.annotations.impl.DefaultTypeAnnotationMetadataStore::extractPropertiesFrom (85 bytes)
Event: 39.480 Thread 0x000001f9f579e880 20060       3       org.gradle.internal.reflect.annotations.impl.DefaultTypeAnnotationMetadataStore::extractFunctionsFrom (88 bytes)
Event: 39.480 Thread 0x000001f9f579c8a0 nmethod 20058 0x000001f9d7893510 code [0x000001f9d78937c0, 0x000001f9d7894508]
Event: 39.481 Thread 0x000001f9f579e880 nmethod 20060 0x000001f9d7894990 code [0x000001f9d7894cc0, 0x000001f9d7896108]
Event: 39.482 Thread 0x000001f9f579e880 20062   !   3       jdk.proxy1.$Proxy100::annotationType (29 bytes)
Event: 39.482 Thread 0x000001f9f579e880 nmethod 20062 0x000001f9d7896810 code [0x000001f9d78969e0, 0x000001f9d7896dd8]
Event: 39.486 Thread 0x000001f9f5799e20 nmethod 19993 0x000001f9de134910 code [0x000001f9de134ba0, 0x000001f9de136880]
Event: 39.486 Thread 0x000001f9f5799e20 20054 %     4       java.util.HashMap::valuesToArray @ 46 (81 bytes)
Event: 39.487 Thread 0x000001f9f579e330 20063       3       com.google.gson.stream.JsonReader::nextNonWhitespace (357 bytes)
Event: 39.488 Thread 0x000001f9f579e330 nmethod 20063 0x000001f9d7896f90 code [0x000001f9d7897440, 0x000001f9d7899338]
Event: 39.494 Thread 0x000001f9f579e330 20068       3       com.google.common.collect.Maps::uniqueIndex (41 bytes)
Event: 39.494 Thread 0x000001f9f579e880 20069   !   3       com.google.common.collect.Maps::uniqueIndex (74 bytes)
Event: 39.495 Thread 0x000001f9ecbadc80 20071       3       org.gradle.execution.plan.OrdinalGroup::asOrdinal (2 bytes)
Event: 39.495 Thread 0x000001f9f579e330 nmethod 20068 0x000001f9d7899e10 code [0x000001f9d789a080, 0x000001f9d789acd8]
Event: 39.495 Thread 0x000001f9ecbadc80 nmethod 20071 0x000001f9d789b010 code [0x000001f9d789b1a0, 0x000001f9d789b2b8]
Event: 39.496 Thread 0x000001f9f579e880 nmethod 20069 0x000001f9d789b390 code [0x000001f9d789b640, 0x000001f9d789c378]
Event: 39.496 Thread 0x000001f9f5799e20 nmethod 20054% 0x000001f9de138210 code [0x000001f9de1383a0, 0x000001f9de138858]

GC Heap History (20 events):
Event: 30.468 GC heap before
{Heap before GC invocations=58 (full 0):
 garbage-first heap   total 389120K, used 322326K [0x0000000080000000, 0x0000000100000000)
  region size 1024K, 97 young (99328K), 11 survivors (11264K)
 Metaspace       used 109149K, committed 110784K, reserved 557056K
  class space    used 15208K, committed 16000K, reserved 425984K
}
Event: 30.474 GC heap after
{Heap after GC invocations=59 (full 0):
 garbage-first heap   total 389120K, used 240241K [0x0000000080000000, 0x0000000100000000)
  region size 1024K, 9 young (9216K), 9 survivors (9216K)
 Metaspace       used 109149K, committed 110784K, reserved 557056K
  class space    used 15208K, committed 16000K, reserved 425984K
}
Event: 30.937 GC heap before
{Heap before GC invocations=59 (full 0):
 garbage-first heap   total 389120K, used 323185K [0x0000000080000000, 0x0000000100000000)
  region size 1024K, 90 young (92160K), 9 survivors (9216K)
 Metaspace       used 109255K, committed 110976K, reserved 557056K
  class space    used 15218K, committed 16064K, reserved 425984K
}
Event: 30.943 GC heap after
{Heap after GC invocations=60 (full 0):
 garbage-first heap   total 389120K, used 247538K [0x0000000080000000, 0x0000000100000000)
  region size 1024K, 11 young (11264K), 11 survivors (11264K)
 Metaspace       used 109255K, committed 110976K, reserved 557056K
  class space    used 15218K, committed 16064K, reserved 425984K
}
Event: 31.074 GC heap before
{Heap before GC invocations=60 (full 0):
 garbage-first heap   total 389120K, used 324338K [0x0000000080000000, 0x0000000100000000)
  region size 1024K, 87 young (89088K), 11 survivors (11264K)
 Metaspace       used 109257K, committed 110976K, reserved 557056K
  class space    used 15218K, committed 16064K, reserved 425984K
}
Event: 31.079 GC heap after
{Heap after GC invocations=61 (full 0):
 garbage-first heap   total 389120K, used 249271K [0x0000000080000000, 0x0000000100000000)
  region size 1024K, 5 young (5120K), 5 survivors (5120K)
 Metaspace       used 109257K, committed 110976K, reserved 557056K
  class space    used 15218K, committed 16064K, reserved 425984K
}
Event: 33.914 GC heap before
{Heap before GC invocations=61 (full 0):
 garbage-first heap   total 389120K, used 330167K [0x0000000080000000, 0x0000000100000000)
  region size 1024K, 82 young (83968K), 5 survivors (5120K)
 Metaspace       used 109466K, committed 111168K, reserved 557056K
  class space    used 15246K, committed 16064K, reserved 425984K
}
Event: 33.921 GC heap after
{Heap after GC invocations=62 (full 0):
 garbage-first heap   total 389120K, used 260524K [0x0000000080000000, 0x0000000100000000)
  region size 1024K, 11 young (11264K), 11 survivors (11264K)
 Metaspace       used 109466K, committed 111168K, reserved 557056K
  class space    used 15246K, committed 16064K, reserved 425984K
}
Event: 34.043 GC heap before
{Heap before GC invocations=62 (full 0):
 garbage-first heap   total 389120K, used 325036K [0x0000000080000000, 0x0000000100000000)
  region size 1024K, 75 young (76800K), 11 survivors (11264K)
 Metaspace       used 109466K, committed 111168K, reserved 557056K
  class space    used 15246K, committed 16064K, reserved 425984K
}
Event: 34.049 GC heap after
{Heap after GC invocations=63 (full 0):
 garbage-first heap   total 389120K, used 263754K [0x0000000080000000, 0x0000000100000000)
  region size 1024K, 6 young (6144K), 6 survivors (6144K)
 Metaspace       used 109466K, committed 111168K, reserved 557056K
  class space    used 15246K, committed 16064K, reserved 425984K
}
Event: 35.954 GC heap before
{Heap before GC invocations=63 (full 0):
 garbage-first heap   total 389120K, used 331338K [0x0000000080000000, 0x0000000100000000)
  region size 1024K, 69 young (70656K), 6 survivors (6144K)
 Metaspace       used 109809K, committed 111680K, reserved 557056K
  class space    used 15314K, committed 16192K, reserved 425984K
}
Event: 35.960 GC heap after
{Heap after GC invocations=64 (full 0):
 garbage-first heap   total 389120K, used 272113K [0x0000000080000000, 0x0000000100000000)
  region size 1024K, 9 young (9216K), 9 survivors (9216K)
 Metaspace       used 109809K, committed 111680K, reserved 557056K
  class space    used 15314K, committed 16192K, reserved 425984K
}
Event: 36.756 GC heap before
{Heap before GC invocations=64 (full 0):
 garbage-first heap   total 389120K, used 328433K [0x0000000080000000, 0x0000000100000000)
  region size 1024K, 65 young (66560K), 9 survivors (9216K)
 Metaspace       used 110478K, committed 112384K, reserved 557056K
  class space    used 15420K, committed 16320K, reserved 425984K
}
Event: 36.765 GC heap after
{Heap after GC invocations=65 (full 0):
 garbage-first heap   total 389120K, used 281057K [0x0000000080000000, 0x0000000100000000)
  region size 1024K, 9 young (9216K), 9 survivors (9216K)
 Metaspace       used 110478K, committed 112384K, reserved 557056K
  class space    used 15420K, committed 16320K, reserved 425984K
}
Event: 37.453 GC heap before
{Heap before GC invocations=65 (full 0):
 garbage-first heap   total 389120K, used 328161K [0x0000000080000000, 0x0000000100000000)
  region size 1024K, 55 young (56320K), 9 survivors (9216K)
 Metaspace       used 112584K, committed 114496K, reserved 557056K
  class space    used 15731K, committed 16640K, reserved 425984K
}
Event: 37.468 GC heap after
{Heap after GC invocations=66 (full 0):
 garbage-first heap   total 389120K, used 286318K [0x0000000080000000, 0x0000000100000000)
  region size 1024K, 6 young (6144K), 6 survivors (6144K)
 Metaspace       used 112584K, committed 114496K, reserved 557056K
  class space    used 15731K, committed 16640K, reserved 425984K
}
Event: 38.052 GC heap before
{Heap before GC invocations=67 (full 0):
 garbage-first heap   total 488448K, used 323182K [0x0000000080000000, 0x0000000100000000)
  region size 1024K, 42 young (43008K), 6 survivors (6144K)
 Metaspace       used 115070K, committed 116992K, reserved 557056K
  class space    used 16140K, committed 17088K, reserved 425984K
}
Event: 38.058 GC heap after
{Heap after GC invocations=68 (full 0):
 garbage-first heap   total 488448K, used 288676K [0x0000000080000000, 0x0000000100000000)
  region size 1024K, 3 young (3072K), 3 survivors (3072K)
 Metaspace       used 115070K, committed 116992K, reserved 557056K
  class space    used 16140K, committed 17088K, reserved 425984K
}
Event: 38.657 GC heap before
{Heap before GC invocations=68 (full 0):
 garbage-first heap   total 488448K, used 309156K [0x0000000080000000, 0x0000000100000000)
  region size 1024K, 23 young (23552K), 3 survivors (3072K)
 Metaspace       used 115346K, committed 117376K, reserved 557056K
  class space    used 16168K, committed 17152K, reserved 425984K
}
Event: 38.672 GC heap after
{Heap after GC invocations=69 (full 0):
 garbage-first heap   total 488448K, used 267244K [0x0000000080000000, 0x0000000100000000)
  region size 1024K, 3 young (3072K), 3 survivors (3072K)
 Metaspace       used 115346K, committed 117376K, reserved 557056K
  class space    used 16168K, committed 17152K, reserved 425984K
}

Deoptimization events (20 events):
Event: 39.094 Thread 0x000001f9edc394e0 Uncommon trap: trap_request=0xffffffbe fr.pc=0x000001f9ddbf6b34 relative=0x0000000000000994
Event: 39.094 Thread 0x000001f9edc394e0 Uncommon trap: reason=profile_predicate action=maybe_recompile pc=0x000001f9ddbf6b34 method=java.util.regex.Pattern$BnM.optimize(Ljava/util/regex/Pattern$Node;)Ljava/util/regex/Pattern$Node; @ 67 c2
Event: 39.094 Thread 0x000001f9edc394e0 DEOPT PACKING pc=0x000001f9ddbf6b34 sp=0x0000004ffeff8380
Event: 39.094 Thread 0x000001f9edc394e0 DEOPT UNPACKING pc=0x000001f9dcd623a3 sp=0x0000004ffeff82e0 mode 2
Event: 39.111 Thread 0x000001f9edc394e0 Uncommon trap: trap_request=0xffffffbe fr.pc=0x000001f9ddbf6b34 relative=0x0000000000000994
Event: 39.111 Thread 0x000001f9edc394e0 Uncommon trap: reason=profile_predicate action=maybe_recompile pc=0x000001f9ddbf6b34 method=java.util.regex.Pattern$BnM.optimize(Ljava/util/regex/Pattern$Node;)Ljava/util/regex/Pattern$Node; @ 67 c2
Event: 39.112 Thread 0x000001f9edc394e0 DEOPT PACKING pc=0x000001f9ddbf6b34 sp=0x0000004ffeff8360
Event: 39.112 Thread 0x000001f9edc394e0 DEOPT UNPACKING pc=0x000001f9dcd623a3 sp=0x0000004ffeff82c0 mode 2
Event: 39.443 Thread 0x000001f9edc394e0 Uncommon trap: trap_request=0xffffffc6 fr.pc=0x000001f9ddd084e0 relative=0x0000000000000740
Event: 39.443 Thread 0x000001f9edc394e0 Uncommon trap: reason=bimorphic_or_optimized_type_check action=maybe_recompile pc=0x000001f9ddd084e0 method=org.gradle.internal.ImmutableActionSet.add(Lorg/gradle/api/Action;)Lorg/gradle/internal/ImmutableActionSet; @ 62 c2
Event: 39.443 Thread 0x000001f9edc394e0 DEOPT PACKING pc=0x000001f9ddd084e0 sp=0x0000004ffeff9d60
Event: 39.443 Thread 0x000001f9edc394e0 DEOPT UNPACKING pc=0x000001f9dcd623a3 sp=0x0000004ffeff9d20 mode 2
Event: 39.447 Thread 0x000001f9edc394e0 Uncommon trap: trap_request=0xffffff45 fr.pc=0x000001f9dd6daa04 relative=0x0000000000000684
Event: 39.447 Thread 0x000001f9edc394e0 Uncommon trap: reason=unstable_if action=reinterpret pc=0x000001f9dd6daa04 method=com.google.common.cache.LocalCache$Segment.expireEntries(J)V @ 84 c2
Event: 39.447 Thread 0x000001f9edc394e0 DEOPT PACKING pc=0x000001f9dd6daa04 sp=0x0000004ffeff95a0
Event: 39.447 Thread 0x000001f9edc394e0 DEOPT UNPACKING pc=0x000001f9dcd623a3 sp=0x0000004ffeff9570 mode 2
Event: 39.486 Thread 0x000001f9edc394e0 Uncommon trap: trap_request=0xffffff45 fr.pc=0x000001f9ddbefdf8 relative=0x00000000000001b8
Event: 39.487 Thread 0x000001f9edc394e0 Uncommon trap: reason=unstable_if action=reinterpret pc=0x000001f9ddbefdf8 method=com.google.gson.stream.JsonReader.nextNonWhitespace(Z)I @ 93 c2
Event: 39.487 Thread 0x000001f9edc394e0 DEOPT PACKING pc=0x000001f9ddbefdf8 sp=0x0000004ffeff9990
Event: 39.487 Thread 0x000001f9edc394e0 DEOPT UNPACKING pc=0x000001f9dcd623a3 sp=0x0000004ffeff9900 mode 2

Classes unloaded (0 events):
No events

Classes redefined (0 events):
No events

Internal exceptions (20 events):
Event: 36.866 Thread 0x000001f9edc394e0 Exception <a 'java/lang/IncompatibleClassChangeError'{0x0000000097604628}: Found class java.lang.Object, but interface was expected> (0x0000000097604628) 
thrown [s\open\src\hotspot\share\interpreter\linkResolver.cpp, line 826]
Event: 37.029 Thread 0x000001f9edc394e0 Implicit null exception at 0x000001f9dd47f3cb to 0x000001f9dd47f3f0
Event: 37.113 Thread 0x000001f9edc394e0 Implicit null exception at 0x000001f9dd69ccb5 to 0x000001f9dd69cd4c
Event: 37.207 Thread 0x000001f9edc394e0 Exception <a 'java/lang/IncompatibleClassChangeError'{0x0000000095d3ecd8}: Found class java.lang.Object, but interface was expected> (0x0000000095d3ecd8) 
thrown [s\open\src\hotspot\share\interpreter\linkResolver.cpp, line 826]
Event: 37.302 Thread 0x000001f9edc394e0 Exception <a 'sun/nio/fs/WindowsException'{0x000000009566d660}> (0x000000009566d660) 
thrown [s\open\src\hotspot\share\prims\jni.cpp, line 516]
Event: 37.303 Thread 0x000001f9edc394e0 Exception <a 'sun/nio/fs/WindowsException'{0x000000009566eb80}> (0x000000009566eb80) 
thrown [s\open\src\hotspot\share\prims\jni.cpp, line 516]
Event: 37.303 Thread 0x000001f9edc394e0 Exception <a 'sun/nio/fs/WindowsException'{0x00000000956700f0}> (0x00000000956700f0) 
thrown [s\open\src\hotspot\share\prims\jni.cpp, line 516]
Event: 37.303 Thread 0x000001f9edc394e0 Exception <a 'sun/nio/fs/WindowsException'{0x0000000095671660}> (0x0000000095671660) 
thrown [s\open\src\hotspot\share\prims\jni.cpp, line 516]
Event: 37.536 Thread 0x000001f9edc394e0 Exception <a 'java/lang/NullPointerException'{0x000000009786a240}> (0x000000009786a240) 
thrown [s\open\src\hotspot\share\interpreter\linkResolver.cpp, line 1433]
Event: 37.671 Thread 0x000001f9edc394e0 Implicit null exception at 0x000001f9dd6ca1da to 0x000001f9dd6d3044
Event: 37.714 Thread 0x000001f9edc394e0 Implicit null exception at 0x000001f9dd5a5932 to 0x000001f9dd5ad37c
Event: 37.874 Thread 0x000001f9edc394e0 Exception <a 'java/lang/NoSuchMethodError'{0x000000009c9593f0}: 'int java.lang.invoke.DirectMethodHandle$Holder.invokeStatic(java.lang.Object, java.lang.Object, java.lang.Object, int, java.lang.Object)'> (0x000000009c9593f0) 
thrown [s\open\src\hotspot\share\interpreter\linkResolver.cpp, line 759]
Event: 37.960 Thread 0x000001f9edc394e0 Implicit null exception at 0x000001f9de052d90 to 0x000001f9de052e58
Event: 38.877 Thread 0x000001f9edc394e0 Implicit null exception at 0x000001f9de0d8dde to 0x000001f9de0d9228
Event: 38.918 Thread 0x000001f9edc394e0 Implicit null exception at 0x000001f9ddbe5a2d to 0x000001f9ddbe6028
Event: 38.918 Thread 0x000001f9edc394e0 Implicit null exception at 0x000001f9ddbe2e88 to 0x000001f9ddbe3278
Event: 38.921 Thread 0x000001f9edc394e0 Implicit null exception at 0x000001f9de0ab81b to 0x000001f9de0ae8d8
Event: 38.925 Thread 0x000001f9edc394e0 Implicit null exception at 0x000001f9ddf7aab9 to 0x000001f9ddf7c3f4
Event: 38.925 Thread 0x000001f9edc394e0 Implicit null exception at 0x000001f9de0d9dce to 0x000001f9de0da760
Event: 38.958 Thread 0x000001f9edc394e0 Implicit null exception at 0x000001f9de0dc874 to 0x000001f9de0dce4c

VM Operations (20 events):
Event: 36.889 Executing VM operation: HandshakeAllThreads done
Event: 37.253 Executing VM operation: ICBufferFull
Event: 37.253 Executing VM operation: ICBufferFull done
Event: 37.453 Executing VM operation: G1CollectForAllocation
Event: 37.468 Executing VM operation: G1CollectForAllocation done
Event: 37.558 Executing VM operation: G1Concurrent
Event: 37.568 Executing VM operation: G1Concurrent done
Event: 37.612 Executing VM operation: G1Concurrent
Event: 37.613 Executing VM operation: G1Concurrent done
Event: 38.052 Executing VM operation: G1CollectForAllocation
Event: 38.058 Executing VM operation: G1CollectForAllocation done
Event: 38.657 Executing VM operation: G1CollectForAllocation
Event: 38.672 Executing VM operation: G1CollectForAllocation done
Event: 38.877 Executing VM operation: HandshakeAllThreads
Event: 38.877 Executing VM operation: HandshakeAllThreads done
Event: 38.999 Executing VM operation: HandshakeAllThreads
Event: 38.999 Executing VM operation: HandshakeAllThreads done
Event: 39.202 Executing VM operation: ICBufferFull
Event: 39.202 Executing VM operation: ICBufferFull done
Event: 40.216 Executing VM operation: Cleanup

Events (20 events):
Event: 38.901 Thread 0x000001f9edac0090 flushing nmethod 0x000001f9d709fd90
Event: 38.901 Thread 0x000001f9edac0090 flushing nmethod 0x000001f9d70aa010
Event: 38.901 Thread 0x000001f9edac0090 flushing nmethod 0x000001f9d70abd10
Event: 38.902 Thread 0x000001f9edac0090 flushing nmethod 0x000001f9d717df90
Event: 38.902 Thread 0x000001f9edac0090 flushing nmethod 0x000001f9d71bb790
Event: 38.902 Thread 0x000001f9edac0090 flushing nmethod 0x000001f9d71bc310
Event: 38.903 Thread 0x000001f9edac0090 flushing nmethod 0x000001f9d7235f90
Event: 38.903 Thread 0x000001f9edac0090 flushing nmethod 0x000001f9d7291e90
Event: 38.903 Thread 0x000001f9edac0090 flushing nmethod 0x000001f9d72e6190
Event: 38.904 Thread 0x000001f9edac0090 flushing nmethod 0x000001f9d73c7590
Event: 38.905 Thread 0x000001f9edac0090 flushing nmethod 0x000001f9d7545f10
Event: 38.905 Thread 0x000001f9edac0090 flushing nmethod 0x000001f9d754c110
Event: 38.905 Thread 0x000001f9edac0090 flushing nmethod 0x000001f9d754c910
Event: 38.905 Thread 0x000001f9edac0090 flushing nmethod 0x000001f9d7551890
Event: 38.905 Thread 0x000001f9edac0090 flushing nmethod 0x000001f9d755c310
Event: 38.905 Thread 0x000001f9edac0090 flushing nmethod 0x000001f9d755cc90
Event: 38.905 Thread 0x000001f9edac0090 flushing nmethod 0x000001f9d7566d10
Event: 38.927 Thread 0x000001f9f579edd0 Thread added: 0x000001f9f579edd0
Event: 38.997 loading class java/io/NotSerializableException
Event: 38.997 loading class java/io/NotSerializableException done


Dynamic libraries:
0x00007ff620020000 - 0x00007ff620030000 	C:\Program Files\Java\jdk-17\bin\java.exe
0x00007ffd3e040000 - 0x00007ffd3e2a8000 	C:\WINDOWS\SYSTEM32\ntdll.dll
0x00007ffcf5990000 - 0x00007ffcf59b0000 	C:\Program Files\Avast Software\Avast\aswhook.dll
0x00007ffd3d9e0000 - 0x00007ffd3daa9000 	C:\WINDOWS\System32\KERNEL32.DLL
0x00007ffd3aa70000 - 0x00007ffd3ae61000 	C:\WINDOWS\System32\KERNELBASE.dll
0x00007ffd3a920000 - 0x00007ffd3aa6b000 	C:\WINDOWS\System32\ucrtbase.dll
0x00007ffcd53c0000 - 0x00007ffcd53d9000 	C:\Program Files\Java\jdk-17\bin\jli.dll
0x00007ffcd5260000 - 0x00007ffcd527b000 	C:\Program Files\Java\jdk-17\bin\VCRUNTIME140.dll
0x00007ffd3c8c0000 - 0x00007ffd3c974000 	C:\WINDOWS\System32\ADVAPI32.dll
0x00007ffd3cf30000 - 0x00007ffd3cfd9000 	C:\WINDOWS\System32\msvcrt.dll
0x00007ffd3beb0000 - 0x00007ffd3bf56000 	C:\WINDOWS\System32\sechost.dll
0x00007ffd3c980000 - 0x00007ffd3ca98000 	C:\WINDOWS\System32\RPCRT4.dll
0x00007ffd3cab0000 - 0x00007ffd3cc76000 	C:\WINDOWS\System32\USER32.dll
0x00007ffd3aff0000 - 0x00007ffd3b017000 	C:\WINDOWS\System32\win32u.dll
0x00007ffd3cce0000 - 0x00007ffd3cd0b000 	C:\WINDOWS\System32\GDI32.dll
0x00007ffd1eff0000 - 0x00007ffd1f283000 	C:\WINDOWS\WinSxS\amd64_microsoft.windows.common-controls_6595b64144ccf1df_6.0.26100.7824_none_3e0870b2e3345462\COMCTL32.dll
0x00007ffd3bb40000 - 0x00007ffd3bc6b000 	C:\WINDOWS\System32\gdi32full.dll
0x00007ffd3b0d0000 - 0x00007ffd3b173000 	C:\WINDOWS\System32\msvcp_win.dll
0x00007ffd33a00000 - 0x00007ffd33a0b000 	C:\WINDOWS\SYSTEM32\VERSION.dll
0x00007ffd3dad0000 - 0x00007ffd3db01000 	C:\WINDOWS\System32\IMM32.DLL
0x00007ffce2320000 - 0x00007ffce232c000 	C:\Program Files\Java\jdk-17\bin\vcruntime140_1.dll
0x00007ffcd5160000 - 0x00007ffcd51ee000 	C:\Program Files\Java\jdk-17\bin\msvcp140.dll
0x00007ffc9f5a0000 - 0x00007ffca0181000 	C:\Program Files\Java\jdk-17\bin\server\jvm.dll
0x00007ffd3bde0000 - 0x00007ffd3bde8000 	C:\WINDOWS\System32\PSAPI.DLL
0x00007ffd2c140000 - 0x00007ffd2c175000 	C:\WINDOWS\SYSTEM32\WINMM.dll
0x00007ffd2bae0000 - 0x00007ffd2baea000 	C:\WINDOWS\SYSTEM32\WSOCK32.dll
0x00007ffd3d890000 - 0x00007ffd3d904000 	C:\WINDOWS\System32\WS2_32.dll
0x00007ffd39690000 - 0x00007ffd396ab000 	C:\WINDOWS\SYSTEM32\kernel.appcore.dll
0x00007ffcd5360000 - 0x00007ffcd536a000 	C:\Program Files\Java\jdk-17\bin\jimage.dll
0x00007ffd38950000 - 0x00007ffd38b92000 	C:\WINDOWS\SYSTEM32\DBGHELP.DLL
0x00007ffd3c060000 - 0x00007ffd3c3e6000 	C:\WINDOWS\System32\combase.dll
0x00007ffd3d740000 - 0x00007ffd3d817000 	C:\WINDOWS\System32\OLEAUT32.dll
0x00007ffd2bf00000 - 0x00007ffd2bf3b000 	C:\WINDOWS\SYSTEM32\dbgcore.DLL
0x00007ffd3b020000 - 0x00007ffd3b0c5000 	C:\WINDOWS\System32\bcryptPrimitives.dll
0x00007ffcd4f10000 - 0x00007ffcd4f1e000 	C:\Program Files\Java\jdk-17\bin\instrument.dll
0x00007ffcd5130000 - 0x00007ffcd5155000 	C:\Program Files\Java\jdk-17\bin\java.dll
0x00007ffcd5050000 - 0x00007ffcd5127000 	C:\Program Files\Java\jdk-17\bin\jsvml.dll
0x00007ffd3cfe0000 - 0x00007ffd3d732000 	C:\WINDOWS\System32\SHELL32.dll
0x00007ffd3bc70000 - 0x00007ffd3bdda000 	C:\WINDOWS\System32\wintypes.dll
0x00007ffd3b180000 - 0x00007ffd3b9e3000 	C:\WINDOWS\System32\windows.storage.dll
0x00007ffd3c7c0000 - 0x00007ffd3c8b6000 	C:\WINDOWS\System32\SHCORE.dll
0x00007ffd3d820000 - 0x00007ffd3d887000 	C:\WINDOWS\System32\shlwapi.dll
0x00007ffd3a840000 - 0x00007ffd3a869000 	C:\WINDOWS\SYSTEM32\profapi.dll
0x00007ffcd5010000 - 0x00007ffcd5028000 	C:\Program Files\Java\jdk-17\bin\zip.dll
0x00007ffcd5240000 - 0x00007ffcd5259000 	C:\Program Files\Java\jdk-17\bin\net.dll
0x00007ffd334c0000 - 0x00007ffd335e7000 	C:\WINDOWS\SYSTEM32\WINHTTP.dll
0x00007ffd39c10000 - 0x00007ffd39c7b000 	C:\WINDOWS\system32\mswsock.dll
0x00007ffcd5030000 - 0x00007ffcd5046000 	C:\Program Files\Java\jdk-17\bin\nio.dll
0x00007ffcd4f30000 - 0x00007ffcd4f40000 	C:\Program Files\Java\jdk-17\bin\verify.dll
0x00007ffcd55a0000 - 0x00007ffcd55c7000 	C:\Users\jibri\.gradle\native\1def1411415f61bf3af743bc5b6707747c0891f09f0c88961ee8f79bc544acac\windows-amd64\native-platform.dll
0x00007ffcd4e90000 - 0x00007ffcd4f07000 	C:\Users\jibri\.gradle\native\0.2.8\x86_64-windows-gnu\gradle-fileevents.dll
0x00007ffcd5000000 - 0x00007ffcd500a000 	C:\Program Files\Java\jdk-17\bin\management.dll
0x00007ffcd4f40000 - 0x00007ffcd4f4b000 	C:\Program Files\Java\jdk-17\bin\management_ext.dll
0x00007ffd390d0000 - 0x00007ffd39104000 	C:\WINDOWS\SYSTEM32\IPHLPAPI.DLL
0x00007ffd3d9a0000 - 0x00007ffd3d9aa000 	C:\WINDOWS\System32\NSI.dll
0x00007ffd33310000 - 0x00007ffd3332e000 	C:\WINDOWS\SYSTEM32\dhcpcsvc6.DLL
0x00007ffd33290000 - 0x00007ffd332b3000 	C:\WINDOWS\SYSTEM32\dhcpcsvc.DLL
0x00007ffd39170000 - 0x00007ffd3929c000 	C:\WINDOWS\SYSTEM32\DNSAPI.dll
0x00007ffd39f00000 - 0x00007ffd39f1b000 	C:\WINDOWS\SYSTEM32\CRYPTSP.dll
0x00007ffd395f0000 - 0x00007ffd39629000 	C:\WINDOWS\system32\rsaenh.dll
0x00007ffd39cc0000 - 0x00007ffd39ceb000 	C:\WINDOWS\SYSTEM32\USERENV.dll
0x00007ffd3a810000 - 0x00007ffd3a83a000 	C:\WINDOWS\SYSTEM32\bcrypt.dll
0x00007ffd39f20000 - 0x00007ffd39f2c000 	C:\WINDOWS\SYSTEM32\CRYPTBASE.dll
0x00007ffcd4e80000 - 0x00007ffcd4e8e000 	C:\Program Files\Java\jdk-17\bin\sunmscapi.dll
0x00007ffd3ae70000 - 0x00007ffd3afe7000 	C:\WINDOWS\System32\CRYPT32.dll
0x00007ffd3a120000 - 0x00007ffd3a150000 	C:\WINDOWS\SYSTEM32\ncrypt.dll
0x00007ffd3a0d0000 - 0x00007ffd3a10f000 	C:\WINDOWS\SYSTEM32\NTASN1.dll
0x00007ffcffad0000 - 0x00007ffcffad8000 	C:\WINDOWS\system32\wshunix.dll

dbghelp: loaded successfully - version: 4.0.5 - missing functions: none
symbol engine: initialized successfully - sym options: 0x614 - pdb path: .;C:\Program Files\Java\jdk-17\bin;C:\WINDOWS\SYSTEM32;C:\Program Files\Avast Software\Avast;C:\WINDOWS\WinSxS\amd64_microsoft.windows.common-controls_6595b64144ccf1df_6.0.26100.7824_none_3e0870b2e3345462;C:\Program Files\Java\jdk-17\bin\server;C:\Users\jibri\.gradle\native\1def1411415f61bf3af743bc5b6707747c0891f09f0c88961ee8f79bc544acac\windows-amd64;C:\Users\jibri\.gradle\native\0.2.8\x86_64-windows-gnu

VM Arguments:
jvm_args: --add-opens=java.base/java.lang=ALL-UNNAMED --add-opens=java.base/java.lang.invoke=ALL-UNNAMED --add-opens=java.base/java.util=ALL-UNNAMED --add-opens=java.prefs/java.util.prefs=ALL-UNNAMED --add-exports=jdk.compiler/com.sun.tools.javac.api=ALL-UNNAMED --add-exports=jdk.compiler/com.sun.tools.javac.util=ALL-UNNAMED --add-opens=java.base/java.util=ALL-UNNAMED --add-opens=java.prefs/java.util.prefs=ALL-UNNAMED --add-opens=java.base/java.nio.charset=ALL-UNNAMED --add-opens=java.base/java.net=ALL-UNNAMED --add-opens=java.base/java.util.concurrent=ALL-UNNAMED --add-opens=java.base/java.util.concurrent.atomic=ALL-UNNAMED --add-opens=java.xml/javax.xml.namespace=ALL-UNNAMED -XX:MaxMetaspaceSize=512m -Xmx2048m -Dfile.encoding=windows-1252 -Duser.country=PH -Duser.language=en -Duser.variant -javaagent:C:\Users\jibri\.gradle\wrapper\dists\gradle-9.0.0-bin\d6wjpkvcgsg3oed0qlfss3wgl\gradle-9.0.0\lib\agents\gradle-instrumentation-agent-9.0.0.jar 
java_command: org.gradle.launcher.daemon.bootstrap.GradleDaemon 9.0.0
java_class_path (initial): C:\Users\jibri\.gradle\wrapper\dists\gradle-9.0.0-bin\d6wjpkvcgsg3oed0qlfss3wgl\gradle-9.0.0\lib\gradle-daemon-main-9.0.0.jar
Launcher Type: SUN_STANDARD

[Global flags]
     intx CICompilerCount                          = 12                                        {product} {ergonomic}
   size_t CompressedClassSpaceSize                 = 436207616                                 {product} {ergonomic}
     uint ConcGCThreads                            = 4                                         {product} {ergonomic}
     uint G1ConcRefinementThreads                  = 15                                        {product} {ergonomic}
   size_t G1HeapRegionSize                         = 1048576                                   {product} {ergonomic}
    uintx GCDrainStackTargetSize                   = 64                                        {product} {ergonomic}
   size_t InitialHeapSize                          = 130023424                                 {product} {ergonomic}
   size_t MarkStackSize                            = 4194304                                   {product} {ergonomic}
   size_t MaxHeapSize                              = 2147483648                                {product} {command line}
   size_t MaxMetaspaceSize                         = 536870912                                 {product} {command line}
   size_t MaxNewSize                               = 1287651328                                {product} {ergonomic}
   size_t MinHeapDeltaBytes                        = 1048576                                   {product} {ergonomic}
   size_t MinHeapSize                              = 8388608                                   {product} {ergonomic}
    uintx NonNMethodCodeHeapSize                   = 7602480                                {pd product} {ergonomic}
    uintx NonProfiledCodeHeapSize                  = 122027880                              {pd product} {ergonomic}
    uintx ProfiledCodeHeapSize                     = 122027880                              {pd product} {ergonomic}
    uintx ReservedCodeCacheSize                    = 251658240                              {pd product} {ergonomic}
     bool SegmentedCodeCache                       = true                                      {product} {ergonomic}
   size_t SoftMaxHeapSize                          = 2147483648                             {manageable} {ergonomic}
     bool UseCompressedClassPointers               = true                           {product lp64_product} {ergonomic}
     bool UseCompressedOops                        = true                           {product lp64_product} {ergonomic}
     bool UseG1GC                                  = true                                      {product} {ergonomic}
     bool UseLargePagesIndividualAllocation        = false                                  {pd product} {ergonomic}

Logging:
Log output configuration:
 #0: stdout all=warning uptime,level,tags
 #1: stderr all=off uptime,level,tags

Environment Variables:
JAVA_HOME=C:\Program Files\Java\jdk-17
PATH=C:\rubi_web\CISC_Capstone\MiscueReading\node_modules\.bin;C:\rubi_web\CISC_Capstone\node_modules\.bin;C:\rubi_web\node_modules\.bin;C:\node_modules\.bin;C:\Users\jibri\CONFIG~1\herd\bin\nvm\v22.9.0\node_modules\npm\node_modules\@npmcli\run-script\lib\node-gyp-bin;C:\Program Files\Microsoft\jdk-17.0.16.8-hotspot\bin;C:\ProgramData\Oracle\Java\javapath;C:\Program Files\NVIDIA GPU Computing Toolkit\CUDA\v12.8\bin;C:\Program Files\NVIDIA GPU Computing Toolkit\CUDA\v12.8\libnvvp;C:\Program Files\Common Files\Oracle\Java\javapath;C:\PHP\phpoldversion\;C:\Windows\system32;C:\Windows;C:\Windows\System32\Wbem;C:\Windows\System32\WindowsPowerShell\v1.0\;C:\Windows\System32\OpenSSH\;C:\Program Files (x86)\NVIDIA Corporation\PhysX\Common;C:\Program Files\Microsoft SQL Server\150\Tools\Binn\;C:\Program Files\Microsoft SQL Server\Client SDK\ODBC\170\Tools\Binn\;C:\ProgramData\ComposerSetup\bin;C:\Users\jibri\.config\herd\bin\nvm;C:\Program Files\nodejs;C:\Program Files\Java\jdk-17\bin;C:\xampp\php;C:\WINDOWS\system32;C:\WINDOWS;C:\WINDOWS\System32\Wbem;C:\WINDOWS\System32\WindowsPowerShell\v1.0\;C:\WINDOWS\System32\OpenSSH\;C:\Program Files\nodejs\;C:\Program Files\Git\cmd;C:\Program Files\Git\bin;C:\Users\jibri\AppData\Local\Pub\Cache\bin;C:\Program Files\NVIDIA Corporation\NVIDIA app\NvDLISR;C:\Program Files\heroku\bin;C:\Program Files\NVIDIA Corporation\Nsight Compute 2025.1.1\;C:\ProgramData\chocolatey\bin;C:\Users\jibri\AppData\Local\Programs\Python\Python310\Scripts;C:\Program Files\dotnet\;C:\Program Files (x86)\Windows Kits\10\Windows Performance Toolkit\;C:\Users\jibri\AppData\Local\Android\Sdk\platform-tools;C:\Program Files\Docker\Docker\resources\bin;C:\Program Files\MySQL\MySQL Shell 8.0\bin\;C:\Users\jibri\AppData\Local\Programs\Python\Python310\Scripts\;C:\Users\jibri\AppData\Local\Programs\Python\Python310\;C:\Users\jibri\.config\herd\bin;C:\Users\jibri\AppData\Local\Microsoft\WindowsApps;C:\Users\jibri\AppData\Local\Programs\Microsoft VS Code\bin;C:\Users\jibri
USERNAME=jibri
LANG=en_US.UTF-8
OS=Windows_NT
PROCESSOR_IDENTIFIER=Intel64 Family 6 Model 191 Stepping 2, GenuineIntel



---------------  S Y S T E M  ---------------

OS:
 Windows 11 , 64 bit Build 26100 (10.0.26100.7705)
OS uptime: 0 days 4:01 hours
Hyper-V role detected

CPU: total 20 (initial active 20) (10 cores per cpu, 2 threads per core) family 6 model 191 stepping 2 microcode 0x2c, cx8, cmov, fxsr, ht, mmx, 3dnowpref, sse, sse2, sse3, ssse3, sse4.1, sse4.2, popcnt, lzcnt, tsc, tscinvbit, avx, avx2, aes, erms, clmul, bmi1, bmi2, adx, sha, fma, vzeroupper, clflush, clflushopt, clwb, hv

Memory: 4k page, system-wide physical 7911M (808M free)
TotalPageFile size 32487M (AvailPageFile size 37M)
current process WorkingSet (physical memory assigned to process): 752M, peak: 752M
current process commit charge ("private bytes"): 946M, peak: 946M

vm_info: Java HotSpot(TM) 64-Bit Server VM (17.0.14+8-LTS-191) for windows-amd64 JRE (17.0.14+8-LTS-191), built on Dec  3 2024 11:07:59 by "mach5one" with MS VC++ 17.6 (VS2022)

END.
