#
# There is insufficient memory for the Java Runtime Environment to continue.
# Native memory allocation (mmap) failed to map 240123904 bytes for G1 virtual space
# Possible reasons:
#   The system is out of physical RAM or swap space
#   The process is running with CompressedOops enabled, and the Java Heap may be blocking the growth of the native heap
# Possible solutions:
#   Reduce memory load on the system
#   Increase physical memory or swap space
#   Check if swap backing store is full
#   Decrease Java heap size (-Xmx/-Xms)
#   Decrease number of Java threads
#   Decrease Java thread stack sizes (-Xss)
#   Set larger code cache with -XX:ReservedCodeCacheSize=
#   JVM is running with Unscaled Compressed Oops mode in which the Java heap is
#     placed in the first 4GB address space. The Java Heap base address is the
#     maximum limit for the native heap growth. Please use -XX:HeapBaseMinAddress
#     to set the Java Heap base and to place the Java Heap above 4GB virtual address.
# This output file may be truncated or incomplete.
#
#  Out of Memory Error (os_windows.cpp:3551), pid=31812, tid=3460
#
# JRE version: Java(TM) SE Runtime Environment (17.0.14+8) (build 17.0.14+8-LTS-191)
# Java VM: Java HotSpot(TM) 64-Bit Server VM (17.0.14+8-LTS-191, mixed mode, sharing, tiered, compressed oops, compressed class ptrs, g1 gc, windows-amd64)
# No core dump will be written. Minidumps are not enabled by default on client versions of Windows
#

---------------  S U M M A R Y ------------

Command Line: --add-opens=java.base/java.lang=ALL-UNNAMED --add-opens=java.base/java.lang.invoke=ALL-UNNAMED --add-opens=java.base/java.util=ALL-UNNAMED --add-opens=java.prefs/java.util.prefs=ALL-UNNAMED --add-exports=jdk.compiler/com.sun.tools.javac.api=ALL-UNNAMED --add-exports=jdk.compiler/com.sun.tools.javac.util=ALL-UNNAMED --add-opens=java.base/java.util=ALL-UNNAMED --add-opens=java.prefs/java.util.prefs=ALL-UNNAMED --add-opens=java.base/java.nio.charset=ALL-UNNAMED --add-opens=java.base/java.net=ALL-UNNAMED --add-opens=java.base/java.util.concurrent=ALL-UNNAMED --add-opens=java.base/java.util.concurrent.atomic=ALL-UNNAMED --add-opens=java.xml/javax.xml.namespace=ALL-UNNAMED -XX:MaxMetaspaceSize=512m -Xmx2048m -Dfile.encoding=windows-1252 -Duser.country=PH -Duser.language=en -Duser.variant -javaagent:C:\Users\jibri\.gradle\wrapper\dists\gradle-9.0.0-bin\d6wjpkvcgsg3oed0qlfss3wgl\gradle-9.0.0\lib\agents\gradle-instrumentation-agent-9.0.0.jar org.gradle.launcher.daemon.bootstrap.GradleDaemon 9.0.0

Host: 13th Gen Intel(R) Core(TM) i5-13500HX, 20 cores, 7G,  Windows 11 , 64 bit Build 26100 (10.0.26100.7920)
Time: Tue Mar 24 14:07:35 2026 Malay Peninsula Standard Time elapsed time: 42.726249 seconds (0d 0h 0m 42s)

---------------  T H R E A D  ---------------

Current thread (0x000001f2fe951a90):  VMThread "VM Thread" [stack: 0x0000003ba5700000,0x0000003ba5800000] [id=3460]

Stack: [0x0000003ba5700000,0x0000003ba5800000]
Native frames: (J=compiled Java code, j=interpreted, Vv=VM code, C=native code)
V  [jvm.dll+0x67a38a]
V  [jvm.dll+0x7da7ed]
V  [jvm.dll+0x7dc133]
V  [jvm.dll+0x7dc7a3]
V  [jvm.dll+0x24517f]
V  [jvm.dll+0x6773b9]
V  [jvm.dll+0x66c062]
V  [jvm.dll+0x302096]
V  [jvm.dll+0x309636]
V  [jvm.dll+0x359f8e]
V  [jvm.dll+0x35a1bf]
V  [jvm.dll+0x2d9168]
V  [jvm.dll+0x2dc1d6]
V  [jvm.dll+0x2e68db]
V  [jvm.dll+0x31a960]
V  [jvm.dll+0x7e109b]
V  [jvm.dll+0x7e1dd4]
V  [jvm.dll+0x7e22ed]
V  [jvm.dll+0x7e26c4]
V  [jvm.dll+0x7e2790]
V  [jvm.dll+0x78b04a]
V  [jvm.dll+0x679275]
C  [ucrtbase.dll+0x37b0]
C  [KERNEL32.DLL+0x2e8d7]
C  [ntdll.dll+0x8c48c]

VM_Operation (0x0000003ba53ff850): G1Concurrent, mode: safepoint, requested by thread 0x000001f2f15560b0


---------------  P R O C E S S  ---------------

Threads class SMR info:
_java_thread_list=0x000001f2be50d860, length=331, elements={
0x000001f2f14ec4c0, 0x000001f2fe955be0, 0x000001f2fe9566b0, 0x000001f2fe96f900,
0x000001f2fe9701d0, 0x000001f2fe970aa0, 0x000001f2fe971b10, 0x000001f2fe9792e0,
0x000001f2fe97f3b0, 0x000001f2fe98a480, 0x000001f2ff987d70, 0x000001f2ff9bb660,
0x000001f2ff9b9130, 0x000001f2ff9babc0, 0x000001f2ffb49040, 0x000001f2b15f3140,
0x000001f2b03e7ec0, 0x000001f2b1f12850, 0x000001f2b074a860, 0x000001f2b03e15e0,
0x000001f2b19a8240, 0x000001f2b1f3da70, 0x000001f2b1f3df80, 0x000001f2b1f3d560,
0x000001f2b1f3f3c0, 0x000001f2b1f3e490, 0x000001f2b1f3f8d0, 0x000001f2b1f3c120,
0x000001f2b1f3e9a0, 0x000001f2b1f3c630, 0x000001f2b1f3cb40, 0x000001f2b1f3d050,
0x000001f2b43dead0, 0x000001f2b43ddba0, 0x000001f2b43e1350, 0x000001f2b43e0e40,
0x000001f2b43df4f0, 0x000001f2b43dfa00, 0x000001f2b43e1860, 0x000001f2b43defe0,
0x000001f2b43dff10, 0x000001f2b43de0b0, 0x000001f2b43de5c0, 0x000001f2b43e36c0,
0x000001f2b43e3bd0, 0x000001f2b43e1d70, 0x000001f2b43e2ca0, 0x000001f2b43e0420,
0x000001f2b43e2280, 0x000001f2b43e2790, 0x000001f2b43e40e0, 0x000001f2b43e31b0,
0x000001f2b43e45f0, 0x000001f2b43e4b00, 0x000001f2b43e5010, 0x000001f2b43e5520,
0x000001f2b34fcdf0, 0x000001f2b34fa060, 0x000001f2b34faf90, 0x000001f2b34fc8e0,
0x000001f2b34fd300, 0x000001f2b34fbec0, 0x000001f2b34fb4a0, 0x000001f2b34fc3d0,
0x000001f2b34fb9b0, 0x000001f2b34fd810, 0x000001f2b34faa80, 0x000001f2b34fdd20,
0x000001f2b34fa570, 0x000001f2b35014d0, 0x000001f2b35019e0, 0x000001f2b34ff160,
0x000001f2b3500090, 0x000001f2b34fec50, 0x000001f2b35005a0, 0x000001f2b34fe230,
0x000001f2b34ff670, 0x000001f2b34ffb80, 0x000001f2b3500ab0, 0x000001f2b3500fc0,
0x000001f2b34fe740, 0x000001f2b4c91810, 0x000001f2b4c91300, 0x000001f2b4c8fec0,
0x000001f2b4c8e570, 0x000001f2b4c8e060, 0x000001f2b4c903d0, 0x000001f2b4c8ea80,
0x000001f2b4c8f4a0, 0x000001f2b4c8f9b0, 0x000001f2b4c908e0, 0x000001f2b4c90df0,
0x000001f2b4c91d20, 0x000001f2b4c92230, 0x000001f2b4c92740, 0x000001f2b4c8ef90,
0x000001f2b4c93670, 0x000001f2b4c945a0, 0x000001f2b4c92c50, 0x000001f2b4c94ab0,
0x000001f2b4c954d0, 0x000001f2b4c94090, 0x000001f2b4c94fc0, 0x000001f2b54baf10,
0x000001f2b54b95c0, 0x000001f2b54b7c70, 0x000001f2b54bb930, 0x000001f2b54b8180,
0x000001f2b54b8690, 0x000001f2b54bbe40, 0x000001f2b54bc350, 0x000001f2b54b9ad0,
0x000001f2b54ba4f0, 0x000001f2b54baa00, 0x000001f2b54b8ba0, 0x000001f2b54bc860,
0x000001f2b54b90b0, 0x000001f2b54bdca0, 0x000001f2b54bd790, 0x000001f2b54be6c0,
0x000001f2b54bcd70, 0x000001f2b54bd280, 0x000001f2b54be1b0, 0x000001f2b54bf0e0,
0x000001f2b54bf5f0, 0x000001f2b4be2690, 0x000001f2b4be4f10, 0x000001f2b4be35c0,
0x000001f2b4be44f0, 0x000001f2b4be30b0, 0x000001f2b4be1760, 0x000001f2b4be1c70,
0x000001f2b4be4a00, 0x000001f2b4be2180, 0x000001f2b4be2ba0, 0x000001f2b4be3ad0,
0x000001f2b4be3fe0, 0x000001f2b101c6c0, 0x000001f2b101ad70, 0x000001f2b101b790,
0x000001f2b1019e40, 0x000001f2b101b280, 0x000001f2b101a350, 0x000001f2b101bca0,
0x000001f2b101c1b0, 0x000001f2b101db00, 0x000001f2b101e010, 0x000001f2b101d0e0,
0x000001f2b101d5f0, 0x000001f2b101a860, 0x000001f2b101ea30, 0x000001f2b101e520,
0x000001f2b101cbd0, 0x000001f2b101f450, 0x000001f2b101f960, 0x000001f2b101fe70,
0x000001f2b1020890, 0x000001f2b1020380, 0x000001f2b10212b0, 0x000001f2b1020da0,
0x000001f2b10217c0, 0x000001f2b0773ad0, 0x000001f2b0775420, 0x000001f2b0772ba0,
0x000001f2b07744f0, 0x000001f2b0774a00, 0x000001f2b07730b0, 0x000001f2b0771c70,
0x000001f2b07735c0, 0x000001f2b0773fe0, 0x000001f2b0774f10, 0x000001f2b0775930,
0x000001f2b0772180, 0x000001f2b0775e40, 0x000001f2b0772690, 0x000001f2b0776350,
0x000001f2b0776860, 0x000001f2b0776d70, 0x000001f2b0777ca0, 0x000001f2b0777280,
0x000001f2b0777790, 0x000001f2b07781b0, 0x000001f2b07790e0, 0x000001f2b0778bd0,
0x000001f2b07795f0, 0x000001f2b07786c0, 0x000001f2b1fe0bc0, 0x000001f2b1fe15e0,
0x000001f2b1fded60, 0x000001f2b1fde850, 0x000001f2b1fe1af0, 0x000001f2b1fe10d0,
0x000001f2b1fe06b0, 0x000001f2b1fe2000, 0x000001f2b1fdfc90, 0x000001f2b1fe2510,
0x000001f2b1fe2a20, 0x000001f2b1fdf270, 0x000001f2b1fe01a0, 0x000001f2b1fe2f30,
0x000001f2b1fdf780, 0x000001f2b1fe4370, 0x000001f2b1fe3e60, 0x000001f2b1fe4d90,
0x000001f2b1fe3950, 0x000001f2b1fe4880, 0x000001f2b1fe52a0, 0x000001f2b1fe61d0,
0x000001f2b1fe57b0, 0x000001f2b1fe5cc0, 0x000001f2b1fe3440, 0x000001f2ffc6c060,
0x000001f2ffc6dec0, 0x000001f2ffc6edf0, 0x000001f2ffc6c570, 0x000001f2ffc6cf90,
0x000001f2ffc6d4a0, 0x000001f2ffc6ca80, 0x000001f2ffc6e3d0, 0x000001f2ffc6d9b0,
0x000001f2ffc6bb50, 0x000001f2ffc71160, 0x000001f2ffc71b80, 0x000001f2ffc6f300,
0x000001f2ffc70740, 0x000001f2ffc6fd20, 0x000001f2ffc71670, 0x000001f2ffc72090,
0x000001f2ffc6e8e0, 0x000001f2ffc72fc0, 0x000001f2ffc72ab0, 0x000001f2ffc725a0,
0x000001f2ffc734d0, 0x000001f2ffc70230, 0x000001f2ffc70c50, 0x000001f2b325d4f0,
0x000001f2b325df10, 0x000001f2b325f350, 0x000001f2b325f860, 0x000001f2b325c0b0,
0x000001f2b325da00, 0x000001f2b325c5c0, 0x000001f2b325e420, 0x000001f2b325e930,
0x000001f2b325fd70, 0x000001f2b3260280, 0x000001f2b325cad0, 0x000001f2b325ee40,
0x000001f2b3260790, 0x000001f2b325cfe0, 0x000001f2b3263a30, 0x000001f2b3261bd0,
0x000001f2b3260ca0, 0x000001f2b32620e0, 0x000001f2b32625f0, 0x000001f2b3264450,
0x000001f2b32616c0, 0x000001f2b3263520, 0x000001f2b32611b0, 0x000001f2b3263f40,
0x000001f2b3264960, 0x000001f2b3264e70, 0x000001f2b3265890, 0x000001f2b3265380,
0x000001f2b3265da0, 0x000001f2b3263010, 0x000001f2b32662b0, 0x000001f2b3262b00,
0x000001f2b32676f0, 0x000001f2b3268110, 0x000001f2b3269550, 0x000001f2b3267c00,
0x000001f2b32667c0, 0x000001f2b3268620, 0x000001f2b3269a60, 0x000001f2b3268b30,
0x000001f2b3269040, 0x000001f2b3269f70, 0x000001f2b326a480, 0x000001f2b3266cd0,
0x000001f2b326a990, 0x000001f2b32671e0, 0x000001f2b326b8c0, 0x000001f2b326aea0,
0x000001f2b36928d0, 0x000001f2b36932f0, 0x000001f2b36923c0, 0x000001f2b326b3b0,
0x000001f2b54089b0, 0x000001f2b74a99f0, 0x000001f2b74a94e0, 0x000001f2bd725090,
0x000001f2bd7264d0, 0x000001f2bd7255a0, 0x000001f2bd725ab0, 0x000001f2bd725fc0,
0x000001f2b74a8ac0, 0x000001f2b6390df0, 0x000001f2b638e570, 0x000001f2b638ea80,
0x000001f2b638ef90, 0x000001f2b6391300, 0x000001f2b63903d0, 0x000001f2b6a3c400,
0x000001f2b5407a80, 0x000001f2b5407060, 0x000001f2b42336d0, 0x000001f2bed55980,
0x000001f2bed56970, 0x000001f2b4e93a90, 0x000001f2c18b4840, 0x000001f2c18b4d50,
0x000001f2bed58ea0, 0x000001f2c0284050, 0x000001f2b4233be0, 0x000001f2b5a67860,
0x000001f2bef97ce0, 0x000001f2b3692de0, 0x000001f2b7702900, 0x000001f2c18b5260,
0x000001f2b5f32370, 0x000001f2b5f32880, 0x000001f2b6914800, 0x000001f2c29c7570,
0x000001f2c0283630, 0x000001f2b5a67d70, 0x000001f2bef8ced0, 0x000001f2b69142f0,
0x000001f2b4e944b0, 0x000001f2b4e93fa0, 0x000001f2b5be26b0
}

Java Threads: ( => current thread )
  0x000001f2f14ec4c0 JavaThread "main" [_thread_blocked, id=20296, stack(0x0000003ba5100000,0x0000003ba5200000)]
  0x000001f2fe955be0 JavaThread "Reference Handler" daemon [_thread_blocked, id=30332, stack(0x0000003ba5800000,0x0000003ba5900000)]
  0x000001f2fe9566b0 JavaThread "Finalizer" daemon [_thread_blocked, id=15852, stack(0x0000003ba5900000,0x0000003ba5a00000)]
  0x000001f2fe96f900 JavaThread "Signal Dispatcher" daemon [_thread_blocked, id=14540, stack(0x0000003ba5a00000,0x0000003ba5b00000)]
  0x000001f2fe9701d0 JavaThread "Attach Listener" daemon [_thread_blocked, id=31876, stack(0x0000003ba5b00000,0x0000003ba5c00000)]
  0x000001f2fe970aa0 JavaThread "Service Thread" daemon [_thread_blocked, id=18228, stack(0x0000003ba5c00000,0x0000003ba5d00000)]
  0x000001f2fe971b10 JavaThread "Monitor Deflation Thread" daemon [_thread_blocked, id=13524, stack(0x0000003ba5d00000,0x0000003ba5e00000)]
  0x000001f2fe9792e0 JavaThread "C2 CompilerThread0" daemon [_thread_blocked, id=19660, stack(0x0000003ba5e00000,0x0000003ba5f00000)]
  0x000001f2fe97f3b0 JavaThread "C1 CompilerThread0" daemon [_thread_blocked, id=24356, stack(0x0000003ba5f00000,0x0000003ba6000000)]
  0x000001f2fe98a480 JavaThread "Sweeper thread" daemon [_thread_blocked, id=3452, stack(0x0000003ba6000000,0x0000003ba6100000)]
  0x000001f2ff987d70 JavaThread "Common-Cleaner" daemon [_thread_blocked, id=25228, stack(0x0000003ba6100000,0x0000003ba6200000)]
  0x000001f2ff9bb660 JavaThread "C1 CompilerThread1" daemon [_thread_blocked, id=30668, stack(0x0000003ba6200000,0x0000003ba6300000)]
  0x000001f2ff9b9130 JavaThread "C1 CompilerThread2" daemon [_thread_blocked, id=23296, stack(0x0000003ba6300000,0x0000003ba6400000)]
  0x000001f2ff9babc0 JavaThread "C1 CompilerThread3" daemon [_thread_blocked, id=29668, stack(0x0000003ba6400000,0x0000003ba6500000)]
  0x000001f2ffb49040 JavaThread "Notification Thread" daemon [_thread_blocked, id=33316, stack(0x0000003ba6700000,0x0000003ba6800000)]
  0x000001f2b15f3140 JavaThread "Daemon health stats" [_thread_blocked, id=32532, stack(0x0000003ba6d00000,0x0000003ba6e00000)]
  0x000001f2b03e7ec0 JavaThread "Incoming local TCP Connector on port 65396" [_thread_in_native, id=25580, stack(0x0000003ba6e00000,0x0000003ba6f00000)]
  0x000001f2b1f12850 JavaThread "Daemon periodic checks" [_thread_blocked, id=15932, stack(0x0000003ba6f00000,0x0000003ba7000000)]
  0x000001f2b074a860 JavaThread "Daemon" [_thread_blocked, id=32220, stack(0x0000003ba6600000,0x0000003ba6700000)]
  0x000001f2b03e15e0 JavaThread "Handler for socket connection from /127.0.0.1:65396 to /127.0.0.1:65397" [_thread_in_native, id=28160, stack(0x0000003ba7000000,0x0000003ba7100000)]
  0x000001f2b19a8240 JavaThread "Cancel handler" [_thread_blocked, id=33252, stack(0x0000003ba7100000,0x0000003ba7200000)]
  0x000001f2b1f3da70 JavaThread "Daemon worker" [_thread_blocked, id=21544, stack(0x0000003ba7200000,0x0000003ba7300000)]
  0x000001f2b1f3df80 JavaThread "Asynchronous log dispatcher for DefaultDaemonConnection: socket connection from /127.0.0.1:65396 to /127.0.0.1:65397" [_thread_blocked, id=26288, stack(0x0000003ba7300000,0x0000003ba7400000)]
  0x000001f2b1f3d560 JavaThread "Stdin handler" [_thread_blocked, id=25172, stack(0x0000003ba7400000,0x0000003ba7500000)]
  0x000001f2b1f3f3c0 JavaThread "Daemon client event forwarder" [_thread_blocked, id=20420, stack(0x0000003ba7500000,0x0000003ba7600000)]
  0x000001f2b1f3e490 JavaThread "Cache worker for journal cache (C:\Users\jibri\.gradle\caches\journal-1)" [_thread_blocked, id=30268, stack(0x0000003ba7600000,0x0000003ba7700000)]
  0x000001f2b1f3f8d0 JavaThread "File lock request listener" [_thread_in_native, id=34208, stack(0x0000003ba7700000,0x0000003ba7800000)]
  0x000001f2b1f3c120 JavaThread "Cache worker for file hash cache (C:\Users\jibri\.gradle\caches\9.0.0\fileHashes)" [_thread_blocked, id=34104, stack(0x0000003ba7800000,0x0000003ba7900000)]
  0x000001f2b1f3e9a0 JavaThread "Cache worker for file hash cache (C:\rubi_web\CISC_Capstone\MiscueReading\android\.gradle\9.0.0\fileHashes)" [_thread_blocked, id=5244, stack(0x0000003ba8600000,0x0000003ba8700000)]
  0x000001f2b1f3c630 JavaThread "Cache worker for Build Output Cleanup Cache (C:\rubi_web\CISC_Capstone\MiscueReading\android\.gradle\buildOutputCleanup)" [_thread_blocked, id=13660, stack(0x0000003ba8700000,0x0000003ba8800000)]
  0x000001f2b1f3cb40 JavaThread "File watcher server" daemon [_thread_blocked, id=29724, stack(0x0000003ba8800000,0x0000003ba8900000)]
  0x000001f2b1f3d050 JavaThread "File watcher consumer" daemon [_thread_blocked, id=8840, stack(0x0000003ba8900000,0x0000003ba8a00000)]
  0x000001f2b43dead0 JavaThread "Cache worker for checksums cache (C:\rubi_web\CISC_Capstone\MiscueReading\android\.gradle\9.0.0\checksums)" [_thread_blocked, id=29376, stack(0x0000003ba8a00000,0x0000003ba8b00000)]
  0x000001f2b43ddba0 JavaThread "Cache worker for file content cache (C:\Users\jibri\.gradle\caches\9.0.0\fileContent)" [_thread_blocked, id=32692, stack(0x0000003ba8b00000,0x0000003ba8c00000)]
  0x000001f2b43e1350 JavaThread "Cache worker for cache directory md-supplier (C:\Users\jibri\.gradle\caches\9.0.0\md-supplier)" [_thread_blocked, id=2092, stack(0x0000003ba8c00000,0x0000003ba8d00000)]
  0x000001f2b43e0e40 JavaThread "Cache worker for cache directory md-rule (C:\Users\jibri\.gradle\caches\9.0.0\md-rule)" [_thread_blocked, id=23048, stack(0x0000003ba8d00000,0x0000003ba8e00000)]
  0x000001f2b43df4f0 JavaThread "jar transforms" [_thread_blocked, id=22268, stack(0x0000003ba8e00000,0x0000003ba8f00000)]
  0x000001f2b43dfa00 JavaThread "Cache worker for Build Output Cleanup Cache (C:\rubi_web\CISC_Capstone\MiscueReading\node_modules\@react-native\gradle-plugin\.gradle\buildOutputCleanup)" [_thread_blocked, id=31308, stack(0x0000003ba8f00000,0x0000003ba9000000)]
  0x000001f2b43e1860 JavaThread "Unconstrained build operations" [_thread_blocked, id=32804, stack(0x0000003ba9000000,0x0000003ba9100000)]
  0x000001f2b43defe0 JavaThread "Unconstrained build operations Thread 2" [_thread_blocked, id=12652, stack(0x0000003ba9100000,0x0000003ba9200000)]
  0x000001f2b43dff10 JavaThread "Unconstrained build operations Thread 3" [_thread_blocked, id=33312, stack(0x0000003ba9200000,0x0000003ba9300000)]
  0x000001f2b43de0b0 JavaThread "Unconstrained build operations Thread 4" [_thread_blocked, id=27936, stack(0x0000003ba9300000,0x0000003ba9400000)]
  0x000001f2b43de5c0 JavaThread "Unconstrained build operations Thread 5" [_thread_blocked, id=21384, stack(0x0000003ba9400000,0x0000003ba9500000)]
  0x000001f2b43e36c0 JavaThread "Unconstrained build operations Thread 6" [_thread_blocked, id=31128, stack(0x0000003ba9500000,0x0000003ba9600000)]
  0x000001f2b43e3bd0 JavaThread "Unconstrained build operations Thread 7" [_thread_blocked, id=12784, stack(0x0000003ba9600000,0x0000003ba9700000)]
  0x000001f2b43e1d70 JavaThread "Unconstrained build operations Thread 8" [_thread_blocked, id=17108, stack(0x0000003ba9700000,0x0000003ba9800000)]
  0x000001f2b43e2ca0 JavaThread "Unconstrained build operations Thread 9" [_thread_blocked, id=18848, stack(0x0000003ba9800000,0x0000003ba9900000)]
  0x000001f2b43e0420 JavaThread "Unconstrained build operations Thread 10" [_thread_blocked, id=9756, stack(0x0000003ba9900000,0x0000003ba9a00000)]
  0x000001f2b43e2280 JavaThread "Unconstrained build operations Thread 11" [_thread_blocked, id=27088, stack(0x0000003ba9a00000,0x0000003ba9b00000)]
  0x000001f2b43e2790 JavaThread "Unconstrained build operations Thread 12" [_thread_blocked, id=24592, stack(0x0000003ba9b00000,0x0000003ba9c00000)]
  0x000001f2b43e40e0 JavaThread "Unconstrained build operations Thread 13" [_thread_blocked, id=21540, stack(0x0000003ba9c00000,0x0000003ba9d00000)]
  0x000001f2b43e31b0 JavaThread "Unconstrained build operations Thread 14" [_thread_blocked, id=32516, stack(0x0000003ba9d00000,0x0000003ba9e00000)]
  0x000001f2b43e45f0 JavaThread "Unconstrained build operations Thread 15" [_thread_blocked, id=7388, stack(0x0000003ba9e00000,0x0000003ba9f00000)]
  0x000001f2b43e4b00 JavaThread "Unconstrained build operations Thread 16" [_thread_blocked, id=30888, stack(0x0000003ba9f00000,0x0000003baa000000)]
  0x000001f2b43e5010 JavaThread "Unconstrained build operations Thread 17" [_thread_blocked, id=32092, stack(0x0000003baa000000,0x0000003baa100000)]
  0x000001f2b43e5520 JavaThread "Unconstrained build operations Thread 18" [_thread_blocked, id=31584, stack(0x0000003baa100000,0x0000003baa200000)]
  0x000001f2b34fcdf0 JavaThread "Unconstrained build operations Thread 19" [_thread_blocked, id=25184, stack(0x0000003baa200000,0x0000003baa300000)]
  0x000001f2b34fa060 JavaThread "Unconstrained build operations Thread 20" [_thread_blocked, id=7624, stack(0x0000003baa300000,0x0000003baa400000)]
  0x000001f2b34faf90 JavaThread "Unconstrained build operations Thread 21" [_thread_blocked, id=15552, stack(0x0000003baa400000,0x0000003baa500000)]
  0x000001f2b34fc8e0 JavaThread "Unconstrained build operations Thread 22" [_thread_blocked, id=21556, stack(0x0000003baa500000,0x0000003baa600000)]
  0x000001f2b34fd300 JavaThread "Unconstrained build operations Thread 23" [_thread_blocked, id=30820, stack(0x0000003baa600000,0x0000003baa700000)]
  0x000001f2b34fbec0 JavaThread "Unconstrained build operations Thread 24" [_thread_blocked, id=28080, stack(0x0000003baa700000,0x0000003baa800000)]
  0x000001f2b34fb4a0 JavaThread "Unconstrained build operations Thread 25" [_thread_blocked, id=9516, stack(0x0000003baa800000,0x0000003baa900000)]
  0x000001f2b34fc3d0 JavaThread "Unconstrained build operations Thread 26" [_thread_blocked, id=11464, stack(0x0000003baa900000,0x0000003baaa00000)]
  0x000001f2b34fb9b0 JavaThread "Unconstrained build operations Thread 27" [_thread_blocked, id=15560, stack(0x0000003baaa00000,0x0000003baab00000)]
  0x000001f2b34fd810 JavaThread "Unconstrained build operations Thread 28" [_thread_blocked, id=32816, stack(0x0000003baab00000,0x0000003baac00000)]
  0x000001f2b34faa80 JavaThread "Unconstrained build operations Thread 29" [_thread_blocked, id=16056, stack(0x0000003baac00000,0x0000003baad00000)]
  0x000001f2b34fdd20 JavaThread "Unconstrained build operations Thread 30" [_thread_blocked, id=14344, stack(0x0000003baad00000,0x0000003baae00000)]
  0x000001f2b34fa570 JavaThread "Unconstrained build operations Thread 31" [_thread_blocked, id=30472, stack(0x0000003baae00000,0x0000003baaf00000)]
  0x000001f2b35014d0 JavaThread "Unconstrained build operations Thread 32" [_thread_blocked, id=12832, stack(0x0000003baaf00000,0x0000003bab000000)]
  0x000001f2b35019e0 JavaThread "Unconstrained build operations Thread 33" [_thread_blocked, id=16524, stack(0x0000003bab000000,0x0000003bab100000)]
  0x000001f2b34ff160 JavaThread "Unconstrained build operations Thread 34" [_thread_blocked, id=6804, stack(0x0000003bab100000,0x0000003bab200000)]
  0x000001f2b3500090 JavaThread "Unconstrained build operations Thread 35" [_thread_blocked, id=29532, stack(0x0000003bab200000,0x0000003bab300000)]
  0x000001f2b34fec50 JavaThread "Unconstrained build operations Thread 36" [_thread_blocked, id=12884, stack(0x0000003bab300000,0x0000003bab400000)]
  0x000001f2b35005a0 JavaThread "Unconstrained build operations Thread 37" [_thread_blocked, id=5724, stack(0x0000003bab400000,0x0000003bab500000)]
  0x000001f2b34fe230 JavaThread "Unconstrained build operations Thread 38" [_thread_blocked, id=26852, stack(0x0000003bab500000,0x0000003bab600000)]
  0x000001f2b34ff670 JavaThread "Unconstrained build operations Thread 39" [_thread_blocked, id=24328, stack(0x0000003bab600000,0x0000003bab700000)]
  0x000001f2b34ffb80 JavaThread "Unconstrained build operations Thread 40" [_thread_blocked, id=33040, stack(0x0000003bab700000,0x0000003bab800000)]
  0x000001f2b3500ab0 JavaThread "Unconstrained build operations Thread 41" [_thread_blocked, id=30648, stack(0x0000003bab800000,0x0000003bab900000)]
  0x000001f2b3500fc0 JavaThread "Unconstrained build operations Thread 42" [_thread_blocked, id=26952, stack(0x0000003bab900000,0x0000003baba00000)]
  0x000001f2b34fe740 JavaThread "Unconstrained build operations Thread 43" [_thread_blocked, id=26476, stack(0x0000003baba00000,0x0000003babb00000)]
  0x000001f2b4c91810 JavaThread "Unconstrained build operations Thread 44" [_thread_blocked, id=15764, stack(0x0000003babb00000,0x0000003babc00000)]
  0x000001f2b4c91300 JavaThread "Unconstrained build operations Thread 45" [_thread_blocked, id=5556, stack(0x0000003babc00000,0x0000003babd00000)]
  0x000001f2b4c8fec0 JavaThread "Unconstrained build operations Thread 46" [_thread_blocked, id=33508, stack(0x0000003babd00000,0x0000003babe00000)]
  0x000001f2b4c8e570 JavaThread "Unconstrained build operations Thread 47" [_thread_blocked, id=7216, stack(0x0000003babe00000,0x0000003babf00000)]
  0x000001f2b4c8e060 JavaThread "Unconstrained build operations Thread 48" [_thread_blocked, id=22836, stack(0x0000003babf00000,0x0000003bac000000)]
  0x000001f2b4c903d0 JavaThread "Unconstrained build operations Thread 49" [_thread_blocked, id=9640, stack(0x0000003bac000000,0x0000003bac100000)]
  0x000001f2b4c8ea80 JavaThread "Unconstrained build operations Thread 50" [_thread_blocked, id=9956, stack(0x0000003bac100000,0x0000003bac200000)]
  0x000001f2b4c8f4a0 JavaThread "Unconstrained build operations Thread 51" [_thread_blocked, id=2476, stack(0x0000003bac200000,0x0000003bac300000)]
  0x000001f2b4c8f9b0 JavaThread "Unconstrained build operations Thread 52" [_thread_blocked, id=27644, stack(0x0000003bac300000,0x0000003bac400000)]
  0x000001f2b4c908e0 JavaThread "Unconstrained build operations Thread 53" [_thread_blocked, id=24264, stack(0x0000003bac400000,0x0000003bac500000)]
  0x000001f2b4c90df0 JavaThread "Unconstrained build operations Thread 54" [_thread_blocked, id=24744, stack(0x0000003bac500000,0x0000003bac600000)]
  0x000001f2b4c91d20 JavaThread "Unconstrained build operations Thread 55" [_thread_blocked, id=16480, stack(0x0000003bac600000,0x0000003bac700000)]
  0x000001f2b4c92230 JavaThread "Unconstrained build operations Thread 56" [_thread_blocked, id=27600, stack(0x0000003bac700000,0x0000003bac800000)]
  0x000001f2b4c92740 JavaThread "Unconstrained build operations Thread 57" [_thread_blocked, id=32128, stack(0x0000003bac800000,0x0000003bac900000)]
  0x000001f2b4c8ef90 JavaThread "Unconstrained build operations Thread 58" [_thread_blocked, id=23180, stack(0x0000003bac900000,0x0000003baca00000)]
  0x000001f2b4c93670 JavaThread "Unconstrained build operations Thread 59" [_thread_blocked, id=15144, stack(0x0000003baca00000,0x0000003bacb00000)]
  0x000001f2b4c945a0 JavaThread "Unconstrained build operations Thread 60" [_thread_blocked, id=28660, stack(0x0000003bacb00000,0x0000003bacc00000)]
  0x000001f2b4c92c50 JavaThread "Unconstrained build operations Thread 61" [_thread_blocked, id=8096, stack(0x0000003bacc00000,0x0000003bacd00000)]
  0x000001f2b4c94ab0 JavaThread "Unconstrained build operations Thread 62" [_thread_blocked, id=20112, stack(0x0000003bacd00000,0x0000003bace00000)]
  0x000001f2b4c954d0 JavaThread "Unconstrained build operations Thread 63" [_thread_blocked, id=33732, stack(0x0000003bace00000,0x0000003bacf00000)]
  0x000001f2b4c94090 JavaThread "build event listener" [_thread_blocked, id=34512, stack(0x0000003bacf00000,0x0000003bad000000)]
  0x000001f2b4c94fc0 JavaThread "Memory manager" [_thread_blocked, id=34496, stack(0x0000003bad000000,0x0000003bad100000)]
  0x000001f2b54baf10 JavaThread "ForkJoinPool.commonPool-worker-1" daemon [_thread_blocked, id=14592, stack(0x0000003bad100000,0x0000003bad200000)]
  0x000001f2b54b95c0 JavaThread "ForkJoinPool.commonPool-worker-2" daemon [_thread_blocked, id=32588, stack(0x0000003bad200000,0x0000003bad300000)]
  0x000001f2b54b7c70 JavaThread "ForkJoinPool.commonPool-worker-3" daemon [_thread_blocked, id=33232, stack(0x0000003bad300000,0x0000003bad400000)]
  0x000001f2b54bb930 JavaThread "ForkJoinPool.commonPool-worker-4" daemon [_thread_blocked, id=33744, stack(0x0000003bad400000,0x0000003bad500000)]
  0x000001f2b54b8180 JavaThread "ForkJoinPool.commonPool-worker-5" daemon [_thread_blocked, id=24844, stack(0x0000003bad500000,0x0000003bad600000)]
  0x000001f2b54b8690 JavaThread "ForkJoinPool.commonPool-worker-6" daemon [_thread_blocked, id=2420, stack(0x0000003bad600000,0x0000003bad700000)]
  0x000001f2b54bbe40 JavaThread "ForkJoinPool.commonPool-worker-7" daemon [_thread_blocked, id=30652, stack(0x0000003bad700000,0x0000003bad800000)]
  0x000001f2b54bc350 JavaThread "ForkJoinPool.commonPool-worker-8" daemon [_thread_blocked, id=27828, stack(0x0000003bad800000,0x0000003bad900000)]
  0x000001f2b54b9ad0 JavaThread "ForkJoinPool.commonPool-worker-9" daemon [_thread_blocked, id=30292, stack(0x0000003bad900000,0x0000003bada00000)]
  0x000001f2b54ba4f0 JavaThread "ForkJoinPool.commonPool-worker-11" daemon [_thread_blocked, id=3764, stack(0x0000003bada00000,0x0000003badb00000)]
  0x000001f2b54baa00 JavaThread "ForkJoinPool.commonPool-worker-10" daemon [_thread_blocked, id=31560, stack(0x0000003badb00000,0x0000003badc00000)]
  0x000001f2b54b8ba0 JavaThread "ForkJoinPool.commonPool-worker-12" daemon [_thread_blocked, id=24700, stack(0x0000003badc00000,0x0000003badd00000)]
  0x000001f2b54bc860 JavaThread "Exec process" [_thread_blocked, id=23636, stack(0x0000003badd00000,0x0000003bade00000)]
  0x000001f2b54b90b0 JavaThread "Exec process Thread 2" [_thread_blocked, id=23116, stack(0x0000003bade00000,0x0000003badf00000)]
  0x000001f2b54bdca0 JavaThread "Exec process Thread 3" [_thread_blocked, id=21244, stack(0x0000003badf00000,0x0000003bae000000)]
  0x000001f2b54bd790 JavaThread "ForkJoinPool.commonPool-worker-13" daemon [_thread_blocked, id=34324, stack(0x0000003bae000000,0x0000003bae100000)]
  0x000001f2b54be6c0 JavaThread "ForkJoinPool.commonPool-worker-14" daemon [_thread_blocked, id=16392, stack(0x0000003bae100000,0x0000003bae200000)]
  0x000001f2b54bcd70 JavaThread "ForkJoinPool.commonPool-worker-15" daemon [_thread_blocked, id=33896, stack(0x0000003ba6500000,0x0000003ba6600000)]
  0x000001f2b54bd280 JavaThread "ForkJoinPool.commonPool-worker-16" daemon [_thread_blocked, id=34040, stack(0x0000003bae200000,0x0000003bae300000)]
  0x000001f2b54be1b0 JavaThread "ForkJoinPool.commonPool-worker-17" daemon [_thread_blocked, id=4216, stack(0x0000003bae300000,0x0000003bae400000)]
  0x000001f2b54bf0e0 JavaThread "ForkJoinPool.commonPool-worker-18" daemon [_thread_blocked, id=34116, stack(0x0000003bae400000,0x0000003bae500000)]
  0x000001f2b54bf5f0 JavaThread "included builds" [_thread_blocked, id=16016, stack(0x0000003bae600000,0x0000003bae700000)]
  0x000001f2b4be2690 JavaThread "Execution worker" [_thread_blocked, id=28964, stack(0x0000003bae700000,0x0000003bae800000)]
  0x000001f2b4be4f10 JavaThread "Execution worker Thread 2" [_thread_blocked, id=22672, stack(0x0000003bae800000,0x0000003bae900000)]
  0x000001f2b4be35c0 JavaThread "Execution worker Thread 3" [_thread_blocked, id=33340, stack(0x0000003bae900000,0x0000003baea00000)]
  0x000001f2b4be44f0 JavaThread "Execution worker Thread 4" [_thread_blocked, id=30736, stack(0x0000003baea00000,0x0000003baeb00000)]
  0x000001f2b4be30b0 JavaThread "Execution worker Thread 5" [_thread_blocked, id=19900, stack(0x0000003baeb00000,0x0000003baec00000)]
  0x000001f2b4be1760 JavaThread "Execution worker Thread 6" [_thread_blocked, id=23464, stack(0x0000003baec00000,0x0000003baed00000)]
  0x000001f2b4be1c70 JavaThread "Execution worker Thread 7" [_thread_blocked, id=24908, stack(0x0000003baed00000,0x0000003baee00000)]
  0x000001f2b4be4a00 JavaThread "Execution worker Thread 8" [_thread_blocked, id=18724, stack(0x0000003baee00000,0x0000003baef00000)]
  0x000001f2b4be2180 JavaThread "Execution worker Thread 9" [_thread_blocked, id=24060, stack(0x0000003baef00000,0x0000003baf000000)]
  0x000001f2b4be2ba0 JavaThread "Execution worker Thread 10" [_thread_blocked, id=32032, stack(0x0000003baf000000,0x0000003baf100000)]
  0x000001f2b4be3ad0 JavaThread "Execution worker Thread 11" [_thread_blocked, id=22816, stack(0x0000003baf100000,0x0000003baf200000)]
  0x000001f2b4be3fe0 JavaThread "Execution worker Thread 12" [_thread_blocked, id=28188, stack(0x0000003baf200000,0x0000003baf300000)]
  0x000001f2b101c6c0 JavaThread "Execution worker Thread 13" [_thread_blocked, id=32396, stack(0x0000003baf300000,0x0000003baf400000)]
  0x000001f2b101ad70 JavaThread "Execution worker Thread 14" [_thread_blocked, id=32448, stack(0x0000003baf400000,0x0000003baf500000)]
  0x000001f2b101b790 JavaThread "Execution worker Thread 15" [_thread_blocked, id=33120, stack(0x0000003baf500000,0x0000003baf600000)]
  0x000001f2b1019e40 JavaThread "Execution worker Thread 16" [_thread_blocked, id=32744, stack(0x0000003baf600000,0x0000003baf700000)]
  0x000001f2b101b280 JavaThread "Execution worker Thread 17" [_thread_blocked, id=24204, stack(0x0000003baf700000,0x0000003baf800000)]
  0x000001f2b101a350 JavaThread "Execution worker Thread 18" [_thread_blocked, id=5212, stack(0x0000003baf800000,0x0000003baf900000)]
  0x000001f2b101bca0 JavaThread "Execution worker Thread 19" [_thread_blocked, id=33376, stack(0x0000003baf900000,0x0000003bafa00000)]
  0x000001f2b101c1b0 JavaThread "Cache worker for execution history cache (C:\rubi_web\CISC_Capstone\MiscueReading\node_modules\@react-native\gradle-plugin\.gradle\9.0.0\executionHistory)" [_thread_blocked, id=14348, stack(0x0000003bafa00000,0x0000003bafb00000)]
  0x000001f2b101db00 JavaThread "Unconstrained build operations Thread 64" [_thread_blocked, id=32104, stack(0x0000003bafb00000,0x0000003bafc00000)]
  0x000001f2b101e010 JavaThread "Unconstrained build operations Thread 65" [_thread_blocked, id=3392, stack(0x0000003bafc00000,0x0000003bafd00000)]
  0x000001f2b101d0e0 JavaThread "Unconstrained build operations Thread 66" [_thread_blocked, id=31796, stack(0x0000003bafd00000,0x0000003bafe00000)]
  0x000001f2b101d5f0 JavaThread "Unconstrained build operations Thread 67" [_thread_blocked, id=33016, stack(0x0000003bafe00000,0x0000003baff00000)]
  0x000001f2b101a860 JavaThread "Unconstrained build operations Thread 68" [_thread_blocked, id=7740, stack(0x0000003baff00000,0x0000003bb0000000)]
  0x000001f2b101ea30 JavaThread "Unconstrained build operations Thread 69" [_thread_blocked, id=12184, stack(0x0000003bb0000000,0x0000003bb0100000)]
  0x000001f2b101e520 JavaThread "Unconstrained build operations Thread 70" [_thread_blocked, id=18576, stack(0x0000003bb0100000,0x0000003bb0200000)]
  0x000001f2b101cbd0 JavaThread "Unconstrained build operations Thread 71" [_thread_blocked, id=31112, stack(0x0000003bb0200000,0x0000003bb0300000)]
  0x000001f2b101f450 JavaThread "Unconstrained build operations Thread 72" [_thread_blocked, id=31556, stack(0x0000003bb0300000,0x0000003bb0400000)]
  0x000001f2b101f960 JavaThread "Unconstrained build operations Thread 73" [_thread_blocked, id=30248, stack(0x0000003bb0400000,0x0000003bb0500000)]
  0x000001f2b101fe70 JavaThread "Unconstrained build operations Thread 74" [_thread_blocked, id=15648, stack(0x0000003bb0500000,0x0000003bb0600000)]
  0x000001f2b1020890 JavaThread "Unconstrained build operations Thread 75" [_thread_blocked, id=23748, stack(0x0000003bb0600000,0x0000003bb0700000)]
  0x000001f2b1020380 JavaThread "Unconstrained build operations Thread 76" [_thread_blocked, id=28128, stack(0x0000003bb0700000,0x0000003bb0800000)]
  0x000001f2b10212b0 JavaThread "Unconstrained build operations Thread 77" [_thread_blocked, id=33068, stack(0x0000003bb0800000,0x0000003bb0900000)]
  0x000001f2b1020da0 JavaThread "Unconstrained build operations Thread 78" [_thread_blocked, id=22856, stack(0x0000003bb0900000,0x0000003bb0a00000)]
  0x000001f2b10217c0 JavaThread "Unconstrained build operations Thread 79" [_thread_blocked, id=21940, stack(0x0000003bb0a00000,0x0000003bb0b00000)]
  0x000001f2b0773ad0 JavaThread "Unconstrained build operations Thread 80" [_thread_blocked, id=34424, stack(0x0000003bb0b00000,0x0000003bb0c00000)]
  0x000001f2b0775420 JavaThread "Unconstrained build operations Thread 81" [_thread_blocked, id=34656, stack(0x0000003bb0c00000,0x0000003bb0d00000)]
  0x000001f2b0772ba0 JavaThread "Unconstrained build operations Thread 82" [_thread_blocked, id=34672, stack(0x0000003bb0d00000,0x0000003bb0e00000)]
  0x000001f2b07744f0 JavaThread "Unconstrained build operations Thread 83" [_thread_blocked, id=17860, stack(0x0000003bb0e00000,0x0000003bb0f00000)]
  0x000001f2b0774a00 JavaThread "Unconstrained build operations Thread 84" [_thread_blocked, id=21676, stack(0x0000003bb0f00000,0x0000003bb1000000)]
  0x000001f2b07730b0 JavaThread "Unconstrained build operations Thread 85" [_thread_blocked, id=17932, stack(0x0000003bb1000000,0x0000003bb1100000)]
  0x000001f2b0771c70 JavaThread "Unconstrained build operations Thread 86" [_thread_blocked, id=34796, stack(0x0000003bb1100000,0x0000003bb1200000)]
  0x000001f2b07735c0 JavaThread "Unconstrained build operations Thread 87" [_thread_blocked, id=34804, stack(0x0000003bb1200000,0x0000003bb1300000)]
  0x000001f2b0773fe0 JavaThread "Unconstrained build operations Thread 88" [_thread_blocked, id=34800, stack(0x0000003bb1300000,0x0000003bb1400000)]
  0x000001f2b0774f10 JavaThread "Unconstrained build operations Thread 89" [_thread_blocked, id=29372, stack(0x0000003bb1400000,0x0000003bb1500000)]
  0x000001f2b0775930 JavaThread "Unconstrained build operations Thread 90" [_thread_blocked, id=32416, stack(0x0000003bb1500000,0x0000003bb1600000)]
  0x000001f2b0772180 JavaThread "Unconstrained build operations Thread 91" [_thread_blocked, id=33424, stack(0x0000003bb1600000,0x0000003bb1700000)]
  0x000001f2b0775e40 JavaThread "Unconstrained build operations Thread 92" [_thread_blocked, id=23836, stack(0x0000003bb1700000,0x0000003bb1800000)]
  0x000001f2b0772690 JavaThread "Unconstrained build operations Thread 93" [_thread_blocked, id=27868, stack(0x0000003bb1800000,0x0000003bb1900000)]
  0x000001f2b0776350 JavaThread "Unconstrained build operations Thread 94" [_thread_blocked, id=14144, stack(0x0000003bb1900000,0x0000003bb1a00000)]
  0x000001f2b0776860 JavaThread "Unconstrained build operations Thread 95" [_thread_blocked, id=28952, stack(0x0000003bb1a00000,0x0000003bb1b00000)]
  0x000001f2b0776d70 JavaThread "Unconstrained build operations Thread 96" [_thread_blocked, id=28248, stack(0x0000003bb1b00000,0x0000003bb1c00000)]
  0x000001f2b0777ca0 JavaThread "Unconstrained build operations Thread 97" [_thread_blocked, id=28428, stack(0x0000003bb1c00000,0x0000003bb1d00000)]
  0x000001f2b0777280 JavaThread "Unconstrained build operations Thread 98" [_thread_blocked, id=8048, stack(0x0000003bb1d00000,0x0000003bb1e00000)]
  0x000001f2b0777790 JavaThread "Unconstrained build operations Thread 99" [_thread_blocked, id=34784, stack(0x0000003bb1e00000,0x0000003bb1f00000)]
  0x000001f2b07781b0 JavaThread "Unconstrained build operations Thread 100" [_thread_blocked, id=34776, stack(0x0000003bb1f00000,0x0000003bb2000000)]
  0x000001f2b07790e0 JavaThread "Unconstrained build operations Thread 101" [_thread_blocked, id=34764, stack(0x0000003bb2000000,0x0000003bb2100000)]
  0x000001f2b0778bd0 JavaThread "Unconstrained build operations Thread 102" [_thread_blocked, id=28312, stack(0x0000003bb2100000,0x0000003bb2200000)]
  0x000001f2b07795f0 JavaThread "Unconstrained build operations Thread 103" [_thread_blocked, id=31156, stack(0x0000003bb2200000,0x0000003bb2300000)]
  0x000001f2b07786c0 JavaThread "Unconstrained build operations Thread 104" [_thread_blocked, id=30704, stack(0x0000003bb2300000,0x0000003bb2400000)]
  0x000001f2b1fe0bc0 JavaThread "Unconstrained build operations Thread 105" [_thread_blocked, id=33036, stack(0x0000003bb2400000,0x0000003bb2500000)]
  0x000001f2b1fe15e0 JavaThread "Unconstrained build operations Thread 106" [_thread_blocked, id=2540, stack(0x0000003bb2500000,0x0000003bb2600000)]
  0x000001f2b1fded60 JavaThread "Unconstrained build operations Thread 107" [_thread_blocked, id=31684, stack(0x0000003bb2600000,0x0000003bb2700000)]
  0x000001f2b1fde850 JavaThread "Unconstrained build operations Thread 108" [_thread_blocked, id=18504, stack(0x0000003bb2700000,0x0000003bb2800000)]
  0x000001f2b1fe1af0 JavaThread "Unconstrained build operations Thread 109" [_thread_blocked, id=27104, stack(0x0000003bb2800000,0x0000003bb2900000)]
  0x000001f2b1fe10d0 JavaThread "Unconstrained build operations Thread 110" [_thread_blocked, id=24252, stack(0x0000003bb2900000,0x0000003bb2a00000)]
  0x000001f2b1fe06b0 JavaThread "Unconstrained build operations Thread 111" [_thread_blocked, id=34756, stack(0x0000003bb2a00000,0x0000003bb2b00000)]
  0x000001f2b1fe2000 JavaThread "Unconstrained build operations Thread 112" [_thread_blocked, id=19124, stack(0x0000003bb2b00000,0x0000003bb2c00000)]
  0x000001f2b1fdfc90 JavaThread "Unconstrained build operations Thread 113" [_thread_blocked, id=33928, stack(0x0000003bb2c00000,0x0000003bb2d00000)]
  0x000001f2b1fe2510 JavaThread "Unconstrained build operations Thread 114" [_thread_blocked, id=28756, stack(0x0000003bb2d00000,0x0000003bb2e00000)]
  0x000001f2b1fe2a20 JavaThread "Unconstrained build operations Thread 115" [_thread_blocked, id=32616, stack(0x0000003bb2e00000,0x0000003bb2f00000)]
  0x000001f2b1fdf270 JavaThread "Unconstrained build operations Thread 116" [_thread_blocked, id=30492, stack(0x0000003bb2f00000,0x0000003bb3000000)]
  0x000001f2b1fe01a0 JavaThread "Unconstrained build operations Thread 117" [_thread_blocked, id=33128, stack(0x0000003bb3000000,0x0000003bb3100000)]
  0x000001f2b1fe2f30 JavaThread "Unconstrained build operations Thread 118" [_thread_blocked, id=3168, stack(0x0000003bb3100000,0x0000003bb3200000)]
  0x000001f2b1fdf780 JavaThread "Unconstrained build operations Thread 119" [_thread_blocked, id=32696, stack(0x0000003bb3200000,0x0000003bb3300000)]
  0x000001f2b1fe4370 JavaThread "Unconstrained build operations Thread 120" [_thread_blocked, id=34020, stack(0x0000003bb3300000,0x0000003bb3400000)]
  0x000001f2b1fe3e60 JavaThread "Unconstrained build operations Thread 121" [_thread_blocked, id=21448, stack(0x0000003bb3400000,0x0000003bb3500000)]
  0x000001f2b1fe4d90 JavaThread "Unconstrained build operations Thread 122" [_thread_blocked, id=33988, stack(0x0000003bb3500000,0x0000003bb3600000)]
  0x000001f2b1fe3950 JavaThread "Unconstrained build operations Thread 123" [_thread_blocked, id=33912, stack(0x0000003bb3600000,0x0000003bb3700000)]
  0x000001f2b1fe4880 JavaThread "Unconstrained build operations Thread 124" [_thread_blocked, id=33736, stack(0x0000003bb3700000,0x0000003bb3800000)]
  0x000001f2b1fe52a0 JavaThread "Unconstrained build operations Thread 125" [_thread_blocked, id=2832, stack(0x0000003bb3800000,0x0000003bb3900000)]
  0x000001f2b1fe61d0 JavaThread "Unconstrained build operations Thread 126" [_thread_blocked, id=31056, stack(0x0000003bb3900000,0x0000003bb3a00000)]
  0x000001f2b1fe57b0 JavaThread "Unconstrained build operations Thread 127" [_thread_blocked, id=16312, stack(0x0000003bb3a00000,0x0000003bb3b00000)]
  0x000001f2b1fe5cc0 JavaThread "Unconstrained build operations Thread 128" [_thread_blocked, id=18304, stack(0x0000003bb3b00000,0x0000003bb3c00000)]
  0x000001f2b1fe3440 JavaThread "Unconstrained build operations Thread 129" [_thread_blocked, id=30536, stack(0x0000003bb3c00000,0x0000003bb3d00000)]
  0x000001f2ffc6c060 JavaThread "Unconstrained build operations Thread 130" [_thread_blocked, id=33176, stack(0x0000003bb3d00000,0x0000003bb3e00000)]
  0x000001f2ffc6dec0 JavaThread "Unconstrained build operations Thread 131" [_thread_blocked, id=32140, stack(0x0000003bb3e00000,0x0000003bb3f00000)]
  0x000001f2ffc6edf0 JavaThread "Unconstrained build operations Thread 132" [_thread_blocked, id=34752, stack(0x0000003bb3f00000,0x0000003bb4000000)]
  0x000001f2ffc6c570 JavaThread "Unconstrained build operations Thread 133" [_thread_blocked, id=33080, stack(0x0000003bb4000000,0x0000003bb4100000)]
  0x000001f2ffc6cf90 JavaThread "Unconstrained build operations Thread 134" [_thread_blocked, id=22296, stack(0x0000003bb4100000,0x0000003bb4200000)]
  0x000001f2ffc6d4a0 JavaThread "Unconstrained build operations Thread 135" [_thread_blocked, id=22340, stack(0x0000003bb4200000,0x0000003bb4300000)]
  0x000001f2ffc6ca80 JavaThread "Unconstrained build operations Thread 136" [_thread_blocked, id=24432, stack(0x0000003bb4300000,0x0000003bb4400000)]
  0x000001f2ffc6e3d0 JavaThread "Unconstrained build operations Thread 137" [_thread_blocked, id=10472, stack(0x0000003bb4400000,0x0000003bb4500000)]
  0x000001f2ffc6d9b0 JavaThread "Unconstrained build operations Thread 138" [_thread_blocked, id=29224, stack(0x0000003bb4500000,0x0000003bb4600000)]
  0x000001f2ffc6bb50 JavaThread "Unconstrained build operations Thread 139" [_thread_blocked, id=26640, stack(0x0000003bb4600000,0x0000003bb4700000)]
  0x000001f2ffc71160 JavaThread "Unconstrained build operations Thread 140" [_thread_blocked, id=30352, stack(0x0000003bb4700000,0x0000003bb4800000)]
  0x000001f2ffc71b80 JavaThread "Unconstrained build operations Thread 141" [_thread_blocked, id=25520, stack(0x0000003bb4800000,0x0000003bb4900000)]
  0x000001f2ffc6f300 JavaThread "Unconstrained build operations Thread 142" [_thread_blocked, id=32700, stack(0x0000003bb4900000,0x0000003bb4a00000)]
  0x000001f2ffc70740 JavaThread "jar transforms Thread 2" [_thread_blocked, id=31676, stack(0x0000003bb4a00000,0x0000003bb4b00000)]
  0x000001f2ffc6fd20 JavaThread "jar transforms Thread 3" [_thread_blocked, id=3364, stack(0x0000003bb4b00000,0x0000003bb4c00000)]
  0x000001f2ffc71670 JavaThread "Unconstrained build operations Thread 143" [_thread_blocked, id=32124, stack(0x0000003bb4c00000,0x0000003bb4d00000)]
  0x000001f2ffc72090 JavaThread "Unconstrained build operations Thread 144" [_thread_blocked, id=27732, stack(0x0000003bb4d00000,0x0000003bb4e00000)]
  0x000001f2ffc6e8e0 JavaThread "Unconstrained build operations Thread 145" [_thread_blocked, id=21432, stack(0x0000003bb5000000,0x0000003bb5100000)]
  0x000001f2ffc72fc0 JavaThread "Unconstrained build operations Thread 146" [_thread_blocked, id=29176, stack(0x0000003bb5100000,0x0000003bb5200000)]
  0x000001f2ffc72ab0 JavaThread "Unconstrained build operations Thread 147" [_thread_blocked, id=8204, stack(0x0000003bb5200000,0x0000003bb5300000)]
  0x000001f2ffc725a0 JavaThread "Unconstrained build operations Thread 148" [_thread_blocked, id=23864, stack(0x0000003bb5300000,0x0000003bb5400000)]
  0x000001f2ffc734d0 JavaThread "Unconstrained build operations Thread 149" [_thread_blocked, id=21356, stack(0x0000003bb5400000,0x0000003bb5500000)]
  0x000001f2ffc70230 JavaThread "Unconstrained build operations Thread 150" [_thread_blocked, id=31136, stack(0x0000003bb5500000,0x0000003bb5600000)]
  0x000001f2ffc70c50 JavaThread "Unconstrained build operations Thread 151" [_thread_blocked, id=32960, stack(0x0000003bb5600000,0x0000003bb5700000)]
  0x000001f2b325d4f0 JavaThread "Unconstrained build operations Thread 152" [_thread_blocked, id=31924, stack(0x0000003bb5700000,0x0000003bb5800000)]
  0x000001f2b325df10 JavaThread "Unconstrained build operations Thread 153" [_thread_blocked, id=23396, stack(0x0000003bb5800000,0x0000003bb5900000)]
  0x000001f2b325f350 JavaThread "Unconstrained build operations Thread 154" [_thread_blocked, id=22312, stack(0x0000003bb5900000,0x0000003bb5a00000)]
  0x000001f2b325f860 JavaThread "Unconstrained build operations Thread 155" [_thread_blocked, id=27596, stack(0x0000003bb5a00000,0x0000003bb5b00000)]
  0x000001f2b325c0b0 JavaThread "Unconstrained build operations Thread 156" [_thread_blocked, id=15248, stack(0x0000003bb5b00000,0x0000003bb5c00000)]
  0x000001f2b325da00 JavaThread "Unconstrained build operations Thread 157" [_thread_blocked, id=13996, stack(0x0000003bb5c00000,0x0000003bb5d00000)]
  0x000001f2b325c5c0 JavaThread "Unconstrained build operations Thread 158" [_thread_blocked, id=24464, stack(0x0000003bb5d00000,0x0000003bb5e00000)]
  0x000001f2b325e420 JavaThread "Unconstrained build operations Thread 159" [_thread_blocked, id=30832, stack(0x0000003bb5e00000,0x0000003bb5f00000)]
  0x000001f2b325e930 JavaThread "Unconstrained build operations Thread 160" [_thread_blocked, id=25352, stack(0x0000003bb5f00000,0x0000003bb6000000)]
  0x000001f2b325fd70 JavaThread "Unconstrained build operations Thread 161" [_thread_blocked, id=31276, stack(0x0000003bb6000000,0x0000003bb6100000)]
  0x000001f2b3260280 JavaThread "Unconstrained build operations Thread 162" [_thread_blocked, id=30636, stack(0x0000003bb6100000,0x0000003bb6200000)]
  0x000001f2b325cad0 JavaThread "Unconstrained build operations Thread 163" [_thread_blocked, id=2036, stack(0x0000003bb6200000,0x0000003bb6300000)]
  0x000001f2b325ee40 JavaThread "Unconstrained build operations Thread 164" [_thread_blocked, id=28044, stack(0x0000003bb6300000,0x0000003bb6400000)]
  0x000001f2b3260790 JavaThread "Unconstrained build operations Thread 165" [_thread_blocked, id=28440, stack(0x0000003bb6400000,0x0000003bb6500000)]
  0x000001f2b325cfe0 JavaThread "Unconstrained build operations Thread 166" [_thread_blocked, id=14140, stack(0x0000003bb6500000,0x0000003bb6600000)]
  0x000001f2b3263a30 JavaThread "Unconstrained build operations Thread 167" [_thread_blocked, id=30928, stack(0x0000003bb6600000,0x0000003bb6700000)]
  0x000001f2b3261bd0 JavaThread "Unconstrained build operations Thread 168" [_thread_blocked, id=27308, stack(0x0000003bb6700000,0x0000003bb6800000)]
  0x000001f2b3260ca0 JavaThread "Unconstrained build operations Thread 169" [_thread_blocked, id=32456, stack(0x0000003bb6800000,0x0000003bb6900000)]
  0x000001f2b32620e0 JavaThread "Unconstrained build operations Thread 170" [_thread_blocked, id=4328, stack(0x0000003bb6900000,0x0000003bb6a00000)]
  0x000001f2b32625f0 JavaThread "Unconstrained build operations Thread 171" [_thread_blocked, id=20260, stack(0x0000003bb6a00000,0x0000003bb6b00000)]
  0x000001f2b3264450 JavaThread "Unconstrained build operations Thread 172" [_thread_blocked, id=14524, stack(0x0000003bb6b00000,0x0000003bb6c00000)]
  0x000001f2b32616c0 JavaThread "Unconstrained build operations Thread 173" [_thread_blocked, id=33516, stack(0x0000003bb6c00000,0x0000003bb6d00000)]
  0x000001f2b3263520 JavaThread "Unconstrained build operations Thread 174" [_thread_blocked, id=14660, stack(0x0000003bb6d00000,0x0000003bb6e00000)]
  0x000001f2b32611b0 JavaThread "Unconstrained build operations Thread 175" [_thread_blocked, id=15544, stack(0x0000003bb6e00000,0x0000003bb6f00000)]
  0x000001f2b3263f40 JavaThread "Unconstrained build operations Thread 176" [_thread_blocked, id=26732, stack(0x0000003bb6f00000,0x0000003bb7000000)]
  0x000001f2b3264960 JavaThread "Unconstrained build operations Thread 177" [_thread_blocked, id=32240, stack(0x0000003bb7000000,0x0000003bb7100000)]
  0x000001f2b3264e70 JavaThread "Unconstrained build operations Thread 178" [_thread_blocked, id=24424, stack(0x0000003bb7100000,0x0000003bb7200000)]
  0x000001f2b3265890 JavaThread "Unconstrained build operations Thread 179" [_thread_blocked, id=27708, stack(0x0000003bb7200000,0x0000003bb7300000)]
  0x000001f2b3265380 JavaThread "Unconstrained build operations Thread 180" [_thread_blocked, id=13140, stack(0x0000003bb7300000,0x0000003bb7400000)]
  0x000001f2b3265da0 JavaThread "Unconstrained build operations Thread 181" [_thread_blocked, id=30804, stack(0x0000003bb7400000,0x0000003bb7500000)]
  0x000001f2b3263010 JavaThread "Unconstrained build operations Thread 182" [_thread_blocked, id=22040, stack(0x0000003bb7500000,0x0000003bb7600000)]
  0x000001f2b32662b0 JavaThread "Unconstrained build operations Thread 183" [_thread_blocked, id=31668, stack(0x0000003bb7600000,0x0000003bb7700000)]
  0x000001f2b3262b00 JavaThread "Unconstrained build operations Thread 184" [_thread_blocked, id=16472, stack(0x0000003bb7700000,0x0000003bb7800000)]
  0x000001f2b32676f0 JavaThread "Unconstrained build operations Thread 185" [_thread_blocked, id=30936, stack(0x0000003bb7800000,0x0000003bb7900000)]
  0x000001f2b3268110 JavaThread "Unconstrained build operations Thread 186" [_thread_blocked, id=32936, stack(0x0000003bb7900000,0x0000003bb7a00000)]
  0x000001f2b3269550 JavaThread "Unconstrained build operations Thread 187" [_thread_blocked, id=24832, stack(0x0000003bb7a00000,0x0000003bb7b00000)]
  0x000001f2b3267c00 JavaThread "Unconstrained build operations Thread 188" [_thread_blocked, id=1140, stack(0x0000003bb7b00000,0x0000003bb7c00000)]
  0x000001f2b32667c0 JavaThread "Unconstrained build operations Thread 189" [_thread_blocked, id=14500, stack(0x0000003bb7c00000,0x0000003bb7d00000)]
  0x000001f2b3268620 JavaThread "Unconstrained build operations Thread 190" [_thread_blocked, id=1112, stack(0x0000003bb7d00000,0x0000003bb7e00000)]
  0x000001f2b3269a60 JavaThread "Unconstrained build operations Thread 191" [_thread_blocked, id=8736, stack(0x0000003bb7e00000,0x0000003bb7f00000)]
  0x000001f2b3268b30 JavaThread "Unconstrained build operations Thread 192" [_thread_blocked, id=15936, stack(0x0000003bb7f00000,0x0000003bb8000000)]
  0x000001f2b3269040 JavaThread "Unconstrained build operations Thread 193" [_thread_blocked, id=21908, stack(0x0000003bb8000000,0x0000003bb8100000)]
  0x000001f2b3269f70 JavaThread "Unconstrained build operations Thread 194" [_thread_blocked, id=20640, stack(0x0000003bb8100000,0x0000003bb8200000)]
  0x000001f2b326a480 JavaThread "Unconstrained build operations Thread 195" [_thread_blocked, id=6584, stack(0x0000003bb8200000,0x0000003bb8300000)]
  0x000001f2b3266cd0 JavaThread "Unconstrained build operations Thread 196" [_thread_blocked, id=25420, stack(0x0000003bb8300000,0x0000003bb8400000)]
  0x000001f2b326a990 JavaThread "Unconstrained build operations Thread 197" [_thread_blocked, id=2380, stack(0x0000003bb8400000,0x0000003bb8500000)]
  0x000001f2b32671e0 JavaThread "Unconstrained build operations Thread 198" [_thread_blocked, id=20056, stack(0x0000003bb8500000,0x0000003bb8600000)]
  0x000001f2b326b8c0 JavaThread "Unconstrained build operations Thread 199" [_thread_blocked, id=27900, stack(0x0000003bb8600000,0x0000003bb8700000)]
  0x000001f2b326aea0 JavaThread "Unconstrained build operations Thread 200" [_thread_blocked, id=32412, stack(0x0000003bb8700000,0x0000003bb8800000)]
  0x000001f2b36928d0 JavaThread "jar transforms Thread 4" [_thread_blocked, id=33352, stack(0x0000003bb8800000,0x0000003bb8900000)]
  0x000001f2b36932f0 JavaThread "jar transforms Thread 5" [_thread_blocked, id=10456, stack(0x0000003bb8900000,0x0000003bb8a00000)]
  0x000001f2b36923c0 JavaThread "jar transforms Thread 6" [_thread_blocked, id=28344, stack(0x0000003bb8a00000,0x0000003bb8b00000)]
  0x000001f2b326b3b0 JavaThread "build event listener" [_thread_blocked, id=25344, stack(0x0000003bb8b00000,0x0000003bb8c00000)]
  0x000001f2b54089b0 JavaThread "Problems report writer" [_thread_blocked, id=14492, stack(0x0000003bb8d00000,0x0000003bb8e00000)]
  0x000001f2b74a99f0 JavaThread "jar transforms Thread 7" [_thread_blocked, id=33700, stack(0x0000003bb8e00000,0x0000003bb8f00000)]
  0x000001f2b74a94e0 JavaThread "jar transforms Thread 8" [_thread_blocked, id=33816, stack(0x0000003bb8f00000,0x0000003bb9000000)]
  0x000001f2bd725090 JavaThread "jar transforms Thread 9" [_thread_blocked, id=2000, stack(0x0000003bb8c00000,0x0000003bb8d00000)]
  0x000001f2bd7264d0 JavaThread "jar transforms Thread 10" [_thread_blocked, id=13580, stack(0x0000003bb9000000,0x0000003bb9100000)]
  0x000001f2bd7255a0 JavaThread "jar transforms Thread 11" [_thread_blocked, id=31192, stack(0x0000003bb9100000,0x0000003bb9200000)]
  0x000001f2bd725ab0 JavaThread "jar transforms Thread 12" [_thread_blocked, id=33992, stack(0x0000003bb9200000,0x0000003bb9300000)]
  0x000001f2bd725fc0 JavaThread "jar transforms Thread 13" [_thread_blocked, id=23184, stack(0x0000003bb9300000,0x0000003bb9400000)]
  0x000001f2b74a8ac0 JavaThread "jar transforms Thread 14" [_thread_blocked, id=33964, stack(0x0000003bb9400000,0x0000003bb9500000)]
  0x000001f2b6390df0 JavaThread "jar transforms Thread 15" [_thread_blocked, id=33968, stack(0x0000003bb9500000,0x0000003bb9600000)]
  0x000001f2b638e570 JavaThread "jar transforms Thread 16" [_thread_blocked, id=34080, stack(0x0000003bb9600000,0x0000003bb9700000)]
  0x000001f2b638ea80 JavaThread "jar transforms Thread 17" [_thread_blocked, id=32160, stack(0x0000003bb9700000,0x0000003bb9800000)]
  0x000001f2b638ef90 JavaThread "jar transforms Thread 18" [_thread_blocked, id=33804, stack(0x0000003bb9800000,0x0000003bb9900000)]
  0x000001f2b6391300 JavaThread "jar transforms Thread 19" [_thread_blocked, id=18100, stack(0x0000003bb9900000,0x0000003bb9a00000)]
  0x000001f2b63903d0 JavaThread "jar transforms Thread 20" [_thread_blocked, id=33924, stack(0x0000003bb9a00000,0x0000003bb9b00000)]
  0x000001f2b6a3c400 JavaThread "Exec process" [_thread_in_native, id=34180, stack(0x0000003bae500000,0x0000003bae600000)]
  0x000001f2b5407a80 JavaThread "Exec process Thread 2" [_thread_in_native, id=34216, stack(0x0000003bb9b00000,0x0000003bb9c00000)]
  0x000001f2b5407060 JavaThread "Exec process Thread 3" [_thread_in_native, id=34184, stack(0x0000003bb9c00000,0x0000003bb9d00000)]
  0x000001f2b42336d0 JavaThread "Cache worker for execution history cache (C:\rubi_web\CISC_Capstone\MiscueReading\android\.gradle\9.0.0\executionHistory)" [_thread_blocked, id=34124, stack(0x0000003ba4f00000,0x0000003ba5000000)]
  0x000001f2bed55980 JavaThread "C2 CompilerThread1" daemon [_thread_blocked, id=29108, stack(0x0000003bb9d00000,0x0000003bb9e00000)]
  0x000001f2bed56970 JavaThread "C2 CompilerThread2" daemon [_thread_blocked, id=25820, stack(0x0000003bb9e00000,0x0000003bb9f00000)]
  0x000001f2b4e93a90 JavaThread "WorkerExecutor Queue" [_thread_blocked, id=9008, stack(0x0000003bba000000,0x0000003bba100000)]
  0x000001f2c18b4840 JavaThread "WorkerExecutor Queue Thread 2" [_thread_blocked, id=23248, stack(0x0000003bba300000,0x0000003bba400000)]
  0x000001f2c18b4d50 JavaThread "WorkerExecutor Queue Thread 3" [_thread_blocked, id=26652, stack(0x0000003bba400000,0x0000003bba500000)]
  0x000001f2bed58ea0 JavaThread "C2 CompilerThread3" daemon [_thread_blocked, id=34016, stack(0x0000003bb9f00000,0x0000003bba000000)]
  0x000001f2c0284050 JavaThread "ForkJoinPool-1-worker-1" daemon [_thread_blocked, id=25696, stack(0x0000003bbb300000,0x0000003bbb400000)]
  0x000001f2b4233be0 JavaThread "ForkJoinPool-1-worker-2" daemon [_thread_blocked, id=33596, stack(0x0000003bbb400000,0x0000003bbb500000)]
  0x000001f2b5a67860 JavaThread "ForkJoinPool-1-worker-3" daemon [_thread_blocked, id=18224, stack(0x0000003bbb500000,0x0000003bbb600000)]
  0x000001f2bef97ce0 JavaThread "ForkJoinPool-1-worker-4" daemon [_thread_blocked, id=34332, stack(0x0000003bbb600000,0x0000003bbb700000)]
  0x000001f2b3692de0 JavaThread "ForkJoinPool-1-worker-5" daemon [_thread_blocked, id=28792, stack(0x0000003bbb700000,0x0000003bbb800000)]
  0x000001f2b7702900 JavaThread "ForkJoinPool-1-worker-6" daemon [_thread_blocked, id=34404, stack(0x0000003bbb800000,0x0000003bbb900000)]
  0x000001f2c18b5260 JavaThread "ForkJoinPool-1-worker-7" daemon [_thread_blocked, id=34336, stack(0x0000003bbb900000,0x0000003bbba00000)]
  0x000001f2b5f32370 JavaThread "ForkJoinPool-1-worker-8" daemon [_thread_blocked, id=17148, stack(0x0000003bbba00000,0x0000003bbbb00000)]
  0x000001f2b5f32880 JavaThread "ForkJoinPool-1-worker-9" daemon [_thread_blocked, id=34560, stack(0x0000003bbbb00000,0x0000003bbbc00000)]
  0x000001f2b6914800 JavaThread "ForkJoinPool-1-worker-10" daemon [_thread_blocked, id=33976, stack(0x0000003bbbc00000,0x0000003bbbd00000)]
  0x000001f2c29c7570 JavaThread "ForkJoinPool-1-worker-11" daemon [_thread_blocked, id=33576, stack(0x0000003bbbd00000,0x0000003bbbe00000)]
  0x000001f2c0283630 JavaThread "ForkJoinPool-1-worker-12" daemon [_thread_blocked, id=30560, stack(0x0000003bbbe00000,0x0000003bbbf00000)]
  0x000001f2b5a67d70 JavaThread "ForkJoinPool-1-worker-13" daemon [_thread_blocked, id=34464, stack(0x0000003bbbf00000,0x0000003bbc000000)]
  0x000001f2bef8ced0 JavaThread "ForkJoinPool-1-worker-14" daemon [_thread_blocked, id=33876, stack(0x0000003bbc000000,0x0000003bbc100000)]
  0x000001f2b69142f0 JavaThread "ForkJoinPool-1-worker-15" daemon [_thread_blocked, id=31216, stack(0x0000003bbc100000,0x0000003bbc200000)]
  0x000001f2b4e944b0 JavaThread "ForkJoinPool-1-worker-16" daemon [_thread_blocked, id=32356, stack(0x0000003bbc200000,0x0000003bbc300000)]
  0x000001f2b4e93fa0 JavaThread "ForkJoinPool-1-worker-17" daemon [_thread_blocked, id=27048, stack(0x0000003bbc300000,0x0000003bbc400000)]
  0x000001f2b5be26b0 JavaThread "ForkJoinPool-1-worker-18" daemon [_thread_blocked, id=33984, stack(0x0000003bbc400000,0x0000003bbc500000)]

Other Threads:
=>0x000001f2fe951a90 VMThread "VM Thread" [stack: 0x0000003ba5700000,0x0000003ba5800000] [id=3460]
  0x000001f2f1568330 WatcherThread [stack: 0x0000003ba6800000,0x0000003ba6900000] [id=6940]
  0x000001f2ef1aebf0 GCTaskThread "GC Thread#0" [stack: 0x0000003ba5200000,0x0000003ba5300000] [id=22920]
  0x000001f2ffbd3680 GCTaskThread "GC Thread#1" [stack: 0x0000003ba6900000,0x0000003ba6a00000] [id=33052]
  0x000001f2b08585b0 GCTaskThread "GC Thread#2" [stack: 0x0000003ba6a00000,0x0000003ba6b00000] [id=20592]
  0x000001f2b0d285b0 GCTaskThread "GC Thread#3" [stack: 0x0000003ba6b00000,0x0000003ba6c00000] [id=24972]
  0x000001f2b15f7fb0 GCTaskThread "GC Thread#4" [stack: 0x0000003ba6c00000,0x0000003ba6d00000] [id=5832]
  0x000001f2b1e99690 GCTaskThread "GC Thread#5" [stack: 0x0000003ba7900000,0x0000003ba7a00000] [id=34128]
  0x000001f2b1e98090 GCTaskThread "GC Thread#6" [stack: 0x0000003ba7a00000,0x0000003ba7b00000] [id=34204]
  0x000001f2b1e99950 GCTaskThread "GC Thread#7" [stack: 0x0000003ba7b00000,0x0000003ba7c00000] [id=28492]
  0x000001f2b1e98350 GCTaskThread "GC Thread#8" [stack: 0x0000003ba7c00000,0x0000003ba7d00000] [id=7772]
  0x000001f2b1e988d0 GCTaskThread "GC Thread#9" [stack: 0x0000003ba7d00000,0x0000003ba7e00000] [id=17844]
  0x000001f2b1e98610 GCTaskThread "GC Thread#10" [stack: 0x0000003ba7e00000,0x0000003ba7f00000] [id=27320]
  0x000001f2b1e98b90 GCTaskThread "GC Thread#11" [stack: 0x0000003ba7f00000,0x0000003ba8000000] [id=34680]
  0x000001f2b1e98e50 GCTaskThread "GC Thread#12" [stack: 0x0000003ba8000000,0x0000003ba8100000] [id=6300]
  0x000001f2b1e99110 GCTaskThread "GC Thread#13" [stack: 0x0000003ba8100000,0x0000003ba8200000] [id=20748]
  0x000001f2b1e993d0 GCTaskThread "GC Thread#14" [stack: 0x0000003ba8200000,0x0000003ba8300000] [id=17680]
  0x000001f2f15560b0 ConcurrentGCThread "G1 Main Marker" [stack: 0x0000003ba5300000,0x0000003ba5400000] [id=31196]
  0x000001f2f15579e0 ConcurrentGCThread "G1 Conc#0" [stack: 0x0000003ba5400000,0x0000003ba5500000] [id=7628]
  0x000001f2b39339a0 ConcurrentGCThread "G1 Conc#1" [stack: 0x0000003ba8300000,0x0000003ba8400000] [id=33276]
  0x000001f2b3934a20 ConcurrentGCThread "G1 Conc#2" [stack: 0x0000003ba8400000,0x0000003ba8500000] [id=32764]
  0x000001f2b3932be0 ConcurrentGCThread "G1 Conc#3" [stack: 0x0000003ba8500000,0x0000003ba8600000] [id=25780]
  0x000001f2fe805d50 ConcurrentGCThread "G1 Refine#0" [stack: 0x0000003ba5500000,0x0000003ba5600000] [id=15640]
  0x000001f2b4ad2210 ConcurrentGCThread "G1 Refine#1" [stack: 0x0000003bba600000,0x0000003bba700000] [id=31004]
  0x000001f2b4ad33b0 ConcurrentGCThread "G1 Refine#2" [stack: 0x0000003bba700000,0x0000003bba800000] [id=32208]
  0x000001f2b4ad4550 ConcurrentGCThread "G1 Refine#3" [stack: 0x0000003bba800000,0x0000003bba900000] [id=14572]
  0x000001f2b271add0 ConcurrentGCThread "G1 Refine#4" [stack: 0x0000003bba900000,0x0000003bbaa00000] [id=34268]
  0x000001f2b271b990 ConcurrentGCThread "G1 Refine#5" [stack: 0x0000003bbaa00000,0x0000003bbab00000] [id=34252]
  0x000001f2b271c260 ConcurrentGCThread "G1 Refine#6" [stack: 0x0000003bba500000,0x0000003bba600000] [id=31840]
  0x000001f2b76c0bb0 ConcurrentGCThread "G1 Refine#7" [stack: 0x0000003bbab00000,0x0000003bbac00000] [id=33248]
  0x000001f2b46bada0 ConcurrentGCThread "G1 Refine#8" [stack: 0x0000003bbac00000,0x0000003bbad00000] [id=18200]
  0x000001f2bd8335c0 ConcurrentGCThread "G1 Refine#9" [stack: 0x0000003bbad00000,0x0000003bbae00000] [id=17516]
  0x000001f2bd835ee0 ConcurrentGCThread "G1 Refine#10" [stack: 0x0000003bbae00000,0x0000003bbaf00000] [id=29840]
  0x000001f2bd834d40 ConcurrentGCThread "G1 Refine#11" [stack: 0x0000003bbaf00000,0x0000003bbb000000] [id=32784]
  0x000001f2bd834760 ConcurrentGCThread "G1 Refine#12" [stack: 0x0000003bbb000000,0x0000003bbb100000] [id=31508]
  0x000001f2bd832fe0 ConcurrentGCThread "G1 Refine#13" [stack: 0x0000003bbb100000,0x0000003bbb200000] [id=26700]
  0x000001f2bd833ba0 ConcurrentGCThread "G1 Refine#14" [stack: 0x0000003bbb200000,0x0000003bbb300000] [id=23136]
  0x000001f2fe806530 ConcurrentGCThread "G1 Service" [stack: 0x0000003ba5600000,0x0000003ba5700000] [id=9388]

Threads with active compile tasks:
C2 CompilerThread0    42818 25237 %     4       com.android.tools.r8.dex.C::a @ 293 (1016 bytes)
C1 CompilerThread3    42818 25661       3       com.android.tools.r8.graph.s0::c (73 bytes)
C2 CompilerThread1    42818 25614       4       com.android.tools.r8.dex.C::a (304 bytes)
C2 CompilerThread2    42818 25238       4       com.android.tools.r8.internal.Nn::a (3327 bytes)
C2 CompilerThread3    42818 25142       4       com.android.tools.r8.graph.v1::b (19 bytes)

VM state: at safepoint (normal execution)

VM Mutex/Monitor currently owned by a thread:  ([mutex/lock_event])
[0x000001f2f14dbda0] Threads_lock - owner thread: 0x000001f2fe951a90
[0x000001f2f14eaec0] Heap_lock - owner thread: 0x000001f2f15560b0

Heap address: 0x0000000080000000, size: 2048 MB, Compressed Oops mode: 32-bit

CDS archive(s) mapped at: [0x000001f291000000-0x000001f291bd0000-0x000001f291bd0000), size 12386304, SharedBaseAddress: 0x000001f291000000, ArchiveRelocationMode: 1.
Compressed class space mapped at: 0x000001f292000000-0x000001f2ac000000, reserved size: 436207616
Narrow klass base: 0x000001f291000000, Narrow klass shift: 0, Narrow klass range: 0x100000000

GC Precious Log:
 CPUs: 20 total, 20 available
 Memory: 7911M
 Large Page Support: Disabled
 NUMA Support: Disabled
 Compressed Oops: Enabled (32-bit)
 Heap Region Size: 1M
 Heap Min Capacity: 8M
 Heap Initial Capacity: 124M
 Heap Max Capacity: 2G
 Pre-touch: Disabled
 Parallel Workers: 15
 Concurrent Workers: 4
 Concurrent Refinement Workers: 15
 Periodic GC: Disabled

Heap:
 garbage-first heap   total 978944K, used 725500K [0x0000000080000000, 0x0000000100000000)
  region size 1024K, 57 young (58368K), 8 survivors (8192K)
 Metaspace       used 138694K, committed 141312K, reserved 557056K
  class space    used 19342K, committed 20544K, reserved 425984K

Heap Regions: E=young(eden), S=young(survivor), O=old, HS=humongous(starts), HC=humongous(continues), CS=collection set, F=free, OA=open archive, CA=closed archive, TAMS=top-at-mark-start (previous, next)
|   0|0x0000000080000000, 0x0000000080100000, 0x0000000080100000|100%|HS|  |TAMS 0x0000000080100000, 0x0000000080000000| Complete 
|   1|0x0000000080100000, 0x0000000080200000, 0x0000000080200000|100%|HC|  |TAMS 0x0000000080200000, 0x0000000080100000| Complete 
|   2|0x0000000080200000, 0x0000000080300000, 0x0000000080300000|100%|HC|  |TAMS 0x0000000080300000, 0x0000000080200000| Complete 
|   3|0x0000000080300000, 0x0000000080400000, 0x0000000080400000|100%| O|  |TAMS 0x0000000080400000, 0x0000000080300000| Untracked 
|   4|0x0000000080400000, 0x0000000080500000, 0x0000000080500000|100%| O|  |TAMS 0x0000000080500000, 0x0000000080400000| Untracked 
|   5|0x0000000080500000, 0x0000000080600000, 0x0000000080600000|100%| O|  |TAMS 0x0000000080600000, 0x0000000080500000| Untracked 
|   6|0x0000000080600000, 0x0000000080700000, 0x0000000080700000|100%|HS|  |TAMS 0x0000000080700000, 0x0000000080600000| Complete 
|   7|0x0000000080700000, 0x0000000080800000, 0x0000000080800000|100%| O|  |TAMS 0x0000000080800000, 0x0000000080700000| Untracked 
|   8|0x0000000080800000, 0x0000000080900000, 0x0000000080900000|100%| O|  |TAMS 0x0000000080900000, 0x0000000080800000| Untracked 
|   9|0x0000000080900000, 0x0000000080a00000, 0x0000000080a00000|100%| O|  |TAMS 0x0000000080a00000, 0x0000000080900000| Untracked 
|  10|0x0000000080a00000, 0x0000000080b00000, 0x0000000080b00000|100%| O|  |TAMS 0x0000000080b00000, 0x0000000080a00000| Untracked 
|  11|0x0000000080b00000, 0x0000000080c00000, 0x0000000080c00000|100%| O|  |TAMS 0x0000000080c00000, 0x0000000080b00000| Untracked 
|  12|0x0000000080c00000, 0x0000000080d00000, 0x0000000080d00000|100%| O|  |TAMS 0x0000000080d00000, 0x0000000080c00000| Untracked 
|  13|0x0000000080d00000, 0x0000000080e00000, 0x0000000080e00000|100%| O|  |TAMS 0x0000000080e00000, 0x0000000080d00000| Untracked 
|  14|0x0000000080e00000, 0x0000000080f00000, 0x0000000080f00000|100%| O|  |TAMS 0x0000000080f00000, 0x0000000080e00000| Untracked 
|  15|0x0000000080f00000, 0x0000000081000000, 0x0000000081000000|100%| O|  |TAMS 0x0000000081000000, 0x0000000080f00000| Untracked 
|  16|0x0000000081000000, 0x0000000081100000, 0x0000000081100000|100%| O|  |TAMS 0x0000000081100000, 0x0000000081000000| Untracked 
|  17|0x0000000081100000, 0x0000000081200000, 0x0000000081200000|100%| O|  |TAMS 0x0000000081200000, 0x0000000081100000| Untracked 
|  18|0x0000000081200000, 0x0000000081300000, 0x0000000081300000|100%| O|  |TAMS 0x0000000081300000, 0x0000000081200000| Untracked 
|  19|0x0000000081300000, 0x0000000081400000, 0x0000000081400000|100%| O|  |TAMS 0x0000000081400000, 0x0000000081300000| Untracked 
|  20|0x0000000081400000, 0x0000000081500000, 0x0000000081500000|100%| O|  |TAMS 0x0000000081500000, 0x0000000081400000| Untracked 
|  21|0x0000000081500000, 0x0000000081600000, 0x0000000081600000|100%| O|  |TAMS 0x0000000081600000, 0x0000000081500000| Untracked 
|  22|0x0000000081600000, 0x0000000081700000, 0x0000000081700000|100%| O|  |TAMS 0x0000000081700000, 0x0000000081600000| Untracked 
|  23|0x0000000081700000, 0x0000000081800000, 0x0000000081800000|100%| O|  |TAMS 0x0000000081800000, 0x0000000081700000| Untracked 
|  24|0x0000000081800000, 0x0000000081900000, 0x0000000081900000|100%| O|  |TAMS 0x0000000081900000, 0x0000000081800000| Updating 
|  25|0x0000000081900000, 0x0000000081a00000, 0x0000000081a00000|100%|HS|  |TAMS 0x0000000081a00000, 0x0000000081900000| Complete 
|  26|0x0000000081a00000, 0x0000000081b00000, 0x0000000081b00000|100%| O|  |TAMS 0x0000000081b00000, 0x0000000081a00000| Untracked 
|  27|0x0000000081b00000, 0x0000000081c00000, 0x0000000081c00000|100%| O|  |TAMS 0x0000000081c00000, 0x0000000081b00000| Updating 
|  28|0x0000000081c00000, 0x0000000081d00000, 0x0000000081d00000|100%| O|  |TAMS 0x0000000081d00000, 0x0000000081c00000| Untracked 
|  29|0x0000000081d00000, 0x0000000081e00000, 0x0000000081e00000|100%| O|  |TAMS 0x0000000081e00000, 0x0000000081d00000| Untracked 
|  30|0x0000000081e00000, 0x0000000081f00000, 0x0000000081f00000|100%| O|  |TAMS 0x0000000081f00000, 0x0000000081e00000| Updating 
|  31|0x0000000081f00000, 0x0000000082000000, 0x0000000082000000|100%| O|  |TAMS 0x0000000082000000, 0x0000000081f00000| Updating 
|  32|0x0000000082000000, 0x0000000082100000, 0x0000000082100000|100%| O|  |TAMS 0x0000000082100000, 0x0000000082000000| Untracked 
|  33|0x0000000082100000, 0x0000000082200000, 0x0000000082200000|100%|HS|  |TAMS 0x0000000082200000, 0x0000000082100000| Complete 
|  34|0x0000000082200000, 0x0000000082300000, 0x0000000082300000|100%| O|  |TAMS 0x0000000082300000, 0x0000000082200000| Updating 
|  35|0x0000000082300000, 0x0000000082400000, 0x0000000082400000|100%|HS|  |TAMS 0x0000000082400000, 0x0000000082300000| Complete 
|  36|0x0000000082400000, 0x0000000082500000, 0x0000000082500000|100%|HC|  |TAMS 0x0000000082500000, 0x0000000082400000| Complete 
|  37|0x0000000082500000, 0x0000000082600000, 0x0000000082600000|100%|HC|  |TAMS 0x0000000082600000, 0x0000000082500000| Complete 
|  38|0x0000000082600000, 0x0000000082700000, 0x0000000082700000|100%|HS|  |TAMS 0x0000000082700000, 0x0000000082600000| Complete 
|  39|0x0000000082700000, 0x0000000082800000, 0x0000000082800000|100%|HC|  |TAMS 0x0000000082800000, 0x0000000082700000| Complete 
|  40|0x0000000082800000, 0x0000000082900000, 0x0000000082900000|100%|HC|  |TAMS 0x0000000082900000, 0x0000000082800000| Complete 
|  41|0x0000000082900000, 0x0000000082a00000, 0x0000000082a00000|100%| O|  |TAMS 0x0000000082a00000, 0x0000000082900000| Updating 
|  42|0x0000000082a00000, 0x0000000082b00000, 0x0000000082b00000|100%| O|  |TAMS 0x0000000082b00000, 0x0000000082a00000| Updating 
|  43|0x0000000082b00000, 0x0000000082c00000, 0x0000000082c00000|100%| O|  |TAMS 0x0000000082c00000, 0x0000000082b00000| Updating 
|  44|0x0000000082c00000, 0x0000000082d00000, 0x0000000082d00000|100%| O|  |TAMS 0x0000000082d00000, 0x0000000082c00000| Updating 
|  45|0x0000000082d00000, 0x0000000082e00000, 0x0000000082e00000|100%| O|  |TAMS 0x0000000082e00000, 0x0000000082d00000| Updating 
|  46|0x0000000082e00000, 0x0000000082f00000, 0x0000000082f00000|100%| O|  |TAMS 0x0000000082f00000, 0x0000000082e00000| Updating 
|  47|0x0000000082f00000, 0x0000000083000000, 0x0000000083000000|100%| O|  |TAMS 0x0000000083000000, 0x0000000082f00000| Updating 
|  48|0x0000000083000000, 0x0000000083100000, 0x0000000083100000|100%|HS|  |TAMS 0x0000000083100000, 0x0000000083000000| Complete 
|  49|0x0000000083100000, 0x0000000083200000, 0x0000000083200000|100%|HS|  |TAMS 0x0000000083200000, 0x0000000083100000| Complete 
|  50|0x0000000083200000, 0x0000000083300000, 0x0000000083300000|100%|HS|  |TAMS 0x0000000083300000, 0x0000000083200000| Complete 
|  51|0x0000000083300000, 0x0000000083400000, 0x0000000083400000|100%| O|  |TAMS 0x0000000083400000, 0x0000000083300000| Updating 
|  52|0x0000000083400000, 0x0000000083500000, 0x0000000083500000|100%| O|  |TAMS 0x0000000083500000, 0x0000000083400000| Untracked 
|  53|0x0000000083500000, 0x0000000083600000, 0x0000000083600000|100%| O|  |TAMS 0x0000000083600000, 0x0000000083500000| Untracked 
|  54|0x0000000083600000, 0x0000000083700000, 0x0000000083700000|100%|HS|  |TAMS 0x0000000083700000, 0x0000000083600000| Complete 
|  55|0x0000000083700000, 0x0000000083800000, 0x0000000083800000|100%| O|  |TAMS 0x0000000083800000, 0x0000000083700000| Untracked 
|  56|0x0000000083800000, 0x0000000083900000, 0x0000000083900000|100%| O|  |TAMS 0x0000000083900000, 0x0000000083800000| Untracked 
|  57|0x0000000083900000, 0x0000000083a00000, 0x0000000083a00000|100%| O|  |TAMS 0x0000000083a00000, 0x0000000083900000| Untracked 
|  58|0x0000000083a00000, 0x0000000083b00000, 0x0000000083b00000|100%| O|  |TAMS 0x0000000083b00000, 0x0000000083a00000| Updating 
|  59|0x0000000083b00000, 0x0000000083c00000, 0x0000000083c00000|100%| O|  |TAMS 0x0000000083c00000, 0x0000000083b00000| Updating 
|  60|0x0000000083c00000, 0x0000000083d00000, 0x0000000083d00000|100%| O|  |TAMS 0x0000000083d00000, 0x0000000083c00000| Untracked 
|  61|0x0000000083d00000, 0x0000000083e00000, 0x0000000083e00000|100%| O|  |TAMS 0x0000000083e00000, 0x0000000083d00000| Updating 
|  62|0x0000000083e00000, 0x0000000083f00000, 0x0000000083f00000|100%| O|  |TAMS 0x0000000083f00000, 0x0000000083e00000| Updating 
|  63|0x0000000083f00000, 0x0000000084000000, 0x0000000084000000|100%|HS|  |TAMS 0x0000000084000000, 0x0000000083f00000| Complete 
|  64|0x0000000084000000, 0x0000000084100000, 0x0000000084100000|100%| O|  |TAMS 0x0000000084100000, 0x0000000084000000| Updating 
|  65|0x0000000084100000, 0x0000000084200000, 0x0000000084200000|100%| O|  |TAMS 0x0000000084200000, 0x0000000084100000| Updating 
|  66|0x0000000084200000, 0x0000000084300000, 0x0000000084300000|100%| O|  |TAMS 0x0000000084300000, 0x0000000084200000| Updating 
|  67|0x0000000084300000, 0x0000000084400000, 0x0000000084400000|100%|HS|  |TAMS 0x0000000084400000, 0x0000000084300000| Complete 
|  68|0x0000000084400000, 0x0000000084500000, 0x0000000084500000|100%|HS|  |TAMS 0x0000000084500000, 0x0000000084400000| Complete 
|  69|0x0000000084500000, 0x0000000084600000, 0x0000000084600000|100%| O|  |TAMS 0x0000000084600000, 0x0000000084500000| Updating 
|  70|0x0000000084600000, 0x0000000084700000, 0x0000000084700000|100%| O|  |TAMS 0x0000000084700000, 0x0000000084600000| Untracked 
|  71|0x0000000084700000, 0x0000000084800000, 0x0000000084800000|100%| O|  |TAMS 0x0000000084800000, 0x0000000084700000| Updating 
|  72|0x0000000084800000, 0x0000000084900000, 0x0000000084900000|100%|HS|  |TAMS 0x0000000084900000, 0x0000000084800000| Complete 
|  73|0x0000000084900000, 0x0000000084a00000, 0x0000000084a00000|100%|HS|  |TAMS 0x0000000084a00000, 0x0000000084900000| Complete 
|  74|0x0000000084a00000, 0x0000000084b00000, 0x0000000084b00000|100%| O|  |TAMS 0x0000000084b00000, 0x0000000084a00000| Untracked 
|  75|0x0000000084b00000, 0x0000000084c00000, 0x0000000084c00000|100%| O|  |TAMS 0x0000000084c00000, 0x0000000084b00000| Updating 
|  76|0x0000000084c00000, 0x0000000084d00000, 0x0000000084d00000|100%| O|  |TAMS 0x0000000084d00000, 0x0000000084c00000| Updating 
|  77|0x0000000084d00000, 0x0000000084e00000, 0x0000000084e00000|100%| O|  |TAMS 0x0000000084e00000, 0x0000000084d00000| Untracked 
|  78|0x0000000084e00000, 0x0000000084f00000, 0x0000000084f00000|100%| O|  |TAMS 0x0000000084f00000, 0x0000000084e00000| Updating 
|  79|0x0000000084f00000, 0x0000000085000000, 0x0000000085000000|100%| O|  |TAMS 0x0000000085000000, 0x0000000084f00000| Updating 
|  80|0x0000000085000000, 0x0000000085100000, 0x0000000085100000|100%| O|  |TAMS 0x0000000085100000, 0x0000000085000000| Updating 
|  81|0x0000000085100000, 0x0000000085200000, 0x0000000085200000|100%| O|  |TAMS 0x0000000085200000, 0x0000000085100000| Updating 
|  82|0x0000000085200000, 0x0000000085300000, 0x0000000085300000|100%| O|  |TAMS 0x0000000085300000, 0x0000000085200000| Untracked 
|  83|0x0000000085300000, 0x0000000085400000, 0x0000000085400000|100%| O|  |TAMS 0x0000000085400000, 0x0000000085300000| Untracked 
|  84|0x0000000085400000, 0x0000000085500000, 0x0000000085500000|100%| O|  |TAMS 0x0000000085500000, 0x0000000085400000| Untracked 
|  85|0x0000000085500000, 0x0000000085600000, 0x0000000085600000|100%| O|  |TAMS 0x0000000085600000, 0x0000000085500000| Untracked 
|  86|0x0000000085600000, 0x0000000085700000, 0x0000000085700000|100%| O|  |TAMS 0x0000000085700000, 0x0000000085600000| Untracked 
|  87|0x0000000085700000, 0x0000000085800000, 0x0000000085800000|100%| O|  |TAMS 0x0000000085800000, 0x0000000085700000| Updating 
|  88|0x0000000085800000, 0x0000000085900000, 0x0000000085900000|100%|HS|  |TAMS 0x0000000085900000, 0x0000000085800000| Complete 
|  89|0x0000000085900000, 0x0000000085a00000, 0x0000000085a00000|100%| O|  |TAMS 0x0000000085a00000, 0x0000000085900000| Untracked 
|  90|0x0000000085a00000, 0x0000000085b00000, 0x0000000085b00000|100%|HS|  |TAMS 0x0000000085b00000, 0x0000000085a00000| Complete 
|  91|0x0000000085b00000, 0x0000000085c00000, 0x0000000085c00000|100%|HS|  |TAMS 0x0000000085c00000, 0x0000000085b00000| Complete 
|  92|0x0000000085c00000, 0x0000000085d00000, 0x0000000085d00000|100%| O|  |TAMS 0x0000000085d00000, 0x0000000085c00000| Untracked 
|  93|0x0000000085d00000, 0x0000000085e00000, 0x0000000085e00000|100%| O|  |TAMS 0x0000000085e00000, 0x0000000085d00000| Untracked 
|  94|0x0000000085e00000, 0x0000000085f00000, 0x0000000085f00000|100%| O|  |TAMS 0x0000000085f00000, 0x0000000085e00000| Untracked 
|  95|0x0000000085f00000, 0x0000000086000000, 0x0000000086000000|100%|HS|  |TAMS 0x0000000086000000, 0x0000000085f00000| Complete 
|  96|0x0000000086000000, 0x0000000086100000, 0x0000000086100000|100%|HS|  |TAMS 0x0000000086100000, 0x0000000086000000| Complete 
|  97|0x0000000086100000, 0x0000000086200000, 0x0000000086200000|100%|HC|  |TAMS 0x0000000086200000, 0x0000000086100000| Complete 
|  98|0x0000000086200000, 0x0000000086300000, 0x0000000086300000|100%|HC|  |TAMS 0x0000000086300000, 0x0000000086200000| Complete 
|  99|0x0000000086300000, 0x0000000086400000, 0x0000000086400000|100%| O|  |TAMS 0x0000000086400000, 0x0000000086300000| Updating 
| 100|0x0000000086400000, 0x0000000086500000, 0x0000000086500000|100%| O|  |TAMS 0x0000000086500000, 0x0000000086400000| Untracked 
| 101|0x0000000086500000, 0x0000000086600000, 0x0000000086600000|100%| O|  |TAMS 0x0000000086600000, 0x0000000086500000| Updating 
| 102|0x0000000086600000, 0x0000000086700000, 0x0000000086700000|100%| O|  |TAMS 0x0000000086700000, 0x0000000086600000| Updating 
| 103|0x0000000086700000, 0x0000000086800000, 0x0000000086800000|100%| O|  |TAMS 0x0000000086800000, 0x0000000086700000| Untracked 
| 104|0x0000000086800000, 0x0000000086900000, 0x0000000086900000|100%| O|  |TAMS 0x0000000086900000, 0x0000000086800000| Untracked 
| 105|0x0000000086900000, 0x0000000086a00000, 0x0000000086a00000|100%| O|  |TAMS 0x0000000086a00000, 0x0000000086900000| Untracked 
| 106|0x0000000086a00000, 0x0000000086b00000, 0x0000000086b00000|100%| O|  |TAMS 0x0000000086b00000, 0x0000000086a00000| Updating 
| 107|0x0000000086b00000, 0x0000000086c00000, 0x0000000086c00000|100%| O|  |TAMS 0x0000000086c00000, 0x0000000086b00000| Untracked 
| 108|0x0000000086c00000, 0x0000000086d00000, 0x0000000086d00000|100%| O|  |TAMS 0x0000000086d00000, 0x0000000086c00000| Untracked 
| 109|0x0000000086d00000, 0x0000000086e00000, 0x0000000086e00000|100%| O|  |TAMS 0x0000000086e00000, 0x0000000086d00000| Updating 
| 110|0x0000000086e00000, 0x0000000086f00000, 0x0000000086f00000|100%| O|  |TAMS 0x0000000086f00000, 0x0000000086e00000| Untracked 
| 111|0x0000000086f00000, 0x0000000087000000, 0x0000000087000000|100%| O|  |TAMS 0x0000000087000000, 0x0000000086f00000| Untracked 
| 112|0x0000000087000000, 0x0000000087100000, 0x0000000087100000|100%| O|  |TAMS 0x0000000087100000, 0x0000000087000000| Untracked 
| 113|0x0000000087100000, 0x0000000087200000, 0x0000000087200000|100%| O|  |TAMS 0x0000000087200000, 0x0000000087100000| Updating 
| 114|0x0000000087200000, 0x0000000087300000, 0x0000000087300000|100%| O|  |TAMS 0x0000000087300000, 0x0000000087200000| Untracked 
| 115|0x0000000087300000, 0x0000000087400000, 0x0000000087400000|100%| O|  |TAMS 0x0000000087400000, 0x0000000087300000| Untracked 
| 116|0x0000000087400000, 0x0000000087500000, 0x0000000087500000|100%| O|  |TAMS 0x0000000087500000, 0x0000000087400000| Untracked 
| 117|0x0000000087500000, 0x0000000087600000, 0x0000000087600000|100%| O|  |TAMS 0x0000000087600000, 0x0000000087500000| Untracked 
| 118|0x0000000087600000, 0x0000000087700000, 0x0000000087700000|100%| O|  |TAMS 0x0000000087700000, 0x0000000087600000| Updating 
| 119|0x0000000087700000, 0x0000000087800000, 0x0000000087800000|100%| O|  |TAMS 0x0000000087800000, 0x0000000087700000| Untracked 
| 120|0x0000000087800000, 0x0000000087900000, 0x0000000087900000|100%| O|  |TAMS 0x0000000087900000, 0x0000000087800000| Untracked 
| 121|0x0000000087900000, 0x0000000087a00000, 0x0000000087a00000|100%| O|  |TAMS 0x0000000087a00000, 0x0000000087900000| Updating 
| 122|0x0000000087a00000, 0x0000000087b00000, 0x0000000087b00000|100%| O|  |TAMS 0x0000000087b00000, 0x0000000087a00000| Updating 
| 123|0x0000000087b00000, 0x0000000087c00000, 0x0000000087c00000|100%| O|  |TAMS 0x0000000087c00000, 0x0000000087b00000| Untracked 
| 124|0x0000000087c00000, 0x0000000087d00000, 0x0000000087d00000|100%| O|  |TAMS 0x0000000087d00000, 0x0000000087c00000| Untracked 
| 125|0x0000000087d00000, 0x0000000087e00000, 0x0000000087e00000|100%| O|  |TAMS 0x0000000087e00000, 0x0000000087d00000| Untracked 
| 126|0x0000000087e00000, 0x0000000087f00000, 0x0000000087f00000|100%| O|  |TAMS 0x0000000087f00000, 0x0000000087e00000| Untracked 
| 127|0x0000000087f00000, 0x0000000088000000, 0x0000000088000000|100%| O|  |TAMS 0x0000000088000000, 0x0000000087f00000| Untracked 
| 128|0x0000000088000000, 0x0000000088100000, 0x0000000088100000|100%| O|  |TAMS 0x0000000088100000, 0x0000000088000000| Untracked 
| 129|0x0000000088100000, 0x0000000088200000, 0x0000000088200000|100%| O|  |TAMS 0x0000000088200000, 0x0000000088100000| Untracked 
| 130|0x0000000088200000, 0x0000000088300000, 0x0000000088300000|100%| O|  |TAMS 0x0000000088300000, 0x0000000088200000| Untracked 
| 131|0x0000000088300000, 0x0000000088400000, 0x0000000088400000|100%| O|  |TAMS 0x0000000088400000, 0x0000000088300000| Untracked 
| 132|0x0000000088400000, 0x0000000088500000, 0x0000000088500000|100%| O|  |TAMS 0x0000000088500000, 0x0000000088400000| Updating 
| 133|0x0000000088500000, 0x0000000088600000, 0x0000000088600000|100%| O|  |TAMS 0x0000000088600000, 0x0000000088500000| Updating 
| 134|0x0000000088600000, 0x0000000088700000, 0x0000000088700000|100%|HS|  |TAMS 0x0000000088700000, 0x0000000088600000| Complete 
| 135|0x0000000088700000, 0x0000000088800000, 0x0000000088800000|100%|HS|  |TAMS 0x0000000088800000, 0x0000000088700000| Complete 
| 136|0x0000000088800000, 0x0000000088900000, 0x0000000088900000|100%|HS|  |TAMS 0x0000000088900000, 0x0000000088800000| Complete 
| 137|0x0000000088900000, 0x0000000088a00000, 0x0000000088a00000|100%|HC|  |TAMS 0x0000000088a00000, 0x0000000088900000| Complete 
| 138|0x0000000088a00000, 0x0000000088b00000, 0x0000000088b00000|100%| O|  |TAMS 0x0000000088b00000, 0x0000000088a00000| Updating 
| 139|0x0000000088b00000, 0x0000000088c00000, 0x0000000088c00000|100%| O|  |TAMS 0x0000000088c00000, 0x0000000088b00000| Untracked 
| 140|0x0000000088c00000, 0x0000000088d00000, 0x0000000088d00000|100%| O|  |TAMS 0x0000000088d00000, 0x0000000088c00000| Updating 
| 141|0x0000000088d00000, 0x0000000088e00000, 0x0000000088e00000|100%| O|  |TAMS 0x0000000088e00000, 0x0000000088d00000| Untracked 
| 142|0x0000000088e00000, 0x0000000088f00000, 0x0000000088f00000|100%| O|  |TAMS 0x0000000088f00000, 0x0000000088e00000| Updating 
| 143|0x0000000088f00000, 0x0000000089000000, 0x0000000089000000|100%| O|  |TAMS 0x0000000089000000, 0x0000000088f00000| Updating 
| 144|0x0000000089000000, 0x0000000089100000, 0x0000000089100000|100%| O|  |TAMS 0x0000000089100000, 0x0000000089000000| Untracked 
| 145|0x0000000089100000, 0x0000000089200000, 0x0000000089200000|100%| O|  |TAMS 0x0000000089200000, 0x0000000089100000| Untracked 
| 146|0x0000000089200000, 0x0000000089300000, 0x0000000089300000|100%| O|  |TAMS 0x0000000089300000, 0x0000000089200000| Updating 
| 147|0x0000000089300000, 0x0000000089400000, 0x0000000089400000|100%| O|  |TAMS 0x0000000089400000, 0x0000000089300000| Untracked 
| 148|0x0000000089400000, 0x0000000089500000, 0x0000000089500000|100%| O|  |TAMS 0x0000000089500000, 0x0000000089400000| Updating 
| 149|0x0000000089500000, 0x0000000089600000, 0x0000000089600000|100%| O|  |TAMS 0x0000000089600000, 0x0000000089500000| Updating 
| 150|0x0000000089600000, 0x0000000089700000, 0x0000000089700000|100%| O|  |TAMS 0x0000000089700000, 0x0000000089600000| Untracked 
| 151|0x0000000089700000, 0x0000000089800000, 0x0000000089800000|100%| O|  |TAMS 0x0000000089800000, 0x0000000089700000| Untracked 
| 152|0x0000000089800000, 0x0000000089900000, 0x0000000089900000|100%| O|  |TAMS 0x0000000089900000, 0x0000000089800000| Updating 
| 153|0x0000000089900000, 0x0000000089a00000, 0x0000000089a00000|100%| O|  |TAMS 0x0000000089a00000, 0x0000000089900000| Untracked 
| 154|0x0000000089a00000, 0x0000000089b00000, 0x0000000089b00000|100%| O|  |TAMS 0x0000000089b00000, 0x0000000089a00000| Updating 
| 155|0x0000000089b00000, 0x0000000089c00000, 0x0000000089c00000|100%| O|  |TAMS 0x0000000089c00000, 0x0000000089b00000| Untracked 
| 156|0x0000000089c00000, 0x0000000089d00000, 0x0000000089d00000|100%| O|  |TAMS 0x0000000089d00000, 0x0000000089c00000| Updating 
| 157|0x0000000089d00000, 0x0000000089e00000, 0x0000000089e00000|100%| O|  |TAMS 0x0000000089e00000, 0x0000000089d00000| Updating 
| 158|0x0000000089e00000, 0x0000000089f00000, 0x0000000089f00000|100%| O|  |TAMS 0x0000000089f00000, 0x0000000089e00000| Updating 
| 159|0x0000000089f00000, 0x000000008a000000, 0x000000008a000000|100%| O|  |TAMS 0x000000008a000000, 0x0000000089f00000| Untracked 
| 160|0x000000008a000000, 0x000000008a100000, 0x000000008a100000|100%| O|  |TAMS 0x000000008a100000, 0x000000008a000000| Updating 
| 161|0x000000008a100000, 0x000000008a200000, 0x000000008a200000|100%| O|  |TAMS 0x000000008a200000, 0x000000008a100000| Updating 
| 162|0x000000008a200000, 0x000000008a300000, 0x000000008a300000|100%| O|  |TAMS 0x000000008a300000, 0x000000008a200000| Untracked 
| 163|0x000000008a300000, 0x000000008a400000, 0x000000008a400000|100%| O|  |TAMS 0x000000008a400000, 0x000000008a300000| Updating 
| 164|0x000000008a400000, 0x000000008a500000, 0x000000008a500000|100%| O|  |TAMS 0x000000008a500000, 0x000000008a400000| Updating 
| 165|0x000000008a500000, 0x000000008a600000, 0x000000008a600000|100%| O|  |TAMS 0x000000008a600000, 0x000000008a500000| Untracked 
| 166|0x000000008a600000, 0x000000008a700000, 0x000000008a700000|100%| O|  |TAMS 0x000000008a700000, 0x000000008a600000| Updating 
| 167|0x000000008a700000, 0x000000008a800000, 0x000000008a800000|100%| O|  |TAMS 0x000000008a800000, 0x000000008a700000| Untracked 
| 168|0x000000008a800000, 0x000000008a900000, 0x000000008a900000|100%| O|  |TAMS 0x000000008a900000, 0x000000008a800000| Untracked 
| 169|0x000000008a900000, 0x000000008aa00000, 0x000000008aa00000|100%| O|  |TAMS 0x000000008aa00000, 0x000000008a900000| Updating 
| 170|0x000000008aa00000, 0x000000008ab00000, 0x000000008ab00000|100%| O|  |TAMS 0x000000008ab00000, 0x000000008aa00000| Updating 
| 171|0x000000008ab00000, 0x000000008ac00000, 0x000000008ac00000|100%| O|  |TAMS 0x000000008ac00000, 0x000000008ab00000| Untracked 
| 172|0x000000008ac00000, 0x000000008ad00000, 0x000000008ad00000|100%| O|  |TAMS 0x000000008ad00000, 0x000000008ac00000| Untracked 
| 173|0x000000008ad00000, 0x000000008ae00000, 0x000000008ae00000|100%| O|  |TAMS 0x000000008ae00000, 0x000000008ad00000| Untracked 
| 174|0x000000008ae00000, 0x000000008af00000, 0x000000008af00000|100%| O|  |TAMS 0x000000008af00000, 0x000000008ae00000| Updating 
| 175|0x000000008af00000, 0x000000008b000000, 0x000000008b000000|100%| O|  |TAMS 0x000000008b000000, 0x000000008af00000| Untracked 
| 176|0x000000008b000000, 0x000000008b100000, 0x000000008b100000|100%| O|  |TAMS 0x000000008b100000, 0x000000008b000000| Updating 
| 177|0x000000008b100000, 0x000000008b200000, 0x000000008b200000|100%| O|  |TAMS 0x000000008b200000, 0x000000008b100000| Untracked 
| 178|0x000000008b200000, 0x000000008b300000, 0x000000008b300000|100%| O|  |TAMS 0x000000008b300000, 0x000000008b200000| Untracked 
| 179|0x000000008b300000, 0x000000008b400000, 0x000000008b400000|100%| O|  |TAMS 0x000000008b400000, 0x000000008b300000| Updating 
| 180|0x000000008b400000, 0x000000008b500000, 0x000000008b500000|100%| O|  |TAMS 0x000000008b500000, 0x000000008b400000| Updating 
| 181|0x000000008b500000, 0x000000008b600000, 0x000000008b600000|100%| O|  |TAMS 0x000000008b600000, 0x000000008b500000| Updating 
| 182|0x000000008b600000, 0x000000008b600000, 0x000000008b700000|  0%| F|  |TAMS 0x000000008b600000, 0x000000008b600000| Untracked 
| 183|0x000000008b700000, 0x000000008b800000, 0x000000008b800000|100%| O|  |TAMS 0x000000008b800000, 0x000000008b700000| Untracked 
| 184|0x000000008b800000, 0x000000008b900000, 0x000000008b900000|100%| O|  |TAMS 0x000000008b900000, 0x000000008b800000| Updating 
| 185|0x000000008b900000, 0x000000008ba00000, 0x000000008ba00000|100%|HS|  |TAMS 0x000000008ba00000, 0x000000008b900000| Complete 
| 186|0x000000008ba00000, 0x000000008bb00000, 0x000000008bb00000|100%| O|  |TAMS 0x000000008bb00000, 0x000000008ba00000| Updating 
| 187|0x000000008bb00000, 0x000000008bc00000, 0x000000008bc00000|100%|HS|  |TAMS 0x000000008bc00000, 0x000000008bb00000| Complete 
| 188|0x000000008bc00000, 0x000000008bd00000, 0x000000008bd00000|100%|HS|  |TAMS 0x000000008bd00000, 0x000000008bc00000| Complete 
| 189|0x000000008bd00000, 0x000000008be00000, 0x000000008be00000|100%|HS|  |TAMS 0x000000008be00000, 0x000000008bd00000| Complete 
| 190|0x000000008be00000, 0x000000008bf00000, 0x000000008bf00000|100%| O|  |TAMS 0x000000008bf00000, 0x000000008be00000| Untracked 
| 191|0x000000008bf00000, 0x000000008c000000, 0x000000008c000000|100%| O|  |TAMS 0x000000008c000000, 0x000000008bf00000| Updating 
| 192|0x000000008c000000, 0x000000008c100000, 0x000000008c100000|100%| O|  |TAMS 0x000000008c100000, 0x000000008c000000| Updating 
| 193|0x000000008c100000, 0x000000008c200000, 0x000000008c200000|100%| O|  |TAMS 0x000000008c200000, 0x000000008c100000| Updating 
| 194|0x000000008c200000, 0x000000008c300000, 0x000000008c300000|100%| O|  |TAMS 0x000000008c300000, 0x000000008c200000| Updating 
| 195|0x000000008c300000, 0x000000008c400000, 0x000000008c400000|100%| O|  |TAMS 0x000000008c400000, 0x000000008c300000| Untracked 
| 196|0x000000008c400000, 0x000000008c500000, 0x000000008c500000|100%| O|  |TAMS 0x000000008c500000, 0x000000008c400000| Updating 
| 197|0x000000008c500000, 0x000000008c600000, 0x000000008c600000|100%| O|  |TAMS 0x000000008c600000, 0x000000008c500000| Updating 
| 198|0x000000008c600000, 0x000000008c700000, 0x000000008c700000|100%| O|  |TAMS 0x000000008c700000, 0x000000008c600000| Updating 
| 199|0x000000008c700000, 0x000000008c800000, 0x000000008c800000|100%| O|  |TAMS 0x000000008c800000, 0x000000008c700000| Updating 
| 200|0x000000008c800000, 0x000000008c900000, 0x000000008c900000|100%| O|  |TAMS 0x000000008c900000, 0x000000008c800000| Updating 
| 201|0x000000008c900000, 0x000000008ca00000, 0x000000008ca00000|100%| O|  |TAMS 0x000000008ca00000, 0x000000008c900000| Updating 
| 202|0x000000008ca00000, 0x000000008cb00000, 0x000000008cb00000|100%| O|  |TAMS 0x000000008cb00000, 0x000000008ca00000| Updating 
| 203|0x000000008cb00000, 0x000000008cc00000, 0x000000008cc00000|100%| O|  |TAMS 0x000000008cc00000, 0x000000008cb00000| Updating 
| 204|0x000000008cc00000, 0x000000008cd00000, 0x000000008cd00000|100%| O|  |TAMS 0x000000008cd00000, 0x000000008cc00000| Updating 
| 205|0x000000008cd00000, 0x000000008ce00000, 0x000000008ce00000|100%| O|  |TAMS 0x000000008ce00000, 0x000000008cd00000| Updating 
| 206|0x000000008ce00000, 0x000000008cf00000, 0x000000008cf00000|100%| O|  |TAMS 0x000000008cf00000, 0x000000008ce00000| Untracked 
| 207|0x000000008cf00000, 0x000000008d000000, 0x000000008d000000|100%| O|  |TAMS 0x000000008d000000, 0x000000008cf00000| Updating 
| 208|0x000000008d000000, 0x000000008d100000, 0x000000008d100000|100%| O|  |TAMS 0x000000008d100000, 0x000000008d000000| Untracked 
| 209|0x000000008d100000, 0x000000008d200000, 0x000000008d200000|100%| O|  |TAMS 0x000000008d200000, 0x000000008d100000| Untracked 
| 210|0x000000008d200000, 0x000000008d300000, 0x000000008d300000|100%| O|  |TAMS 0x000000008d300000, 0x000000008d200000| Updating 
| 211|0x000000008d300000, 0x000000008d400000, 0x000000008d400000|100%|HS|  |TAMS 0x000000008d400000, 0x000000008d300000| Complete 
| 212|0x000000008d400000, 0x000000008d500000, 0x000000008d500000|100%|HS|  |TAMS 0x000000008d500000, 0x000000008d400000| Complete 
| 213|0x000000008d500000, 0x000000008d600000, 0x000000008d600000|100%|HS|  |TAMS 0x000000008d600000, 0x000000008d500000| Complete 
| 214|0x000000008d600000, 0x000000008d700000, 0x000000008d700000|100%|HS|  |TAMS 0x000000008d700000, 0x000000008d600000| Complete 
| 215|0x000000008d700000, 0x000000008d800000, 0x000000008d800000|100%|HS|  |TAMS 0x000000008d800000, 0x000000008d700000| Complete 
| 216|0x000000008d800000, 0x000000008d900000, 0x000000008d900000|100%| O|  |TAMS 0x000000008d900000, 0x000000008d800000| Untracked 
| 217|0x000000008d900000, 0x000000008da00000, 0x000000008da00000|100%| O|  |TAMS 0x000000008da00000, 0x000000008d900000| Untracked 
| 218|0x000000008da00000, 0x000000008db00000, 0x000000008db00000|100%| O|  |TAMS 0x000000008db00000, 0x000000008da00000| Untracked 
| 219|0x000000008db00000, 0x000000008dc00000, 0x000000008dc00000|100%| O|  |TAMS 0x000000008dc00000, 0x000000008db00000| Untracked 
| 220|0x000000008dc00000, 0x000000008dd00000, 0x000000008dd00000|100%| O|  |TAMS 0x000000008dd00000, 0x000000008dc00000| Untracked 
| 221|0x000000008dd00000, 0x000000008de00000, 0x000000008de00000|100%| O|  |TAMS 0x000000008de00000, 0x000000008dd00000| Untracked 
| 222|0x000000008de00000, 0x000000008df00000, 0x000000008df00000|100%| O|  |TAMS 0x000000008df00000, 0x000000008de00000| Updating 
| 223|0x000000008df00000, 0x000000008e000000, 0x000000008e000000|100%| O|  |TAMS 0x000000008e000000, 0x000000008df00000| Updating 
| 224|0x000000008e000000, 0x000000008e100000, 0x000000008e100000|100%| O|  |TAMS 0x000000008e100000, 0x000000008e000000| Untracked 
| 225|0x000000008e100000, 0x000000008e200000, 0x000000008e200000|100%| O|  |TAMS 0x000000008e200000, 0x000000008e100000| Untracked 
| 226|0x000000008e200000, 0x000000008e300000, 0x000000008e300000|100%| O|  |TAMS 0x000000008e300000, 0x000000008e200000| Untracked 
| 227|0x000000008e300000, 0x000000008e400000, 0x000000008e400000|100%| O|  |TAMS 0x000000008e400000, 0x000000008e300000| Untracked 
| 228|0x000000008e400000, 0x000000008e500000, 0x000000008e500000|100%| O|  |TAMS 0x000000008e500000, 0x000000008e400000| Untracked 
| 229|0x000000008e500000, 0x000000008e600000, 0x000000008e600000|100%| O|  |TAMS 0x000000008e600000, 0x000000008e500000| Untracked 
| 230|0x000000008e600000, 0x000000008e700000, 0x000000008e700000|100%| O|  |TAMS 0x000000008e700000, 0x000000008e600000| Untracked 
| 231|0x000000008e700000, 0x000000008e800000, 0x000000008e800000|100%| O|  |TAMS 0x000000008e800000, 0x000000008e700000| Untracked 
| 232|0x000000008e800000, 0x000000008e900000, 0x000000008e900000|100%| O|  |TAMS 0x000000008e900000, 0x000000008e800000| Untracked 
| 233|0x000000008e900000, 0x000000008ea00000, 0x000000008ea00000|100%| O|  |TAMS 0x000000008ea00000, 0x000000008e900000| Untracked 
| 234|0x000000008ea00000, 0x000000008eb00000, 0x000000008eb00000|100%| O|  |TAMS 0x000000008eb00000, 0x000000008ea00000| Untracked 
| 235|0x000000008eb00000, 0x000000008ec00000, 0x000000008ec00000|100%| O|  |TAMS 0x000000008ec00000, 0x000000008eb00000| Untracked 
| 236|0x000000008ec00000, 0x000000008ed00000, 0x000000008ed00000|100%| O|  |TAMS 0x000000008ed00000, 0x000000008ec00000| Untracked 
| 237|0x000000008ed00000, 0x000000008ee00000, 0x000000008ee00000|100%| O|  |TAMS 0x000000008ee00000, 0x000000008ed00000| Untracked 
| 238|0x000000008ee00000, 0x000000008ef00000, 0x000000008ef00000|100%| O|  |TAMS 0x000000008ef00000, 0x000000008ee00000| Untracked 
| 239|0x000000008ef00000, 0x000000008f000000, 0x000000008f000000|100%| O|  |TAMS 0x000000008f000000, 0x000000008ef00000| Untracked 
| 240|0x000000008f000000, 0x000000008f100000, 0x000000008f100000|100%| O|  |TAMS 0x000000008f100000, 0x000000008f000000| Untracked 
| 241|0x000000008f100000, 0x000000008f200000, 0x000000008f200000|100%| O|  |TAMS 0x000000008f200000, 0x000000008f100000| Untracked 
| 242|0x000000008f200000, 0x000000008f300000, 0x000000008f300000|100%| O|  |TAMS 0x000000008f300000, 0x000000008f200000| Untracked 
| 243|0x000000008f300000, 0x000000008f400000, 0x000000008f400000|100%| O|  |TAMS 0x000000008f400000, 0x000000008f300000| Updating 
| 244|0x000000008f400000, 0x000000008f500000, 0x000000008f500000|100%| O|  |TAMS 0x000000008f500000, 0x000000008f400000| Untracked 
| 245|0x000000008f500000, 0x000000008f600000, 0x000000008f600000|100%| O|  |TAMS 0x000000008f600000, 0x000000008f500000| Untracked 
| 246|0x000000008f600000, 0x000000008f700000, 0x000000008f700000|100%| O|  |TAMS 0x000000008f700000, 0x000000008f600000| Untracked 
| 247|0x000000008f700000, 0x000000008f800000, 0x000000008f800000|100%| O|  |TAMS 0x000000008f800000, 0x000000008f700000| Untracked 
| 248|0x000000008f800000, 0x000000008f900000, 0x000000008f900000|100%| O|  |TAMS 0x000000008f900000, 0x000000008f800000| Untracked 
| 249|0x000000008f900000, 0x000000008fa00000, 0x000000008fa00000|100%| O|  |TAMS 0x000000008fa00000, 0x000000008f900000| Untracked 
| 250|0x000000008fa00000, 0x000000008fb00000, 0x000000008fb00000|100%| O|  |TAMS 0x000000008fb00000, 0x000000008fa00000| Untracked 
| 251|0x000000008fb00000, 0x000000008fc00000, 0x000000008fc00000|100%| O|  |TAMS 0x000000008fc00000, 0x000000008fb00000| Untracked 
| 252|0x000000008fc00000, 0x000000008fd00000, 0x000000008fd00000|100%| O|  |TAMS 0x000000008fd00000, 0x000000008fc00000| Untracked 
| 253|0x000000008fd00000, 0x000000008fe00000, 0x000000008fe00000|100%| O|  |TAMS 0x000000008fe00000, 0x000000008fd00000| Untracked 
| 254|0x000000008fe00000, 0x000000008ff00000, 0x000000008ff00000|100%| O|  |TAMS 0x000000008ff00000, 0x000000008fe00000| Untracked 
| 255|0x000000008ff00000, 0x0000000090000000, 0x0000000090000000|100%| O|  |TAMS 0x0000000090000000, 0x000000008ff00000| Untracked 
| 256|0x0000000090000000, 0x0000000090100000, 0x0000000090100000|100%| O|  |TAMS 0x0000000090100000, 0x0000000090000000| Untracked 
| 257|0x0000000090100000, 0x0000000090200000, 0x0000000090200000|100%| O|  |TAMS 0x0000000090200000, 0x0000000090100000| Untracked 
| 258|0x0000000090200000, 0x0000000090300000, 0x0000000090300000|100%| O|  |TAMS 0x0000000090300000, 0x0000000090200000| Untracked 
| 259|0x0000000090300000, 0x0000000090400000, 0x0000000090400000|100%| O|  |TAMS 0x0000000090400000, 0x0000000090300000| Updating 
| 260|0x0000000090400000, 0x0000000090500000, 0x0000000090500000|100%| O|  |TAMS 0x0000000090500000, 0x0000000090400000| Updating 
| 261|0x0000000090500000, 0x0000000090600000, 0x0000000090600000|100%| O|  |TAMS 0x0000000090600000, 0x0000000090500000| Untracked 
| 262|0x0000000090600000, 0x0000000090700000, 0x0000000090700000|100%| O|  |TAMS 0x0000000090700000, 0x0000000090600000| Updating 
| 263|0x0000000090700000, 0x0000000090700000, 0x0000000090800000|  0%| F|  |TAMS 0x0000000090700000, 0x0000000090700000| Untracked 
| 264|0x0000000090800000, 0x0000000090800000, 0x0000000090900000|  0%| F|  |TAMS 0x0000000090800000, 0x0000000090800000| Untracked 
| 265|0x0000000090900000, 0x0000000090a00000, 0x0000000090a00000|100%|HS|  |TAMS 0x0000000090a00000, 0x0000000090900000| Complete 
| 266|0x0000000090a00000, 0x0000000090b00000, 0x0000000090b00000|100%|HC|  |TAMS 0x0000000090b00000, 0x0000000090a00000| Complete 
| 267|0x0000000090b00000, 0x0000000090c00000, 0x0000000090c00000|100%|HC|  |TAMS 0x0000000090c00000, 0x0000000090b00000| Complete 
| 268|0x0000000090c00000, 0x0000000090d00000, 0x0000000090d00000|100%| O|  |TAMS 0x0000000090d00000, 0x0000000090c00000| Untracked 
| 269|0x0000000090d00000, 0x0000000090e00000, 0x0000000090e00000|100%| O|  |TAMS 0x0000000090e00000, 0x0000000090d00000| Untracked 
| 270|0x0000000090e00000, 0x0000000090f00000, 0x0000000090f00000|100%| O|  |TAMS 0x0000000090f00000, 0x0000000090e00000| Untracked 
| 271|0x0000000090f00000, 0x0000000091000000, 0x0000000091000000|100%| O|  |TAMS 0x0000000091000000, 0x0000000090f00000| Untracked 
| 272|0x0000000091000000, 0x0000000091100000, 0x0000000091100000|100%| O|  |TAMS 0x0000000091100000, 0x0000000091000000| Untracked 
| 273|0x0000000091100000, 0x0000000091200000, 0x0000000091200000|100%| O|  |TAMS 0x0000000091200000, 0x0000000091100000| Untracked 
| 274|0x0000000091200000, 0x0000000091300000, 0x0000000091300000|100%| O|  |TAMS 0x0000000091300000, 0x0000000091200000| Untracked 
| 275|0x0000000091300000, 0x0000000091400000, 0x0000000091400000|100%| O|  |TAMS 0x0000000091400000, 0x0000000091300000| Untracked 
| 276|0x0000000091400000, 0x0000000091500000, 0x0000000091500000|100%| O|  |TAMS 0x0000000091500000, 0x0000000091400000| Untracked 
| 277|0x0000000091500000, 0x0000000091600000, 0x0000000091600000|100%| O|  |TAMS 0x0000000091600000, 0x0000000091500000| Untracked 
| 278|0x0000000091600000, 0x0000000091700000, 0x0000000091700000|100%| O|  |TAMS 0x0000000091700000, 0x0000000091600000| Untracked 
| 279|0x0000000091700000, 0x0000000091800000, 0x0000000091800000|100%| O|  |TAMS 0x0000000091800000, 0x0000000091700000| Untracked 
| 280|0x0000000091800000, 0x0000000091900000, 0x0000000091900000|100%| O|  |TAMS 0x0000000091900000, 0x0000000091800000| Untracked 
| 281|0x0000000091900000, 0x0000000091a00000, 0x0000000091a00000|100%| O|  |TAMS 0x0000000091a00000, 0x0000000091900000| Untracked 
| 282|0x0000000091a00000, 0x0000000091b00000, 0x0000000091b00000|100%| O|  |TAMS 0x0000000091b00000, 0x0000000091a00000| Untracked 
| 283|0x0000000091b00000, 0x0000000091c00000, 0x0000000091c00000|100%| O|  |TAMS 0x0000000091c00000, 0x0000000091b00000| Untracked 
| 284|0x0000000091c00000, 0x0000000091d00000, 0x0000000091d00000|100%| O|  |TAMS 0x0000000091d00000, 0x0000000091c00000| Untracked 
| 285|0x0000000091d00000, 0x0000000091e00000, 0x0000000091e00000|100%| O|  |TAMS 0x0000000091e00000, 0x0000000091d00000| Untracked 
| 286|0x0000000091e00000, 0x0000000091f00000, 0x0000000091f00000|100%| O|  |TAMS 0x0000000091f00000, 0x0000000091e00000| Untracked 
| 287|0x0000000091f00000, 0x0000000092000000, 0x0000000092000000|100%| O|  |TAMS 0x0000000092000000, 0x0000000091f00000| Untracked 
| 288|0x0000000092000000, 0x0000000092100000, 0x0000000092100000|100%| O|  |TAMS 0x0000000092100000, 0x0000000092000000| Untracked 
| 289|0x0000000092100000, 0x0000000092200000, 0x0000000092200000|100%| O|  |TAMS 0x0000000092200000, 0x0000000092100000| Untracked 
| 290|0x0000000092200000, 0x0000000092300000, 0x0000000092300000|100%| O|  |TAMS 0x0000000092300000, 0x0000000092200000| Untracked 
| 291|0x0000000092300000, 0x0000000092400000, 0x0000000092400000|100%| O|  |TAMS 0x0000000092400000, 0x0000000092300000| Untracked 
| 292|0x0000000092400000, 0x0000000092500000, 0x0000000092500000|100%| O|  |TAMS 0x0000000092500000, 0x0000000092400000| Updating 
| 293|0x0000000092500000, 0x0000000092600000, 0x0000000092600000|100%|HS|  |TAMS 0x0000000092600000, 0x0000000092500000| Complete 
| 294|0x0000000092600000, 0x0000000092700000, 0x0000000092700000|100%|HC|  |TAMS 0x0000000092700000, 0x0000000092600000| Complete 
| 295|0x0000000092700000, 0x0000000092800000, 0x0000000092800000|100%|HC|  |TAMS 0x0000000092800000, 0x0000000092700000| Complete 
| 296|0x0000000092800000, 0x0000000092900000, 0x0000000092900000|100%| O|  |TAMS 0x0000000092900000, 0x0000000092800000| Updating 
| 297|0x0000000092900000, 0x0000000092a00000, 0x0000000092a00000|100%| O|  |TAMS 0x0000000092a00000, 0x0000000092900000| Updating 
| 298|0x0000000092a00000, 0x0000000092b00000, 0x0000000092b00000|100%| O|  |TAMS 0x0000000092b00000, 0x0000000092a00000| Updating 
| 299|0x0000000092b00000, 0x0000000092c00000, 0x0000000092c00000|100%| O|  |TAMS 0x0000000092c00000, 0x0000000092b00000| Untracked 
| 300|0x0000000092c00000, 0x0000000092d00000, 0x0000000092d00000|100%| O|  |TAMS 0x0000000092d00000, 0x0000000092c00000| Updating 
| 301|0x0000000092d00000, 0x0000000092e00000, 0x0000000092e00000|100%| O|  |TAMS 0x0000000092e00000, 0x0000000092d00000| Untracked 
| 302|0x0000000092e00000, 0x0000000092f00000, 0x0000000092f00000|100%| O|  |TAMS 0x0000000092f00000, 0x0000000092e00000| Updating 
| 303|0x0000000092f00000, 0x0000000093000000, 0x0000000093000000|100%| O|  |TAMS 0x0000000093000000, 0x0000000092f00000| Updating 
| 304|0x0000000093000000, 0x0000000093100000, 0x0000000093100000|100%| O|  |TAMS 0x0000000093100000, 0x0000000093000000| Updating 
| 305|0x0000000093100000, 0x0000000093200000, 0x0000000093200000|100%| O|  |TAMS 0x0000000093200000, 0x0000000093100000| Updating 
| 306|0x0000000093200000, 0x0000000093300000, 0x0000000093300000|100%| O|  |TAMS 0x0000000093300000, 0x0000000093200000| Untracked 
| 307|0x0000000093300000, 0x0000000093400000, 0x0000000093400000|100%| O|  |TAMS 0x0000000093400000, 0x0000000093300000| Updating 
| 308|0x0000000093400000, 0x0000000093500000, 0x0000000093500000|100%| O|  |TAMS 0x0000000093500000, 0x0000000093400000| Updating 
| 309|0x0000000093500000, 0x0000000093600000, 0x0000000093600000|100%| O|  |TAMS 0x0000000093600000, 0x0000000093500000| Untracked 
| 310|0x0000000093600000, 0x0000000093700000, 0x0000000093700000|100%| O|  |TAMS 0x0000000093700000, 0x0000000093600000| Updating 
| 311|0x0000000093700000, 0x0000000093800000, 0x0000000093800000|100%| O|  |TAMS 0x0000000093800000, 0x0000000093700000| Untracked 
| 312|0x0000000093800000, 0x0000000093900000, 0x0000000093900000|100%| O|  |TAMS 0x0000000093900000, 0x0000000093800000| Updating 
| 313|0x0000000093900000, 0x0000000093a00000, 0x0000000093a00000|100%| O|  |TAMS 0x0000000093a00000, 0x0000000093900000| Updating 
| 314|0x0000000093a00000, 0x0000000093b00000, 0x0000000093b00000|100%| O|  |TAMS 0x0000000093b00000, 0x0000000093a00000| Untracked 
| 315|0x0000000093b00000, 0x0000000093c00000, 0x0000000093c00000|100%| O|  |TAMS 0x0000000093c00000, 0x0000000093b00000| Untracked 
| 316|0x0000000093c00000, 0x0000000093d00000, 0x0000000093d00000|100%| O|  |TAMS 0x0000000093d00000, 0x0000000093c00000| Updating 
| 317|0x0000000093d00000, 0x0000000093e00000, 0x0000000093e00000|100%| O|  |TAMS 0x0000000093e00000, 0x0000000093d00000| Updating 
| 318|0x0000000093e00000, 0x0000000093f00000, 0x0000000093f00000|100%| O|  |TAMS 0x0000000093f00000, 0x0000000093e00000| Untracked 
| 319|0x0000000093f00000, 0x0000000094000000, 0x0000000094000000|100%| O|  |TAMS 0x0000000094000000, 0x0000000093f00000| Untracked 
| 320|0x0000000094000000, 0x0000000094100000, 0x0000000094100000|100%| O|  |TAMS 0x0000000094100000, 0x0000000094000000| Untracked 
| 321|0x0000000094100000, 0x0000000094200000, 0x0000000094200000|100%| O|  |TAMS 0x0000000094200000, 0x0000000094100000| Untracked 
| 322|0x0000000094200000, 0x0000000094300000, 0x0000000094300000|100%| O|  |TAMS 0x0000000094300000, 0x0000000094200000| Updating 
| 323|0x0000000094300000, 0x0000000094400000, 0x0000000094400000|100%| O|  |TAMS 0x0000000094400000, 0x0000000094300000| Untracked 
| 324|0x0000000094400000, 0x0000000094500000, 0x0000000094500000|100%| O|  |TAMS 0x0000000094500000, 0x0000000094400000| Updating 
| 325|0x0000000094500000, 0x0000000094600000, 0x0000000094600000|100%| O|  |TAMS 0x0000000094600000, 0x0000000094500000| Updating 
| 326|0x0000000094600000, 0x0000000094700000, 0x0000000094700000|100%| O|  |TAMS 0x0000000094700000, 0x0000000094600000| Updating 
| 327|0x0000000094700000, 0x0000000094800000, 0x0000000094800000|100%| O|  |TAMS 0x0000000094800000, 0x0000000094700000| Untracked 
| 328|0x0000000094800000, 0x0000000094900000, 0x0000000094900000|100%| O|  |TAMS 0x0000000094900000, 0x0000000094800000| Untracked 
| 329|0x0000000094900000, 0x0000000094a00000, 0x0000000094a00000|100%| O|  |TAMS 0x0000000094a00000, 0x0000000094900000| Untracked 
| 330|0x0000000094a00000, 0x0000000094b00000, 0x0000000094b00000|100%| O|  |TAMS 0x0000000094b00000, 0x0000000094a00000| Untracked 
| 331|0x0000000094b00000, 0x0000000094c00000, 0x0000000094c00000|100%| O|  |TAMS 0x0000000094c00000, 0x0000000094b00000| Untracked 
| 332|0x0000000094c00000, 0x0000000094d00000, 0x0000000094d00000|100%| O|  |TAMS 0x0000000094d00000, 0x0000000094c00000| Untracked 
| 333|0x0000000094d00000, 0x0000000094e00000, 0x0000000094e00000|100%| O|  |TAMS 0x0000000094e00000, 0x0000000094d00000| Untracked 
| 334|0x0000000094e00000, 0x0000000094f00000, 0x0000000094f00000|100%| O|  |TAMS 0x0000000094f00000, 0x0000000094e00000| Updating 
| 335|0x0000000094f00000, 0x0000000095000000, 0x0000000095000000|100%| O|  |TAMS 0x0000000095000000, 0x0000000094f00000| Updating 
| 336|0x0000000095000000, 0x0000000095100000, 0x0000000095100000|100%| O|  |TAMS 0x0000000095100000, 0x0000000095000000| Untracked 
| 337|0x0000000095100000, 0x0000000095200000, 0x0000000095200000|100%| O|  |TAMS 0x0000000095200000, 0x0000000095100000| Untracked 
| 338|0x0000000095200000, 0x0000000095300000, 0x0000000095300000|100%| O|  |TAMS 0x0000000095300000, 0x0000000095200000| Untracked 
| 339|0x0000000095300000, 0x0000000095400000, 0x0000000095400000|100%| O|  |TAMS 0x0000000095400000, 0x0000000095300000| Updating 
| 340|0x0000000095400000, 0x0000000095500000, 0x0000000095500000|100%| O|  |TAMS 0x0000000095500000, 0x0000000095400000| Updating 
| 341|0x0000000095500000, 0x0000000095600000, 0x0000000095600000|100%| O|  |TAMS 0x0000000095600000, 0x0000000095500000| Updating 
| 342|0x0000000095600000, 0x0000000095700000, 0x0000000095700000|100%| O|  |TAMS 0x0000000095700000, 0x0000000095600000| Untracked 
| 343|0x0000000095700000, 0x0000000095800000, 0x0000000095800000|100%|HS|  |TAMS 0x0000000095800000, 0x0000000095700000| Complete 
| 344|0x0000000095800000, 0x0000000095900000, 0x0000000095900000|100%|HS|  |TAMS 0x0000000095900000, 0x0000000095800000| Complete 
| 345|0x0000000095900000, 0x0000000095a00000, 0x0000000095a00000|100%|HC|  |TAMS 0x0000000095a00000, 0x0000000095900000| Complete 
| 346|0x0000000095a00000, 0x0000000095b00000, 0x0000000095b00000|100%|HS|  |TAMS 0x0000000095b00000, 0x0000000095a00000| Complete 
| 347|0x0000000095b00000, 0x0000000095c00000, 0x0000000095c00000|100%|HC|  |TAMS 0x0000000095c00000, 0x0000000095b00000| Complete 
| 348|0x0000000095c00000, 0x0000000095d00000, 0x0000000095d00000|100%|HS|  |TAMS 0x0000000095d00000, 0x0000000095c00000| Complete 
| 349|0x0000000095d00000, 0x0000000095e00000, 0x0000000095e00000|100%|HC|  |TAMS 0x0000000095e00000, 0x0000000095d00000| Complete 
| 350|0x0000000095e00000, 0x0000000095f00000, 0x0000000095f00000|100%|HC|  |TAMS 0x0000000095f00000, 0x0000000095e00000| Complete 
| 351|0x0000000095f00000, 0x0000000096000000, 0x0000000096000000|100%|HS|  |TAMS 0x0000000096000000, 0x0000000095f00000| Complete 
| 352|0x0000000096000000, 0x0000000096100000, 0x0000000096100000|100%|HC|  |TAMS 0x0000000096100000, 0x0000000096000000| Complete 
| 353|0x0000000096100000, 0x0000000096200000, 0x0000000096200000|100%|HS|  |TAMS 0x0000000096200000, 0x0000000096100000| Complete 
| 354|0x0000000096200000, 0x0000000096300000, 0x0000000096300000|100%|HC|  |TAMS 0x0000000096300000, 0x0000000096200000| Complete 
| 355|0x0000000096300000, 0x0000000096400000, 0x0000000096400000|100%|HS|  |TAMS 0x0000000096400000, 0x0000000096300000| Complete 
| 356|0x0000000096400000, 0x0000000096500000, 0x0000000096500000|100%|HS|  |TAMS 0x0000000096500000, 0x0000000096400000| Complete 
| 357|0x0000000096500000, 0x0000000096600000, 0x0000000096600000|100%|HS|  |TAMS 0x0000000096600000, 0x0000000096500000| Complete 
| 358|0x0000000096600000, 0x0000000096700000, 0x0000000096700000|100%|HS|  |TAMS 0x0000000096700000, 0x0000000096600000| Complete 
| 359|0x0000000096700000, 0x0000000096800000, 0x0000000096800000|100%|HC|  |TAMS 0x0000000096800000, 0x0000000096700000| Complete 
| 360|0x0000000096800000, 0x0000000096900000, 0x0000000096900000|100%|HS|  |TAMS 0x0000000096900000, 0x0000000096800000| Complete 
| 361|0x0000000096900000, 0x0000000096a00000, 0x0000000096a00000|100%|HS|  |TAMS 0x0000000096a00000, 0x0000000096900000| Complete 
| 362|0x0000000096a00000, 0x0000000096b00000, 0x0000000096b00000|100%|HC|  |TAMS 0x0000000096b00000, 0x0000000096a00000| Complete 
| 363|0x0000000096b00000, 0x0000000096c00000, 0x0000000096c00000|100%|HS|  |TAMS 0x0000000096c00000, 0x0000000096b00000| Complete 
| 364|0x0000000096c00000, 0x0000000096d00000, 0x0000000096d00000|100%|HC|  |TAMS 0x0000000096d00000, 0x0000000096c00000| Complete 
| 365|0x0000000096d00000, 0x0000000096e00000, 0x0000000096e00000|100%|HS|  |TAMS 0x0000000096e00000, 0x0000000096d00000| Complete 
| 366|0x0000000096e00000, 0x0000000096f00000, 0x0000000096f00000|100%|HC|  |TAMS 0x0000000096f00000, 0x0000000096e00000| Complete 
| 367|0x0000000096f00000, 0x0000000097000000, 0x0000000097000000|100%|HS|  |TAMS 0x0000000097000000, 0x0000000096f00000| Complete 
| 368|0x0000000097000000, 0x0000000097100000, 0x0000000097100000|100%|HS|  |TAMS 0x0000000097100000, 0x0000000097000000| Complete 
| 369|0x0000000097100000, 0x0000000097200000, 0x0000000097200000|100%|HC|  |TAMS 0x0000000097200000, 0x0000000097100000| Complete 
| 370|0x0000000097200000, 0x0000000097300000, 0x0000000097300000|100%|HC|  |TAMS 0x0000000097300000, 0x0000000097200000| Complete 
| 371|0x0000000097300000, 0x0000000097400000, 0x0000000097400000|100%|HS|  |TAMS 0x0000000097400000, 0x0000000097300000| Complete 
| 372|0x0000000097400000, 0x0000000097500000, 0x0000000097500000|100%|HS|  |TAMS 0x0000000097500000, 0x0000000097400000| Complete 
| 373|0x0000000097500000, 0x0000000097600000, 0x0000000097600000|100%|HC|  |TAMS 0x0000000097600000, 0x0000000097500000| Complete 
| 374|0x0000000097600000, 0x0000000097700000, 0x0000000097700000|100%|HS|  |TAMS 0x0000000097700000, 0x0000000097600000| Complete 
| 375|0x0000000097700000, 0x0000000097800000, 0x0000000097800000|100%|HC|  |TAMS 0x0000000097800000, 0x0000000097700000| Complete 
| 376|0x0000000097800000, 0x0000000097900000, 0x0000000097900000|100%|HS|  |TAMS 0x0000000097900000, 0x0000000097800000| Complete 
| 377|0x0000000097900000, 0x0000000097a00000, 0x0000000097a00000|100%|HC|  |TAMS 0x0000000097a00000, 0x0000000097900000| Complete 
| 378|0x0000000097a00000, 0x0000000097b00000, 0x0000000097b00000|100%|HC|  |TAMS 0x0000000097b00000, 0x0000000097a00000| Complete 
| 379|0x0000000097b00000, 0x0000000097c00000, 0x0000000097c00000|100%|HS|  |TAMS 0x0000000097c00000, 0x0000000097b00000| Complete 
| 380|0x0000000097c00000, 0x0000000097d00000, 0x0000000097d00000|100%|HS|  |TAMS 0x0000000097d00000, 0x0000000097c00000| Complete 
| 381|0x0000000097d00000, 0x0000000097e00000, 0x0000000097e00000|100%|HS|  |TAMS 0x0000000097e00000, 0x0000000097d00000| Complete 
| 382|0x0000000097e00000, 0x0000000097f00000, 0x0000000097f00000|100%|HC|  |TAMS 0x0000000097f00000, 0x0000000097e00000| Complete 
| 383|0x0000000097f00000, 0x0000000098000000, 0x0000000098000000|100%|HC|  |TAMS 0x0000000098000000, 0x0000000097f00000| Complete 
| 384|0x0000000098000000, 0x0000000098100000, 0x0000000098100000|100%|HC|  |TAMS 0x0000000098100000, 0x0000000098000000| Complete 
| 385|0x0000000098100000, 0x0000000098200000, 0x0000000098200000|100%|HC|  |TAMS 0x0000000098200000, 0x0000000098100000| Complete 
| 386|0x0000000098200000, 0x0000000098300000, 0x0000000098300000|100%|HS|  |TAMS 0x0000000098300000, 0x0000000098200000| Complete 
| 387|0x0000000098300000, 0x0000000098400000, 0x0000000098400000|100%|HS|  |TAMS 0x0000000098400000, 0x0000000098300000| Complete 
| 388|0x0000000098400000, 0x0000000098400000, 0x0000000098500000|  0%| F|  |TAMS 0x0000000098400000, 0x0000000098400000| Untracked 
| 389|0x0000000098500000, 0x0000000098600000, 0x0000000098600000|100%|HS|  |TAMS 0x0000000098600000, 0x0000000098500000| Complete 
| 390|0x0000000098600000, 0x0000000098600000, 0x0000000098700000|  0%| F|  |TAMS 0x0000000098600000, 0x0000000098600000| Untracked 
| 391|0x0000000098700000, 0x0000000098800000, 0x0000000098800000|100%| O|  |TAMS 0x0000000098800000, 0x0000000098700000| Untracked 
| 392|0x0000000098800000, 0x0000000098900000, 0x0000000098900000|100%| O|  |TAMS 0x0000000098900000, 0x0000000098800000| Updating 
| 393|0x0000000098900000, 0x0000000098a00000, 0x0000000098a00000|100%| O|  |TAMS 0x0000000098a00000, 0x0000000098900000| Untracked 
| 394|0x0000000098a00000, 0x0000000098b00000, 0x0000000098b00000|100%| O|  |TAMS 0x0000000098b00000, 0x0000000098a00000| Updating 
| 395|0x0000000098b00000, 0x0000000098c00000, 0x0000000098c00000|100%| O|  |TAMS 0x0000000098c00000, 0x0000000098b00000| Untracked 
| 396|0x0000000098c00000, 0x0000000098d00000, 0x0000000098d00000|100%| O|  |TAMS 0x0000000098d00000, 0x0000000098c00000| Updating 
| 397|0x0000000098d00000, 0x0000000098e00000, 0x0000000098e00000|100%| O|  |TAMS 0x0000000098e00000, 0x0000000098d00000| Updating 
| 398|0x0000000098e00000, 0x0000000098f00000, 0x0000000098f00000|100%| O|  |TAMS 0x0000000098f00000, 0x0000000098e00000| Updating 
| 399|0x0000000098f00000, 0x0000000099000000, 0x0000000099000000|100%| O|  |TAMS 0x0000000099000000, 0x0000000098f00000| Untracked 
| 400|0x0000000099000000, 0x0000000099100000, 0x0000000099100000|100%| O|  |TAMS 0x0000000099100000, 0x0000000099000000| Untracked 
| 401|0x0000000099100000, 0x0000000099200000, 0x0000000099200000|100%| O|  |TAMS 0x0000000099200000, 0x0000000099100000| Untracked 
| 402|0x0000000099200000, 0x0000000099300000, 0x0000000099300000|100%| O|  |TAMS 0x0000000099300000, 0x0000000099200000| Updating 
| 403|0x0000000099300000, 0x0000000099400000, 0x0000000099400000|100%| O|  |TAMS 0x0000000099400000, 0x0000000099300000| Updating 
| 404|0x0000000099400000, 0x0000000099500000, 0x0000000099500000|100%| O|  |TAMS 0x0000000099500000, 0x0000000099400000| Untracked 
| 405|0x0000000099500000, 0x0000000099600000, 0x0000000099600000|100%| O|  |TAMS 0x0000000099600000, 0x0000000099500000| Untracked 
| 406|0x0000000099600000, 0x0000000099700000, 0x0000000099700000|100%|HS|  |TAMS 0x0000000099700000, 0x0000000099600000| Complete 
| 407|0x0000000099700000, 0x0000000099800000, 0x0000000099800000|100%|HC|  |TAMS 0x0000000099800000, 0x0000000099700000| Complete 
| 408|0x0000000099800000, 0x0000000099900000, 0x0000000099900000|100%|HC|  |TAMS 0x0000000099900000, 0x0000000099800000| Complete 
| 409|0x0000000099900000, 0x0000000099a00000, 0x0000000099a00000|100%| O|  |TAMS 0x0000000099a00000, 0x0000000099900000| Untracked 
| 410|0x0000000099a00000, 0x0000000099b00000, 0x0000000099b00000|100%| O|  |TAMS 0x0000000099b00000, 0x0000000099a00000| Untracked 
| 411|0x0000000099b00000, 0x0000000099c00000, 0x0000000099c00000|100%| O|  |TAMS 0x0000000099c00000, 0x0000000099b00000| Updating 
| 412|0x0000000099c00000, 0x0000000099d00000, 0x0000000099d00000|100%|HS|  |TAMS 0x0000000099d00000, 0x0000000099c00000| Complete 
| 413|0x0000000099d00000, 0x0000000099e00000, 0x0000000099e00000|100%|HC|  |TAMS 0x0000000099e00000, 0x0000000099d00000| Complete 
| 414|0x0000000099e00000, 0x0000000099f00000, 0x0000000099f00000|100%|HS|  |TAMS 0x0000000099f00000, 0x0000000099e00000| Complete 
| 415|0x0000000099f00000, 0x000000009a000000, 0x000000009a000000|100%|HS|  |TAMS 0x000000009a000000, 0x0000000099f00000| Complete 
| 416|0x000000009a000000, 0x000000009a100000, 0x000000009a100000|100%| O|  |TAMS 0x000000009a100000, 0x000000009a000000| Updating 
| 417|0x000000009a100000, 0x000000009a200000, 0x000000009a200000|100%|HS|  |TAMS 0x000000009a200000, 0x000000009a100000| Complete 
| 418|0x000000009a200000, 0x000000009a300000, 0x000000009a300000|100%| O|  |TAMS 0x000000009a300000, 0x000000009a200000| Updating 
| 419|0x000000009a300000, 0x000000009a400000, 0x000000009a400000|100%|HS|  |TAMS 0x000000009a400000, 0x000000009a300000| Complete 
| 420|0x000000009a400000, 0x000000009a500000, 0x000000009a500000|100%|HC|  |TAMS 0x000000009a500000, 0x000000009a400000| Complete 
| 421|0x000000009a500000, 0x000000009a600000, 0x000000009a600000|100%| O|  |TAMS 0x000000009a600000, 0x000000009a500000| Updating 
| 422|0x000000009a600000, 0x000000009a700000, 0x000000009a700000|100%| O|  |TAMS 0x000000009a700000, 0x000000009a600000| Untracked 
| 423|0x000000009a700000, 0x000000009a800000, 0x000000009a800000|100%| O|  |TAMS 0x000000009a800000, 0x000000009a700000| Updating 
| 424|0x000000009a800000, 0x000000009a900000, 0x000000009a900000|100%|HS|  |TAMS 0x000000009a900000, 0x000000009a800000| Complete 
| 425|0x000000009a900000, 0x000000009aa00000, 0x000000009aa00000|100%|HC|  |TAMS 0x000000009aa00000, 0x000000009a900000| Complete 
| 426|0x000000009aa00000, 0x000000009ab00000, 0x000000009ab00000|100%| O|  |TAMS 0x000000009ab00000, 0x000000009aa00000| Untracked 
| 427|0x000000009ab00000, 0x000000009ac00000, 0x000000009ac00000|100%| O|  |TAMS 0x000000009ac00000, 0x000000009ab00000| Untracked 
| 428|0x000000009ac00000, 0x000000009ad00000, 0x000000009ad00000|100%| O|  |TAMS 0x000000009ad00000, 0x000000009ac00000| Untracked 
| 429|0x000000009ad00000, 0x000000009ae00000, 0x000000009ae00000|100%|HS|  |TAMS 0x000000009ae00000, 0x000000009ad00000| Complete 
| 430|0x000000009ae00000, 0x000000009af00000, 0x000000009af00000|100%|HC|  |TAMS 0x000000009af00000, 0x000000009ae00000| Complete 
| 431|0x000000009af00000, 0x000000009b000000, 0x000000009b000000|100%| O|  |TAMS 0x000000009b000000, 0x000000009af00000| Untracked 
| 432|0x000000009b000000, 0x000000009b100000, 0x000000009b100000|100%|HS|  |TAMS 0x000000009b100000, 0x000000009b000000| Complete 
| 433|0x000000009b100000, 0x000000009b200000, 0x000000009b200000|100%| O|  |TAMS 0x000000009b200000, 0x000000009b100000| Untracked 
| 434|0x000000009b200000, 0x000000009b300000, 0x000000009b300000|100%|HS|  |TAMS 0x000000009b300000, 0x000000009b200000| Complete 
| 435|0x000000009b300000, 0x000000009b400000, 0x000000009b400000|100%| O|  |TAMS 0x000000009b400000, 0x000000009b300000| Untracked 
| 436|0x000000009b400000, 0x000000009b500000, 0x000000009b500000|100%|HS|  |TAMS 0x000000009b500000, 0x000000009b400000| Complete 
| 437|0x000000009b500000, 0x000000009b600000, 0x000000009b600000|100%| O|  |TAMS 0x000000009b600000, 0x000000009b500000| Untracked 
| 438|0x000000009b600000, 0x000000009b700000, 0x000000009b700000|100%| O|  |TAMS 0x000000009b700000, 0x000000009b600000| Updating 
| 439|0x000000009b700000, 0x000000009b800000, 0x000000009b800000|100%| O|  |TAMS 0x000000009b800000, 0x000000009b700000| Untracked 
| 440|0x000000009b800000, 0x000000009b900000, 0x000000009b900000|100%|HS|  |TAMS 0x000000009b900000, 0x000000009b800000| Complete 
| 441|0x000000009b900000, 0x000000009ba00000, 0x000000009ba00000|100%|HC|  |TAMS 0x000000009ba00000, 0x000000009b900000| Complete 
| 442|0x000000009ba00000, 0x000000009bb00000, 0x000000009bb00000|100%| O|  |TAMS 0x000000009bb00000, 0x000000009ba00000| Untracked 
| 443|0x000000009bb00000, 0x000000009bc00000, 0x000000009bc00000|100%|HS|  |TAMS 0x000000009bc00000, 0x000000009bb00000| Complete 
| 444|0x000000009bc00000, 0x000000009bd00000, 0x000000009bd00000|100%| O|  |TAMS 0x000000009bd00000, 0x000000009bc00000| Updating 
| 445|0x000000009bd00000, 0x000000009be00000, 0x000000009be00000|100%| O|  |TAMS 0x000000009be00000, 0x000000009bd00000| Updating 
| 446|0x000000009be00000, 0x000000009bf00000, 0x000000009bf00000|100%| O|  |TAMS 0x000000009bf00000, 0x000000009be00000| Updating 
| 447|0x000000009bf00000, 0x000000009c000000, 0x000000009c000000|100%|HS|  |TAMS 0x000000009c000000, 0x000000009bf00000| Complete 
| 448|0x000000009c000000, 0x000000009c100000, 0x000000009c100000|100%|HC|  |TAMS 0x000000009c100000, 0x000000009c000000| Complete 
| 449|0x000000009c100000, 0x000000009c200000, 0x000000009c200000|100%| O|  |TAMS 0x000000009c200000, 0x000000009c100000| Updating 
| 450|0x000000009c200000, 0x000000009c300000, 0x000000009c300000|100%| O|  |TAMS 0x000000009c300000, 0x000000009c200000| Updating 
| 451|0x000000009c300000, 0x000000009c400000, 0x000000009c400000|100%| O|  |TAMS 0x000000009c400000, 0x000000009c300000| Untracked 
| 452|0x000000009c400000, 0x000000009c500000, 0x000000009c500000|100%|HS|  |TAMS 0x000000009c500000, 0x000000009c400000| Complete 
| 453|0x000000009c500000, 0x000000009c600000, 0x000000009c600000|100%|HC|  |TAMS 0x000000009c600000, 0x000000009c500000| Complete 
| 454|0x000000009c600000, 0x000000009c700000, 0x000000009c700000|100%| O|  |TAMS 0x000000009c700000, 0x000000009c600000| Untracked 
| 455|0x000000009c700000, 0x000000009c800000, 0x000000009c800000|100%| O|  |TAMS 0x000000009c800000, 0x000000009c700000| Updating 
| 456|0x000000009c800000, 0x000000009c900000, 0x000000009c900000|100%| O|  |TAMS 0x000000009c900000, 0x000000009c800000| Updating 
| 457|0x000000009c900000, 0x000000009c900000, 0x000000009ca00000|  0%| F|  |TAMS 0x000000009c900000, 0x000000009c900000| Untracked 
| 458|0x000000009ca00000, 0x000000009ca00000, 0x000000009cb00000|  0%| F|  |TAMS 0x000000009ca00000, 0x000000009ca00000| Untracked 
| 459|0x000000009cb00000, 0x000000009cc00000, 0x000000009cc00000|100%|HS|  |TAMS 0x000000009cc00000, 0x000000009cb00000| Complete 
| 460|0x000000009cc00000, 0x000000009cd00000, 0x000000009cd00000|100%|HC|  |TAMS 0x000000009cd00000, 0x000000009cc00000| Complete 
| 461|0x000000009cd00000, 0x000000009ce00000, 0x000000009ce00000|100%|HC|  |TAMS 0x000000009ce00000, 0x000000009cd00000| Complete 
| 462|0x000000009ce00000, 0x000000009cf00000, 0x000000009cf00000|100%|HC|  |TAMS 0x000000009cf00000, 0x000000009ce00000| Complete 
| 463|0x000000009cf00000, 0x000000009d000000, 0x000000009d000000|100%|HC|  |TAMS 0x000000009d000000, 0x000000009cf00000| Complete 
| 464|0x000000009d000000, 0x000000009d100000, 0x000000009d100000|100%| O|  |TAMS 0x000000009d100000, 0x000000009d000000| Untracked 
| 465|0x000000009d100000, 0x000000009d200000, 0x000000009d200000|100%| O|  |TAMS 0x000000009d200000, 0x000000009d100000| Untracked 
| 466|0x000000009d200000, 0x000000009d300000, 0x000000009d300000|100%| O|  |TAMS 0x000000009d300000, 0x000000009d200000| Untracked 
| 467|0x000000009d300000, 0x000000009d400000, 0x000000009d400000|100%| O|  |TAMS 0x000000009d400000, 0x000000009d300000| Untracked 
| 468|0x000000009d400000, 0x000000009d500000, 0x000000009d500000|100%| O|  |TAMS 0x000000009d500000, 0x000000009d400000| Untracked 
| 469|0x000000009d500000, 0x000000009d600000, 0x000000009d600000|100%| O|  |TAMS 0x000000009d600000, 0x000000009d500000| Untracked 
| 470|0x000000009d600000, 0x000000009d700000, 0x000000009d700000|100%| O|  |TAMS 0x000000009d700000, 0x000000009d600000| Untracked 
| 471|0x000000009d700000, 0x000000009d800000, 0x000000009d800000|100%| O|  |TAMS 0x000000009d800000, 0x000000009d700000| Untracked 
| 472|0x000000009d800000, 0x000000009d900000, 0x000000009d900000|100%| O|  |TAMS 0x000000009d900000, 0x000000009d800000| Untracked 
| 473|0x000000009d900000, 0x000000009da00000, 0x000000009da00000|100%| O|  |TAMS 0x000000009da00000, 0x000000009d900000| Updating 
| 474|0x000000009da00000, 0x000000009db00000, 0x000000009db00000|100%| O|  |TAMS 0x000000009db00000, 0x000000009da00000| Untracked 
| 475|0x000000009db00000, 0x000000009dc00000, 0x000000009dc00000|100%| O|  |TAMS 0x000000009dc00000, 0x000000009db00000| Updating 
| 476|0x000000009dc00000, 0x000000009dd00000, 0x000000009dd00000|100%|HS|  |TAMS 0x000000009dd00000, 0x000000009dc00000| Complete 
| 477|0x000000009dd00000, 0x000000009de00000, 0x000000009de00000|100%|HC|  |TAMS 0x000000009de00000, 0x000000009dd00000| Complete 
| 478|0x000000009de00000, 0x000000009df00000, 0x000000009df00000|100%| O|  |TAMS 0x000000009df00000, 0x000000009de00000| Updating 
| 479|0x000000009df00000, 0x000000009e000000, 0x000000009e000000|100%|HS|  |TAMS 0x000000009e000000, 0x000000009df00000| Complete 
| 480|0x000000009e000000, 0x000000009e100000, 0x000000009e100000|100%| O|  |TAMS 0x000000009e100000, 0x000000009e000000| Updating 
| 481|0x000000009e100000, 0x000000009e200000, 0x000000009e200000|100%| O|  |TAMS 0x000000009e200000, 0x000000009e100000| Updating 
| 482|0x000000009e200000, 0x000000009e300000, 0x000000009e300000|100%| O|  |TAMS 0x000000009e300000, 0x000000009e200000| Updating 
| 483|0x000000009e300000, 0x000000009e400000, 0x000000009e400000|100%|HS|  |TAMS 0x000000009e400000, 0x000000009e300000| Complete 
| 484|0x000000009e400000, 0x000000009e500000, 0x000000009e500000|100%|HC|  |TAMS 0x000000009e500000, 0x000000009e400000| Complete 
| 485|0x000000009e500000, 0x000000009e600000, 0x000000009e600000|100%| O|  |TAMS 0x000000009e600000, 0x000000009e500000| Updating 
| 486|0x000000009e600000, 0x000000009e700000, 0x000000009e700000|100%|HS|  |TAMS 0x000000009e700000, 0x000000009e600000| Complete 
| 487|0x000000009e700000, 0x000000009e800000, 0x000000009e800000|100%|HC|  |TAMS 0x000000009e800000, 0x000000009e700000| Complete 
| 488|0x000000009e800000, 0x000000009e900000, 0x000000009e900000|100%|HC|  |TAMS 0x000000009e900000, 0x000000009e800000| Complete 
| 489|0x000000009e900000, 0x000000009ea00000, 0x000000009ea00000|100%| O|  |TAMS 0x000000009ea00000, 0x000000009e900000| Updating 
| 490|0x000000009ea00000, 0x000000009eb00000, 0x000000009eb00000|100%|HS|  |TAMS 0x000000009eb00000, 0x000000009ea00000| Complete 
| 491|0x000000009eb00000, 0x000000009ec00000, 0x000000009ec00000|100%| O|  |TAMS 0x000000009ec00000, 0x000000009eb00000| Untracked 
| 492|0x000000009ec00000, 0x000000009ed00000, 0x000000009ed00000|100%| O|  |TAMS 0x000000009ed00000, 0x000000009ec00000| Untracked 
| 493|0x000000009ed00000, 0x000000009ee00000, 0x000000009ee00000|100%| O|  |TAMS 0x000000009ee00000, 0x000000009ed00000| Untracked 
| 494|0x000000009ee00000, 0x000000009ef00000, 0x000000009ef00000|100%|HS|  |TAMS 0x000000009ef00000, 0x000000009ee00000| Complete 
| 495|0x000000009ef00000, 0x000000009f000000, 0x000000009f000000|100%|HC|  |TAMS 0x000000009f000000, 0x000000009ef00000| Complete 
| 496|0x000000009f000000, 0x000000009f100000, 0x000000009f100000|100%| O|  |TAMS 0x000000009f100000, 0x000000009f000000| Untracked 
| 497|0x000000009f100000, 0x000000009f200000, 0x000000009f200000|100%| O|  |TAMS 0x000000009f200000, 0x000000009f100000| Untracked 
| 498|0x000000009f200000, 0x000000009f300000, 0x000000009f300000|100%| O|  |TAMS 0x000000009f300000, 0x000000009f200000| Updating 
| 499|0x000000009f300000, 0x000000009f400000, 0x000000009f400000|100%|HS|  |TAMS 0x000000009f400000, 0x000000009f300000| Complete 
| 500|0x000000009f400000, 0x000000009f500000, 0x000000009f500000|100%|HC|  |TAMS 0x000000009f500000, 0x000000009f400000| Complete 
| 501|0x000000009f500000, 0x000000009f600000, 0x000000009f600000|100%| O|  |TAMS 0x000000009f600000, 0x000000009f500000| Untracked 
| 502|0x000000009f600000, 0x000000009f700000, 0x000000009f700000|100%| O|  |TAMS 0x000000009f700000, 0x000000009f600000| Untracked 
| 503|0x000000009f700000, 0x000000009f800000, 0x000000009f800000|100%| O|  |TAMS 0x000000009f800000, 0x000000009f700000| Untracked 
| 504|0x000000009f800000, 0x000000009f900000, 0x000000009f900000|100%| O|  |TAMS 0x000000009f900000, 0x000000009f800000| Untracked 
| 505|0x000000009f900000, 0x000000009fa00000, 0x000000009fa00000|100%| O|  |TAMS 0x000000009fa00000, 0x000000009f900000| Untracked 
| 506|0x000000009fa00000, 0x000000009fb00000, 0x000000009fb00000|100%| O|  |TAMS 0x000000009fb00000, 0x000000009fa00000| Untracked 
| 507|0x000000009fb00000, 0x000000009fc00000, 0x000000009fc00000|100%|HS|  |TAMS 0x000000009fc00000, 0x000000009fb00000| Complete 
| 508|0x000000009fc00000, 0x000000009fd00000, 0x000000009fd00000|100%|HC|  |TAMS 0x000000009fd00000, 0x000000009fc00000| Complete 
| 509|0x000000009fd00000, 0x000000009fe00000, 0x000000009fe00000|100%|HC|  |TAMS 0x000000009fe00000, 0x000000009fd00000| Complete 
| 510|0x000000009fe00000, 0x000000009ff00000, 0x000000009ff00000|100%| O|  |TAMS 0x000000009ff00000, 0x000000009fe00000| Untracked 
| 511|0x000000009ff00000, 0x00000000a0000000, 0x00000000a0000000|100%|HS|  |TAMS 0x00000000a0000000, 0x000000009ff00000| Complete 
| 512|0x00000000a0000000, 0x00000000a0100000, 0x00000000a0100000|100%| O|  |TAMS 0x00000000a0100000, 0x00000000a0000000| Untracked 
| 513|0x00000000a0100000, 0x00000000a0200000, 0x00000000a0200000|100%| O|  |TAMS 0x00000000a0200000, 0x00000000a0100000| Updating 
| 514|0x00000000a0200000, 0x00000000a0300000, 0x00000000a0300000|100%| O|  |TAMS 0x00000000a0300000, 0x00000000a0200000| Untracked 
| 515|0x00000000a0300000, 0x00000000a0400000, 0x00000000a0400000|100%| O|  |TAMS 0x00000000a0400000, 0x00000000a0300000| Untracked 
| 516|0x00000000a0400000, 0x00000000a0500000, 0x00000000a0500000|100%| O|  |TAMS 0x00000000a0500000, 0x00000000a0400000| Untracked 
| 517|0x00000000a0500000, 0x00000000a0600000, 0x00000000a0600000|100%| O|  |TAMS 0x00000000a0600000, 0x00000000a0500000| Untracked 
| 518|0x00000000a0600000, 0x00000000a0700000, 0x00000000a0700000|100%| O|  |TAMS 0x00000000a0700000, 0x00000000a0600000| Untracked 
| 519|0x00000000a0700000, 0x00000000a0800000, 0x00000000a0800000|100%| O|  |TAMS 0x00000000a0800000, 0x00000000a0700000| Untracked 
| 520|0x00000000a0800000, 0x00000000a0900000, 0x00000000a0900000|100%| O|  |TAMS 0x00000000a0900000, 0x00000000a0800000| Untracked 
| 521|0x00000000a0900000, 0x00000000a0a00000, 0x00000000a0a00000|100%| O|  |TAMS 0x00000000a0a00000, 0x00000000a0900000| Untracked 
| 522|0x00000000a0a00000, 0x00000000a0b00000, 0x00000000a0b00000|100%| O|  |TAMS 0x00000000a0b00000, 0x00000000a0a00000| Untracked 
| 523|0x00000000a0b00000, 0x00000000a0c00000, 0x00000000a0c00000|100%| O|  |TAMS 0x00000000a0c00000, 0x00000000a0b00000| Untracked 
| 524|0x00000000a0c00000, 0x00000000a0d00000, 0x00000000a0d00000|100%| O|  |TAMS 0x00000000a0d00000, 0x00000000a0c00000| Untracked 
| 525|0x00000000a0d00000, 0x00000000a0e00000, 0x00000000a0e00000|100%| O|  |TAMS 0x00000000a0e00000, 0x00000000a0d00000| Updating 
| 526|0x00000000a0e00000, 0x00000000a0f00000, 0x00000000a0f00000|100%| O|  |TAMS 0x00000000a0f00000, 0x00000000a0e00000| Updating 
| 527|0x00000000a0f00000, 0x00000000a1000000, 0x00000000a1000000|100%| O|  |TAMS 0x00000000a1000000, 0x00000000a0f00000| Updating 
| 528|0x00000000a1000000, 0x00000000a1100000, 0x00000000a1100000|100%| O|  |TAMS 0x00000000a1100000, 0x00000000a1000000| Untracked 
| 529|0x00000000a1100000, 0x00000000a1200000, 0x00000000a1200000|100%| O|  |TAMS 0x00000000a1200000, 0x00000000a1100000| Updating 
| 530|0x00000000a1200000, 0x00000000a1300000, 0x00000000a1300000|100%| O|  |TAMS 0x00000000a1300000, 0x00000000a1200000| Updating 
| 531|0x00000000a1300000, 0x00000000a1400000, 0x00000000a1400000|100%| O|  |TAMS 0x00000000a1400000, 0x00000000a1300000| Untracked 
| 532|0x00000000a1400000, 0x00000000a1500000, 0x00000000a1500000|100%| O|  |TAMS 0x00000000a1500000, 0x00000000a1400000| Untracked 
| 533|0x00000000a1500000, 0x00000000a1600000, 0x00000000a1600000|100%| O|  |TAMS 0x00000000a1600000, 0x00000000a1500000| Untracked 
| 534|0x00000000a1600000, 0x00000000a1700000, 0x00000000a1700000|100%| O|  |TAMS 0x00000000a1700000, 0x00000000a1600000| Untracked 
| 535|0x00000000a1700000, 0x00000000a1800000, 0x00000000a1800000|100%| O|  |TAMS 0x00000000a1800000, 0x00000000a1700000| Untracked 
| 536|0x00000000a1800000, 0x00000000a1900000, 0x00000000a1900000|100%| O|  |TAMS 0x00000000a1900000, 0x00000000a1800000| Untracked 
| 537|0x00000000a1900000, 0x00000000a1a00000, 0x00000000a1a00000|100%| O|  |TAMS 0x00000000a1a00000, 0x00000000a1900000| Untracked 
| 538|0x00000000a1a00000, 0x00000000a1b00000, 0x00000000a1b00000|100%| O|  |TAMS 0x00000000a1b00000, 0x00000000a1a00000| Untracked 
| 539|0x00000000a1b00000, 0x00000000a1c00000, 0x00000000a1c00000|100%| O|  |TAMS 0x00000000a1c00000, 0x00000000a1b00000| Untracked 
| 540|0x00000000a1c00000, 0x00000000a1d00000, 0x00000000a1d00000|100%| O|  |TAMS 0x00000000a1d00000, 0x00000000a1c00000| Untracked 
| 541|0x00000000a1d00000, 0x00000000a1e00000, 0x00000000a1e00000|100%| O|  |TAMS 0x00000000a1e00000, 0x00000000a1d00000| Untracked 
| 542|0x00000000a1e00000, 0x00000000a1f00000, 0x00000000a1f00000|100%| O|  |TAMS 0x00000000a1f00000, 0x00000000a1e00000| Untracked 
| 543|0x00000000a1f00000, 0x00000000a2000000, 0x00000000a2000000|100%| O|  |TAMS 0x00000000a2000000, 0x00000000a1f00000| Updating 
| 544|0x00000000a2000000, 0x00000000a2100000, 0x00000000a2100000|100%| O|  |TAMS 0x00000000a2100000, 0x00000000a2000000| Updating 
| 545|0x00000000a2100000, 0x00000000a2200000, 0x00000000a2200000|100%| O|  |TAMS 0x00000000a2200000, 0x00000000a2100000| Updating 
| 546|0x00000000a2200000, 0x00000000a2300000, 0x00000000a2300000|100%| O|  |TAMS 0x00000000a2300000, 0x00000000a2200000| Untracked 
| 547|0x00000000a2300000, 0x00000000a2400000, 0x00000000a2400000|100%| O|  |TAMS 0x00000000a2400000, 0x00000000a2300000| Untracked 
| 548|0x00000000a2400000, 0x00000000a2500000, 0x00000000a2500000|100%| O|  |TAMS 0x00000000a2500000, 0x00000000a2400000| Untracked 
| 549|0x00000000a2500000, 0x00000000a2600000, 0x00000000a2600000|100%| O|  |TAMS 0x00000000a2600000, 0x00000000a2500000| Untracked 
| 550|0x00000000a2600000, 0x00000000a2700000, 0x00000000a2700000|100%| O|  |TAMS 0x00000000a2700000, 0x00000000a2600000| Untracked 
| 551|0x00000000a2700000, 0x00000000a2800000, 0x00000000a2800000|100%| O|  |TAMS 0x00000000a2800000, 0x00000000a2700000| Untracked 
| 552|0x00000000a2800000, 0x00000000a2900000, 0x00000000a2900000|100%| O|  |TAMS 0x00000000a2900000, 0x00000000a2800000| Untracked 
| 553|0x00000000a2900000, 0x00000000a2a00000, 0x00000000a2a00000|100%| O|  |TAMS 0x00000000a2a00000, 0x00000000a2900000| Untracked 
| 554|0x00000000a2a00000, 0x00000000a2b00000, 0x00000000a2b00000|100%| O|  |TAMS 0x00000000a2b00000, 0x00000000a2a00000| Untracked 
| 555|0x00000000a2b00000, 0x00000000a2c00000, 0x00000000a2c00000|100%| O|  |TAMS 0x00000000a2c00000, 0x00000000a2b00000| Untracked 
| 556|0x00000000a2c00000, 0x00000000a2d00000, 0x00000000a2d00000|100%| O|  |TAMS 0x00000000a2d00000, 0x00000000a2c00000| Untracked 
| 557|0x00000000a2d00000, 0x00000000a2e00000, 0x00000000a2e00000|100%| O|  |TAMS 0x00000000a2e00000, 0x00000000a2d00000| Untracked 
| 558|0x00000000a2e00000, 0x00000000a2f00000, 0x00000000a2f00000|100%| O|  |TAMS 0x00000000a2f00000, 0x00000000a2e00000| Untracked 
| 559|0x00000000a2f00000, 0x00000000a3000000, 0x00000000a3000000|100%| O|  |TAMS 0x00000000a3000000, 0x00000000a2f00000| Untracked 
| 560|0x00000000a3000000, 0x00000000a3100000, 0x00000000a3100000|100%| O|  |TAMS 0x00000000a3100000, 0x00000000a3000000| Untracked 
| 561|0x00000000a3100000, 0x00000000a3200000, 0x00000000a3200000|100%| O|  |TAMS 0x00000000a3200000, 0x00000000a3100000| Untracked 
| 562|0x00000000a3200000, 0x00000000a3300000, 0x00000000a3300000|100%| O|  |TAMS 0x00000000a3300000, 0x00000000a3200000| Updating 
| 563|0x00000000a3300000, 0x00000000a3400000, 0x00000000a3400000|100%| O|  |TAMS 0x00000000a3400000, 0x00000000a3300000| Untracked 
| 564|0x00000000a3400000, 0x00000000a3500000, 0x00000000a3500000|100%| O|  |TAMS 0x00000000a3500000, 0x00000000a3400000| Untracked 
| 565|0x00000000a3500000, 0x00000000a3600000, 0x00000000a3600000|100%| O|  |TAMS 0x00000000a3600000, 0x00000000a3500000| Untracked 
| 566|0x00000000a3600000, 0x00000000a3700000, 0x00000000a3700000|100%| O|  |TAMS 0x00000000a3700000, 0x00000000a3600000| Untracked 
| 567|0x00000000a3700000, 0x00000000a3800000, 0x00000000a3800000|100%| O|  |TAMS 0x00000000a3800000, 0x00000000a3700000| Untracked 
| 568|0x00000000a3800000, 0x00000000a3900000, 0x00000000a3900000|100%| O|  |TAMS 0x00000000a3900000, 0x00000000a3800000| Untracked 
| 569|0x00000000a3900000, 0x00000000a3a00000, 0x00000000a3a00000|100%| O|  |TAMS 0x00000000a3a00000, 0x00000000a3900000| Untracked 
| 570|0x00000000a3a00000, 0x00000000a3b00000, 0x00000000a3b00000|100%| O|  |TAMS 0x00000000a3b00000, 0x00000000a3a00000| Updating 
| 571|0x00000000a3b00000, 0x00000000a3c00000, 0x00000000a3c00000|100%| O|  |TAMS 0x00000000a3c00000, 0x00000000a3b00000| Untracked 
| 572|0x00000000a3c00000, 0x00000000a3d00000, 0x00000000a3d00000|100%| O|  |TAMS 0x00000000a3d00000, 0x00000000a3c00000| Untracked 
| 573|0x00000000a3d00000, 0x00000000a3e00000, 0x00000000a3e00000|100%| O|  |TAMS 0x00000000a3e00000, 0x00000000a3d00000| Untracked 
| 574|0x00000000a3e00000, 0x00000000a3f00000, 0x00000000a3f00000|100%| O|  |TAMS 0x00000000a3f00000, 0x00000000a3e00000| Untracked 
| 575|0x00000000a3f00000, 0x00000000a4000000, 0x00000000a4000000|100%| O|  |TAMS 0x00000000a4000000, 0x00000000a3f00000| Untracked 
| 576|0x00000000a4000000, 0x00000000a4100000, 0x00000000a4100000|100%| O|  |TAMS 0x00000000a4100000, 0x00000000a4000000| Untracked 
| 577|0x00000000a4100000, 0x00000000a4200000, 0x00000000a4200000|100%| O|  |TAMS 0x00000000a4200000, 0x00000000a4100000| Untracked 
| 578|0x00000000a4200000, 0x00000000a4300000, 0x00000000a4300000|100%| O|  |TAMS 0x00000000a4300000, 0x00000000a4200000| Untracked 
| 579|0x00000000a4300000, 0x00000000a4400000, 0x00000000a4400000|100%| O|  |TAMS 0x00000000a4400000, 0x00000000a4300000| Untracked 
| 580|0x00000000a4400000, 0x00000000a4500000, 0x00000000a4500000|100%| O|  |TAMS 0x00000000a4500000, 0x00000000a4400000| Untracked 
| 581|0x00000000a4500000, 0x00000000a4600000, 0x00000000a4600000|100%| O|  |TAMS 0x00000000a4600000, 0x00000000a4500000| Untracked 
| 582|0x00000000a4600000, 0x00000000a4700000, 0x00000000a4700000|100%| O|  |TAMS 0x00000000a4700000, 0x00000000a4600000| Untracked 
| 583|0x00000000a4700000, 0x00000000a4800000, 0x00000000a4800000|100%| O|  |TAMS 0x00000000a4800000, 0x00000000a4700000| Untracked 
| 584|0x00000000a4800000, 0x00000000a4900000, 0x00000000a4900000|100%| O|  |TAMS 0x00000000a4900000, 0x00000000a4800000| Untracked 
| 585|0x00000000a4900000, 0x00000000a4a00000, 0x00000000a4a00000|100%| O|  |TAMS 0x00000000a4a00000, 0x00000000a4900000| Untracked 
| 586|0x00000000a4a00000, 0x00000000a4b00000, 0x00000000a4b00000|100%| O|  |TAMS 0x00000000a4b00000, 0x00000000a4a00000| Untracked 
| 587|0x00000000a4b00000, 0x00000000a4c00000, 0x00000000a4c00000|100%| O|  |TAMS 0x00000000a4c00000, 0x00000000a4b00000| Updating 
| 588|0x00000000a4c00000, 0x00000000a4d00000, 0x00000000a4d00000|100%| O|  |TAMS 0x00000000a4d00000, 0x00000000a4c00000| Updating 
| 589|0x00000000a4d00000, 0x00000000a4e00000, 0x00000000a4e00000|100%| O|  |TAMS 0x00000000a4e00000, 0x00000000a4d00000| Updating 
| 590|0x00000000a4e00000, 0x00000000a4f00000, 0x00000000a4f00000|100%| O|  |TAMS 0x00000000a4e00000, 0x00000000a4e00000| Untracked 
| 591|0x00000000a4f00000, 0x00000000a5000000, 0x00000000a5000000|100%| O|  |TAMS 0x00000000a4f00000, 0x00000000a4f00000| Untracked 
| 592|0x00000000a5000000, 0x00000000a5100000, 0x00000000a5100000|100%| O|  |TAMS 0x00000000a5000000, 0x00000000a5000000| Untracked 
| 593|0x00000000a5100000, 0x00000000a5200000, 0x00000000a5200000|100%| O|  |TAMS 0x00000000a5100000, 0x00000000a5100000| Untracked 
| 594|0x00000000a5200000, 0x00000000a5300000, 0x00000000a5300000|100%| O|  |TAMS 0x00000000a5200000, 0x00000000a5200000| Untracked 
| 595|0x00000000a5300000, 0x00000000a5400000, 0x00000000a5400000|100%| O|  |TAMS 0x00000000a5300000, 0x00000000a5300000| Untracked 
| 596|0x00000000a5400000, 0x00000000a5500000, 0x00000000a5500000|100%| O|  |TAMS 0x00000000a5400000, 0x00000000a5400000| Untracked 
| 597|0x00000000a5500000, 0x00000000a5600000, 0x00000000a5600000|100%| O|  |TAMS 0x00000000a5500000, 0x00000000a5500000| Untracked 
| 598|0x00000000a5600000, 0x00000000a5700000, 0x00000000a5700000|100%| O|  |TAMS 0x00000000a5600000, 0x00000000a5600000| Untracked 
| 599|0x00000000a5700000, 0x00000000a5800000, 0x00000000a5800000|100%| O|  |TAMS 0x00000000a5700000, 0x00000000a5700000| Untracked 
| 600|0x00000000a5800000, 0x00000000a5900000, 0x00000000a5900000|100%| O|  |TAMS 0x00000000a5800000, 0x00000000a5800000| Untracked 
| 601|0x00000000a5900000, 0x00000000a5a00000, 0x00000000a5a00000|100%| O|  |TAMS 0x00000000a5900000, 0x00000000a5900000| Untracked 
| 602|0x00000000a5a00000, 0x00000000a5b00000, 0x00000000a5b00000|100%| O|  |TAMS 0x00000000a5a00000, 0x00000000a5a00000| Untracked 
| 603|0x00000000a5b00000, 0x00000000a5c00000, 0x00000000a5c00000|100%| O|  |TAMS 0x00000000a5b00000, 0x00000000a5b00000| Untracked 
| 604|0x00000000a5c00000, 0x00000000a5d00000, 0x00000000a5d00000|100%| O|  |TAMS 0x00000000a5c00000, 0x00000000a5c00000| Untracked 
| 605|0x00000000a5d00000, 0x00000000a5e00000, 0x00000000a5e00000|100%| O|  |TAMS 0x00000000a5d00000, 0x00000000a5d00000| Untracked 
| 606|0x00000000a5e00000, 0x00000000a5f00000, 0x00000000a5f00000|100%| O|  |TAMS 0x00000000a5e00000, 0x00000000a5e00000| Untracked 
| 607|0x00000000a5f00000, 0x00000000a6000000, 0x00000000a6000000|100%| O|  |TAMS 0x00000000a5f00000, 0x00000000a5f00000| Untracked 
| 608|0x00000000a6000000, 0x00000000a6100000, 0x00000000a6100000|100%| O|  |TAMS 0x00000000a6000000, 0x00000000a6000000| Untracked 
| 609|0x00000000a6100000, 0x00000000a6200000, 0x00000000a6200000|100%| O|  |TAMS 0x00000000a6100000, 0x00000000a6100000| Untracked 
| 610|0x00000000a6200000, 0x00000000a6300000, 0x00000000a6300000|100%| O|  |TAMS 0x00000000a6200000, 0x00000000a6200000| Untracked 
| 611|0x00000000a6300000, 0x00000000a6400000, 0x00000000a6400000|100%| O|  |TAMS 0x00000000a6300000, 0x00000000a6300000| Untracked 
| 612|0x00000000a6400000, 0x00000000a6500000, 0x00000000a6500000|100%| O|  |TAMS 0x00000000a6400000, 0x00000000a6400000| Untracked 
| 613|0x00000000a6500000, 0x00000000a6600000, 0x00000000a6600000|100%| O|  |TAMS 0x00000000a6500000, 0x00000000a6500000| Untracked 
| 614|0x00000000a6600000, 0x00000000a6700000, 0x00000000a6700000|100%| O|  |TAMS 0x00000000a6600000, 0x00000000a6600000| Untracked 
| 615|0x00000000a6700000, 0x00000000a6800000, 0x00000000a6800000|100%| O|  |TAMS 0x00000000a6700000, 0x00000000a6700000| Untracked 
| 616|0x00000000a6800000, 0x00000000a6900000, 0x00000000a6900000|100%| O|  |TAMS 0x00000000a6800000, 0x00000000a6800000| Untracked 
| 617|0x00000000a6900000, 0x00000000a6a00000, 0x00000000a6a00000|100%| O|  |TAMS 0x00000000a6900000, 0x00000000a6900000| Untracked 
| 618|0x00000000a6a00000, 0x00000000a6b00000, 0x00000000a6b00000|100%| O|  |TAMS 0x00000000a6a00000, 0x00000000a6a00000| Untracked 
| 619|0x00000000a6b00000, 0x00000000a6c00000, 0x00000000a6c00000|100%| O|  |TAMS 0x00000000a6b00000, 0x00000000a6b00000| Untracked 
| 620|0x00000000a6c00000, 0x00000000a6d00000, 0x00000000a6d00000|100%| O|  |TAMS 0x00000000a6c00000, 0x00000000a6c00000| Untracked 
| 621|0x00000000a6d00000, 0x00000000a6e00000, 0x00000000a6e00000|100%| O|  |TAMS 0x00000000a6d00000, 0x00000000a6d00000| Untracked 
| 622|0x00000000a6e00000, 0x00000000a6f00000, 0x00000000a6f00000|100%| O|  |TAMS 0x00000000a6e00000, 0x00000000a6e00000| Untracked 
| 623|0x00000000a6f00000, 0x00000000a7000000, 0x00000000a7000000|100%| O|  |TAMS 0x00000000a6f00000, 0x00000000a6f00000| Untracked 
| 624|0x00000000a7000000, 0x00000000a7100000, 0x00000000a7100000|100%| O|  |TAMS 0x00000000a7000000, 0x00000000a7000000| Untracked 
| 625|0x00000000a7100000, 0x00000000a7200000, 0x00000000a7200000|100%| O|  |TAMS 0x00000000a7100000, 0x00000000a7100000| Untracked 
| 626|0x00000000a7200000, 0x00000000a7300000, 0x00000000a7300000|100%| O|  |TAMS 0x00000000a7200000, 0x00000000a7200000| Untracked 
| 627|0x00000000a7300000, 0x00000000a7400000, 0x00000000a7400000|100%| O|  |TAMS 0x00000000a7300000, 0x00000000a7300000| Untracked 
| 628|0x00000000a7400000, 0x00000000a7500000, 0x00000000a7500000|100%| O|  |TAMS 0x00000000a7400000, 0x00000000a7400000| Untracked 
| 629|0x00000000a7500000, 0x00000000a7600000, 0x00000000a7600000|100%| O|  |TAMS 0x00000000a7500000, 0x00000000a7500000| Untracked 
| 630|0x00000000a7600000, 0x00000000a7700000, 0x00000000a7700000|100%| O|  |TAMS 0x00000000a7600000, 0x00000000a7600000| Untracked 
| 631|0x00000000a7700000, 0x00000000a7800000, 0x00000000a7800000|100%| O|  |TAMS 0x00000000a7700000, 0x00000000a7700000| Untracked 
| 632|0x00000000a7800000, 0x00000000a7900000, 0x00000000a7900000|100%| O|  |TAMS 0x00000000a7800000, 0x00000000a7800000| Untracked 
| 633|0x00000000a7900000, 0x00000000a7a00000, 0x00000000a7a00000|100%| O|  |TAMS 0x00000000a7900000, 0x00000000a7900000| Untracked 
| 634|0x00000000a7a00000, 0x00000000a7b00000, 0x00000000a7b00000|100%| O|  |TAMS 0x00000000a7a00000, 0x00000000a7a00000| Untracked 
| 635|0x00000000a7b00000, 0x00000000a7c00000, 0x00000000a7c00000|100%| O|  |TAMS 0x00000000a7b00000, 0x00000000a7b00000| Untracked 
| 636|0x00000000a7c00000, 0x00000000a7d00000, 0x00000000a7d00000|100%| O|  |TAMS 0x00000000a7c00000, 0x00000000a7c00000| Untracked 
| 637|0x00000000a7d00000, 0x00000000a7e00000, 0x00000000a7e00000|100%| O|  |TAMS 0x00000000a7d00000, 0x00000000a7d00000| Untracked 
| 638|0x00000000a7e00000, 0x00000000a7f00000, 0x00000000a7f00000|100%| O|  |TAMS 0x00000000a7e00000, 0x00000000a7e00000| Untracked 
| 639|0x00000000a7f00000, 0x00000000a8000000, 0x00000000a8000000|100%| O|  |TAMS 0x00000000a7f00000, 0x00000000a7f00000| Untracked 
| 640|0x00000000a8000000, 0x00000000a8100000, 0x00000000a8100000|100%| O|  |TAMS 0x00000000a8000000, 0x00000000a8000000| Untracked 
| 641|0x00000000a8100000, 0x00000000a8200000, 0x00000000a8200000|100%| O|  |TAMS 0x00000000a8100000, 0x00000000a8100000| Untracked 
| 642|0x00000000a8200000, 0x00000000a8300000, 0x00000000a8300000|100%| O|  |TAMS 0x00000000a8200000, 0x00000000a8200000| Untracked 
| 643|0x00000000a8300000, 0x00000000a8400000, 0x00000000a8400000|100%| O|  |TAMS 0x00000000a8300000, 0x00000000a8300000| Untracked 
| 644|0x00000000a8400000, 0x00000000a8500000, 0x00000000a8500000|100%| O|  |TAMS 0x00000000a8400000, 0x00000000a8400000| Untracked 
| 645|0x00000000a8500000, 0x00000000a8600000, 0x00000000a8600000|100%| O|  |TAMS 0x00000000a8500000, 0x00000000a8500000| Untracked 
| 646|0x00000000a8600000, 0x00000000a8700000, 0x00000000a8700000|100%| O|  |TAMS 0x00000000a8600000, 0x00000000a8600000| Untracked 
| 647|0x00000000a8700000, 0x00000000a8800000, 0x00000000a8800000|100%| O|  |TAMS 0x00000000a8700000, 0x00000000a8700000| Untracked 
| 648|0x00000000a8800000, 0x00000000a8900000, 0x00000000a8900000|100%| O|  |TAMS 0x00000000a8800000, 0x00000000a8800000| Untracked 
| 649|0x00000000a8900000, 0x00000000a8a00000, 0x00000000a8a00000|100%| O|  |TAMS 0x00000000a8900000, 0x00000000a8900000| Untracked 
| 650|0x00000000a8a00000, 0x00000000a8b00000, 0x00000000a8b00000|100%| O|  |TAMS 0x00000000a8a00000, 0x00000000a8a00000| Untracked 
| 651|0x00000000a8b00000, 0x00000000a8c00000, 0x00000000a8c00000|100%| O|  |TAMS 0x00000000a8b00000, 0x00000000a8b00000| Untracked 
| 652|0x00000000a8c00000, 0x00000000a8d00000, 0x00000000a8d00000|100%| O|  |TAMS 0x00000000a8c00000, 0x00000000a8c00000| Untracked 
| 653|0x00000000a8d00000, 0x00000000a8e00000, 0x00000000a8e00000|100%| O|  |TAMS 0x00000000a8d00000, 0x00000000a8d00000| Untracked 
| 654|0x00000000a8e00000, 0x00000000a8f00000, 0x00000000a8f00000|100%| O|  |TAMS 0x00000000a8e00000, 0x00000000a8e00000| Untracked 
| 655|0x00000000a8f00000, 0x00000000a9000000, 0x00000000a9000000|100%| O|  |TAMS 0x00000000a8f00000, 0x00000000a8f00000| Untracked 
| 656|0x00000000a9000000, 0x00000000a9100000, 0x00000000a9100000|100%| O|  |TAMS 0x00000000a9000000, 0x00000000a9000000| Untracked 
| 657|0x00000000a9100000, 0x00000000a9200000, 0x00000000a9200000|100%| O|  |TAMS 0x00000000a9100000, 0x00000000a9100000| Untracked 
| 658|0x00000000a9200000, 0x00000000a927f200, 0x00000000a9300000| 49%| O|  |TAMS 0x00000000a9200000, 0x00000000a9200000| Updating 
| 659|0x00000000a9300000, 0x00000000a9300000, 0x00000000a9400000|  0%| F|  |TAMS 0x00000000a9300000, 0x00000000a9300000| Untracked 
| 660|0x00000000a9400000, 0x00000000a9400000, 0x00000000a9500000|  0%| F|  |TAMS 0x00000000a9400000, 0x00000000a9400000| Untracked 
| 661|0x00000000a9500000, 0x00000000a9500000, 0x00000000a9600000|  0%| F|  |TAMS 0x00000000a9500000, 0x00000000a9500000| Untracked 
| 662|0x00000000a9600000, 0x00000000a9600000, 0x00000000a9700000|  0%| F|  |TAMS 0x00000000a9600000, 0x00000000a9600000| Untracked 
| 663|0x00000000a9700000, 0x00000000a9700000, 0x00000000a9800000|  0%| F|  |TAMS 0x00000000a9700000, 0x00000000a9700000| Untracked 
| 664|0x00000000a9800000, 0x00000000a9800000, 0x00000000a9900000|  0%| F|  |TAMS 0x00000000a9800000, 0x00000000a9800000| Untracked 
| 665|0x00000000a9900000, 0x00000000a9900000, 0x00000000a9a00000|  0%| F|  |TAMS 0x00000000a9900000, 0x00000000a9900000| Untracked 
| 666|0x00000000a9a00000, 0x00000000a9a00000, 0x00000000a9b00000|  0%| F|  |TAMS 0x00000000a9a00000, 0x00000000a9a00000| Untracked 
| 667|0x00000000a9b00000, 0x00000000a9b00000, 0x00000000a9c00000|  0%| F|  |TAMS 0x00000000a9b00000, 0x00000000a9b00000| Untracked 
| 668|0x00000000a9c00000, 0x00000000a9c00000, 0x00000000a9d00000|  0%| F|  |TAMS 0x00000000a9c00000, 0x00000000a9c00000| Untracked 
| 669|0x00000000a9d00000, 0x00000000a9d00000, 0x00000000a9e00000|  0%| F|  |TAMS 0x00000000a9d00000, 0x00000000a9d00000| Untracked 
| 670|0x00000000a9e00000, 0x00000000a9e00000, 0x00000000a9f00000|  0%| F|  |TAMS 0x00000000a9e00000, 0x00000000a9e00000| Untracked 
| 671|0x00000000a9f00000, 0x00000000a9f00000, 0x00000000aa000000|  0%| F|  |TAMS 0x00000000a9f00000, 0x00000000a9f00000| Untracked 
| 672|0x00000000aa000000, 0x00000000aa000000, 0x00000000aa100000|  0%| F|  |TAMS 0x00000000aa000000, 0x00000000aa000000| Untracked 
| 673|0x00000000aa100000, 0x00000000aa100000, 0x00000000aa200000|  0%| F|  |TAMS 0x00000000aa100000, 0x00000000aa100000| Untracked 
| 674|0x00000000aa200000, 0x00000000aa200000, 0x00000000aa300000|  0%| F|  |TAMS 0x00000000aa200000, 0x00000000aa200000| Untracked 
| 675|0x00000000aa300000, 0x00000000aa300000, 0x00000000aa400000|  0%| F|  |TAMS 0x00000000aa300000, 0x00000000aa300000| Untracked 
| 676|0x00000000aa400000, 0x00000000aa400000, 0x00000000aa500000|  0%| F|  |TAMS 0x00000000aa400000, 0x00000000aa400000| Untracked 
| 677|0x00000000aa500000, 0x00000000aa500000, 0x00000000aa600000|  0%| F|  |TAMS 0x00000000aa500000, 0x00000000aa500000| Untracked 
| 678|0x00000000aa600000, 0x00000000aa600000, 0x00000000aa700000|  0%| F|  |TAMS 0x00000000aa600000, 0x00000000aa600000| Untracked 
| 679|0x00000000aa700000, 0x00000000aa700000, 0x00000000aa800000|  0%| F|  |TAMS 0x00000000aa700000, 0x00000000aa700000| Untracked 
| 680|0x00000000aa800000, 0x00000000aa800000, 0x00000000aa900000|  0%| F|  |TAMS 0x00000000aa800000, 0x00000000aa800000| Untracked 
| 681|0x00000000aa900000, 0x00000000aa900000, 0x00000000aaa00000|  0%| F|  |TAMS 0x00000000aa900000, 0x00000000aa900000| Untracked 
| 682|0x00000000aaa00000, 0x00000000aaa00000, 0x00000000aab00000|  0%| F|  |TAMS 0x00000000aaa00000, 0x00000000aaa00000| Untracked 
| 683|0x00000000aab00000, 0x00000000aab00000, 0x00000000aac00000|  0%| F|  |TAMS 0x00000000aab00000, 0x00000000aab00000| Untracked 
| 684|0x00000000aac00000, 0x00000000aac00000, 0x00000000aad00000|  0%| F|  |TAMS 0x00000000aac00000, 0x00000000aac00000| Untracked 
| 685|0x00000000aad00000, 0x00000000aad00000, 0x00000000aae00000|  0%| F|  |TAMS 0x00000000aad00000, 0x00000000aad00000| Untracked 
| 686|0x00000000aae00000, 0x00000000aae00000, 0x00000000aaf00000|  0%| F|  |TAMS 0x00000000aae00000, 0x00000000aae00000| Untracked 
| 687|0x00000000aaf00000, 0x00000000aaf00000, 0x00000000ab000000|  0%| F|  |TAMS 0x00000000aaf00000, 0x00000000aaf00000| Untracked 
| 688|0x00000000ab000000, 0x00000000ab000000, 0x00000000ab100000|  0%| F|  |TAMS 0x00000000ab000000, 0x00000000ab000000| Untracked 
| 689|0x00000000ab100000, 0x00000000ab100000, 0x00000000ab200000|  0%| F|  |TAMS 0x00000000ab100000, 0x00000000ab100000| Untracked 
| 690|0x00000000ab200000, 0x00000000ab200000, 0x00000000ab300000|  0%| F|  |TAMS 0x00000000ab200000, 0x00000000ab200000| Untracked 
| 691|0x00000000ab300000, 0x00000000ab300000, 0x00000000ab400000|  0%| F|  |TAMS 0x00000000ab300000, 0x00000000ab300000| Untracked 
| 692|0x00000000ab400000, 0x00000000ab400000, 0x00000000ab500000|  0%| F|  |TAMS 0x00000000ab400000, 0x00000000ab400000| Untracked 
| 693|0x00000000ab500000, 0x00000000ab500000, 0x00000000ab600000|  0%| F|  |TAMS 0x00000000ab500000, 0x00000000ab500000| Untracked 
| 694|0x00000000ab600000, 0x00000000ab600000, 0x00000000ab700000|  0%| F|  |TAMS 0x00000000ab600000, 0x00000000ab600000| Untracked 
| 695|0x00000000ab700000, 0x00000000ab700000, 0x00000000ab800000|  0%| F|  |TAMS 0x00000000ab700000, 0x00000000ab700000| Untracked 
| 696|0x00000000ab800000, 0x00000000ab800000, 0x00000000ab900000|  0%| F|  |TAMS 0x00000000ab800000, 0x00000000ab800000| Untracked 
| 697|0x00000000ab900000, 0x00000000ab900000, 0x00000000aba00000|  0%| F|  |TAMS 0x00000000ab900000, 0x00000000ab900000| Untracked 
| 698|0x00000000aba00000, 0x00000000aba00000, 0x00000000abb00000|  0%| F|  |TAMS 0x00000000aba00000, 0x00000000aba00000| Untracked 
| 699|0x00000000abb00000, 0x00000000abb00000, 0x00000000abc00000|  0%| F|  |TAMS 0x00000000abb00000, 0x00000000abb00000| Untracked 
| 700|0x00000000abc00000, 0x00000000abc00000, 0x00000000abd00000|  0%| F|  |TAMS 0x00000000abc00000, 0x00000000abc00000| Untracked 
| 701|0x00000000abd00000, 0x00000000abd00000, 0x00000000abe00000|  0%| F|  |TAMS 0x00000000abd00000, 0x00000000abd00000| Untracked 
| 702|0x00000000abe00000, 0x00000000abe00000, 0x00000000abf00000|  0%| F|  |TAMS 0x00000000abe00000, 0x00000000abe00000| Untracked 
| 703|0x00000000abf00000, 0x00000000abf00000, 0x00000000ac000000|  0%| F|  |TAMS 0x00000000abf00000, 0x00000000abf00000| Untracked 
| 704|0x00000000ac000000, 0x00000000ac000000, 0x00000000ac100000|  0%| F|  |TAMS 0x00000000ac000000, 0x00000000ac000000| Untracked 
| 705|0x00000000ac100000, 0x00000000ac100000, 0x00000000ac200000|  0%| F|  |TAMS 0x00000000ac100000, 0x00000000ac100000| Untracked 
| 706|0x00000000ac200000, 0x00000000ac200000, 0x00000000ac300000|  0%| F|  |TAMS 0x00000000ac200000, 0x00000000ac200000| Untracked 
| 707|0x00000000ac300000, 0x00000000ac300000, 0x00000000ac400000|  0%| F|  |TAMS 0x00000000ac300000, 0x00000000ac300000| Untracked 
| 708|0x00000000ac400000, 0x00000000ac400000, 0x00000000ac500000|  0%| F|  |TAMS 0x00000000ac400000, 0x00000000ac400000| Untracked 
| 709|0x00000000ac500000, 0x00000000ac500000, 0x00000000ac600000|  0%| F|  |TAMS 0x00000000ac500000, 0x00000000ac500000| Untracked 
| 710|0x00000000ac600000, 0x00000000ac600000, 0x00000000ac700000|  0%| F|  |TAMS 0x00000000ac600000, 0x00000000ac600000| Untracked 
| 711|0x00000000ac700000, 0x00000000ac700000, 0x00000000ac800000|  0%| F|  |TAMS 0x00000000ac700000, 0x00000000ac700000| Untracked 
| 712|0x00000000ac800000, 0x00000000ac800000, 0x00000000ac900000|  0%| F|  |TAMS 0x00000000ac800000, 0x00000000ac800000| Untracked 
| 713|0x00000000ac900000, 0x00000000ac900000, 0x00000000aca00000|  0%| F|  |TAMS 0x00000000ac900000, 0x00000000ac900000| Untracked 
| 714|0x00000000aca00000, 0x00000000aca00000, 0x00000000acb00000|  0%| F|  |TAMS 0x00000000aca00000, 0x00000000aca00000| Untracked 
| 715|0x00000000acb00000, 0x00000000acb00000, 0x00000000acc00000|  0%| F|  |TAMS 0x00000000acb00000, 0x00000000acb00000| Untracked 
| 716|0x00000000acc00000, 0x00000000acc00000, 0x00000000acd00000|  0%| F|  |TAMS 0x00000000acc00000, 0x00000000acc00000| Untracked 
| 717|0x00000000acd00000, 0x00000000acd00000, 0x00000000ace00000|  0%| F|  |TAMS 0x00000000acd00000, 0x00000000acd00000| Untracked 
| 718|0x00000000ace00000, 0x00000000ace00000, 0x00000000acf00000|  0%| F|  |TAMS 0x00000000ace00000, 0x00000000ace00000| Untracked 
| 719|0x00000000acf00000, 0x00000000acf00000, 0x00000000ad000000|  0%| F|  |TAMS 0x00000000acf00000, 0x00000000acf00000| Untracked 
| 720|0x00000000ad000000, 0x00000000ad000000, 0x00000000ad100000|  0%| F|  |TAMS 0x00000000ad000000, 0x00000000ad000000| Untracked 
| 721|0x00000000ad100000, 0x00000000ad100000, 0x00000000ad200000|  0%| F|  |TAMS 0x00000000ad100000, 0x00000000ad100000| Untracked 
| 722|0x00000000ad200000, 0x00000000ad200000, 0x00000000ad300000|  0%| F|  |TAMS 0x00000000ad200000, 0x00000000ad200000| Untracked 
| 723|0x00000000ad300000, 0x00000000ad300000, 0x00000000ad400000|  0%| F|  |TAMS 0x00000000ad300000, 0x00000000ad300000| Untracked 
| 724|0x00000000ad400000, 0x00000000ad400000, 0x00000000ad500000|  0%| F|  |TAMS 0x00000000ad400000, 0x00000000ad400000| Untracked 
| 725|0x00000000ad500000, 0x00000000ad500000, 0x00000000ad600000|  0%| F|  |TAMS 0x00000000ad500000, 0x00000000ad500000| Untracked 
| 726|0x00000000ad600000, 0x00000000ad600000, 0x00000000ad700000|  0%| F|  |TAMS 0x00000000ad600000, 0x00000000ad600000| Untracked 
| 727|0x00000000ad700000, 0x00000000ad700000, 0x00000000ad800000|  0%| F|  |TAMS 0x00000000ad700000, 0x00000000ad700000| Untracked 
| 728|0x00000000ad800000, 0x00000000ad800000, 0x00000000ad900000|  0%| F|  |TAMS 0x00000000ad800000, 0x00000000ad800000| Untracked 
| 729|0x00000000ad900000, 0x00000000ad900000, 0x00000000ada00000|  0%| F|  |TAMS 0x00000000ad900000, 0x00000000ad900000| Untracked 
| 730|0x00000000ada00000, 0x00000000ada00000, 0x00000000adb00000|  0%| F|  |TAMS 0x00000000ada00000, 0x00000000ada00000| Untracked 
| 731|0x00000000adb00000, 0x00000000adb00000, 0x00000000adc00000|  0%| F|  |TAMS 0x00000000adb00000, 0x00000000adb00000| Untracked 
| 732|0x00000000adc00000, 0x00000000adc00000, 0x00000000add00000|  0%| F|  |TAMS 0x00000000adc00000, 0x00000000adc00000| Untracked 
| 733|0x00000000add00000, 0x00000000add00000, 0x00000000ade00000|  0%| F|  |TAMS 0x00000000add00000, 0x00000000add00000| Untracked 
| 734|0x00000000ade00000, 0x00000000ade00000, 0x00000000adf00000|  0%| F|  |TAMS 0x00000000ade00000, 0x00000000ade00000| Untracked 
| 735|0x00000000adf00000, 0x00000000adf00000, 0x00000000ae000000|  0%| F|  |TAMS 0x00000000adf00000, 0x00000000adf00000| Untracked 
| 736|0x00000000ae000000, 0x00000000ae000000, 0x00000000ae100000|  0%| F|  |TAMS 0x00000000ae000000, 0x00000000ae000000| Untracked 
| 737|0x00000000ae100000, 0x00000000ae100000, 0x00000000ae200000|  0%| F|  |TAMS 0x00000000ae100000, 0x00000000ae100000| Untracked 
| 738|0x00000000ae200000, 0x00000000ae200000, 0x00000000ae300000|  0%| F|  |TAMS 0x00000000ae200000, 0x00000000ae200000| Untracked 
| 739|0x00000000ae300000, 0x00000000ae300000, 0x00000000ae400000|  0%| F|  |TAMS 0x00000000ae300000, 0x00000000ae300000| Untracked 
| 740|0x00000000ae400000, 0x00000000ae400000, 0x00000000ae500000|  0%| F|  |TAMS 0x00000000ae400000, 0x00000000ae400000| Untracked 
| 741|0x00000000ae500000, 0x00000000ae500000, 0x00000000ae600000|  0%| F|  |TAMS 0x00000000ae500000, 0x00000000ae500000| Untracked 
| 742|0x00000000ae600000, 0x00000000ae600000, 0x00000000ae700000|  0%| F|  |TAMS 0x00000000ae600000, 0x00000000ae600000| Untracked 
| 743|0x00000000ae700000, 0x00000000ae700000, 0x00000000ae800000|  0%| F|  |TAMS 0x00000000ae700000, 0x00000000ae700000| Untracked 
| 744|0x00000000ae800000, 0x00000000ae800000, 0x00000000ae900000|  0%| F|  |TAMS 0x00000000ae800000, 0x00000000ae800000| Untracked 
| 745|0x00000000ae900000, 0x00000000ae900000, 0x00000000aea00000|  0%| F|  |TAMS 0x00000000ae900000, 0x00000000ae900000| Untracked 
| 746|0x00000000aea00000, 0x00000000aea00000, 0x00000000aeb00000|  0%| F|  |TAMS 0x00000000aea00000, 0x00000000aea00000| Untracked 
| 747|0x00000000aeb00000, 0x00000000aeb00000, 0x00000000aec00000|  0%| F|  |TAMS 0x00000000aeb00000, 0x00000000aeb00000| Untracked 
| 748|0x00000000aec00000, 0x00000000aec00000, 0x00000000aed00000|  0%| F|  |TAMS 0x00000000aec00000, 0x00000000aec00000| Untracked 
| 749|0x00000000aed00000, 0x00000000aed00000, 0x00000000aee00000|  0%| F|  |TAMS 0x00000000aed00000, 0x00000000aed00000| Untracked 
| 750|0x00000000aee00000, 0x00000000aee00000, 0x00000000aef00000|  0%| F|  |TAMS 0x00000000aee00000, 0x00000000aee00000| Untracked 
| 751|0x00000000aef00000, 0x00000000aef00000, 0x00000000af000000|  0%| F|  |TAMS 0x00000000aef00000, 0x00000000aef00000| Untracked 
| 752|0x00000000af000000, 0x00000000af000000, 0x00000000af100000|  0%| F|  |TAMS 0x00000000af000000, 0x00000000af000000| Untracked 
| 753|0x00000000af100000, 0x00000000af100000, 0x00000000af200000|  0%| F|  |TAMS 0x00000000af100000, 0x00000000af100000| Untracked 
| 754|0x00000000af200000, 0x00000000af200000, 0x00000000af300000|  0%| F|  |TAMS 0x00000000af200000, 0x00000000af200000| Untracked 
| 755|0x00000000af300000, 0x00000000af300000, 0x00000000af400000|  0%| F|  |TAMS 0x00000000af300000, 0x00000000af300000| Untracked 
| 756|0x00000000af400000, 0x00000000af400000, 0x00000000af500000|  0%| F|  |TAMS 0x00000000af400000, 0x00000000af400000| Untracked 
| 757|0x00000000af500000, 0x00000000af500000, 0x00000000af600000|  0%| F|  |TAMS 0x00000000af500000, 0x00000000af500000| Untracked 
| 758|0x00000000af600000, 0x00000000af600000, 0x00000000af700000|  0%| F|  |TAMS 0x00000000af600000, 0x00000000af600000| Untracked 
| 759|0x00000000af700000, 0x00000000af700000, 0x00000000af800000|  0%| F|  |TAMS 0x00000000af700000, 0x00000000af700000| Untracked 
| 760|0x00000000af800000, 0x00000000af800000, 0x00000000af900000|  0%| F|  |TAMS 0x00000000af800000, 0x00000000af800000| Untracked 
| 761|0x00000000af900000, 0x00000000af900000, 0x00000000afa00000|  0%| F|  |TAMS 0x00000000af900000, 0x00000000af900000| Untracked 
| 762|0x00000000afa00000, 0x00000000afa00000, 0x00000000afb00000|  0%| F|  |TAMS 0x00000000afa00000, 0x00000000afa00000| Untracked 
| 763|0x00000000afb00000, 0x00000000afb00000, 0x00000000afc00000|  0%| F|  |TAMS 0x00000000afb00000, 0x00000000afb00000| Untracked 
| 764|0x00000000afc00000, 0x00000000afc00000, 0x00000000afd00000|  0%| F|  |TAMS 0x00000000afc00000, 0x00000000afc00000| Untracked 
| 765|0x00000000afd00000, 0x00000000afe00000, 0x00000000afe00000|100%| S|CS|TAMS 0x00000000afd00000, 0x00000000afd00000| Complete 
| 766|0x00000000afe00000, 0x00000000aff00000, 0x00000000aff00000|100%| S|CS|TAMS 0x00000000afe00000, 0x00000000afe00000| Complete 
| 767|0x00000000aff00000, 0x00000000b0000000, 0x00000000b0000000|100%| S|CS|TAMS 0x00000000aff00000, 0x00000000aff00000| Complete 
| 768|0x00000000b0000000, 0x00000000b0100000, 0x00000000b0100000|100%| S|CS|TAMS 0x00000000b0000000, 0x00000000b0000000| Complete 
| 769|0x00000000b0100000, 0x00000000b0200000, 0x00000000b0200000|100%| S|CS|TAMS 0x00000000b0100000, 0x00000000b0100000| Complete 
| 770|0x00000000b0200000, 0x00000000b0300000, 0x00000000b0300000|100%| S|CS|TAMS 0x00000000b0200000, 0x00000000b0200000| Complete 
| 771|0x00000000b0300000, 0x00000000b0400000, 0x00000000b0400000|100%| S|CS|TAMS 0x00000000b0300000, 0x00000000b0300000| Complete 
| 772|0x00000000b0400000, 0x00000000b0500000, 0x00000000b0500000|100%| S|CS|TAMS 0x00000000b0400000, 0x00000000b0400000| Complete 
| 773|0x00000000b0500000, 0x00000000b0500000, 0x00000000b0600000|  0%| F|  |TAMS 0x00000000b0500000, 0x00000000b0500000| Untracked 
| 774|0x00000000b0600000, 0x00000000b0600000, 0x00000000b0700000|  0%| F|  |TAMS 0x00000000b0600000, 0x00000000b0600000| Untracked 
| 775|0x00000000b0700000, 0x00000000b0700000, 0x00000000b0800000|  0%| F|  |TAMS 0x00000000b0700000, 0x00000000b0700000| Untracked 
| 776|0x00000000b0800000, 0x00000000b0800000, 0x00000000b0900000|  0%| F|  |TAMS 0x00000000b0800000, 0x00000000b0800000| Untracked 
| 777|0x00000000b0900000, 0x00000000b0900000, 0x00000000b0a00000|  0%| F|  |TAMS 0x00000000b0900000, 0x00000000b0900000| Untracked 
| 778|0x00000000b0a00000, 0x00000000b0a00000, 0x00000000b0b00000|  0%| F|  |TAMS 0x00000000b0a00000, 0x00000000b0a00000| Untracked 
| 779|0x00000000b0b00000, 0x00000000b0b00000, 0x00000000b0c00000|  0%| F|  |TAMS 0x00000000b0b00000, 0x00000000b0b00000| Untracked 
| 780|0x00000000b0c00000, 0x00000000b0c00000, 0x00000000b0d00000|  0%| F|  |TAMS 0x00000000b0c00000, 0x00000000b0c00000| Untracked 
| 781|0x00000000b0d00000, 0x00000000b0d00000, 0x00000000b0e00000|  0%| F|  |TAMS 0x00000000b0d00000, 0x00000000b0d00000| Untracked 
| 782|0x00000000b0e00000, 0x00000000b0e00000, 0x00000000b0f00000|  0%| F|  |TAMS 0x00000000b0e00000, 0x00000000b0e00000| Untracked 
| 783|0x00000000b0f00000, 0x00000000b0f00000, 0x00000000b1000000|  0%| F|  |TAMS 0x00000000b0f00000, 0x00000000b0f00000| Untracked 
| 784|0x00000000b1000000, 0x00000000b1000000, 0x00000000b1100000|  0%| F|  |TAMS 0x00000000b1000000, 0x00000000b1000000| Untracked 
| 785|0x00000000b1100000, 0x00000000b1100000, 0x00000000b1200000|  0%| F|  |TAMS 0x00000000b1100000, 0x00000000b1100000| Untracked 
| 786|0x00000000b1200000, 0x00000000b1200000, 0x00000000b1300000|  0%| F|  |TAMS 0x00000000b1200000, 0x00000000b1200000| Untracked 
| 787|0x00000000b1300000, 0x00000000b1300000, 0x00000000b1400000|  0%| F|  |TAMS 0x00000000b1300000, 0x00000000b1300000| Untracked 
| 788|0x00000000b1400000, 0x00000000b1400000, 0x00000000b1500000|  0%| F|  |TAMS 0x00000000b1400000, 0x00000000b1400000| Untracked 
| 789|0x00000000b1500000, 0x00000000b1500000, 0x00000000b1600000|  0%| F|  |TAMS 0x00000000b1500000, 0x00000000b1500000| Untracked 
| 790|0x00000000b1600000, 0x00000000b1600000, 0x00000000b1700000|  0%| F|  |TAMS 0x00000000b1600000, 0x00000000b1600000| Untracked 
| 791|0x00000000b1700000, 0x00000000b1700000, 0x00000000b1800000|  0%| F|  |TAMS 0x00000000b1700000, 0x00000000b1700000| Untracked 
| 792|0x00000000b1800000, 0x00000000b1800000, 0x00000000b1900000|  0%| F|  |TAMS 0x00000000b1800000, 0x00000000b1800000| Untracked 
| 793|0x00000000b1900000, 0x00000000b1900000, 0x00000000b1a00000|  0%| F|  |TAMS 0x00000000b1900000, 0x00000000b1900000| Untracked 
| 794|0x00000000b1a00000, 0x00000000b1a00000, 0x00000000b1b00000|  0%| F|  |TAMS 0x00000000b1a00000, 0x00000000b1a00000| Untracked 
| 795|0x00000000b1b00000, 0x00000000b1b00000, 0x00000000b1c00000|  0%| F|  |TAMS 0x00000000b1b00000, 0x00000000b1b00000| Untracked 
| 796|0x00000000b1c00000, 0x00000000b1c00000, 0x00000000b1d00000|  0%| F|  |TAMS 0x00000000b1c00000, 0x00000000b1c00000| Untracked 
| 797|0x00000000b1d00000, 0x00000000b1d00000, 0x00000000b1e00000|  0%| F|  |TAMS 0x00000000b1d00000, 0x00000000b1d00000| Untracked 
| 798|0x00000000b1e00000, 0x00000000b1e00000, 0x00000000b1f00000|  0%| F|  |TAMS 0x00000000b1e00000, 0x00000000b1e00000| Untracked 
| 799|0x00000000b1f00000, 0x00000000b1f00000, 0x00000000b2000000|  0%| F|  |TAMS 0x00000000b1f00000, 0x00000000b1f00000| Untracked 
| 800|0x00000000b2000000, 0x00000000b2000000, 0x00000000b2100000|  0%| F|  |TAMS 0x00000000b2000000, 0x00000000b2000000| Untracked 
| 801|0x00000000b2100000, 0x00000000b2100000, 0x00000000b2200000|  0%| F|  |TAMS 0x00000000b2100000, 0x00000000b2100000| Untracked 
| 802|0x00000000b2200000, 0x00000000b2200000, 0x00000000b2300000|  0%| F|  |TAMS 0x00000000b2200000, 0x00000000b2200000| Untracked 
| 803|0x00000000b2300000, 0x00000000b2300000, 0x00000000b2400000|  0%| F|  |TAMS 0x00000000b2300000, 0x00000000b2300000| Untracked 
| 804|0x00000000b2400000, 0x00000000b2400000, 0x00000000b2500000|  0%| F|  |TAMS 0x00000000b2400000, 0x00000000b2400000| Untracked 
| 805|0x00000000b2500000, 0x00000000b2500000, 0x00000000b2600000|  0%| F|  |TAMS 0x00000000b2500000, 0x00000000b2500000| Untracked 
| 806|0x00000000b2600000, 0x00000000b2600000, 0x00000000b2700000|  0%| F|  |TAMS 0x00000000b2600000, 0x00000000b2600000| Untracked 
| 807|0x00000000b2700000, 0x00000000b2700000, 0x00000000b2800000|  0%| F|  |TAMS 0x00000000b2700000, 0x00000000b2700000| Untracked 
| 808|0x00000000b2800000, 0x00000000b2800000, 0x00000000b2900000|  0%| F|  |TAMS 0x00000000b2800000, 0x00000000b2800000| Untracked 
| 809|0x00000000b2900000, 0x00000000b2900000, 0x00000000b2a00000|  0%| F|  |TAMS 0x00000000b2900000, 0x00000000b2900000| Untracked 
| 810|0x00000000b2a00000, 0x00000000b2a00000, 0x00000000b2b00000|  0%| F|  |TAMS 0x00000000b2a00000, 0x00000000b2a00000| Untracked 
| 811|0x00000000b2b00000, 0x00000000b2b00000, 0x00000000b2c00000|  0%| F|  |TAMS 0x00000000b2b00000, 0x00000000b2b00000| Untracked 
| 812|0x00000000b2c00000, 0x00000000b2c00000, 0x00000000b2d00000|  0%| F|  |TAMS 0x00000000b2c00000, 0x00000000b2c00000| Untracked 
| 813|0x00000000b2d00000, 0x00000000b2d00000, 0x00000000b2e00000|  0%| F|  |TAMS 0x00000000b2d00000, 0x00000000b2d00000| Untracked 
| 814|0x00000000b2e00000, 0x00000000b2e00000, 0x00000000b2f00000|  0%| F|  |TAMS 0x00000000b2e00000, 0x00000000b2e00000| Untracked 
| 815|0x00000000b2f00000, 0x00000000b2f00000, 0x00000000b3000000|  0%| F|  |TAMS 0x00000000b2f00000, 0x00000000b2f00000| Untracked 
| 816|0x00000000b3000000, 0x00000000b3000000, 0x00000000b3100000|  0%| F|  |TAMS 0x00000000b3000000, 0x00000000b3000000| Untracked 
| 817|0x00000000b3100000, 0x00000000b3100000, 0x00000000b3200000|  0%| F|  |TAMS 0x00000000b3100000, 0x00000000b3100000| Untracked 
| 818|0x00000000b3200000, 0x00000000b3200000, 0x00000000b3300000|  0%| F|  |TAMS 0x00000000b3200000, 0x00000000b3200000| Untracked 
| 819|0x00000000b3300000, 0x00000000b3300000, 0x00000000b3400000|  0%| F|  |TAMS 0x00000000b3300000, 0x00000000b3300000| Untracked 
| 820|0x00000000b3400000, 0x00000000b3400000, 0x00000000b3500000|  0%| F|  |TAMS 0x00000000b3400000, 0x00000000b3400000| Untracked 
| 821|0x00000000b3500000, 0x00000000b3500000, 0x00000000b3600000|  0%| F|  |TAMS 0x00000000b3500000, 0x00000000b3500000| Untracked 
| 822|0x00000000b3600000, 0x00000000b3600000, 0x00000000b3700000|  0%| F|  |TAMS 0x00000000b3600000, 0x00000000b3600000| Untracked 
| 823|0x00000000b3700000, 0x00000000b3700000, 0x00000000b3800000|  0%| F|  |TAMS 0x00000000b3700000, 0x00000000b3700000| Untracked 
| 824|0x00000000b3800000, 0x00000000b3800000, 0x00000000b3900000|  0%| F|  |TAMS 0x00000000b3800000, 0x00000000b3800000| Untracked 
| 825|0x00000000b3900000, 0x00000000b3900000, 0x00000000b3a00000|  0%| F|  |TAMS 0x00000000b3900000, 0x00000000b3900000| Untracked 
| 826|0x00000000b3a00000, 0x00000000b3a00000, 0x00000000b3b00000|  0%| F|  |TAMS 0x00000000b3a00000, 0x00000000b3a00000| Untracked 
| 827|0x00000000b3b00000, 0x00000000b3b00000, 0x00000000b3c00000|  0%| F|  |TAMS 0x00000000b3b00000, 0x00000000b3b00000| Untracked 
| 828|0x00000000b3c00000, 0x00000000b3c00000, 0x00000000b3d00000|  0%| F|  |TAMS 0x00000000b3c00000, 0x00000000b3c00000| Untracked 
| 829|0x00000000b3d00000, 0x00000000b3d00000, 0x00000000b3e00000|  0%| F|  |TAMS 0x00000000b3d00000, 0x00000000b3d00000| Untracked 
| 830|0x00000000b3e00000, 0x00000000b3e00000, 0x00000000b3f00000|  0%| F|  |TAMS 0x00000000b3e00000, 0x00000000b3e00000| Untracked 
| 831|0x00000000b3f00000, 0x00000000b3f00000, 0x00000000b4000000|  0%| F|  |TAMS 0x00000000b3f00000, 0x00000000b3f00000| Untracked 
| 832|0x00000000b4000000, 0x00000000b4000000, 0x00000000b4100000|  0%| F|  |TAMS 0x00000000b4000000, 0x00000000b4000000| Untracked 
| 833|0x00000000b4100000, 0x00000000b4100000, 0x00000000b4200000|  0%| F|  |TAMS 0x00000000b4100000, 0x00000000b4100000| Untracked 
| 834|0x00000000b4200000, 0x00000000b4200000, 0x00000000b4300000|  0%| F|  |TAMS 0x00000000b4200000, 0x00000000b4200000| Untracked 
| 835|0x00000000b4300000, 0x00000000b4300000, 0x00000000b4400000|  0%| F|  |TAMS 0x00000000b4300000, 0x00000000b4300000| Untracked 
| 836|0x00000000b4400000, 0x00000000b4400000, 0x00000000b4500000|  0%| F|  |TAMS 0x00000000b4400000, 0x00000000b4400000| Untracked 
| 837|0x00000000b4500000, 0x00000000b4500000, 0x00000000b4600000|  0%| F|  |TAMS 0x00000000b4500000, 0x00000000b4500000| Untracked 
| 838|0x00000000b4600000, 0x00000000b4600000, 0x00000000b4700000|  0%| F|  |TAMS 0x00000000b4600000, 0x00000000b4600000| Untracked 
| 839|0x00000000b4700000, 0x00000000b4700000, 0x00000000b4800000|  0%| F|  |TAMS 0x00000000b4700000, 0x00000000b4700000| Untracked 
| 840|0x00000000b4800000, 0x00000000b4800000, 0x00000000b4900000|  0%| F|  |TAMS 0x00000000b4800000, 0x00000000b4800000| Untracked 
| 841|0x00000000b4900000, 0x00000000b4900000, 0x00000000b4a00000|  0%| F|  |TAMS 0x00000000b4900000, 0x00000000b4900000| Untracked 
| 842|0x00000000b4a00000, 0x00000000b4a00000, 0x00000000b4b00000|  0%| F|  |TAMS 0x00000000b4a00000, 0x00000000b4a00000| Untracked 
| 843|0x00000000b4b00000, 0x00000000b4b00000, 0x00000000b4c00000|  0%| F|  |TAMS 0x00000000b4b00000, 0x00000000b4b00000| Untracked 
| 844|0x00000000b4c00000, 0x00000000b4c00000, 0x00000000b4d00000|  0%| F|  |TAMS 0x00000000b4c00000, 0x00000000b4c00000| Untracked 
| 845|0x00000000b4d00000, 0x00000000b4d00000, 0x00000000b4e00000|  0%| F|  |TAMS 0x00000000b4d00000, 0x00000000b4d00000| Untracked 
| 846|0x00000000b4e00000, 0x00000000b4e00000, 0x00000000b4f00000|  0%| F|  |TAMS 0x00000000b4e00000, 0x00000000b4e00000| Untracked 
| 847|0x00000000b4f00000, 0x00000000b4f00000, 0x00000000b5000000|  0%| F|  |TAMS 0x00000000b4f00000, 0x00000000b4f00000| Untracked 
| 848|0x00000000b5000000, 0x00000000b5000000, 0x00000000b5100000|  0%| F|  |TAMS 0x00000000b5000000, 0x00000000b5000000| Untracked 
| 849|0x00000000b5100000, 0x00000000b5100000, 0x00000000b5200000|  0%| F|  |TAMS 0x00000000b5100000, 0x00000000b5100000| Untracked 
| 850|0x00000000b5200000, 0x00000000b5200000, 0x00000000b5300000|  0%| F|  |TAMS 0x00000000b5200000, 0x00000000b5200000| Untracked 
| 851|0x00000000b5300000, 0x00000000b5300000, 0x00000000b5400000|  0%| F|  |TAMS 0x00000000b5300000, 0x00000000b5300000| Untracked 
| 852|0x00000000b5400000, 0x00000000b5400000, 0x00000000b5500000|  0%| F|  |TAMS 0x00000000b5400000, 0x00000000b5400000| Untracked 
| 853|0x00000000b5500000, 0x00000000b5500000, 0x00000000b5600000|  0%| F|  |TAMS 0x00000000b5500000, 0x00000000b5500000| Untracked 
| 854|0x00000000b5600000, 0x00000000b5600000, 0x00000000b5700000|  0%| F|  |TAMS 0x00000000b5600000, 0x00000000b5600000| Untracked 
| 855|0x00000000b5700000, 0x00000000b5700000, 0x00000000b5800000|  0%| F|  |TAMS 0x00000000b5700000, 0x00000000b5700000| Untracked 
| 856|0x00000000b5800000, 0x00000000b5800000, 0x00000000b5900000|  0%| F|  |TAMS 0x00000000b5800000, 0x00000000b5800000| Untracked 
| 857|0x00000000b5900000, 0x00000000b5900000, 0x00000000b5a00000|  0%| F|  |TAMS 0x00000000b5900000, 0x00000000b5900000| Untracked 
| 858|0x00000000b5a00000, 0x00000000b5a00000, 0x00000000b5b00000|  0%| F|  |TAMS 0x00000000b5a00000, 0x00000000b5a00000| Untracked 
| 859|0x00000000b5b00000, 0x00000000b5b00000, 0x00000000b5c00000|  0%| F|  |TAMS 0x00000000b5b00000, 0x00000000b5b00000| Untracked 
| 860|0x00000000b5c00000, 0x00000000b5c00000, 0x00000000b5d00000|  0%| F|  |TAMS 0x00000000b5c00000, 0x00000000b5c00000| Untracked 
| 861|0x00000000b5d00000, 0x00000000b5d00000, 0x00000000b5e00000|  0%| F|  |TAMS 0x00000000b5d00000, 0x00000000b5d00000| Untracked 
| 862|0x00000000b5e00000, 0x00000000b5e00000, 0x00000000b5f00000|  0%| F|  |TAMS 0x00000000b5e00000, 0x00000000b5e00000| Untracked 
| 863|0x00000000b5f00000, 0x00000000b5f00000, 0x00000000b6000000|  0%| F|  |TAMS 0x00000000b5f00000, 0x00000000b5f00000| Untracked 
| 864|0x00000000b6000000, 0x00000000b6000000, 0x00000000b6100000|  0%| F|  |TAMS 0x00000000b6000000, 0x00000000b6000000| Untracked 
| 865|0x00000000b6100000, 0x00000000b6100000, 0x00000000b6200000|  0%| F|  |TAMS 0x00000000b6100000, 0x00000000b6100000| Untracked 
| 866|0x00000000b6200000, 0x00000000b6200000, 0x00000000b6300000|  0%| F|  |TAMS 0x00000000b6200000, 0x00000000b6200000| Untracked 
| 867|0x00000000b6300000, 0x00000000b6300000, 0x00000000b6400000|  0%| F|  |TAMS 0x00000000b6300000, 0x00000000b6300000| Untracked 
| 868|0x00000000b6400000, 0x00000000b6400000, 0x00000000b6500000|  0%| F|  |TAMS 0x00000000b6400000, 0x00000000b6400000| Untracked 
| 869|0x00000000b6500000, 0x00000000b6500000, 0x00000000b6600000|  0%| F|  |TAMS 0x00000000b6500000, 0x00000000b6500000| Untracked 
| 870|0x00000000b6600000, 0x00000000b6600000, 0x00000000b6700000|  0%| F|  |TAMS 0x00000000b6600000, 0x00000000b6600000| Untracked 
| 871|0x00000000b6700000, 0x00000000b6700000, 0x00000000b6800000|  0%| F|  |TAMS 0x00000000b6700000, 0x00000000b6700000| Untracked 
| 872|0x00000000b6800000, 0x00000000b6800000, 0x00000000b6900000|  0%| F|  |TAMS 0x00000000b6800000, 0x00000000b6800000| Untracked 
| 873|0x00000000b6900000, 0x00000000b6900000, 0x00000000b6a00000|  0%| F|  |TAMS 0x00000000b6900000, 0x00000000b6900000| Untracked 
| 874|0x00000000b6a00000, 0x00000000b6a00000, 0x00000000b6b00000|  0%| F|  |TAMS 0x00000000b6a00000, 0x00000000b6a00000| Untracked 
| 875|0x00000000b6b00000, 0x00000000b6b00000, 0x00000000b6c00000|  0%| F|  |TAMS 0x00000000b6b00000, 0x00000000b6b00000| Untracked 
| 876|0x00000000b6c00000, 0x00000000b6c00000, 0x00000000b6d00000|  0%| F|  |TAMS 0x00000000b6c00000, 0x00000000b6c00000| Untracked 
| 877|0x00000000b6d00000, 0x00000000b6d00000, 0x00000000b6e00000|  0%| F|  |TAMS 0x00000000b6d00000, 0x00000000b6d00000| Untracked 
| 878|0x00000000b6e00000, 0x00000000b6e00000, 0x00000000b6f00000|  0%| F|  |TAMS 0x00000000b6e00000, 0x00000000b6e00000| Untracked 
| 879|0x00000000b6f00000, 0x00000000b6f00000, 0x00000000b7000000|  0%| F|  |TAMS 0x00000000b6f00000, 0x00000000b6f00000| Untracked 
| 880|0x00000000b7000000, 0x00000000b7000000, 0x00000000b7100000|  0%| F|  |TAMS 0x00000000b7000000, 0x00000000b7000000| Untracked 
| 881|0x00000000b7100000, 0x00000000b7100000, 0x00000000b7200000|  0%| F|  |TAMS 0x00000000b7100000, 0x00000000b7100000| Untracked 
| 882|0x00000000b7200000, 0x00000000b7200000, 0x00000000b7300000|  0%| F|  |TAMS 0x00000000b7200000, 0x00000000b7200000| Untracked 
| 883|0x00000000b7300000, 0x00000000b7300000, 0x00000000b7400000|  0%| F|  |TAMS 0x00000000b7300000, 0x00000000b7300000| Untracked 
| 884|0x00000000b7400000, 0x00000000b7400000, 0x00000000b7500000|  0%| F|  |TAMS 0x00000000b7400000, 0x00000000b7400000| Untracked 
| 885|0x00000000b7500000, 0x00000000b7500000, 0x00000000b7600000|  0%| F|  |TAMS 0x00000000b7500000, 0x00000000b7500000| Untracked 
| 886|0x00000000b7600000, 0x00000000b7600000, 0x00000000b7700000|  0%| F|  |TAMS 0x00000000b7600000, 0x00000000b7600000| Untracked 
| 887|0x00000000b7700000, 0x00000000b7700000, 0x00000000b7800000|  0%| F|  |TAMS 0x00000000b7700000, 0x00000000b7700000| Untracked 
| 888|0x00000000b7800000, 0x00000000b7800000, 0x00000000b7900000|  0%| F|  |TAMS 0x00000000b7800000, 0x00000000b7800000| Untracked 
| 889|0x00000000b7900000, 0x00000000b7900000, 0x00000000b7a00000|  0%| F|  |TAMS 0x00000000b7900000, 0x00000000b7900000| Untracked 
| 890|0x00000000b7a00000, 0x00000000b7a00000, 0x00000000b7b00000|  0%| F|  |TAMS 0x00000000b7a00000, 0x00000000b7a00000| Untracked 
| 891|0x00000000b7b00000, 0x00000000b7b00000, 0x00000000b7c00000|  0%| F|  |TAMS 0x00000000b7b00000, 0x00000000b7b00000| Untracked 
| 892|0x00000000b7c00000, 0x00000000b7c00000, 0x00000000b7d00000|  0%| F|  |TAMS 0x00000000b7c00000, 0x00000000b7c00000| Untracked 
| 893|0x00000000b7d00000, 0x00000000b7d00000, 0x00000000b7e00000|  0%| F|  |TAMS 0x00000000b7d00000, 0x00000000b7d00000| Untracked 
| 894|0x00000000b7e00000, 0x00000000b7e00000, 0x00000000b7f00000|  0%| F|  |TAMS 0x00000000b7e00000, 0x00000000b7e00000| Untracked 
| 895|0x00000000b7f00000, 0x00000000b7f00000, 0x00000000b8000000|  0%| F|  |TAMS 0x00000000b7f00000, 0x00000000b7f00000| Untracked 
| 896|0x00000000b8000000, 0x00000000b8000000, 0x00000000b8100000|  0%| F|  |TAMS 0x00000000b8000000, 0x00000000b8000000| Untracked 
| 897|0x00000000b8100000, 0x00000000b8100000, 0x00000000b8200000|  0%| F|  |TAMS 0x00000000b8100000, 0x00000000b8100000| Untracked 
| 898|0x00000000b8200000, 0x00000000b8200000, 0x00000000b8300000|  0%| F|  |TAMS 0x00000000b8200000, 0x00000000b8200000| Untracked 
| 899|0x00000000b8300000, 0x00000000b8300000, 0x00000000b8400000|  0%| F|  |TAMS 0x00000000b8300000, 0x00000000b8300000| Untracked 
| 900|0x00000000b8400000, 0x00000000b8400000, 0x00000000b8500000|  0%| F|  |TAMS 0x00000000b8400000, 0x00000000b8400000| Untracked 
| 901|0x00000000b8500000, 0x00000000b8500000, 0x00000000b8600000|  0%| F|  |TAMS 0x00000000b8500000, 0x00000000b8500000| Untracked 
| 902|0x00000000b8600000, 0x00000000b8600000, 0x00000000b8700000|  0%| F|  |TAMS 0x00000000b8600000, 0x00000000b8600000| Untracked 
| 903|0x00000000b8700000, 0x00000000b8700000, 0x00000000b8800000|  0%| F|  |TAMS 0x00000000b8700000, 0x00000000b8700000| Untracked 
| 904|0x00000000b8800000, 0x00000000b8800000, 0x00000000b8900000|  0%| F|  |TAMS 0x00000000b8800000, 0x00000000b8800000| Untracked 
| 905|0x00000000b8900000, 0x00000000b89d3e18, 0x00000000b8a00000| 82%| E|  |TAMS 0x00000000b8900000, 0x00000000b8900000| Complete 
| 906|0x00000000b8a00000, 0x00000000b8b00000, 0x00000000b8b00000|100%| E|CS|TAMS 0x00000000b8a00000, 0x00000000b8a00000| Complete 
| 907|0x00000000b8b00000, 0x00000000b8c00000, 0x00000000b8c00000|100%| E|CS|TAMS 0x00000000b8b00000, 0x00000000b8b00000| Complete 
| 908|0x00000000b8c00000, 0x00000000b8d00000, 0x00000000b8d00000|100%| E|CS|TAMS 0x00000000b8c00000, 0x00000000b8c00000| Complete 
| 909|0x00000000b8d00000, 0x00000000b8e00000, 0x00000000b8e00000|100%| E|CS|TAMS 0x00000000b8d00000, 0x00000000b8d00000| Complete 
| 910|0x00000000b8e00000, 0x00000000b8f00000, 0x00000000b8f00000|100%| E|CS|TAMS 0x00000000b8e00000, 0x00000000b8e00000| Complete 
| 911|0x00000000b8f00000, 0x00000000b9000000, 0x00000000b9000000|100%| E|  |TAMS 0x00000000b8f00000, 0x00000000b8f00000| Complete 
| 912|0x00000000b9000000, 0x00000000b9100000, 0x00000000b9100000|100%| E|CS|TAMS 0x00000000b9000000, 0x00000000b9000000| Complete 
| 913|0x00000000b9100000, 0x00000000b9200000, 0x00000000b9200000|100%| E|CS|TAMS 0x00000000b9100000, 0x00000000b9100000| Complete 
| 914|0x00000000b9200000, 0x00000000b9300000, 0x00000000b9300000|100%| E|CS|TAMS 0x00000000b9200000, 0x00000000b9200000| Complete 
| 915|0x00000000b9300000, 0x00000000b9400000, 0x00000000b9400000|100%| E|CS|TAMS 0x00000000b9300000, 0x00000000b9300000| Complete 
| 916|0x00000000b9400000, 0x00000000b9500000, 0x00000000b9500000|100%| E|CS|TAMS 0x00000000b9400000, 0x00000000b9400000| Complete 
| 917|0x00000000b9500000, 0x00000000b9600000, 0x00000000b9600000|100%| E|CS|TAMS 0x00000000b9500000, 0x00000000b9500000| Complete 
| 918|0x00000000b9600000, 0x00000000b9700000, 0x00000000b9700000|100%| E|CS|TAMS 0x00000000b9600000, 0x00000000b9600000| Complete 
| 919|0x00000000b9700000, 0x00000000b9800000, 0x00000000b9800000|100%| E|CS|TAMS 0x00000000b9700000, 0x00000000b9700000| Complete 
| 920|0x00000000b9800000, 0x00000000b9900000, 0x00000000b9900000|100%| E|CS|TAMS 0x00000000b9800000, 0x00000000b9800000| Complete 
| 921|0x00000000b9900000, 0x00000000b9a00000, 0x00000000b9a00000|100%| E|CS|TAMS 0x00000000b9900000, 0x00000000b9900000| Complete 
| 922|0x00000000b9a00000, 0x00000000b9b00000, 0x00000000b9b00000|100%| E|CS|TAMS 0x00000000b9a00000, 0x00000000b9a00000| Complete 
| 923|0x00000000b9b00000, 0x00000000b9c00000, 0x00000000b9c00000|100%| E|CS|TAMS 0x00000000b9b00000, 0x00000000b9b00000| Complete 
| 924|0x00000000b9c00000, 0x00000000b9d00000, 0x00000000b9d00000|100%| E|CS|TAMS 0x00000000b9c00000, 0x00000000b9c00000| Complete 
| 925|0x00000000b9d00000, 0x00000000b9e00000, 0x00000000b9e00000|100%| E|CS|TAMS 0x00000000b9d00000, 0x00000000b9d00000| Complete 
| 926|0x00000000b9e00000, 0x00000000b9f00000, 0x00000000b9f00000|100%| E|CS|TAMS 0x00000000b9e00000, 0x00000000b9e00000| Complete 
| 927|0x00000000b9f00000, 0x00000000ba000000, 0x00000000ba000000|100%| E|CS|TAMS 0x00000000b9f00000, 0x00000000b9f00000| Complete 
| 928|0x00000000ba000000, 0x00000000ba100000, 0x00000000ba100000|100%| E|CS|TAMS 0x00000000ba000000, 0x00000000ba000000| Complete 
| 929|0x00000000ba100000, 0x00000000ba200000, 0x00000000ba200000|100%| E|CS|TAMS 0x00000000ba100000, 0x00000000ba100000| Complete 
| 930|0x00000000ba200000, 0x00000000ba300000, 0x00000000ba300000|100%| E|CS|TAMS 0x00000000ba200000, 0x00000000ba200000| Complete 
| 931|0x00000000ba300000, 0x00000000ba400000, 0x00000000ba400000|100%| E|CS|TAMS 0x00000000ba300000, 0x00000000ba300000| Complete 
| 932|0x00000000ba400000, 0x00000000ba500000, 0x00000000ba500000|100%| E|CS|TAMS 0x00000000ba400000, 0x00000000ba400000| Complete 
| 933|0x00000000ba500000, 0x00000000ba600000, 0x00000000ba600000|100%| E|CS|TAMS 0x00000000ba500000, 0x00000000ba500000| Complete 
| 934|0x00000000ba600000, 0x00000000ba700000, 0x00000000ba700000|100%| E|CS|TAMS 0x00000000ba600000, 0x00000000ba600000| Complete 
| 935|0x00000000ba700000, 0x00000000ba800000, 0x00000000ba800000|100%| E|CS|TAMS 0x00000000ba700000, 0x00000000ba700000| Complete 
| 936|0x00000000ba800000, 0x00000000ba900000, 0x00000000ba900000|100%| E|CS|TAMS 0x00000000ba800000, 0x00000000ba800000| Complete 
| 937|0x00000000ba900000, 0x00000000baa00000, 0x00000000baa00000|100%| E|CS|TAMS 0x00000000ba900000, 0x00000000ba900000| Complete 
| 938|0x00000000baa00000, 0x00000000bab00000, 0x00000000bab00000|100%| E|CS|TAMS 0x00000000baa00000, 0x00000000baa00000| Complete 
| 939|0x00000000bab00000, 0x00000000bac00000, 0x00000000bac00000|100%| E|CS|TAMS 0x00000000bab00000, 0x00000000bab00000| Complete 
| 940|0x00000000bac00000, 0x00000000bad00000, 0x00000000bad00000|100%| E|CS|TAMS 0x00000000bac00000, 0x00000000bac00000| Complete 
| 941|0x00000000bad00000, 0x00000000bae00000, 0x00000000bae00000|100%| E|CS|TAMS 0x00000000bad00000, 0x00000000bad00000| Complete 
| 942|0x00000000bae00000, 0x00000000baf00000, 0x00000000baf00000|100%| E|CS|TAMS 0x00000000bae00000, 0x00000000bae00000| Complete 
| 943|0x00000000baf00000, 0x00000000bb000000, 0x00000000bb000000|100%| E|CS|TAMS 0x00000000baf00000, 0x00000000baf00000| Complete 
| 944|0x00000000bb000000, 0x00000000bb100000, 0x00000000bb100000|100%| E|CS|TAMS 0x00000000bb000000, 0x00000000bb000000| Complete 
| 945|0x00000000bb100000, 0x00000000bb200000, 0x00000000bb200000|100%| E|CS|TAMS 0x00000000bb100000, 0x00000000bb100000| Complete 
| 946|0x00000000bb200000, 0x00000000bb300000, 0x00000000bb300000|100%| E|CS|TAMS 0x00000000bb200000, 0x00000000bb200000| Complete 
| 947|0x00000000bb300000, 0x00000000bb400000, 0x00000000bb400000|100%| E|CS|TAMS 0x00000000bb300000, 0x00000000bb300000| Complete 
| 948|0x00000000bb400000, 0x00000000bb500000, 0x00000000bb500000|100%| E|CS|TAMS 0x00000000bb400000, 0x00000000bb400000| Complete 
| 949|0x00000000bb500000, 0x00000000bb600000, 0x00000000bb600000|100%| E|CS|TAMS 0x00000000bb500000, 0x00000000bb500000| Complete 
| 950|0x00000000bb600000, 0x00000000bb700000, 0x00000000bb700000|100%| E|CS|TAMS 0x00000000bb600000, 0x00000000bb600000| Complete 
| 951|0x00000000bb700000, 0x00000000bb800000, 0x00000000bb800000|100%| E|CS|TAMS 0x00000000bb700000, 0x00000000bb700000| Complete 
| 952|0x00000000bb800000, 0x00000000bb900000, 0x00000000bb900000|100%| E|CS|TAMS 0x00000000bb800000, 0x00000000bb800000| Complete 
| 953|0x00000000bb900000, 0x00000000bba00000, 0x00000000bba00000|100%| E|CS|TAMS 0x00000000bb900000, 0x00000000bb900000| Complete 
|2046|0x00000000ffe00000, 0x00000000fff00000, 0x00000000fff00000|100%| O|  |TAMS 0x00000000fff00000, 0x00000000ffe00000| Updating 
|2047|0x00000000fff00000, 0x0000000100000000, 0x0000000100000000|100%| O|  |TAMS 0x0000000100000000, 0x00000000fff00000| Untracked 

Card table byte_map: [0x000001f2f9c60000,0x000001f2fa060000] _byte_map_base: 0x000001f2f9860000

Marking Bits (Prev, Next): (CMBitMap*) 0x000001f2f15457c0, (CMBitMap*) 0x000001f2f1545780
 Prev Bits: [0x000001f2fc460000, 0x000001f2fe460000)
 Next Bits: [0x000001f2fa460000, 0x000001f2fc460000)

Polling page: 0x000001f2ef4b0000

Metaspace:

Usage:
  Non-class:    116.55 MB used.
      Class:     18.89 MB used.
       Both:    135.44 MB used.

Virtual space:
  Non-class space:      128.00 MB reserved,     117.94 MB ( 92%) committed,  2 nodes.
      Class space:      416.00 MB reserved,      20.06 MB (  5%) committed,  1 nodes.
             Both:      544.00 MB reserved,     138.00 MB ( 25%) committed. 

Chunk freelists:
   Non-Class:  9.66 MB
       Class:  11.98 MB
        Both:  21.63 MB

MaxMetaspaceSize: 512.00 MB
CompressedClassSpaceSize: 416.00 MB
Initial GC threshold: 21.00 MB
Current GC threshold: 214.31 MB
CDS: on
MetaspaceReclaimPolicy: balanced
 - commit_granule_bytes: 65536.
 - commit_granule_words: 8192.
 - virtual_space_node_default_size: 8388608.
 - enlarge_chunks_in_place: 1.
 - new_chunks_are_fully_committed: 0.
 - uncommit_free_chunks: 1.
 - use_allocation_guard: 0.
 - handle_deallocations: 1.


Internal statistics:

num_allocs_failed_limit: 6.
num_arena_births: 3800.
num_arena_deaths: 0.
num_vsnodes_births: 3.
num_vsnodes_deaths: 0.
num_space_committed: 2207.
num_space_uncommitted: 0.
num_chunks_returned_to_freelist: 6.
num_chunks_taken_from_freelist: 10744.
num_chunk_merges: 6.
num_chunk_splits: 6606.
num_chunks_enlarged: 3695.
num_inconsistent_stats: 0.

CodeHeap 'non-profiled nmethods': size=119168Kb used=16774Kb max_used=16774Kb free=102393Kb
 bounds [0x000001f287ba0000, 0x000001f288c10000, 0x000001f28f000000]
CodeHeap 'profiled nmethods': size=119104Kb used=41945Kb max_used=41945Kb free=77158Kb
 bounds [0x000001f280000000, 0x000001f282900000, 0x000001f287450000]
CodeHeap 'non-nmethods': size=7488Kb used=4203Kb max_used=4299Kb free=3285Kb
 bounds [0x000001f287450000, 0x000001f2878a0000, 0x000001f287ba0000]
 total_blobs=22109 nmethods=21044 adapters=972
 compilation: enabled
              stopped_count=0, restarted_count=0
 full_count=0

Compilation events (20 events):
Event: 40.676 Thread 0x000001f2fe97f3b0 nmethod 25652 0x000001f288bff810 code [0x000001f288bff9a0, 0x000001f288bffa78]
Event: 40.682 Thread 0x000001f2fe97f3b0 25655       1       com.android.tools.r8.internal.VE::Z1 (2 bytes)
Event: 40.682 Thread 0x000001f2fe97f3b0 nmethod 25655 0x000001f288bffb10 code [0x000001f288bffca0, 0x000001f288bffd78]
Event: 40.682 Thread 0x000001f2fe97f3b0 25656       1       com.android.tools.r8.internal.BB::j (5 bytes)
Event: 40.682 Thread 0x000001f2bed58ea0 nmethod 25542 0x000001f288bffe10 code [0x000001f288bfffa0, 0x000001f288c007f8]
Event: 40.682 Thread 0x000001f2ff9babc0 25657       1       com.android.tools.r8.internal.n3::l1 (2 bytes)
Event: 40.682 Thread 0x000001f2fe97f3b0 nmethod 25656 0x000001f288c00890 code [0x000001f288c00a20, 0x000001f288c00af8]
Event: 40.683 Thread 0x000001f2ff9babc0 nmethod 25657 0x000001f288c00b90 code [0x000001f288c00d20, 0x000001f288c00df8]
Event: 40.683 Thread 0x000001f2bed58ea0 25558       4       com.android.tools.r8.internal.gp::hashCode (13 bytes)
Event: 40.683 Thread 0x000001f2ff9babc0 25658       1       com.android.tools.r8.internal.O70::f (5 bytes)
Event: 40.683 Thread 0x000001f2ff9babc0 nmethod 25658 0x000001f288c00e90 code [0x000001f288c01020, 0x000001f288c010f8]
Event: 40.684 Thread 0x000001f2ff9babc0 25659       1       com.android.tools.r8.internal.O70::g (5 bytes)
Event: 40.684 Thread 0x000001f2bed58ea0 nmethod 25558 0x000001f288c01190 code [0x000001f288c01320, 0x000001f288c013e8]
Event: 40.684 Thread 0x000001f2bed58ea0 25507       4       com.android.tools.r8.graph.C2::b (8 bytes)
Event: 40.684 Thread 0x000001f2ff9babc0 nmethod 25659 0x000001f288c01510 code [0x000001f288c016a0, 0x000001f288c01778]
Event: 40.684 Thread 0x000001f2bed58ea0 nmethod 25507 0x000001f288c01810 code [0x000001f288c01980, 0x000001f288c01a18]
Event: 40.684 Thread 0x000001f2bed58ea0 25142       4       com.android.tools.r8.graph.v1::b (19 bytes)
Event: 40.685 Thread 0x000001f2ff9babc0 25660       2       com.android.tools.r8.internal.Gg0::size (6 bytes)
Event: 40.685 Thread 0x000001f2ff9babc0 nmethod 25660 0x000001f2828f6810 code [0x000001f2828f69a0, 0x000001f2828f6ab8]
Event: 40.686 Thread 0x000001f2ff9babc0 25661       3       com.android.tools.r8.graph.s0::c (73 bytes)

GC Heap History (20 events):
Event: 36.830 GC heap before
{Heap before GC invocations=64 (full 0):
 garbage-first heap   total 603136K, used 517241K [0x0000000080000000, 0x0000000100000000)
  region size 1024K, 154 young (157696K), 10 survivors (10240K)
 Metaspace       used 121767K, committed 124288K, reserved 557056K
  class space    used 16827K, committed 17984K, reserved 425984K
}
Event: 36.838 GC heap after
{Heap after GC invocations=65 (full 0):
 garbage-first heap   total 603136K, used 372095K [0x0000000080000000, 0x0000000100000000)
  region size 1024K, 16 young (16384K), 16 survivors (16384K)
 Metaspace       used 121767K, committed 124288K, reserved 557056K
  class space    used 16827K, committed 17984K, reserved 425984K
}
Event: 37.525 GC heap before
{Heap before GC invocations=65 (full 0):
 garbage-first heap   total 603136K, used 531839K [0x0000000080000000, 0x0000000100000000)
  region size 1024K, 131 young (134144K), 16 survivors (16384K)
 Metaspace       used 126312K, committed 128832K, reserved 557056K
  class space    used 17436K, committed 18560K, reserved 425984K
}
Event: 37.541 GC heap after
{Heap after GC invocations=66 (full 0):
 garbage-first heap   total 603136K, used 432029K [0x0000000080000000, 0x0000000100000000)
  region size 1024K, 19 young (19456K), 19 survivors (19456K)
 Metaspace       used 126312K, committed 128832K, reserved 557056K
  class space    used 17436K, committed 18560K, reserved 425984K
}
Event: 37.608 GC heap before
{Heap before GC invocations=66 (full 0):
 garbage-first heap   total 603136K, used 576413K [0x0000000080000000, 0x0000000100000000)
  region size 1024K, 72 young (73728K), 19 survivors (19456K)
 Metaspace       used 127046K, committed 129536K, reserved 557056K
  class space    used 17543K, committed 18688K, reserved 425984K
}
Event: 37.619 GC heap after
{Heap after GC invocations=67 (full 0):
 garbage-first heap   total 613376K, used 482265K [0x0000000080000000, 0x0000000100000000)
  region size 1024K, 13 young (13312K), 13 survivors (13312K)
 Metaspace       used 127046K, committed 129536K, reserved 557056K
  class space    used 17543K, committed 18688K, reserved 425984K
}
Event: 37.829 GC heap before
{Heap before GC invocations=67 (full 0):
 garbage-first heap   total 613376K, used 549849K [0x0000000080000000, 0x0000000100000000)
  region size 1024K, 58 young (59392K), 13 survivors (13312K)
 Metaspace       used 128994K, committed 131520K, reserved 557056K
  class space    used 17767K, committed 18944K, reserved 425984K
}
Event: 37.837 GC heap after
{Heap after GC invocations=68 (full 0):
 garbage-first heap   total 613376K, used 502479K [0x0000000080000000, 0x0000000100000000)
  region size 1024K, 8 young (8192K), 8 survivors (8192K)
 Metaspace       used 128994K, committed 131520K, reserved 557056K
  class space    used 17767K, committed 18944K, reserved 425984K
}
Event: 38.018 GC heap before
{Heap before GC invocations=69 (full 0):
 garbage-first heap   total 844800K, used 535247K [0x0000000080000000, 0x0000000100000000)
  region size 1024K, 38 young (38912K), 8 survivors (8192K)
 Metaspace       used 129535K, committed 132160K, reserved 557056K
  class space    used 17839K, committed 19072K, reserved 425984K
}
Event: 38.025 GC heap after
{Heap after GC invocations=70 (full 0):
 garbage-first heap   total 844800K, used 515043K [0x0000000080000000, 0x0000000100000000)
  region size 1024K, 5 young (5120K), 5 survivors (5120K)
 Metaspace       used 129535K, committed 132160K, reserved 557056K
  class space    used 17839K, committed 19072K, reserved 425984K
}
Event: 38.234 GC heap before
{Heap before GC invocations=70 (full 0):
 garbage-first heap   total 844800K, used 552931K [0x0000000080000000, 0x0000000100000000)
  region size 1024K, 41 young (41984K), 5 survivors (5120K)
 Metaspace       used 130600K, committed 133120K, reserved 557056K
  class space    used 18016K, committed 19200K, reserved 425984K
}
Event: 38.248 GC heap after
{Heap after GC invocations=71 (full 0):
 garbage-first heap   total 844800K, used 517355K [0x0000000080000000, 0x0000000100000000)
  region size 1024K, 6 young (6144K), 6 survivors (6144K)
 Metaspace       used 130600K, committed 133120K, reserved 557056K
  class space    used 18016K, committed 19200K, reserved 425984K
}
Event: 39.159 GC heap before
{Heap before GC invocations=71 (full 0):
 garbage-first heap   total 844800K, used 687339K [0x0000000080000000, 0x0000000100000000)
  region size 1024K, 159 young (162816K), 6 survivors (6144K)
 Metaspace       used 134317K, committed 136832K, reserved 557056K
  class space    used 18536K, committed 19712K, reserved 425984K
}
Event: 39.196 GC heap after
{Heap after GC invocations=72 (full 0):
 garbage-first heap   total 844800K, used 579287K [0x0000000080000000, 0x0000000100000000)
  region size 1024K, 20 young (20480K), 20 survivors (20480K)
 Metaspace       used 134317K, committed 136832K, reserved 557056K
  class space    used 18536K, committed 19712K, reserved 425984K
}
Event: 40.088 GC heap before
{Heap before GC invocations=72 (full 0):
 garbage-first heap   total 844800K, used 685783K [0x0000000080000000, 0x0000000100000000)
  region size 1024K, 125 young (128000K), 20 survivors (20480K)
 Metaspace       used 137035K, committed 139584K, reserved 557056K
  class space    used 19118K, committed 20288K, reserved 425984K
}
Event: 40.130 GC heap after
{Heap after GC invocations=73 (full 0):
 garbage-first heap   total 844800K, used 622592K [0x0000000080000000, 0x0000000100000000)
  region size 1024K, 16 young (16384K), 16 survivors (16384K)
 Metaspace       used 137035K, committed 139584K, reserved 557056K
  class space    used 19118K, committed 20288K, reserved 425984K
}
Event: 40.339 GC heap before
{Heap before GC invocations=73 (full 0):
 garbage-first heap   total 844800K, used 694272K [0x0000000080000000, 0x0000000100000000)
  region size 1024K, 87 young (89088K), 16 survivors (16384K)
 Metaspace       used 137780K, committed 140352K, reserved 557056K
  class space    used 19225K, committed 20416K, reserved 425984K
}
Event: 40.366 GC heap after
{Heap after GC invocations=74 (full 0):
 garbage-first heap   total 844800K, used 658432K [0x0000000080000000, 0x0000000100000000)
  region size 1024K, 11 young (11264K), 11 survivors (11264K)
 Metaspace       used 137780K, committed 140352K, reserved 557056K
  class space    used 19225K, committed 20416K, reserved 425984K
}
Event: 40.489 GC heap before
{Heap before GC invocations=74 (full 0):
 garbage-first heap   total 844800K, used 709632K [0x0000000080000000, 0x0000000100000000)
  region size 1024K, 61 young (62464K), 11 survivors (11264K)
 Metaspace       used 138313K, committed 140928K, reserved 557056K
  class space    used 19283K, committed 20480K, reserved 425984K
}
Event: 40.511 GC heap after
{Heap after GC invocations=75 (full 0):
 garbage-first heap   total 978944K, used 684540K [0x0000000080000000, 0x0000000100000000)
  region size 1024K, 8 young (8192K), 8 survivors (8192K)
 Metaspace       used 138313K, committed 140928K, reserved 557056K
  class space    used 19283K, committed 20480K, reserved 425984K
}

Deoptimization events (20 events):
Event: 40.600 Thread 0x000001f2b4233be0 DEOPT PACKING pc=0x000001f288bf8ab8 sp=0x0000003bbb4fee10
Event: 40.600 Thread 0x000001f2b4233be0 DEOPT UNPACKING pc=0x000001f2874a23a3 sp=0x0000003bbb4fedc8 mode 2
Event: 40.600 Thread 0x000001f2b4233be0 Uncommon trap: trap_request=0xffffffbe fr.pc=0x000001f288bf8ab8 relative=0x0000000000001178
Event: 40.600 Thread 0x000001f2b4233be0 Uncommon trap: reason=profile_predicate action=maybe_recompile pc=0x000001f288bf8ab8 method=com.android.tools.r8.dex.C.a(I[Lcom/android/tools/r8/graph/v2;[Lcom/android/tools/r8/graph/P2;)[Lcom/android/tools/r8/graph/h1; @ 29 c2
Event: 40.600 Thread 0x000001f2b4233be0 DEOPT PACKING pc=0x000001f288bf8ab8 sp=0x0000003bbb4fee10
Event: 40.600 Thread 0x000001f2b4233be0 DEOPT UNPACKING pc=0x000001f2874a23a3 sp=0x0000003bbb4fedc8 mode 2
Event: 40.601 Thread 0x000001f2b4233be0 Uncommon trap: trap_request=0xffffffbe fr.pc=0x000001f288bf8ab8 relative=0x0000000000001178
Event: 40.601 Thread 0x000001f2b4233be0 Uncommon trap: reason=profile_predicate action=maybe_recompile pc=0x000001f288bf8ab8 method=com.android.tools.r8.dex.C.a(I[Lcom/android/tools/r8/graph/v2;[Lcom/android/tools/r8/graph/P2;)[Lcom/android/tools/r8/graph/h1; @ 29 c2
Event: 40.601 Thread 0x000001f2b4233be0 DEOPT PACKING pc=0x000001f288bf8ab8 sp=0x0000003bbb4fee10
Event: 40.601 Thread 0x000001f2b4233be0 DEOPT UNPACKING pc=0x000001f2874a23a3 sp=0x0000003bbb4fedc8 mode 2
Event: 40.601 Thread 0x000001f2b4233be0 Uncommon trap: trap_request=0xffffffbe fr.pc=0x000001f288bf8ab8 relative=0x0000000000001178
Event: 40.601 Thread 0x000001f2b4233be0 Uncommon trap: reason=profile_predicate action=maybe_recompile pc=0x000001f288bf8ab8 method=com.android.tools.r8.dex.C.a(I[Lcom/android/tools/r8/graph/v2;[Lcom/android/tools/r8/graph/P2;)[Lcom/android/tools/r8/graph/h1; @ 29 c2
Event: 40.601 Thread 0x000001f2b4233be0 DEOPT PACKING pc=0x000001f288bf8ab8 sp=0x0000003bbb4fee10
Event: 40.601 Thread 0x000001f2b4233be0 DEOPT UNPACKING pc=0x000001f2874a23a3 sp=0x0000003bbb4fedc8 mode 2
Event: 40.616 Thread 0x000001f2b4233be0 DEOPT PACKING pc=0x000001f28289027a sp=0x0000003bbb4fea50
Event: 40.616 Thread 0x000001f2b4233be0 DEOPT UNPACKING pc=0x000001f2874a2b43 sp=0x0000003bbb4fdf68 mode 0
Event: 40.623 Thread 0x000001f2c18b5260 DEOPT PACKING pc=0x000001f28289027a sp=0x0000003bbb9fea70
Event: 40.623 Thread 0x000001f2c18b5260 DEOPT UNPACKING pc=0x000001f2874a2b43 sp=0x0000003bbb9fdf88 mode 0
Event: 40.647 Thread 0x000001f2b5a67d70 DEOPT PACKING pc=0x000001f282890385 sp=0x0000003bbbffe690
Event: 40.647 Thread 0x000001f2b5a67d70 DEOPT UNPACKING pc=0x000001f2874a2b43 sp=0x0000003bbbffdba8 mode 0

Classes unloaded (0 events):
No events

Classes redefined (0 events):
No events

Internal exceptions (20 events):
Event: 37.554 Thread 0x000001f2b101b790 Exception <a 'java/lang/NoSuchMethodError'{0x00000000a4be40e8}: 'java.lang.Object java.lang.invoke.DirectMethodHandle$Holder.invokeStaticInit(java.lang.Object, java.lang.Object, java.lang.Object, java.lang.Object, java.lang.Object, java.lang.Object, java.lang.Object, java.lang.Object, java.lang.Object, java.lang.Object, java.lang.Object, java.lang.Object, java.lang.Object, java.lang.Object, java.lang.Object, java.lang.Object, java.lang.Object, java.lang.Object, java.lang.Object, java.lang.Object, int, java
Event: 37.557 Thread 0x000001f2b101b790 Exception <a 'java/lang/IncompatibleClassChangeError'{0x00000000a4a8bd00}: Found class java.lang.Object, but interface was expected> (0x00000000a4a8bd00) 
thrown [s\open\src\hotspot\share\interpreter\linkResolver.cpp, line 826]
Event: 37.558 Thread 0x000001f2b101b790 Exception <a 'java/lang/IncompatibleClassChangeError'{0x00000000a4a97948}: Found class java.lang.Object, but interface was expected> (0x00000000a4a97948) 
thrown [s\open\src\hotspot\share\interpreter\linkResolver.cpp, line 826]
Event: 37.599 Thread 0x000001f2b101b790 Exception <a 'java/lang/IncompatibleClassChangeError'{0x00000000a24e2ec0}: Found class java.lang.Object, but interface was expected> (0x00000000a24e2ec0) 
thrown [s\open\src\hotspot\share\interpreter\linkResolver.cpp, line 826]
Event: 37.905 Thread 0x000001f2b1019e40 Exception <a 'java/lang/NoSuchMethodError'{0x00000000b3022e10}: 'java.lang.Object java.lang.invoke.DirectMethodHandle$Holder.invokeSpecial(java.lang.Object, java.lang.Object, java.lang.Object, java.lang.Object, long)'> (0x00000000b3022e10) 
thrown [s\open\src\hotspot\share\interpreter\linkResolver.cpp, line 759]
Event: 37.906 Thread 0x000001f2b1019e40 Exception <a 'java/lang/NoSuchMethodError'{0x00000000b3027190}: 'java.lang.Object java.lang.invoke.Invokers$Holder.linkToTargetMethod(java.lang.Object, java.lang.Object, long, java.lang.Object)'> (0x00000000b3027190) 
thrown [s\open\src\hotspot\share\interpreter\linkResolver.cpp, line 759]
Event: 38.295 Thread 0x000001f2b101b790 Exception <a 'java/lang/IncompatibleClassChangeError'{0x00000000b2f52720}: Found class java.lang.Object, but interface was expected> (0x00000000b2f52720) 
thrown [s\open\src\hotspot\share\interpreter\linkResolver.cpp, line 826]
Event: 38.296 Thread 0x000001f2b101b790 Exception <a 'java/lang/NoSuchMethodError'{0x00000000b2f5d490}: 'void java.lang.invoke.DirectMethodHandle$Holder.invokeInterface(java.lang.Object, java.lang.Object, java.lang.Object, int)'> (0x00000000b2f5d490) 
thrown [s\open\src\hotspot\share\interpreter\linkResolver.cpp, line 759]
Event: 38.950 Thread 0x000001f2b101b790 Exception <a 'java/lang/NoSuchMethodError'{0x00000000ac976068}: 'java.lang.Object java.lang.invoke.DirectMethodHandle$Holder.invokeStatic(java.lang.Object, java.lang.Object, int, java.lang.Object, java.lang.Object)'> (0x00000000ac976068) 
thrown [s\open\src\hotspot\share\interpreter\linkResolver.cpp, line 759]
Event: 39.266 Thread 0x000001f2b7702900 Exception <a 'java/lang/NoSuchMethodError'{0x00000000b2b45f70}: 'long java.lang.invoke.DirectMethodHandle$Holder.invokeStatic(java.lang.Object, java.lang.Object, java.lang.Object)'> (0x00000000b2b45f70) 
thrown [s\open\src\hotspot\share\interpreter\linkResolver.cpp, line 759]
Event: 39.294 Thread 0x000001f2c0284050 Exception <a 'java/lang/IncompatibleClassChangeError'{0x00000000b2dec7e8}: Found class java.lang.Object, but interface was expected> (0x00000000b2dec7e8) 
thrown [s\open\src\hotspot\share\interpreter\linkResolver.cpp, line 826]
Event: 39.294 Thread 0x000001f2b6914800 Exception <a 'java/lang/IncompatibleClassChangeError'{0x00000000b2b77110}: Found class java.lang.Object, but interface was expected> (0x00000000b2b77110) 
thrown [s\open\src\hotspot\share\interpreter\linkResolver.cpp, line 826]
Event: 39.294 Thread 0x000001f2c18b5260 Exception <a 'java/lang/IncompatibleClassChangeError'{0x00000000b2bc1880}: Found class java.lang.Object, but interface was expected> (0x00000000b2bc1880) 
thrown [s\open\src\hotspot\share\interpreter\linkResolver.cpp, line 826]
Event: 39.311 Thread 0x000001f2c0284050 Exception <a 'java/lang/IncompatibleClassChangeError'{0x00000000b2a7f618}: Found class java.lang.Object, but interface was expected> (0x00000000b2a7f618) 
thrown [s\open\src\hotspot\share\interpreter\linkResolver.cpp, line 826]
Event: 39.311 Thread 0x000001f2b5a67d70 Exception <a 'java/lang/IncompatibleClassChangeError'{0x00000000b2bf20a0}: Found class java.lang.Object, but interface was expected> (0x00000000b2bf20a0) 
thrown [s\open\src\hotspot\share\interpreter\linkResolver.cpp, line 826]
Event: 39.311 Thread 0x000001f2b6914800 Exception <a 'java/lang/IncompatibleClassChangeError'{0x00000000b2b7ae40}: Found class java.lang.Object, but interface was expected> (0x00000000b2b7ae40) 
thrown [s\open\src\hotspot\share\interpreter\linkResolver.cpp, line 826]
Event: 39.312 Thread 0x000001f2b3692de0 Exception <a 'java/lang/IncompatibleClassChangeError'{0x00000000b2c866c0}: Found class java.lang.Object, but interface was expected> (0x00000000b2c866c0) 
thrown [s\open\src\hotspot\share\interpreter\linkResolver.cpp, line 826]
Event: 39.312 Thread 0x000001f2c18b5260 Exception <a 'java/lang/IncompatibleClassChangeError'{0x00000000b2bc55b0}: Found class java.lang.Object, but interface was expected> (0x00000000b2bc55b0) 
thrown [s\open\src\hotspot\share\interpreter\linkResolver.cpp, line 826]
Event: 40.287 Thread 0x000001f2b101b790 Exception <a 'java/lang/NoSuchMethodError'{0x00000000b09a37e0}: 'void java.lang.invoke.DirectMethodHandle$Holder.invokeSpecial(java.lang.Object, java.lang.Object, int, java.lang.Object)'> (0x00000000b09a37e0) 
thrown [s\open\src\hotspot\share\interpreter\linkResolver.cpp, line 759]
Event: 40.627 Thread 0x000001f2b101b790 Exception <a 'java/lang/NoSuchMethodError'{0x00000000b992f000}: 'void java.lang.invoke.DirectMethodHandle$Holder.invokeVirtual(java.lang.Object, java.lang.Object, int)'> (0x00000000b992f000) 
thrown [s\open\src\hotspot\share\interpreter\linkResolver.cpp, line 759]

VM Operations (20 events):
Event: 39.885 Executing VM operation: HandshakeAllThreads done
Event: 39.917 Executing VM operation: HandshakeAllThreads
Event: 39.918 Executing VM operation: HandshakeAllThreads done
Event: 39.939 Executing VM operation: ICBufferFull
Event: 39.953 Executing VM operation: ICBufferFull done
Event: 39.977 Executing VM operation: HandshakeAllThreads
Event: 39.977 Executing VM operation: HandshakeAllThreads done
Event: 39.984 Executing VM operation: HandshakeAllThreads
Event: 39.985 Executing VM operation: HandshakeAllThreads done
Event: 40.022 Executing VM operation: HandshakeAllThreads
Event: 40.041 Executing VM operation: HandshakeAllThreads done
Event: 40.078 Executing VM operation: G1CollectForAllocation
Event: 40.131 Executing VM operation: G1CollectForAllocation done
Event: 40.186 Executing VM operation: HandshakeAllThreads
Event: 40.187 Executing VM operation: HandshakeAllThreads done
Event: 40.339 Executing VM operation: G1CollectForAllocation
Event: 40.368 Executing VM operation: G1CollectForAllocation done
Event: 40.475 Executing VM operation: G1CollectForAllocation
Event: 40.512 Executing VM operation: G1CollectForAllocation done
Event: 40.686 Executing VM operation: G1Concurrent

Events (20 events):
Event: 39.525 loading class java/nio/ShortBuffer
Event: 39.525 loading class java/nio/ShortBuffer done
Event: 39.526 loading class java/nio/HeapShortBuffer
Event: 39.526 loading class java/nio/HeapShortBuffer done
Event: 39.895 loading class java/util/IdentityHashMap$ValueIterator
Event: 39.895 loading class java/util/IdentityHashMap$ValueIterator done
Event: 39.903 loading class java/util/IdentityHashMap$EntrySet
Event: 39.903 loading class java/util/IdentityHashMap$EntrySet done
Event: 39.903 loading class java/util/IdentityHashMap$EntryIterator
Event: 39.903 loading class java/util/IdentityHashMap$EntryIterator done
Event: 39.904 loading class java/util/IdentityHashMap$EntryIterator$Entry
Event: 39.904 loading class java/util/IdentityHashMap$EntryIterator$Entry done
Event: 40.378 loading class java/util/IdentityHashMap$EntrySpliterator
Event: 40.378 loading class java/util/IdentityHashMap$IdentityHashMapSpliterator
Event: 40.378 loading class java/util/IdentityHashMap$IdentityHashMapSpliterator done
Event: 40.378 loading class java/util/IdentityHashMap$EntrySpliterator done
Event: 40.382 loading class java/util/stream/SortedOps$RefSortingSink
Event: 40.382 loading class java/util/stream/SortedOps$RefSortingSink done
Event: 40.449 loading class java/util/PriorityQueue
Event: 40.450 loading class java/util/PriorityQueue done


Dynamic libraries:
0x00007ff782ec0000 - 0x00007ff782ed0000 	C:\Program Files\Java\jdk-17\bin\java.exe
0x00007ff92c660000 - 0x00007ff92c8c7000 	C:\WINDOWS\SYSTEM32\ntdll.dll
0x00007ff8f1790000 - 0x00007ff8f17b0000 	C:\Program Files\Avast Software\Avast\aswhook.dll
0x00007ff92a9a0000 - 0x00007ff92aa69000 	C:\WINDOWS\System32\KERNEL32.DLL
0x00007ff929160000 - 0x00007ff929551000 	C:\WINDOWS\System32\KERNELBASE.dll
0x00007ff92a0c0000 - 0x00007ff92a20b000 	C:\WINDOWS\System32\ucrtbase.dll
0x00007ff8dedf0000 - 0x00007ff8dee09000 	C:\Program Files\Java\jdk-17\bin\jli.dll
0x00007ff8d91b0000 - 0x00007ff8d91cb000 	C:\Program Files\Java\jdk-17\bin\VCRUNTIME140.dll
0x00007ff92b950000 - 0x00007ff92ba0b000 	C:\WINDOWS\System32\ADVAPI32.dll
0x00007ff92bb10000 - 0x00007ff92bbb9000 	C:\WINDOWS\System32\msvcrt.dll
0x00007ff92a8f0000 - 0x00007ff92a997000 	C:\WINDOWS\System32\sechost.dll
0x00007ff92bc50000 - 0x00007ff92bd68000 	C:\WINDOWS\System32\RPCRT4.dll
0x00007ff92c410000 - 0x00007ff92c5d5000 	C:\WINDOWS\System32\USER32.dll
0x00007ff92a210000 - 0x00007ff92a237000 	C:\WINDOWS\System32\win32u.dll
0x00007ff8f5f70000 - 0x00007ff8f6203000 	C:\WINDOWS\WinSxS\amd64_microsoft.windows.common-controls_6595b64144ccf1df_6.0.26100.8037_none_3e092faae333b53b\COMCTL32.dll
0x00007ff92bd70000 - 0x00007ff92bd9b000 	C:\WINDOWS\System32\GDI32.dll
0x00007ff92a2d0000 - 0x00007ff92a3fb000 	C:\WINDOWS\System32\gdi32full.dll
0x00007ff9290b0000 - 0x00007ff929153000 	C:\WINDOWS\System32\msvcp_win.dll
0x00007ff920980000 - 0x00007ff92098b000 	C:\WINDOWS\SYSTEM32\VERSION.dll
0x00007ff92c5e0000 - 0x00007ff92c611000 	C:\WINDOWS\System32\IMM32.DLL
0x00007ff8e1550000 - 0x00007ff8e155c000 	C:\Program Files\Java\jdk-17\bin\vcruntime140_1.dll
0x00007ff870150000 - 0x00007ff8701de000 	C:\Program Files\Java\jdk-17\bin\msvcp140.dll
0x00007ff84a270000 - 0x00007ff84ae51000 	C:\Program Files\Java\jdk-17\bin\server\jvm.dll
0x00007ff92a490000 - 0x00007ff92a498000 	C:\WINDOWS\System32\PSAPI.DLL
0x00007ff912aa0000 - 0x00007ff912ad5000 	C:\WINDOWS\SYSTEM32\WINMM.dll
0x00007ff912ae0000 - 0x00007ff912aea000 	C:\WINDOWS\SYSTEM32\WSOCK32.dll
0x00007ff92a580000 - 0x00007ff92a5f4000 	C:\WINDOWS\System32\WS2_32.dll
0x00007ff927ca0000 - 0x00007ff927cbb000 	C:\WINDOWS\SYSTEM32\kernel.appcore.dll
0x00007ff8e0810000 - 0x00007ff8e081a000 	C:\Program Files\Java\jdk-17\bin\jimage.dll
0x00007ff926a70000 - 0x00007ff926cb2000 	C:\WINDOWS\SYSTEM32\DBGHELP.DLL
0x00007ff92b1e0000 - 0x00007ff92b562000 	C:\WINDOWS\System32\combase.dll
0x00007ff92b870000 - 0x00007ff92b947000 	C:\WINDOWS\System32\OLEAUT32.dll
0x00007ff9154a0000 - 0x00007ff9154db000 	C:\WINDOWS\SYSTEM32\dbgcore.DLL
0x00007ff9296e0000 - 0x00007ff929785000 	C:\WINDOWS\System32\bcryptPrimitives.dll
0x00007ff91b820000 - 0x00007ff91b82e000 	C:\Program Files\Java\jdk-17\bin\instrument.dll
0x00007ff8d8b80000 - 0x00007ff8d8ba5000 	C:\Program Files\Java\jdk-17\bin\java.dll
0x00007ff86e560000 - 0x00007ff86e637000 	C:\Program Files\Java\jdk-17\bin\jsvml.dll
0x00007ff92aa70000 - 0x00007ff92b1cf000 	C:\WINDOWS\System32\SHELL32.dll
0x00007ff928f40000 - 0x00007ff9290aa000 	C:\WINDOWS\System32\wintypes.dll
0x00007ff929790000 - 0x00007ff929ff4000 	C:\WINDOWS\System32\windows.storage.dll
0x00007ff92c310000 - 0x00007ff92c407000 	C:\WINDOWS\System32\SHCORE.dll
0x00007ff92c250000 - 0x00007ff92c2b7000 	C:\WINDOWS\System32\shlwapi.dll
0x00007ff928e60000 - 0x00007ff928e89000 	C:\WINDOWS\SYSTEM32\profapi.dll
0x00007ff8d1300000 - 0x00007ff8d1318000 	C:\Program Files\Java\jdk-17\bin\zip.dll
0x00007ff8d8c00000 - 0x00007ff8d8c19000 	C:\Program Files\Java\jdk-17\bin\net.dll
0x00007ff91b2e0000 - 0x00007ff91b407000 	C:\WINDOWS\SYSTEM32\WINHTTP.dll
0x00007ff928220000 - 0x00007ff92828b000 	C:\WINDOWS\system32\mswsock.dll
0x00007ff8d1460000 - 0x00007ff8d1476000 	C:\Program Files\Java\jdk-17\bin\nio.dll
0x00007ff8d12f0000 - 0x00007ff8d1300000 	C:\Program Files\Java\jdk-17\bin\verify.dll
0x00007ff91a420000 - 0x00007ff91a447000 	C:\Users\jibri\.gradle\native\1def1411415f61bf3af743bc5b6707747c0891f09f0c88961ee8f79bc544acac\windows-amd64\native-platform.dll
0x00007ff8d14d0000 - 0x00007ff8d1547000 	C:\Users\jibri\.gradle\native\0.2.8\x86_64-windows-gnu\gradle-fileevents.dll
0x00007ff8dfc80000 - 0x00007ff8dfc8a000 	C:\Program Files\Java\jdk-17\bin\management.dll
0x00007ff8d4cb0000 - 0x00007ff8d4cbb000 	C:\Program Files\Java\jdk-17\bin\management_ext.dll
0x00007ff927680000 - 0x00007ff9276b3000 	C:\WINDOWS\SYSTEM32\IPHLPAPI.DLL
0x00007ff92bc40000 - 0x00007ff92bc4a000 	C:\WINDOWS\System32\NSI.dll
0x00007ff91c710000 - 0x00007ff91c72d000 	C:\WINDOWS\SYSTEM32\dhcpcsvc6.DLL
0x00007ff919bb0000 - 0x00007ff919bd3000 	C:\WINDOWS\SYSTEM32\dhcpcsvc.DLL
0x00007ff927770000 - 0x00007ff92789a000 	C:\WINDOWS\SYSTEM32\DNSAPI.dll
0x00007ff928520000 - 0x00007ff92853b000 	C:\WINDOWS\SYSTEM32\CRYPTSP.dll
0x00007ff927c00000 - 0x00007ff927c39000 	C:\WINDOWS\system32\rsaenh.dll
0x00007ff9282f0000 - 0x00007ff928322000 	C:\WINDOWS\SYSTEM32\USERENV.dll
0x00007ff928e30000 - 0x00007ff928e5a000 	C:\WINDOWS\SYSTEM32\bcrypt.dll
0x00007ff928540000 - 0x00007ff92854c000 	C:\WINDOWS\SYSTEM32\CRYPTBASE.dll
0x00007ff91b810000 - 0x00007ff91b81e000 	C:\Program Files\Java\jdk-17\bin\sunmscapi.dll
0x00007ff929560000 - 0x00007ff9296d7000 	C:\WINDOWS\System32\CRYPT32.dll
0x00007ff928740000 - 0x00007ff928770000 	C:\WINDOWS\SYSTEM32\ncrypt.dll
0x00007ff9286f0000 - 0x00007ff92872f000 	C:\WINDOWS\SYSTEM32\NTASN1.dll
0x00007ff906f50000 - 0x00007ff906f58000 	C:\WINDOWS\system32\wshunix.dll

dbghelp: loaded successfully - version: 4.0.5 - missing functions: none
symbol engine: initialized successfully - sym options: 0x614 - pdb path: .;C:\Program Files\Java\jdk-17\bin;C:\WINDOWS\SYSTEM32;C:\Program Files\Avast Software\Avast;C:\WINDOWS\WinSxS\amd64_microsoft.windows.common-controls_6595b64144ccf1df_6.0.26100.8037_none_3e092faae333b53b;C:\Program Files\Java\jdk-17\bin\server;C:\Users\jibri\.gradle\native\1def1411415f61bf3af743bc5b6707747c0891f09f0c88961ee8f79bc544acac\windows-amd64;C:\Users\jibri\.gradle\native\0.2.8\x86_64-windows-gnu

VM Arguments:
jvm_args: --add-opens=java.base/java.lang=ALL-UNNAMED --add-opens=java.base/java.lang.invoke=ALL-UNNAMED --add-opens=java.base/java.util=ALL-UNNAMED --add-opens=java.prefs/java.util.prefs=ALL-UNNAMED --add-exports=jdk.compiler/com.sun.tools.javac.api=ALL-UNNAMED --add-exports=jdk.compiler/com.sun.tools.javac.util=ALL-UNNAMED --add-opens=java.base/java.util=ALL-UNNAMED --add-opens=java.prefs/java.util.prefs=ALL-UNNAMED --add-opens=java.base/java.nio.charset=ALL-UNNAMED --add-opens=java.base/java.net=ALL-UNNAMED --add-opens=java.base/java.util.concurrent=ALL-UNNAMED --add-opens=java.base/java.util.concurrent.atomic=ALL-UNNAMED --add-opens=java.xml/javax.xml.namespace=ALL-UNNAMED -XX:MaxMetaspaceSize=512m -Xmx2048m -Dfile.encoding=windows-1252 -Duser.country=PH -Duser.language=en -Duser.variant -javaagent:C:\Users\jibri\.gradle\wrapper\dists\gradle-9.0.0-bin\d6wjpkvcgsg3oed0qlfss3wgl\gradle-9.0.0\lib\agents\gradle-instrumentation-agent-9.0.0.jar 
java_command: org.gradle.launcher.daemon.bootstrap.GradleDaemon 9.0.0
java_class_path (initial): C:\Users\jibri\.gradle\wrapper\dists\gradle-9.0.0-bin\d6wjpkvcgsg3oed0qlfss3wgl\gradle-9.0.0\lib\gradle-daemon-main-9.0.0.jar
Launcher Type: SUN_STANDARD

[Global flags]
     intx CICompilerCount                          = 12                                        {product} {ergonomic}
   size_t CompressedClassSpaceSize                 = 436207616                                 {product} {ergonomic}
     uint ConcGCThreads                            = 4                                         {product} {ergonomic}
     uint G1ConcRefinementThreads                  = 15                                        {product} {ergonomic}
   size_t G1HeapRegionSize                         = 1048576                                   {product} {ergonomic}
    uintx GCDrainStackTargetSize                   = 64                                        {product} {ergonomic}
   size_t InitialHeapSize                          = 130023424                                 {product} {ergonomic}
   size_t MarkStackSize                            = 4194304                                   {product} {ergonomic}
   size_t MaxHeapSize                              = 2147483648                                {product} {command line}
   size_t MaxMetaspaceSize                         = 536870912                                 {product} {command line}
   size_t MaxNewSize                               = 1287651328                                {product} {ergonomic}
   size_t MinHeapDeltaBytes                        = 1048576                                   {product} {ergonomic}
   size_t MinHeapSize                              = 8388608                                   {product} {ergonomic}
    uintx NonNMethodCodeHeapSize                   = 7602480                                {pd product} {ergonomic}
    uintx NonProfiledCodeHeapSize                  = 122027880                              {pd product} {ergonomic}
    uintx ProfiledCodeHeapSize                     = 122027880                              {pd product} {ergonomic}
    uintx ReservedCodeCacheSize                    = 251658240                              {pd product} {ergonomic}
     bool SegmentedCodeCache                       = true                                      {product} {ergonomic}
   size_t SoftMaxHeapSize                          = 2147483648                             {manageable} {ergonomic}
     bool UseCompressedClassPointers               = true                           {product lp64_product} {ergonomic}
     bool UseCompressedOops                        = true                           {product lp64_product} {ergonomic}
     bool UseG1GC                                  = true                                      {product} {ergonomic}
     bool UseLargePagesIndividualAllocation        = false                                  {pd product} {ergonomic}

Logging:
Log output configuration:
 #0: stdout all=warning uptime,level,tags
 #1: stderr all=off uptime,level,tags

Environment Variables:
JAVA_HOME=C:\Program Files\Java\jdk-17
PATH=C:\rubi_web\CISC_Capstone\MiscueReading\node_modules\.bin;C:\rubi_web\CISC_Capstone\node_modules\.bin;C:\rubi_web\node_modules\.bin;C:\node_modules\.bin;C:\Users\jibri\CONFIG~1\herd\bin\nvm\v22.9.0\node_modules\npm\node_modules\@npmcli\run-script\lib\node-gyp-bin;C:\Users\jibri\bin;C:\Program Files\Git\mingw64\bin;C:\Program Files\Git\usr\local\bin;C:\Program Files\Git\usr\bin;C:\Program Files\Git\usr\bin;C:\Program Files\Git\mingw64\bin;C:\Program Files\Git\usr\bin;C:\Users\jibri\bin;C:\Program Files\Microsoft\jdk-17.0.16.8-hotspot\bin;C:\ProgramData\Oracle\Java\javapath;C:\Program Files\NVIDIA GPU Computing Toolkit\CUDA\v12.8\bin;C:\Program Files\NVIDIA GPU Computing Toolkit\CUDA\v12.8\libnvvp;C:\Program Files\Common Files\Oracle\Java\javapath;C:\PHP\phpoldversion;C:\Windows\system32;C:\Windows;C:\Windows\System32\Wbem;C:\Windows\System32\WindowsPowerShell\v1.0;C:\Windows\System32\OpenSSH;C:\Program Files (x86)\NVIDIA Corporation\PhysX\Common;C:\Program Files\Microsoft SQL Server\150\Tools\Binn;C:\Program Files\Microsoft SQL Server\Client SDK\ODBC\170\Tools\Binn;C:\ProgramData\ComposerSetup\bin;C:\Users\jibri\.config\herd\bin\nvm;C:\Program Files\nodejs;C:\Program Files\Java\jdk-17\bin;C:\xampp\php;C:\WINDOWS\system32;C:\WINDOWS;C:\WINDOWS\System32\Wbem;C:\WINDOWS\System32\WindowsPowerShell\v1.0;C:\WINDOWS\System32\OpenSSH;C:\Program Files\nodejs;C:\Program Files\Git\cmd;C:\Program Files\Git\usr\bin;C:\Users\jibri\AppData\Local\Pub\Cache\bin;C:\Program Files\NVIDIA Corporation\NVIDIA app\NvDLISR;C:\Program Files\heroku\bin;C:\Program Files\NVIDIA Corporation\Nsight Compute 2025.1.1;C:\ProgramData\chocolatey\bin;C:\Users\jibri\AppData\Local\Programs\Python\Python310\Scripts;C:\Program Files\dotnet;C:\Program Files (x86)\Windows Kits\10\Windows Performance Toolkit;C:\Users\jibri\AppData\Local\Android\Sdk\platform-tools;C:\Program Files\Docker\Docker\resources\bin;C:\Program Files\MySQL\MySQL Shell 8.0\bin;C:\Users\jibri\AppData\Local\Programs\Python\Python310\Scri
USERNAME=jibri
SHELL=C:\Program Files\Git\usr\bin\bash.exe
DISPLAY=needs-to-be-defined
LANG=en_US.UTF-8
OS=Windows_NT
PROCESSOR_IDENTIFIER=Intel64 Family 6 Model 191 Stepping 2, GenuineIntel



---------------  S Y S T E M  ---------------

OS:
 Windows 11 , 64 bit Build 26100 (10.0.26100.7920)
OS uptime: 0 days 5:34 hours
Hyper-V role detected

CPU: total 20 (initial active 20) (10 cores per cpu, 2 threads per core) family 6 model 191 stepping 2 microcode 0x2c, cx8, cmov, fxsr, ht, mmx, 3dnowpref, sse, sse2, sse3, ssse3, sse4.1, sse4.2, popcnt, lzcnt, tsc, tscinvbit, avx, avx2, aes, erms, clmul, bmi1, bmi2, adx, sha, fma, vzeroupper, clflush, clflushopt, clwb, hv

Memory: 4k page, system-wide physical 7911M (303M free)
TotalPageFile size 32487M (AvailPageFile size 0M)
current process WorkingSet (physical memory assigned to process): 1159M, peak: 1160M
current process commit charge ("private bytes"): 1543M, peak: 1774M

vm_info: Java HotSpot(TM) 64-Bit Server VM (17.0.14+8-LTS-191) for windows-amd64 JRE (17.0.14+8-LTS-191), built on Dec  3 2024 11:07:59 by "mach5one" with MS VC++ 17.6 (VS2022)

END.
