#
# There is insufficient memory for the Java Runtime Environment to continue.
# Native memory allocation (malloc) failed to allocate 1564016 bytes for Chunk::new
# Possible reasons:
#   The system is out of physical RAM or swap space
#   The process is running with CompressedOops enabled, and the Java Heap may be blocking the growth of the native heap
# Possible solutions:
#   Reduce memory load on the system
#   Increase physical memory or swap space
#   Check if swap backing store is full
#   Decrease Java heap size (-Xmx/-Xms)
#   Decrease number of Java threads
#   Decrease Java thread stack sizes (-Xss)
#   Set larger code cache with -XX:ReservedCodeCacheSize=
#   JVM is running with Unscaled Compressed Oops mode in which the Java heap is
#     placed in the first 4GB address space. The Java Heap base address is the
#     maximum limit for the native heap growth. Please use -XX:HeapBaseMinAddress
#     to set the Java Heap base and to place the Java Heap above 4GB virtual address.
# This output file may be truncated or incomplete.
#
#  Out of Memory Error (arena.cpp:189), pid=15568, tid=24560
#
# JRE version: Java(TM) SE Runtime Environment (17.0.14+8) (build 17.0.14+8-LTS-191)
# Java VM: Java HotSpot(TM) 64-Bit Server VM (17.0.14+8-LTS-191, mixed mode, sharing, tiered, compressed oops, compressed class ptrs, g1 gc, windows-amd64)
# No core dump will be written. Minidumps are not enabled by default on client versions of Windows
#

---------------  S U M M A R Y ------------

Command Line: --add-opens=java.base/java.lang=ALL-UNNAMED --add-opens=java.base/java.lang.invoke=ALL-UNNAMED --add-opens=java.base/java.util=ALL-UNNAMED --add-opens=java.prefs/java.util.prefs=ALL-UNNAMED --add-exports=jdk.compiler/com.sun.tools.javac.api=ALL-UNNAMED --add-exports=jdk.compiler/com.sun.tools.javac.util=ALL-UNNAMED --add-opens=java.base/java.util=ALL-UNNAMED --add-opens=java.prefs/java.util.prefs=ALL-UNNAMED --add-opens=java.base/java.nio.charset=ALL-UNNAMED --add-opens=java.base/java.net=ALL-UNNAMED --add-opens=java.base/java.util.concurrent=ALL-UNNAMED --add-opens=java.base/java.util.concurrent.atomic=ALL-UNNAMED --add-opens=java.xml/javax.xml.namespace=ALL-UNNAMED -XX:MaxMetaspaceSize=512m -Xmx2048m -Dfile.encoding=windows-1252 -Duser.country=PH -Duser.language=en -Duser.variant -javaagent:C:\Users\jibri\.gradle\wrapper\dists\gradle-9.0.0-bin\d6wjpkvcgsg3oed0qlfss3wgl\gradle-9.0.0\lib\agents\gradle-instrumentation-agent-9.0.0.jar org.gradle.launcher.daemon.bootstrap.GradleDaemon 9.0.0

Host: 13th Gen Intel(R) Core(TM) i5-13500HX, 20 cores, 7G,  Windows 11 , 64 bit Build 26100 (10.0.26100.8328)
Time: Sat Jun 13 15:42:58 2026 Malay Peninsula Standard Time elapsed time: 49.691076 seconds (0d 0h 0m 49s)

---------------  T H R E A D  ---------------

Current thread (0x0000023af6bc4790):  JavaThread "C2 CompilerThread0" daemon [_thread_in_native, id=24560, stack(0x0000007f82700000,0x0000007f82800000)]


Current CompileTask:
C2:  49691 27963       4       org.gradle.internal.operations.DefaultBuildOperationRunner::execute (147 bytes)

Stack: [0x0000007f82700000,0x0000007f82800000]
Native frames: (J=compiled Java code, j=interpreted, Vv=VM code, C=native code)
V  [jvm.dll+0x67a38a]
V  [jvm.dll+0x7da7ed]
V  [jvm.dll+0x7dc133]
V  [jvm.dll+0x7dc7a3]
V  [jvm.dll+0x24517f]
V  [jvm.dll+0xab773]
V  [jvm.dll+0xabd3c]
V  [jvm.dll+0x361dff]
V  [jvm.dll+0x32c521]
V  [jvm.dll+0x32b9ba]
V  [jvm.dll+0x21693f]
V  [jvm.dll+0x215d6f]
V  [jvm.dll+0x1a2950]
V  [jvm.dll+0x22620b]
V  [jvm.dll+0x2243ab]
V  [jvm.dll+0x790bbc]
V  [jvm.dll+0x78b04a]
V  [jvm.dll+0x679275]
C  [ucrtbase.dll+0x37b0]
C  [KERNEL32.DLL+0x2e957]
C  [ntdll.dll+0x427c]


---------------  P R O C E S S  ---------------

Threads class SMR info:
_java_thread_list=0x0000023afc822af0, length=322, elements={
0x0000023ad79225e0, 0x0000023af6ba8100, 0x0000023af6bacaf0, 0x0000023af6bc0060,
0x0000023af6bc0930, 0x0000023af6bc1200, 0x0000023af6bc1ad0, 0x0000023af6bc4790,
0x0000023af6bc5150, 0x0000023af6bcb900, 0x0000023af6b8f2f0, 0x0000023af6e53f80,
0x0000023afc825da0, 0x0000023afbfa5650, 0x0000023afbfa5100, 0x0000023afc7d4670,
0x0000023afc9ee8e0, 0x0000023afca17f40, 0x0000023afca16b00, 0x0000023afca165f0,
0x0000023afca17010, 0x0000023afca17520, 0x0000023afca17a30, 0x0000023afd034570,
0x0000023afd036df0, 0x0000023afd035ec0, 0x0000023afd034f90, 0x0000023afd0354a0,
0x0000023afd034a80, 0x0000023afd0359b0, 0x0000023afd0363d0, 0x0000023afd0368e0,
0x0000023afd034060, 0x0000023afd03a5a0, 0x0000023afd039b80, 0x0000023afd039670,
0x0000023afd038c50, 0x0000023afd03aab0, 0x0000023afd039160, 0x0000023afd03a090,
0x0000023afd03afc0, 0x0000023afd03b4d0, 0x0000023afd037d20, 0x0000023afd03b9e0,
0x0000023afd038230, 0x0000023afd038740, 0x0000023afbcefe50, 0x0000023afbcedff0,
0x0000023afbcf1290, 0x0000023afbcee500, 0x0000023afbceea10, 0x0000023afbcf1cb0,
0x0000023afbcf26d0, 0x0000023afbcf21c0, 0x0000023afbcf0360, 0x0000023afbcf0870,
0x0000023afbcef430, 0x0000023afbcf0d80, 0x0000023afbcf17a0, 0x0000023afbcef940,
0x0000023afbceef20, 0x0000023afbcf5460, 0x0000023afbcf4020, 0x0000023afbcf2be0,
0x0000023afbcf30f0, 0x0000023afbcf3600, 0x0000023afbcf3b10, 0x0000023afbcf5970,
0x0000023afbcf4530, 0x0000023afbcf4a40, 0x0000023afbcf4f50, 0x0000023afcc5dc10,
0x0000023afcc5b8a0, 0x0000023afcc5d1f0, 0x0000023afcc5d700, 0x0000023afcc5bdb0,
0x0000023afcc5c2c0, 0x0000023afcc5cce0, 0x0000023afcc5a970, 0x0000023afcc5a460,
0x0000023afcc5ae80, 0x0000023afcc5c7d0, 0x0000023afcc5b390, 0x0000023afecf8f40,
0x0000023afecfb7c0, 0x0000023afecfa890, 0x0000023afecf9e70, 0x0000023afecf9450,
0x0000023afecfc6f0, 0x0000023afecfbcd0, 0x0000023afecfc1e0, 0x0000023afecfcc00,
0x0000023afecfd110, 0x0000023afecfada0, 0x0000023afecfa380, 0x0000023afecf9960,
0x0000023afecfe550, 0x0000023afecfb2b0, 0x0000023afecfe040, 0x0000023afecfef70,
0x0000023afecfea60, 0x0000023afed008c0, 0x0000023afecff990, 0x0000023afecffea0,
0x0000023afecfd620, 0x0000023afecfdb30, 0x0000023a9bc133c0, 0x0000023a9bc11050,
0x0000023a9bc13de0, 0x0000023a9bc142f0, 0x0000023a9bc14800, 0x0000023a9bc14d10,
0x0000023a9bc129a0, 0x0000023a9bc11560, 0x0000023a9bc15220, 0x0000023a9bc11a70,
0x0000023a9bc12eb0, 0x0000023a9bc138d0, 0x0000023a9bc15730, 0x0000023a9bc11f80,
0x0000023a9bc15c40, 0x0000023a9bc12490, 0x0000023a9bc16b70, 0x0000023a9bc16150,
0x0000023a9bc16660, 0x0000023a9bc17590, 0x0000023a9bc17aa0, 0x0000023a9bc17080,
0x0000023a9bc184c0, 0x0000023a9bc17fb0, 0x0000023a9bc189d0, 0x0000023a9b909a50,
0x0000023a9b908b20, 0x0000023a9b909030, 0x0000023a9b909540, 0x0000023a9b907bf0,
0x0000023a9b909f60, 0x0000023a9b90a470, 0x0000023a9b908100, 0x0000023a9b908610,
0x0000023a9b90a980, 0x0000023a9b9071d0, 0x0000023a9b9076e0, 0x0000023a9b90c2d0,
0x0000023a9b90c7e0, 0x0000023a9b90ccf0, 0x0000023a9b90e640, 0x0000023a9b90d200,
0x0000023a9b90d710, 0x0000023a9b90e130, 0x0000023a9b90dc20, 0x0000023a9b90ae90,
0x0000023a9b90eb50, 0x0000023a9b90b3a0, 0x0000023a9b90b8b0, 0x0000023a9b90bdc0,
0x0000023afdfa2280, 0x0000023afdfa1860, 0x0000023afdfa0420, 0x0000023afdfa1d70,
0x0000023afdfa2790, 0x0000023afdfa2ca0, 0x0000023afdfa0930, 0x0000023afdfa31b0,
0x0000023afdfa36c0, 0x0000023afdfa0e40, 0x0000023afdf9ff10, 0x0000023afdfa3bd0,
0x0000023afdfa40e0, 0x0000023afdfa45f0, 0x0000023afdfa4b00, 0x0000023afdfa1350,
0x0000023afdfa5010, 0x0000023afdfa6450, 0x0000023afdfa7890, 0x0000023afdfa7380,
0x0000023afdfa5f40, 0x0000023afdfa5520, 0x0000023afdfa5a30, 0x0000023afdfa6960,
0x0000023afdfa6e70, 0x0000023afd645020, 0x0000023afd646970, 0x0000023afd644b10,
0x0000023afd645530, 0x0000023afd645a40, 0x0000023afd645f50, 0x0000023afd6431c0,
0x0000023afd646e80, 0x0000023afd6436d0, 0x0000023afd646460, 0x0000023afd647390,
0x0000023afd6440f0, 0x0000023afd643be0, 0x0000023afd6478a0, 0x0000023afd647db0,
0x0000023afd644600, 0x0000023afd6487d0, 0x0000023afd648ce0, 0x0000023afd649700,
0x0000023afd6491f0, 0x0000023afd649c10, 0x0000023afd6482c0, 0x0000023afd64a120,
0x0000023afd64a630, 0x0000023afd64ab40, 0x0000023affb6f9c0, 0x0000023affb71820,
0x0000023affb6f4b0, 0x0000023affb72240, 0x0000023affb71d30, 0x0000023affb6ea90,
0x0000023affb6fed0, 0x0000023affb72750, 0x0000023affb70e00, 0x0000023affb703e0,
0x0000023affb708f0, 0x0000023affb6efa0, 0x0000023affb745b0, 0x0000023affb71310,
0x0000023affb74fd0, 0x0000023affb73170, 0x0000023affb76410, 0x0000023affb754e0,
0x0000023affb740a0, 0x0000023affb759f0, 0x0000023affb73680, 0x0000023affb75f00,
0x0000023affb73b90, 0x0000023affb72c60, 0x0000023a9d2febf0, 0x0000023a9d300a50,
0x0000023a9d301980, 0x0000023a9d300540, 0x0000023a9d2fe6e0, 0x0000023a9d2ff100,
0x0000023a9d302dc0, 0x0000023a9d301e90, 0x0000023a9d3023a0, 0x0000023a9d2ff610,
0x0000023a9d300f60, 0x0000023a9d301470, 0x0000023a9d3028b0, 0x0000023a9d3032d0,
0x0000023a9d2ffb20, 0x0000023a9d3037e0, 0x0000023a9d300030, 0x0000023a9d306060,
0x0000023a9d303cf0, 0x0000023a9d305130, 0x0000023a9d306a80, 0x0000023a9d3074a0,
0x0000023a9d306570, 0x0000023a9d305b50, 0x0000023a9d306f90, 0x0000023a9d304710,
0x0000023a9d3079b0, 0x0000023a9d305640, 0x0000023a9d304200, 0x0000023a9d307ec0,
0x0000023a9d3083d0, 0x0000023a9d304c20, 0x0000023a9d3088e0, 0x0000023a9d309810,
0x0000023a9d309d20, 0x0000023a9d30c090, 0x0000023a9d30a230, 0x0000023a9d30c5a0,
0x0000023a9d30a740, 0x0000023a9d30ac50, 0x0000023a9d30b160, 0x0000023a9d30b670,
0x0000023a9d30bb80, 0x0000023a9d308df0, 0x0000023a9d30cab0, 0x0000023a9d309300,
0x0000023a9d30cfc0, 0x0000023a9d30d4d0, 0x0000023a9d30d9e0, 0x0000023a9d30def0,
0x0000023a9dae8d10, 0x0000023a9dae7de0, 0x0000023a9dae6490, 0x0000023a9dae5f80,
0x0000023a9dae8800, 0x0000023a9dae9220, 0x0000023a9dae78d0, 0x0000023a9dae9730,
0x0000023a9dae9c40, 0x0000023a9dae69a0, 0x0000023a9daea660, 0x0000023a9daeb590,
0x0000023a9daeb080, 0x0000023a9daee320, 0x0000023a9daeed40, 0x0000023a9daef250,
0x0000023a9daed3f0, 0x0000023a9daef760, 0x0000023a9daee830, 0x0000023a9daec9d0,
0x0000023a9daf2f10, 0x0000023aa7b8b380, 0x0000023aa7b880e0, 0x0000023aa7b8b890,
0x0000023aa7b89f40, 0x0000023aa7b8ae70, 0x0000023aa7b89010, 0x0000023aa7b8bda0,
0x0000023aa7b89520, 0x0000023aa7b8a450, 0x0000023aa7b885f0, 0x0000023aa7b89a30,
0x0000023aa7b8e620, 0x0000023aa7b8d1e0, 0x0000023aa7b8e110, 0x0000023aa7b8d6f0,
0x0000023aa7b8fa60, 0x0000023aa7b8dc00, 0x0000023aa7b8eb30, 0x0000023aa7b8c2b0,
0x0000023aa7b8c7c0, 0x0000023aa7b90990
}

Java Threads: ( => current thread )
  0x0000023ad79225e0 JavaThread "main" [_thread_blocked, id=12180, stack(0x0000007f81a00000,0x0000007f81b00000)]
  0x0000023af6ba8100 JavaThread "Reference Handler" daemon [_thread_blocked, id=29120, stack(0x0000007f82100000,0x0000007f82200000)]
  0x0000023af6bacaf0 JavaThread "Finalizer" daemon [_thread_blocked, id=26728, stack(0x0000007f82200000,0x0000007f82300000)]
  0x0000023af6bc0060 JavaThread "Signal Dispatcher" daemon [_thread_blocked, id=3236, stack(0x0000007f82300000,0x0000007f82400000)]
  0x0000023af6bc0930 JavaThread "Attach Listener" daemon [_thread_blocked, id=31596, stack(0x0000007f82400000,0x0000007f82500000)]
  0x0000023af6bc1200 JavaThread "Service Thread" daemon [_thread_blocked, id=24236, stack(0x0000007f82500000,0x0000007f82600000)]
  0x0000023af6bc1ad0 JavaThread "Monitor Deflation Thread" daemon [_thread_blocked, id=21944, stack(0x0000007f82600000,0x0000007f82700000)]
=>0x0000023af6bc4790 JavaThread "C2 CompilerThread0" daemon [_thread_in_native, id=24560, stack(0x0000007f82700000,0x0000007f82800000)]
  0x0000023af6bc5150 JavaThread "C1 CompilerThread0" daemon [_thread_blocked, id=28692, stack(0x0000007f82800000,0x0000007f82900000)]
  0x0000023af6bcb900 JavaThread "Sweeper thread" daemon [_thread_blocked, id=33692, stack(0x0000007f82900000,0x0000007f82a00000)]
  0x0000023af6b8f2f0 JavaThread "Common-Cleaner" daemon [_thread_blocked, id=27452, stack(0x0000007f82a00000,0x0000007f82b00000)]
  0x0000023af6e53f80 JavaThread "Notification Thread" daemon [_thread_blocked, id=24724, stack(0x0000007f82d00000,0x0000007f82e00000)]
  0x0000023afc825da0 JavaThread "Daemon health stats" [_thread_blocked, id=6136, stack(0x0000007f83500000,0x0000007f83600000)]
  0x0000023afbfa5650 JavaThread "Incoming local TCP Connector on port 65473" [_thread_in_native, id=26176, stack(0x0000007f83600000,0x0000007f83700000)]
  0x0000023afbfa5100 JavaThread "Daemon periodic checks" [_thread_blocked, id=9380, stack(0x0000007f83700000,0x0000007f83800000)]
  0x0000023afc7d4670 JavaThread "Daemon" [_thread_blocked, id=23700, stack(0x0000007f83800000,0x0000007f83900000)]
  0x0000023afc9ee8e0 JavaThread "Handler for socket connection from /127.0.0.1:65473 to /127.0.0.1:65474" [_thread_in_native, id=28460, stack(0x0000007f83900000,0x0000007f83a00000)]
  0x0000023afca17f40 JavaThread "Cancel handler" [_thread_blocked, id=28344, stack(0x0000007f83a00000,0x0000007f83b00000)]
  0x0000023afca16b00 JavaThread "Daemon worker" [_thread_blocked, id=15688, stack(0x0000007f83b00000,0x0000007f83c00000)]
  0x0000023afca165f0 JavaThread "Asynchronous log dispatcher for DefaultDaemonConnection: socket connection from /127.0.0.1:65473 to /127.0.0.1:65474" [_thread_blocked, id=13264, stack(0x0000007f83c00000,0x0000007f83d00000)]
  0x0000023afca17010 JavaThread "Stdin handler" [_thread_blocked, id=28324, stack(0x0000007f83d00000,0x0000007f83e00000)]
  0x0000023afca17520 JavaThread "Daemon client event forwarder" [_thread_blocked, id=17780, stack(0x0000007f83e00000,0x0000007f83f00000)]
  0x0000023afca17a30 JavaThread "Cache worker for journal cache (C:\Users\jibri\.gradle\caches\journal-1)" [_thread_blocked, id=5344, stack(0x0000007f83f00000,0x0000007f84000000)]
  0x0000023afd034570 JavaThread "File lock request listener" [_thread_in_native, id=11216, stack(0x0000007f84000000,0x0000007f84100000)]
  0x0000023afd036df0 JavaThread "Cache worker for file hash cache (C:\Users\jibri\.gradle\caches\9.0.0\fileHashes)" [_thread_blocked, id=21048, stack(0x0000007f84100000,0x0000007f84200000)]
  0x0000023afd035ec0 JavaThread "Cache worker for file hash cache (C:\rubi_web\CISC_Capstone\MiscueReading\android\.gradle\9.0.0\fileHashes)" [_thread_blocked, id=31876, stack(0x0000007f84f00000,0x0000007f85000000)]
  0x0000023afd034f90 JavaThread "Cache worker for Build Output Cleanup Cache (C:\rubi_web\CISC_Capstone\MiscueReading\android\.gradle\buildOutputCleanup)" [_thread_in_vm, id=21216, stack(0x0000007f85000000,0x0000007f85100000)]
  0x0000023afd0354a0 JavaThread "File watcher server" daemon [_thread_in_native, id=26112, stack(0x0000007f85100000,0x0000007f85200000)]
  0x0000023afd034a80 JavaThread "File watcher consumer" daemon [_thread_blocked, id=29580, stack(0x0000007f85200000,0x0000007f85300000)]
  0x0000023afd0359b0 JavaThread "Cache worker for checksums cache (C:\rubi_web\CISC_Capstone\MiscueReading\android\.gradle\9.0.0\checksums)" [_thread_blocked, id=33752, stack(0x0000007f85300000,0x0000007f85400000)]
  0x0000023afd0363d0 JavaThread "Cache worker for file content cache (C:\Users\jibri\.gradle\caches\9.0.0\fileContent)" [_thread_blocked, id=31476, stack(0x0000007f85400000,0x0000007f85500000)]
  0x0000023afd0368e0 JavaThread "Cache worker for cache directory md-supplier (C:\Users\jibri\.gradle\caches\9.0.0\md-supplier)" [_thread_blocked, id=32576, stack(0x0000007f85500000,0x0000007f85600000)]
  0x0000023afd034060 JavaThread "Cache worker for cache directory md-rule (C:\Users\jibri\.gradle\caches\9.0.0\md-rule)" [_thread_blocked, id=29848, stack(0x0000007f85600000,0x0000007f85700000)]
  0x0000023afd03a5a0 JavaThread "jar transforms" [_thread_blocked, id=31948, stack(0x0000007f85700000,0x0000007f85800000)]
  0x0000023afd039b80 JavaThread "Cache worker for Build Output Cleanup Cache (C:\rubi_web\CISC_Capstone\MiscueReading\node_modules\@react-native\gradle-plugin\.gradle\buildOutputCleanup)" [_thread_blocked, id=22116, stack(0x0000007f85800000,0x0000007f85900000)]
  0x0000023afd039670 JavaThread "Unconstrained build operations" [_thread_blocked, id=32408, stack(0x0000007f85900000,0x0000007f85a00000)]
  0x0000023afd038c50 JavaThread "Unconstrained build operations Thread 2" [_thread_blocked, id=30544, stack(0x0000007f85a00000,0x0000007f85b00000)]
  0x0000023afd03aab0 JavaThread "Unconstrained build operations Thread 3" [_thread_blocked, id=24008, stack(0x0000007f82f00000,0x0000007f83000000)]
  0x0000023afd039160 JavaThread "Unconstrained build operations Thread 4" [_thread_blocked, id=6476, stack(0x0000007f85b00000,0x0000007f85c00000)]
  0x0000023afd03a090 JavaThread "Unconstrained build operations Thread 5" [_thread_blocked, id=11724, stack(0x0000007f85c00000,0x0000007f85d00000)]
  0x0000023afd03afc0 JavaThread "Unconstrained build operations Thread 6" [_thread_blocked, id=29952, stack(0x0000007f85d00000,0x0000007f85e00000)]
  0x0000023afd03b4d0 JavaThread "Unconstrained build operations Thread 7" [_thread_blocked, id=33172, stack(0x0000007f85e00000,0x0000007f85f00000)]
  0x0000023afd037d20 JavaThread "Unconstrained build operations Thread 8" [_thread_blocked, id=17560, stack(0x0000007f85f00000,0x0000007f86000000)]
  0x0000023afd03b9e0 JavaThread "Unconstrained build operations Thread 9" [_thread_blocked, id=32532, stack(0x0000007f86000000,0x0000007f86100000)]
  0x0000023afd038230 JavaThread "Unconstrained build operations Thread 10" [_thread_blocked, id=29380, stack(0x0000007f86100000,0x0000007f86200000)]
  0x0000023afd038740 JavaThread "Unconstrained build operations Thread 11" [_thread_blocked, id=2764, stack(0x0000007f86200000,0x0000007f86300000)]
  0x0000023afbcefe50 JavaThread "Unconstrained build operations Thread 12" [_thread_blocked, id=33564, stack(0x0000007f86300000,0x0000007f86400000)]
  0x0000023afbcedff0 JavaThread "Unconstrained build operations Thread 13" [_thread_blocked, id=32144, stack(0x0000007f86400000,0x0000007f86500000)]
  0x0000023afbcf1290 JavaThread "Unconstrained build operations Thread 14" [_thread_blocked, id=10688, stack(0x0000007f86500000,0x0000007f86600000)]
  0x0000023afbcee500 JavaThread "Unconstrained build operations Thread 15" [_thread_blocked, id=32244, stack(0x0000007f86600000,0x0000007f86700000)]
  0x0000023afbceea10 JavaThread "Unconstrained build operations Thread 16" [_thread_blocked, id=33660, stack(0x0000007f86700000,0x0000007f86800000)]
  0x0000023afbcf1cb0 JavaThread "Unconstrained build operations Thread 17" [_thread_blocked, id=14788, stack(0x0000007f86800000,0x0000007f86900000)]
  0x0000023afbcf26d0 JavaThread "Unconstrained build operations Thread 18" [_thread_blocked, id=29900, stack(0x0000007f86900000,0x0000007f86a00000)]
  0x0000023afbcf21c0 JavaThread "Unconstrained build operations Thread 19" [_thread_blocked, id=33164, stack(0x0000007f86a00000,0x0000007f86b00000)]
  0x0000023afbcf0360 JavaThread "Unconstrained build operations Thread 20" [_thread_blocked, id=25768, stack(0x0000007f86b00000,0x0000007f86c00000)]
  0x0000023afbcf0870 JavaThread "Unconstrained build operations Thread 21" [_thread_blocked, id=27564, stack(0x0000007f86c00000,0x0000007f86d00000)]
  0x0000023afbcef430 JavaThread "Unconstrained build operations Thread 22" [_thread_blocked, id=24404, stack(0x0000007f86d00000,0x0000007f86e00000)]
  0x0000023afbcf0d80 JavaThread "Unconstrained build operations Thread 23" [_thread_blocked, id=24864, stack(0x0000007f86e00000,0x0000007f86f00000)]
  0x0000023afbcf17a0 JavaThread "Unconstrained build operations Thread 24" [_thread_blocked, id=6504, stack(0x0000007f86f00000,0x0000007f87000000)]
  0x0000023afbcef940 JavaThread "Unconstrained build operations Thread 25" [_thread_blocked, id=33308, stack(0x0000007f87000000,0x0000007f87100000)]
  0x0000023afbceef20 JavaThread "Unconstrained build operations Thread 26" [_thread_blocked, id=21500, stack(0x0000007f87100000,0x0000007f87200000)]
  0x0000023afbcf5460 JavaThread "Unconstrained build operations Thread 27" [_thread_blocked, id=33068, stack(0x0000007f87200000,0x0000007f87300000)]
  0x0000023afbcf4020 JavaThread "Unconstrained build operations Thread 28" [_thread_blocked, id=14156, stack(0x0000007f87300000,0x0000007f87400000)]
  0x0000023afbcf2be0 JavaThread "Unconstrained build operations Thread 29" [_thread_blocked, id=31620, stack(0x0000007f87400000,0x0000007f87500000)]
  0x0000023afbcf30f0 JavaThread "Unconstrained build operations Thread 30" [_thread_blocked, id=23992, stack(0x0000007f87500000,0x0000007f87600000)]
  0x0000023afbcf3600 JavaThread "Unconstrained build operations Thread 31" [_thread_blocked, id=31196, stack(0x0000007f87600000,0x0000007f87700000)]
  0x0000023afbcf3b10 JavaThread "Unconstrained build operations Thread 32" [_thread_blocked, id=14080, stack(0x0000007f87700000,0x0000007f87800000)]
  0x0000023afbcf5970 JavaThread "Unconstrained build operations Thread 33" [_thread_blocked, id=33508, stack(0x0000007f87800000,0x0000007f87900000)]
  0x0000023afbcf4530 JavaThread "Unconstrained build operations Thread 34" [_thread_blocked, id=29352, stack(0x0000007f87900000,0x0000007f87a00000)]
  0x0000023afbcf4a40 JavaThread "Unconstrained build operations Thread 35" [_thread_blocked, id=33176, stack(0x0000007f87a00000,0x0000007f87b00000)]
  0x0000023afbcf4f50 JavaThread "Unconstrained build operations Thread 36" [_thread_blocked, id=33624, stack(0x0000007f87b00000,0x0000007f87c00000)]
  0x0000023afcc5dc10 JavaThread "Unconstrained build operations Thread 37" [_thread_blocked, id=30440, stack(0x0000007f87c00000,0x0000007f87d00000)]
  0x0000023afcc5b8a0 JavaThread "Unconstrained build operations Thread 38" [_thread_blocked, id=31804, stack(0x0000007f87d00000,0x0000007f87e00000)]
  0x0000023afcc5d1f0 JavaThread "Unconstrained build operations Thread 39" [_thread_blocked, id=7264, stack(0x0000007f87e00000,0x0000007f87f00000)]
  0x0000023afcc5d700 JavaThread "Unconstrained build operations Thread 40" [_thread_blocked, id=8592, stack(0x0000007f87f00000,0x0000007f88000000)]
  0x0000023afcc5bdb0 JavaThread "Unconstrained build operations Thread 41" [_thread_blocked, id=29884, stack(0x0000007f88000000,0x0000007f88100000)]
  0x0000023afcc5c2c0 JavaThread "Unconstrained build operations Thread 42" [_thread_blocked, id=29604, stack(0x0000007f88100000,0x0000007f88200000)]
  0x0000023afcc5cce0 JavaThread "Unconstrained build operations Thread 43" [_thread_blocked, id=33344, stack(0x0000007f88200000,0x0000007f88300000)]
  0x0000023afcc5a970 JavaThread "Unconstrained build operations Thread 44" [_thread_blocked, id=28248, stack(0x0000007f88300000,0x0000007f88400000)]
  0x0000023afcc5a460 JavaThread "Unconstrained build operations Thread 45" [_thread_blocked, id=32684, stack(0x0000007f88400000,0x0000007f88500000)]
  0x0000023afcc5ae80 JavaThread "Unconstrained build operations Thread 46" [_thread_blocked, id=33184, stack(0x0000007f88500000,0x0000007f88600000)]
  0x0000023afcc5c7d0 JavaThread "Unconstrained build operations Thread 47" [_thread_blocked, id=26156, stack(0x0000007f88600000,0x0000007f88700000)]
  0x0000023afcc5b390 JavaThread "Unconstrained build operations Thread 48" [_thread_blocked, id=20528, stack(0x0000007f88700000,0x0000007f88800000)]
  0x0000023afecf8f40 JavaThread "Unconstrained build operations Thread 49" [_thread_blocked, id=3844, stack(0x0000007f88800000,0x0000007f88900000)]
  0x0000023afecfb7c0 JavaThread "Unconstrained build operations Thread 50" [_thread_blocked, id=32916, stack(0x0000007f88900000,0x0000007f88a00000)]
  0x0000023afecfa890 JavaThread "Unconstrained build operations Thread 51" [_thread_blocked, id=25116, stack(0x0000007f88a00000,0x0000007f88b00000)]
  0x0000023afecf9e70 JavaThread "Unconstrained build operations Thread 52" [_thread_blocked, id=27104, stack(0x0000007f88b00000,0x0000007f88c00000)]
  0x0000023afecf9450 JavaThread "Unconstrained build operations Thread 53" [_thread_blocked, id=33540, stack(0x0000007f88c00000,0x0000007f88d00000)]
  0x0000023afecfc6f0 JavaThread "Unconstrained build operations Thread 54" [_thread_blocked, id=13292, stack(0x0000007f88d00000,0x0000007f88e00000)]
  0x0000023afecfbcd0 JavaThread "Unconstrained build operations Thread 55" [_thread_blocked, id=27940, stack(0x0000007f88e00000,0x0000007f88f00000)]
  0x0000023afecfc1e0 JavaThread "Unconstrained build operations Thread 56" [_thread_blocked, id=14692, stack(0x0000007f88f00000,0x0000007f89000000)]
  0x0000023afecfcc00 JavaThread "Unconstrained build operations Thread 57" [_thread_blocked, id=31928, stack(0x0000007f89000000,0x0000007f89100000)]
  0x0000023afecfd110 JavaThread "Unconstrained build operations Thread 58" [_thread_blocked, id=33720, stack(0x0000007f89100000,0x0000007f89200000)]
  0x0000023afecfada0 JavaThread "Unconstrained build operations Thread 59" [_thread_blocked, id=22072, stack(0x0000007f89200000,0x0000007f89300000)]
  0x0000023afecfa380 JavaThread "Unconstrained build operations Thread 60" [_thread_blocked, id=16548, stack(0x0000007f89300000,0x0000007f89400000)]
  0x0000023afecf9960 JavaThread "Unconstrained build operations Thread 61" [_thread_blocked, id=31756, stack(0x0000007f89400000,0x0000007f89500000)]
  0x0000023afecfe550 JavaThread "Unconstrained build operations Thread 62" [_thread_blocked, id=11916, stack(0x0000007f89500000,0x0000007f89600000)]
  0x0000023afecfb2b0 JavaThread "Unconstrained build operations Thread 63" [_thread_blocked, id=23276, stack(0x0000007f89600000,0x0000007f89700000)]
  0x0000023afecfe040 JavaThread "build event listener" [_thread_blocked, id=20424, stack(0x0000007f89700000,0x0000007f89800000)]
  0x0000023afecfef70 JavaThread "Memory manager" [_thread_blocked, id=31536, stack(0x0000007f89a00000,0x0000007f89b00000)]
  0x0000023afecfea60 JavaThread "ForkJoinPool.commonPool-worker-1" daemon [_thread_blocked, id=16428, stack(0x0000007f89c00000,0x0000007f89d00000)]
  0x0000023afed008c0 JavaThread "ForkJoinPool.commonPool-worker-2" daemon [_thread_blocked, id=31784, stack(0x0000007f89d00000,0x0000007f89e00000)]
  0x0000023afecff990 JavaThread "ForkJoinPool.commonPool-worker-3" daemon [_thread_blocked, id=33716, stack(0x0000007f89e00000,0x0000007f89f00000)]
  0x0000023afecffea0 JavaThread "ForkJoinPool.commonPool-worker-4" daemon [_thread_blocked, id=31464, stack(0x0000007f89f00000,0x0000007f8a000000)]
  0x0000023afecfd620 JavaThread "ForkJoinPool.commonPool-worker-5" daemon [_thread_blocked, id=20284, stack(0x0000007f8a000000,0x0000007f8a100000)]
  0x0000023afecfdb30 JavaThread "ForkJoinPool.commonPool-worker-6" daemon [_thread_blocked, id=6652, stack(0x0000007f8a100000,0x0000007f8a200000)]
  0x0000023a9bc133c0 JavaThread "ForkJoinPool.commonPool-worker-7" daemon [_thread_blocked, id=30580, stack(0x0000007f8a200000,0x0000007f8a300000)]
  0x0000023a9bc11050 JavaThread "ForkJoinPool.commonPool-worker-8" daemon [_thread_blocked, id=4236, stack(0x0000007f8a300000,0x0000007f8a400000)]
  0x0000023a9bc13de0 JavaThread "ForkJoinPool.commonPool-worker-9" daemon [_thread_blocked, id=33004, stack(0x0000007f8a400000,0x0000007f8a500000)]
  0x0000023a9bc142f0 JavaThread "ForkJoinPool.commonPool-worker-10" daemon [_thread_blocked, id=32560, stack(0x0000007f8a500000,0x0000007f8a600000)]
  0x0000023a9bc14800 JavaThread "ForkJoinPool.commonPool-worker-11" daemon [_thread_blocked, id=13904, stack(0x0000007f8a600000,0x0000007f8a700000)]
  0x0000023a9bc14d10 JavaThread "Exec process" daemon [_thread_blocked, id=31040, stack(0x0000007f8a700000,0x0000007f8a800000)]
  0x0000023a9bc129a0 JavaThread "ForkJoinPool.commonPool-worker-12" daemon [_thread_blocked, id=18396, stack(0x0000007f8a800000,0x0000007f8a900000)]
  0x0000023a9bc11560 JavaThread "Exec process Thread 2" daemon [_thread_blocked, id=4636, stack(0x0000007f8a900000,0x0000007f8aa00000)]
  0x0000023a9bc15220 JavaThread "ForkJoinPool.commonPool-worker-13" daemon [_thread_blocked, id=29256, stack(0x0000007f8aa00000,0x0000007f8ab00000)]
  0x0000023a9bc11a70 JavaThread "Exec process Thread 3" daemon [_thread_blocked, id=22392, stack(0x0000007f8ab00000,0x0000007f8ac00000)]
  0x0000023a9bc12eb0 JavaThread "ForkJoinPool.commonPool-worker-14" daemon [_thread_blocked, id=20516, stack(0x0000007f8ac00000,0x0000007f8ad00000)]
  0x0000023a9bc138d0 JavaThread "ForkJoinPool.commonPool-worker-15" daemon [_thread_blocked, id=18536, stack(0x0000007f8ad00000,0x0000007f8ae00000)]
  0x0000023a9bc15730 JavaThread "included builds" [_thread_blocked, id=29160, stack(0x0000007f89900000,0x0000007f89a00000)]
  0x0000023a9bc11f80 JavaThread "Execution worker" [_thread_blocked, id=29460, stack(0x0000007f89b00000,0x0000007f89c00000)]
  0x0000023a9bc15c40 JavaThread "Execution worker Thread 2" [_thread_blocked, id=28832, stack(0x0000007f8ae00000,0x0000007f8af00000)]
  0x0000023a9bc12490 JavaThread "Execution worker Thread 3" [_thread_blocked, id=2884, stack(0x0000007f8af00000,0x0000007f8b000000)]
  0x0000023a9bc16b70 JavaThread "Execution worker Thread 4" [_thread_in_Java, id=30920, stack(0x0000007f8b000000,0x0000007f8b100000)]
  0x0000023a9bc16150 JavaThread "Execution worker Thread 5" [_thread_blocked, id=6940, stack(0x0000007f8b100000,0x0000007f8b200000)]
  0x0000023a9bc16660 JavaThread "Execution worker Thread 6" [_thread_blocked, id=10128, stack(0x0000007f8b200000,0x0000007f8b300000)]
  0x0000023a9bc17590 JavaThread "Execution worker Thread 7" [_thread_blocked, id=31036, stack(0x0000007f8b300000,0x0000007f8b400000)]
  0x0000023a9bc17aa0 JavaThread "Execution worker Thread 8" [_thread_blocked, id=29656, stack(0x0000007f8b400000,0x0000007f8b500000)]
  0x0000023a9bc17080 JavaThread "Execution worker Thread 9" [_thread_blocked, id=17504, stack(0x0000007f8b500000,0x0000007f8b600000)]
  0x0000023a9bc184c0 JavaThread "Execution worker Thread 10" [_thread_blocked, id=26288, stack(0x0000007f8b600000,0x0000007f8b700000)]
  0x0000023a9bc17fb0 JavaThread "Execution worker Thread 11" [_thread_blocked, id=20676, stack(0x0000007f8b700000,0x0000007f8b800000)]
  0x0000023a9bc189d0 JavaThread "Execution worker Thread 12" [_thread_blocked, id=33388, stack(0x0000007f8b800000,0x0000007f8b900000)]
  0x0000023a9b909a50 JavaThread "Execution worker Thread 13" [_thread_blocked, id=26056, stack(0x0000007f8b900000,0x0000007f8ba00000)]
  0x0000023a9b908b20 JavaThread "Execution worker Thread 14" [_thread_blocked, id=31408, stack(0x0000007f8ba00000,0x0000007f8bb00000)]
  0x0000023a9b909030 JavaThread "Execution worker Thread 15" [_thread_blocked, id=15012, stack(0x0000007f8bb00000,0x0000007f8bc00000)]
  0x0000023a9b909540 JavaThread "Execution worker Thread 16" [_thread_blocked, id=30008, stack(0x0000007f8bc00000,0x0000007f8bd00000)]
  0x0000023a9b907bf0 JavaThread "Execution worker Thread 17" [_thread_blocked, id=16388, stack(0x0000007f8bd00000,0x0000007f8be00000)]
  0x0000023a9b909f60 JavaThread "Execution worker Thread 18" [_thread_blocked, id=30788, stack(0x0000007f8be00000,0x0000007f8bf00000)]
  0x0000023a9b90a470 JavaThread "Execution worker Thread 19" [_thread_blocked, id=3584, stack(0x0000007f8bf00000,0x0000007f8c000000)]
  0x0000023a9b908100 JavaThread "Cache worker for execution history cache (C:\rubi_web\CISC_Capstone\MiscueReading\node_modules\@react-native\gradle-plugin\.gradle\9.0.0\executionHistory)" [_thread_blocked, id=24440, stack(0x0000007f8c000000,0x0000007f8c100000)]
  0x0000023a9b908610 JavaThread "Unconstrained build operations Thread 64" [_thread_blocked, id=18504, stack(0x0000007f8c100000,0x0000007f8c200000)]
  0x0000023a9b90a980 JavaThread "Unconstrained build operations Thread 65" [_thread_blocked, id=25952, stack(0x0000007f8c200000,0x0000007f8c300000)]
  0x0000023a9b9071d0 JavaThread "Unconstrained build operations Thread 66" [_thread_blocked, id=32716, stack(0x0000007f8c300000,0x0000007f8c400000)]
  0x0000023a9b9076e0 JavaThread "Unconstrained build operations Thread 67" [_thread_blocked, id=33600, stack(0x0000007f8c400000,0x0000007f8c500000)]
  0x0000023a9b90c2d0 JavaThread "Unconstrained build operations Thread 68" [_thread_blocked, id=33708, stack(0x0000007f8c500000,0x0000007f8c600000)]
  0x0000023a9b90c7e0 JavaThread "Unconstrained build operations Thread 69" [_thread_blocked, id=3460, stack(0x0000007f8c600000,0x0000007f8c700000)]
  0x0000023a9b90ccf0 JavaThread "Unconstrained build operations Thread 70" [_thread_blocked, id=31088, stack(0x0000007f8c700000,0x0000007f8c800000)]
  0x0000023a9b90e640 JavaThread "Unconstrained build operations Thread 71" [_thread_blocked, id=20072, stack(0x0000007f8c800000,0x0000007f8c900000)]
  0x0000023a9b90d200 JavaThread "Unconstrained build operations Thread 72" [_thread_blocked, id=5988, stack(0x0000007f8c900000,0x0000007f8ca00000)]
  0x0000023a9b90d710 JavaThread "Unconstrained build operations Thread 73" [_thread_blocked, id=32376, stack(0x0000007f8ca00000,0x0000007f8cb00000)]
  0x0000023a9b90e130 JavaThread "Unconstrained build operations Thread 74" [_thread_blocked, id=30044, stack(0x0000007f8cb00000,0x0000007f8cc00000)]
  0x0000023a9b90dc20 JavaThread "Unconstrained build operations Thread 75" [_thread_blocked, id=20416, stack(0x0000007f8cc00000,0x0000007f8cd00000)]
  0x0000023a9b90ae90 JavaThread "Unconstrained build operations Thread 76" [_thread_blocked, id=14424, stack(0x0000007f8cd00000,0x0000007f8ce00000)]
  0x0000023a9b90eb50 JavaThread "Unconstrained build operations Thread 77" [_thread_blocked, id=21488, stack(0x0000007f8ce00000,0x0000007f8cf00000)]
  0x0000023a9b90b3a0 JavaThread "Unconstrained build operations Thread 78" [_thread_blocked, id=33392, stack(0x0000007f8cf00000,0x0000007f8d000000)]
  0x0000023a9b90b8b0 JavaThread "Unconstrained build operations Thread 79" [_thread_blocked, id=33504, stack(0x0000007f8d000000,0x0000007f8d100000)]
  0x0000023a9b90bdc0 JavaThread "Unconstrained build operations Thread 80" [_thread_blocked, id=25640, stack(0x0000007f8d100000,0x0000007f8d200000)]
  0x0000023afdfa2280 JavaThread "Unconstrained build operations Thread 81" [_thread_blocked, id=30936, stack(0x0000007f8d200000,0x0000007f8d300000)]
  0x0000023afdfa1860 JavaThread "Unconstrained build operations Thread 82" [_thread_blocked, id=32624, stack(0x0000007f8d300000,0x0000007f8d400000)]
  0x0000023afdfa0420 JavaThread "Unconstrained build operations Thread 83" [_thread_blocked, id=1752, stack(0x0000007f8d400000,0x0000007f8d500000)]
  0x0000023afdfa1d70 JavaThread "Unconstrained build operations Thread 84" [_thread_blocked, id=32008, stack(0x0000007f8d500000,0x0000007f8d600000)]
  0x0000023afdfa2790 JavaThread "Unconstrained build operations Thread 85" [_thread_blocked, id=33744, stack(0x0000007f8d600000,0x0000007f8d700000)]
  0x0000023afdfa2ca0 JavaThread "Unconstrained build operations Thread 86" [_thread_blocked, id=11740, stack(0x0000007f8d700000,0x0000007f8d800000)]
  0x0000023afdfa0930 JavaThread "Unconstrained build operations Thread 87" [_thread_blocked, id=9140, stack(0x0000007f8d800000,0x0000007f8d900000)]
  0x0000023afdfa31b0 JavaThread "Unconstrained build operations Thread 88" [_thread_blocked, id=10648, stack(0x0000007f8d900000,0x0000007f8da00000)]
  0x0000023afdfa36c0 JavaThread "Unconstrained build operations Thread 89" [_thread_blocked, id=32112, stack(0x0000007f8da00000,0x0000007f8db00000)]
  0x0000023afdfa0e40 JavaThread "Unconstrained build operations Thread 90" [_thread_blocked, id=29344, stack(0x0000007f8db00000,0x0000007f8dc00000)]
  0x0000023afdf9ff10 JavaThread "Unconstrained build operations Thread 91" [_thread_blocked, id=31116, stack(0x0000007f8dc00000,0x0000007f8dd00000)]
  0x0000023afdfa3bd0 JavaThread "Unconstrained build operations Thread 92" [_thread_blocked, id=28644, stack(0x0000007f8dd00000,0x0000007f8de00000)]
  0x0000023afdfa40e0 JavaThread "Unconstrained build operations Thread 93" [_thread_blocked, id=28804, stack(0x0000007f8de00000,0x0000007f8df00000)]
  0x0000023afdfa45f0 JavaThread "Unconstrained build operations Thread 94" [_thread_blocked, id=31068, stack(0x0000007f8df00000,0x0000007f8e000000)]
  0x0000023afdfa4b00 JavaThread "Unconstrained build operations Thread 95" [_thread_blocked, id=27172, stack(0x0000007f8e000000,0x0000007f8e100000)]
  0x0000023afdfa1350 JavaThread "Unconstrained build operations Thread 96" [_thread_blocked, id=23980, stack(0x0000007f8e100000,0x0000007f8e200000)]
  0x0000023afdfa5010 JavaThread "Unconstrained build operations Thread 97" [_thread_blocked, id=22100, stack(0x0000007f8e200000,0x0000007f8e300000)]
  0x0000023afdfa6450 JavaThread "Unconstrained build operations Thread 98" [_thread_blocked, id=5092, stack(0x0000007f8e300000,0x0000007f8e400000)]
  0x0000023afdfa7890 JavaThread "Unconstrained build operations Thread 99" [_thread_blocked, id=33612, stack(0x0000007f8e400000,0x0000007f8e500000)]
  0x0000023afdfa7380 JavaThread "Unconstrained build operations Thread 100" [_thread_blocked, id=26480, stack(0x0000007f8e500000,0x0000007f8e600000)]
  0x0000023afdfa5f40 JavaThread "Unconstrained build operations Thread 101" [_thread_blocked, id=26528, stack(0x0000007f8e600000,0x0000007f8e700000)]
  0x0000023afdfa5520 JavaThread "Unconstrained build operations Thread 102" [_thread_blocked, id=29944, stack(0x0000007f8e700000,0x0000007f8e800000)]
  0x0000023afdfa5a30 JavaThread "Unconstrained build operations Thread 103" [_thread_blocked, id=28076, stack(0x0000007f8e800000,0x0000007f8e900000)]
  0x0000023afdfa6960 JavaThread "Unconstrained build operations Thread 104" [_thread_blocked, id=30744, stack(0x0000007f8e900000,0x0000007f8ea00000)]
  0x0000023afdfa6e70 JavaThread "Unconstrained build operations Thread 105" [_thread_blocked, id=10440, stack(0x0000007f8ea00000,0x0000007f8eb00000)]
  0x0000023afd645020 JavaThread "Unconstrained build operations Thread 106" [_thread_blocked, id=28180, stack(0x0000007f8eb00000,0x0000007f8ec00000)]
  0x0000023afd646970 JavaThread "Unconstrained build operations Thread 107" [_thread_blocked, id=19972, stack(0x0000007f8ec00000,0x0000007f8ed00000)]
  0x0000023afd644b10 JavaThread "Unconstrained build operations Thread 108" [_thread_blocked, id=13360, stack(0x0000007f8ed00000,0x0000007f8ee00000)]
  0x0000023afd645530 JavaThread "Unconstrained build operations Thread 109" [_thread_blocked, id=19980, stack(0x0000007f8ee00000,0x0000007f8ef00000)]
  0x0000023afd645a40 JavaThread "Unconstrained build operations Thread 110" [_thread_blocked, id=22052, stack(0x0000007f8ef00000,0x0000007f8f000000)]
  0x0000023afd645f50 JavaThread "Unconstrained build operations Thread 111" [_thread_blocked, id=30532, stack(0x0000007f8f000000,0x0000007f8f100000)]
  0x0000023afd6431c0 JavaThread "Unconstrained build operations Thread 112" [_thread_blocked, id=3740, stack(0x0000007f8f100000,0x0000007f8f200000)]
  0x0000023afd646e80 JavaThread "Unconstrained build operations Thread 113" [_thread_blocked, id=11044, stack(0x0000007f8f200000,0x0000007f8f300000)]
  0x0000023afd6436d0 JavaThread "Unconstrained build operations Thread 114" [_thread_blocked, id=12484, stack(0x0000007f8f300000,0x0000007f8f400000)]
  0x0000023afd646460 JavaThread "Unconstrained build operations Thread 115" [_thread_blocked, id=1532, stack(0x0000007f8f400000,0x0000007f8f500000)]
  0x0000023afd647390 JavaThread "Unconstrained build operations Thread 116" [_thread_blocked, id=32012, stack(0x0000007f8f500000,0x0000007f8f600000)]
  0x0000023afd6440f0 JavaThread "Unconstrained build operations Thread 117" [_thread_blocked, id=2260, stack(0x0000007f8f600000,0x0000007f8f700000)]
  0x0000023afd643be0 JavaThread "Unconstrained build operations Thread 118" [_thread_blocked, id=30508, stack(0x0000007f8f700000,0x0000007f8f800000)]
  0x0000023afd6478a0 JavaThread "Unconstrained build operations Thread 119" [_thread_blocked, id=2920, stack(0x0000007f8f800000,0x0000007f8f900000)]
  0x0000023afd647db0 JavaThread "Unconstrained build operations Thread 120" [_thread_blocked, id=25324, stack(0x0000007f8f900000,0x0000007f8fa00000)]
  0x0000023afd644600 JavaThread "Unconstrained build operations Thread 121" [_thread_blocked, id=26244, stack(0x0000007f8fa00000,0x0000007f8fb00000)]
  0x0000023afd6487d0 JavaThread "Unconstrained build operations Thread 122" [_thread_blocked, id=29448, stack(0x0000007f8fb00000,0x0000007f8fc00000)]
  0x0000023afd648ce0 JavaThread "Unconstrained build operations Thread 123" [_thread_blocked, id=3056, stack(0x0000007f8fc00000,0x0000007f8fd00000)]
  0x0000023afd649700 JavaThread "Unconstrained build operations Thread 124" [_thread_blocked, id=31076, stack(0x0000007f8fd00000,0x0000007f8fe00000)]
  0x0000023afd6491f0 JavaThread "Unconstrained build operations Thread 125" [_thread_blocked, id=22568, stack(0x0000007f8fe00000,0x0000007f8ff00000)]
  0x0000023afd649c10 JavaThread "Unconstrained build operations Thread 126" [_thread_blocked, id=15868, stack(0x0000007f8ff00000,0x0000007f90000000)]
  0x0000023afd6482c0 JavaThread "Unconstrained build operations Thread 127" [_thread_blocked, id=32344, stack(0x0000007f90000000,0x0000007f90100000)]
  0x0000023afd64a120 JavaThread "Unconstrained build operations Thread 128" [_thread_blocked, id=1780, stack(0x0000007f90100000,0x0000007f90200000)]
  0x0000023afd64a630 JavaThread "Unconstrained build operations Thread 129" [_thread_blocked, id=33036, stack(0x0000007f90200000,0x0000007f90300000)]
  0x0000023afd64ab40 JavaThread "Unconstrained build operations Thread 130" [_thread_blocked, id=29168, stack(0x0000007f90300000,0x0000007f90400000)]
  0x0000023affb6f9c0 JavaThread "Unconstrained build operations Thread 131" [_thread_blocked, id=33132, stack(0x0000007f90400000,0x0000007f90500000)]
  0x0000023affb71820 JavaThread "Unconstrained build operations Thread 132" [_thread_blocked, id=26764, stack(0x0000007f90500000,0x0000007f90600000)]
  0x0000023affb6f4b0 JavaThread "Unconstrained build operations Thread 133" [_thread_blocked, id=24492, stack(0x0000007f90600000,0x0000007f90700000)]
  0x0000023affb72240 JavaThread "Unconstrained build operations Thread 134" [_thread_blocked, id=16888, stack(0x0000007f90700000,0x0000007f90800000)]
  0x0000023affb71d30 JavaThread "Unconstrained build operations Thread 135" [_thread_blocked, id=31332, stack(0x0000007f90800000,0x0000007f90900000)]
  0x0000023affb6ea90 JavaThread "Unconstrained build operations Thread 136" [_thread_blocked, id=31816, stack(0x0000007f90900000,0x0000007f90a00000)]
  0x0000023affb6fed0 JavaThread "Unconstrained build operations Thread 137" [_thread_blocked, id=1040, stack(0x0000007f90a00000,0x0000007f90b00000)]
  0x0000023affb72750 JavaThread "Unconstrained build operations Thread 138" [_thread_blocked, id=21464, stack(0x0000007f90b00000,0x0000007f90c00000)]
  0x0000023affb70e00 JavaThread "Unconstrained build operations Thread 139" [_thread_blocked, id=31968, stack(0x0000007f90c00000,0x0000007f90d00000)]
  0x0000023affb703e0 JavaThread "Unconstrained build operations Thread 140" [_thread_blocked, id=30004, stack(0x0000007f90d00000,0x0000007f90e00000)]
  0x0000023affb708f0 JavaThread "Unconstrained build operations Thread 141" [_thread_blocked, id=24248, stack(0x0000007f90e00000,0x0000007f90f00000)]
  0x0000023affb6efa0 JavaThread "Unconstrained build operations Thread 142" [_thread_blocked, id=26336, stack(0x0000007f90f00000,0x0000007f91000000)]
  0x0000023affb745b0 JavaThread "jar transforms Thread 2" [_thread_blocked, id=31096, stack(0x0000007f91000000,0x0000007f91100000)]
  0x0000023affb71310 JavaThread "jar transforms Thread 3" [_thread_blocked, id=20076, stack(0x0000007f91100000,0x0000007f91200000)]
  0x0000023affb74fd0 JavaThread "Unconstrained build operations Thread 143" [_thread_blocked, id=32588, stack(0x0000007f91300000,0x0000007f91400000)]
  0x0000023affb73170 JavaThread "Unconstrained build operations Thread 144" [_thread_blocked, id=27188, stack(0x0000007f91400000,0x0000007f91500000)]
  0x0000023affb76410 JavaThread "Unconstrained build operations Thread 145" [_thread_blocked, id=20264, stack(0x0000007f91500000,0x0000007f91600000)]
  0x0000023affb754e0 JavaThread "Unconstrained build operations Thread 146" [_thread_blocked, id=27400, stack(0x0000007f91800000,0x0000007f91900000)]
  0x0000023affb740a0 JavaThread "Unconstrained build operations Thread 147" [_thread_blocked, id=8280, stack(0x0000007f91900000,0x0000007f91a00000)]
  0x0000023affb759f0 JavaThread "Unconstrained build operations Thread 148" [_thread_blocked, id=22980, stack(0x0000007f91a00000,0x0000007f91b00000)]
  0x0000023affb73680 JavaThread "Unconstrained build operations Thread 149" [_thread_blocked, id=18944, stack(0x0000007f91b00000,0x0000007f91c00000)]
  0x0000023affb75f00 JavaThread "Unconstrained build operations Thread 150" [_thread_blocked, id=29860, stack(0x0000007f91c00000,0x0000007f91d00000)]
  0x0000023affb73b90 JavaThread "Unconstrained build operations Thread 151" [_thread_blocked, id=23868, stack(0x0000007f91d00000,0x0000007f91e00000)]
  0x0000023affb72c60 JavaThread "Unconstrained build operations Thread 152" [_thread_blocked, id=6588, stack(0x0000007f91e00000,0x0000007f91f00000)]
  0x0000023a9d2febf0 JavaThread "Unconstrained build operations Thread 153" [_thread_blocked, id=9408, stack(0x0000007f91f00000,0x0000007f92000000)]
  0x0000023a9d300a50 JavaThread "Unconstrained build operations Thread 154" [_thread_blocked, id=28924, stack(0x0000007f92000000,0x0000007f92100000)]
  0x0000023a9d301980 JavaThread "Unconstrained build operations Thread 155" [_thread_blocked, id=27472, stack(0x0000007f92100000,0x0000007f92200000)]
  0x0000023a9d300540 JavaThread "Unconstrained build operations Thread 156" [_thread_blocked, id=31132, stack(0x0000007f92200000,0x0000007f92300000)]
  0x0000023a9d2fe6e0 JavaThread "Unconstrained build operations Thread 157" [_thread_blocked, id=11656, stack(0x0000007f92300000,0x0000007f92400000)]
  0x0000023a9d2ff100 JavaThread "Unconstrained build operations Thread 158" [_thread_blocked, id=32296, stack(0x0000007f92400000,0x0000007f92500000)]
  0x0000023a9d302dc0 JavaThread "Unconstrained build operations Thread 159" [_thread_blocked, id=21068, stack(0x0000007f92500000,0x0000007f92600000)]
  0x0000023a9d301e90 JavaThread "Unconstrained build operations Thread 160" [_thread_blocked, id=33452, stack(0x0000007f92600000,0x0000007f92700000)]
  0x0000023a9d3023a0 JavaThread "Unconstrained build operations Thread 161" [_thread_blocked, id=5704, stack(0x0000007f92700000,0x0000007f92800000)]
  0x0000023a9d2ff610 JavaThread "Unconstrained build operations Thread 162" [_thread_blocked, id=27476, stack(0x0000007f92800000,0x0000007f92900000)]
  0x0000023a9d300f60 JavaThread "Unconstrained build operations Thread 163" [_thread_blocked, id=19952, stack(0x0000007f92900000,0x0000007f92a00000)]
  0x0000023a9d301470 JavaThread "Unconstrained build operations Thread 164" [_thread_blocked, id=15412, stack(0x0000007f92a00000,0x0000007f92b00000)]
  0x0000023a9d3028b0 JavaThread "Unconstrained build operations Thread 165" [_thread_blocked, id=32620, stack(0x0000007f92b00000,0x0000007f92c00000)]
  0x0000023a9d3032d0 JavaThread "Unconstrained build operations Thread 166" [_thread_blocked, id=28684, stack(0x0000007f92c00000,0x0000007f92d00000)]
  0x0000023a9d2ffb20 JavaThread "Unconstrained build operations Thread 167" [_thread_blocked, id=20656, stack(0x0000007f92d00000,0x0000007f92e00000)]
  0x0000023a9d3037e0 JavaThread "Unconstrained build operations Thread 168" [_thread_blocked, id=20932, stack(0x0000007f92e00000,0x0000007f92f00000)]
  0x0000023a9d300030 JavaThread "Unconstrained build operations Thread 169" [_thread_blocked, id=24336, stack(0x0000007f92f00000,0x0000007f93000000)]
  0x0000023a9d306060 JavaThread "Unconstrained build operations Thread 170" [_thread_blocked, id=33220, stack(0x0000007f93000000,0x0000007f93100000)]
  0x0000023a9d303cf0 JavaThread "Unconstrained build operations Thread 171" [_thread_blocked, id=10828, stack(0x0000007f93100000,0x0000007f93200000)]
  0x0000023a9d305130 JavaThread "Unconstrained build operations Thread 172" [_thread_blocked, id=33104, stack(0x0000007f93200000,0x0000007f93300000)]
  0x0000023a9d306a80 JavaThread "Unconstrained build operations Thread 173" [_thread_blocked, id=33364, stack(0x0000007f93300000,0x0000007f93400000)]
  0x0000023a9d3074a0 JavaThread "Unconstrained build operations Thread 174" [_thread_blocked, id=29020, stack(0x0000007f93400000,0x0000007f93500000)]
  0x0000023a9d306570 JavaThread "Unconstrained build operations Thread 175" [_thread_blocked, id=33772, stack(0x0000007f93500000,0x0000007f93600000)]
  0x0000023a9d305b50 JavaThread "Unconstrained build operations Thread 176" [_thread_blocked, id=23712, stack(0x0000007f93600000,0x0000007f93700000)]
  0x0000023a9d306f90 JavaThread "Unconstrained build operations Thread 177" [_thread_blocked, id=11584, stack(0x0000007f93700000,0x0000007f93800000)]
  0x0000023a9d304710 JavaThread "Unconstrained build operations Thread 178" [_thread_blocked, id=18648, stack(0x0000007f93800000,0x0000007f93900000)]
  0x0000023a9d3079b0 JavaThread "Unconstrained build operations Thread 179" [_thread_blocked, id=26340, stack(0x0000007f93900000,0x0000007f93a00000)]
  0x0000023a9d305640 JavaThread "Unconstrained build operations Thread 180" [_thread_blocked, id=28564, stack(0x0000007f93a00000,0x0000007f93b00000)]
  0x0000023a9d304200 JavaThread "Unconstrained build operations Thread 181" [_thread_blocked, id=33148, stack(0x0000007f93b00000,0x0000007f93c00000)]
  0x0000023a9d307ec0 JavaThread "Unconstrained build operations Thread 182" [_thread_blocked, id=4928, stack(0x0000007f93c00000,0x0000007f93d00000)]
  0x0000023a9d3083d0 JavaThread "Unconstrained build operations Thread 183" [_thread_blocked, id=31312, stack(0x0000007f93d00000,0x0000007f93e00000)]
  0x0000023a9d304c20 JavaThread "Unconstrained build operations Thread 184" [_thread_blocked, id=18900, stack(0x0000007f93e00000,0x0000007f93f00000)]
  0x0000023a9d3088e0 JavaThread "Unconstrained build operations Thread 185" [_thread_blocked, id=20196, stack(0x0000007f93f00000,0x0000007f94000000)]
  0x0000023a9d309810 JavaThread "Unconstrained build operations Thread 186" [_thread_blocked, id=6492, stack(0x0000007f94000000,0x0000007f94100000)]
  0x0000023a9d309d20 JavaThread "Unconstrained build operations Thread 187" [_thread_blocked, id=25976, stack(0x0000007f94100000,0x0000007f94200000)]
  0x0000023a9d30c090 JavaThread "Unconstrained build operations Thread 188" [_thread_blocked, id=33604, stack(0x0000007f94200000,0x0000007f94300000)]
  0x0000023a9d30a230 JavaThread "Unconstrained build operations Thread 189" [_thread_blocked, id=30732, stack(0x0000007f94300000,0x0000007f94400000)]
  0x0000023a9d30c5a0 JavaThread "Unconstrained build operations Thread 190" [_thread_blocked, id=18848, stack(0x0000007f94400000,0x0000007f94500000)]
  0x0000023a9d30a740 JavaThread "Unconstrained build operations Thread 191" [_thread_blocked, id=15540, stack(0x0000007f94500000,0x0000007f94600000)]
  0x0000023a9d30ac50 JavaThread "Unconstrained build operations Thread 192" [_thread_blocked, id=30700, stack(0x0000007f94600000,0x0000007f94700000)]
  0x0000023a9d30b160 JavaThread "Unconstrained build operations Thread 193" [_thread_blocked, id=24484, stack(0x0000007f94700000,0x0000007f94800000)]
  0x0000023a9d30b670 JavaThread "Unconstrained build operations Thread 194" [_thread_blocked, id=17944, stack(0x0000007f94800000,0x0000007f94900000)]
  0x0000023a9d30bb80 JavaThread "Unconstrained build operations Thread 195" [_thread_blocked, id=33180, stack(0x0000007f94900000,0x0000007f94a00000)]
  0x0000023a9d308df0 JavaThread "Unconstrained build operations Thread 196" [_thread_blocked, id=20092, stack(0x0000007f94a00000,0x0000007f94b00000)]
  0x0000023a9d30cab0 JavaThread "Unconstrained build operations Thread 197" [_thread_blocked, id=28300, stack(0x0000007f94b00000,0x0000007f94c00000)]
  0x0000023a9d309300 JavaThread "Unconstrained build operations Thread 198" [_thread_blocked, id=25112, stack(0x0000007f94c00000,0x0000007f94d00000)]
  0x0000023a9d30cfc0 JavaThread "Unconstrained build operations Thread 199" [_thread_blocked, id=27300, stack(0x0000007f94d00000,0x0000007f94e00000)]
  0x0000023a9d30d4d0 JavaThread "Unconstrained build operations Thread 200" [_thread_blocked, id=28512, stack(0x0000007f94e00000,0x0000007f94f00000)]
  0x0000023a9d30d9e0 JavaThread "jar transforms Thread 4" [_thread_blocked, id=30528, stack(0x0000007f95100000,0x0000007f95200000)]
  0x0000023a9d30def0 JavaThread "jar transforms Thread 5" [_thread_blocked, id=30796, stack(0x0000007f95200000,0x0000007f95300000)]
  0x0000023a9dae8d10 JavaThread "jar transforms Thread 6" [_thread_blocked, id=20604, stack(0x0000007f95300000,0x0000007f95400000)]
  0x0000023a9dae7de0 JavaThread "build event listener" [_thread_blocked, id=16544, stack(0x0000007f94f00000,0x0000007f95000000)]
  0x0000023a9dae6490 JavaThread "Problems report writer" [_thread_blocked, id=33532, stack(0x0000007f95000000,0x0000007f95100000)]
  0x0000023a9dae5f80 JavaThread "jar transforms Thread 7" [_thread_blocked, id=29560, stack(0x0000007f91200000,0x0000007f91300000)]
  0x0000023a9dae8800 JavaThread "jar transforms Thread 8" [_thread_blocked, id=33620, stack(0x0000007f95600000,0x0000007f95700000)]
  0x0000023a9dae9220 JavaThread "jar transforms Thread 9" [_thread_blocked, id=12304, stack(0x0000007f95500000,0x0000007f95600000)]
  0x0000023a9dae78d0 JavaThread "jar transforms Thread 10" [_thread_blocked, id=15244, stack(0x0000007f95700000,0x0000007f95800000)]
  0x0000023a9dae9730 JavaThread "jar transforms Thread 11" [_thread_blocked, id=4208, stack(0x0000007f95800000,0x0000007f95900000)]
  0x0000023a9dae9c40 JavaThread "jar transforms Thread 12" [_thread_blocked, id=32020, stack(0x0000007f95900000,0x0000007f95a00000)]
  0x0000023a9dae69a0 JavaThread "jar transforms Thread 13" [_thread_blocked, id=15476, stack(0x0000007f95a00000,0x0000007f95b00000)]
  0x0000023a9daea660 JavaThread "jar transforms Thread 14" [_thread_blocked, id=31368, stack(0x0000007f95b00000,0x0000007f95c00000)]
  0x0000023a9daeb590 JavaThread "jar transforms Thread 15" [_thread_blocked, id=32328, stack(0x0000007f95c00000,0x0000007f95d00000)]
  0x0000023a9daeb080 JavaThread "jar transforms Thread 16" [_thread_blocked, id=28236, stack(0x0000007f95d00000,0x0000007f95e00000)]
  0x0000023a9daee320 JavaThread "jar transforms Thread 17" [_thread_blocked, id=17540, stack(0x0000007f95e00000,0x0000007f95f00000)]
  0x0000023a9daeed40 JavaThread "jar transforms Thread 18" [_thread_blocked, id=10624, stack(0x0000007f95f00000,0x0000007f96000000)]
  0x0000023a9daef250 JavaThread "jar transforms Thread 19" [_thread_blocked, id=31612, stack(0x0000007f96000000,0x0000007f96100000)]
  0x0000023a9daed3f0 JavaThread "jar transforms Thread 20" [_thread_blocked, id=19252, stack(0x0000007f96200000,0x0000007f96300000)]
  0x0000023a9daef760 JavaThread "Exec process" [_thread_blocked, id=15620, stack(0x0000007f96100000,0x0000007f96200000)]
  0x0000023a9daee830 JavaThread "Exec process Thread 2" [_thread_blocked, id=32680, stack(0x0000007f96300000,0x0000007f96400000)]
  0x0000023a9daec9d0 JavaThread "Exec process Thread 3" [_thread_blocked, id=18388, stack(0x0000007f96400000,0x0000007f96500000)]
  0x0000023a9daf2f10 JavaThread "Cache worker for execution history cache (C:\rubi_web\CISC_Capstone\MiscueReading\android\.gradle\9.0.0\executionHistory)" [_thread_blocked, id=25876, stack(0x0000007f96700000,0x0000007f96800000)]
  0x0000023aa7b8b380 JavaThread "WorkerExecutor Queue" [_thread_blocked, id=30856, stack(0x0000007f96c00000,0x0000007f96d00000)]
  0x0000023aa7b880e0 JavaThread "WorkerExecutor Queue Thread 2" [_thread_blocked, id=32224, stack(0x0000007f96d00000,0x0000007f96e00000)]
  0x0000023aa7b8b890 JavaThread "WorkerExecutor Queue Thread 3" [_thread_blocked, id=31604, stack(0x0000007f96e00000,0x0000007f96f00000)]
  0x0000023aa7b89f40 JavaThread "WorkerExecutor Queue Thread 4" [_thread_in_native, id=25168, stack(0x0000007f96f00000,0x0000007f97000000)]
  0x0000023aa7b8ae70 JavaThread "WorkerExecutor Queue Thread 5" [_thread_blocked, id=10348, stack(0x0000007f97000000,0x0000007f97100000)]
  0x0000023aa7b89010 JavaThread "WorkerExecutor Queue Thread 6" [_thread_blocked, id=31616, stack(0x0000007f97100000,0x0000007f97200000)]
  0x0000023aa7b8bda0 JavaThread "WorkerExecutor Queue Thread 7" [_thread_blocked, id=26744, stack(0x0000007f97200000,0x0000007f97300000)]
  0x0000023aa7b89520 JavaThread "WorkerExecutor Queue Thread 8" [_thread_blocked, id=2684, stack(0x0000007f97300000,0x0000007f97400000)]
  0x0000023aa7b8a450 JavaThread "WorkerExecutor Queue Thread 9" [_thread_blocked, id=31496, stack(0x0000007f97400000,0x0000007f97500000)]
  0x0000023aa7b885f0 JavaThread "WorkerExecutor Queue Thread 10" [_thread_blocked, id=26920, stack(0x0000007f97500000,0x0000007f97600000)]
  0x0000023aa7b89a30 JavaThread "WorkerExecutor Queue Thread 11" [_thread_blocked, id=18248, stack(0x0000007f97600000,0x0000007f97700000)]
  0x0000023aa7b8e620 JavaThread "WorkerExecutor Queue Thread 12" [_thread_blocked, id=33020, stack(0x0000007f97700000,0x0000007f97800000)]
  0x0000023aa7b8d1e0 JavaThread "WorkerExecutor Queue Thread 13" [_thread_blocked, id=13052, stack(0x0000007f97800000,0x0000007f97900000)]
  0x0000023aa7b8e110 JavaThread "WorkerExecutor Queue Thread 14" [_thread_blocked, id=2496, stack(0x0000007f97900000,0x0000007f97a00000)]
  0x0000023aa7b8d6f0 JavaThread "WorkerExecutor Queue Thread 15" [_thread_blocked, id=31532, stack(0x0000007f97a00000,0x0000007f97b00000)]
  0x0000023aa7b8fa60 JavaThread "WorkerExecutor Queue Thread 16" [_thread_blocked, id=17180, stack(0x0000007f97b00000,0x0000007f97c00000)]
  0x0000023aa7b8dc00 JavaThread "WorkerExecutor Queue Thread 17" [_thread_blocked, id=29204, stack(0x0000007f97c00000,0x0000007f97d00000)]
  0x0000023aa7b8eb30 JavaThread "WorkerExecutor Queue Thread 18" [_thread_blocked, id=2828, stack(0x0000007f97d00000,0x0000007f97e00000)]
  0x0000023aa7b8c2b0 JavaThread "WorkerExecutor Queue Thread 19" [_thread_blocked, id=30728, stack(0x0000007f97e00000,0x0000007f97f00000)]
  0x0000023aa7b8c7c0 JavaThread "WorkerExecutor Queue Thread 20" [_thread_blocked, id=12864, stack(0x0000007f97f00000,0x0000007f98000000)]
  0x0000023aa7b90990 JavaThread "WorkerExecutor Queue Thread 21" [_thread_blocked, id=22780, stack(0x0000007f82b00000,0x0000007f82c00000)]

Other Threads:
  0x0000023af6ba13f0 VMThread "VM Thread" [stack: 0x0000007f82000000,0x0000007f82100000] [id=33040]
  0x0000023ad79ac980 WatcherThread [stack: 0x0000007f82e00000,0x0000007f82f00000] [id=28360]
  0x0000023ad79812b0 GCTaskThread "GC Thread#0" [stack: 0x0000007f81b00000,0x0000007f81c00000] [id=33520]
  0x0000023af6e66790 GCTaskThread "GC Thread#1" [stack: 0x0000007f83000000,0x0000007f83100000] [id=26652]
  0x0000023afb17d6c0 GCTaskThread "GC Thread#2" [stack: 0x0000007f83100000,0x0000007f83200000] [id=26168]
  0x0000023afb5cb720 GCTaskThread "GC Thread#3" [stack: 0x0000007f83300000,0x0000007f83400000] [id=20508]
  0x0000023afb674f20 GCTaskThread "GC Thread#4" [stack: 0x0000007f83400000,0x0000007f83500000] [id=31100]
  0x0000023afd1da160 GCTaskThread "GC Thread#5" [stack: 0x0000007f84200000,0x0000007f84300000] [id=924]
  0x0000023afc5e4bc0 GCTaskThread "GC Thread#6" [stack: 0x0000007f84300000,0x0000007f84400000] [id=21612]
  0x0000023afcf0c2f0 GCTaskThread "GC Thread#7" [stack: 0x0000007f84400000,0x0000007f84500000] [id=31460]
  0x0000023afcfb9ff0 GCTaskThread "GC Thread#8" [stack: 0x0000007f84500000,0x0000007f84600000] [id=32100]
  0x0000023a9b101a40 GCTaskThread "GC Thread#9" [stack: 0x0000007f84600000,0x0000007f84700000] [id=29008]
  0x0000023afebd5990 GCTaskThread "GC Thread#10" [stack: 0x0000007f84700000,0x0000007f84800000] [id=6140]
  0x0000023afe721860 GCTaskThread "GC Thread#11" [stack: 0x0000007f84800000,0x0000007f84900000] [id=33616]
  0x0000023afe721b20 GCTaskThread "GC Thread#12" [stack: 0x0000007f84900000,0x0000007f84a00000] [id=31264]
  0x0000023afd914430 GCTaskThread "GC Thread#13" [stack: 0x0000007f84a00000,0x0000007f84b00000] [id=29320]
  0x0000023afd914170 GCTaskThread "GC Thread#14" [stack: 0x0000007f84b00000,0x0000007f84c00000] [id=30340]
  0x0000023ad7994590 ConcurrentGCThread "G1 Main Marker" [stack: 0x0000007f81c00000,0x0000007f81d00000] [id=31808]
  0x0000023ad7995d60 ConcurrentGCThread "G1 Conc#0" [stack: 0x0000007f81d00000,0x0000007f81e00000] [id=4036]
  0x0000023afd915770 ConcurrentGCThread "G1 Conc#1" [stack: 0x0000007f84c00000,0x0000007f84d00000] [id=30520]
  0x0000023afd9149b0 ConcurrentGCThread "G1 Conc#2" [stack: 0x0000007f84d00000,0x0000007f84e00000] [id=22424]
  0x0000023afd914c70 ConcurrentGCThread "G1 Conc#3" [stack: 0x0000007f84e00000,0x0000007f84f00000] [id=31776]
  0x0000023af6a4cd20 ConcurrentGCThread "G1 Refine#0" [stack: 0x0000007f81e00000,0x0000007f81f00000] [id=10300]
  0x0000023a9c750f00 ConcurrentGCThread "G1 Refine#1" [stack: 0x0000007f96600000,0x0000007f96700000] [id=6704]
  0x0000023aa53837d0 ConcurrentGCThread "G1 Refine#2" [stack: 0x0000007f95400000,0x0000007f95500000] [id=5992]
  0x0000023aa7681480 ConcurrentGCThread "G1 Refine#3" [stack: 0x0000007f96800000,0x0000007f96900000] [id=14908]
  0x0000023a9cb53470 ConcurrentGCThread "G1 Refine#4" [stack: 0x0000007f96900000,0x0000007f96a00000] [id=1876]
  0x0000023a9c672db0 ConcurrentGCThread "G1 Refine#5" [stack: 0x0000007f96a00000,0x0000007f96b00000] [id=32352]
  0x0000023aa7478e50 ConcurrentGCThread "G1 Refine#6" [stack: 0x0000007f96b00000,0x0000007f96c00000] [id=12640]
  0x0000023af6a4d400 ConcurrentGCThread "G1 Service" [stack: 0x0000007f81f00000,0x0000007f82000000] [id=28712]

Threads with active compile tasks:
C2 CompilerThread0    49771 27963       4       org.gradle.internal.operations.DefaultBuildOperationRunner::execute (147 bytes)

VM state: not at safepoint (normal execution)

VM Mutex/Monitor currently owned by a thread: None

Heap address: 0x0000000080000000, size: 2048 MB, Compressed Oops mode: 32-bit

CDS archive(s) mapped at: [0x0000023a80000000-0x0000023a80bd0000-0x0000023a80bd0000), size 12386304, SharedBaseAddress: 0x0000023a80000000, ArchiveRelocationMode: 1.
Compressed class space mapped at: 0x0000023a81000000-0x0000023a9b000000, reserved size: 436207616
Narrow klass base: 0x0000023a80000000, Narrow klass shift: 0, Narrow klass range: 0x100000000

GC Precious Log:
 CPUs: 20 total, 20 available
 Memory: 7911M
 Large Page Support: Disabled
 NUMA Support: Disabled
 Compressed Oops: Enabled (32-bit)
 Heap Region Size: 1M
 Heap Min Capacity: 8M
 Heap Initial Capacity: 124M
 Heap Max Capacity: 2G
 Pre-touch: Disabled
 Parallel Workers: 15
 Concurrent Workers: 4
 Concurrent Refinement Workers: 15
 Periodic GC: Disabled

Heap:
 garbage-first heap   total 814080K, used 577117K [0x0000000080000000, 0x0000000100000000)
  region size 1024K, 134 young (137216K), 9 survivors (9216K)
 Metaspace       used 133825K, committed 136384K, reserved 557056K
  class space    used 18171K, committed 19392K, reserved 425984K

Heap Regions: E=young(eden), S=young(survivor), O=old, HS=humongous(starts), HC=humongous(continues), CS=collection set, F=free, OA=open archive, CA=closed archive, TAMS=top-at-mark-start (previous, next)
|   0|0x0000000080000000, 0x0000000080100000, 0x0000000080100000|100%|HS|  |TAMS 0x0000000080100000, 0x0000000080000000| Complete 
|   1|0x0000000080100000, 0x0000000080200000, 0x0000000080200000|100%|HC|  |TAMS 0x0000000080200000, 0x0000000080100000| Complete 
|   2|0x0000000080200000, 0x0000000080300000, 0x0000000080300000|100%|HC|  |TAMS 0x0000000080300000, 0x0000000080200000| Complete 
|   3|0x0000000080300000, 0x0000000080400000, 0x0000000080400000|100%| O|  |TAMS 0x0000000080400000, 0x0000000080300000| Untracked 
|   4|0x0000000080400000, 0x0000000080500000, 0x0000000080500000|100%| O|  |TAMS 0x0000000080500000, 0x0000000080400000| Untracked 
|   5|0x0000000080500000, 0x0000000080600000, 0x0000000080600000|100%| O|  |TAMS 0x0000000080600000, 0x0000000080500000| Untracked 
|   6|0x0000000080600000, 0x0000000080700000, 0x0000000080700000|100%|HS|  |TAMS 0x0000000080700000, 0x0000000080600000| Complete 
|   7|0x0000000080700000, 0x0000000080800000, 0x0000000080800000|100%| O|  |TAMS 0x0000000080800000, 0x0000000080700000| Untracked 
|   8|0x0000000080800000, 0x0000000080900000, 0x0000000080900000|100%| O|  |TAMS 0x0000000080900000, 0x0000000080800000| Untracked 
|   9|0x0000000080900000, 0x0000000080a00000, 0x0000000080a00000|100%| O|  |TAMS 0x0000000080a00000, 0x0000000080900000| Untracked 
|  10|0x0000000080a00000, 0x0000000080b00000, 0x0000000080b00000|100%| O|  |TAMS 0x0000000080b00000, 0x0000000080a00000| Untracked 
|  11|0x0000000080b00000, 0x0000000080c00000, 0x0000000080c00000|100%| O|  |TAMS 0x0000000080c00000, 0x0000000080b00000| Untracked 
|  12|0x0000000080c00000, 0x0000000080d00000, 0x0000000080d00000|100%| O|  |TAMS 0x0000000080d00000, 0x0000000080c00000| Untracked 
|  13|0x0000000080d00000, 0x0000000080e00000, 0x0000000080e00000|100%| O|  |TAMS 0x0000000080e00000, 0x0000000080d00000| Untracked 
|  14|0x0000000080e00000, 0x0000000080f00000, 0x0000000080f00000|100%| O|  |TAMS 0x0000000080f00000, 0x0000000080e00000| Untracked 
|  15|0x0000000080f00000, 0x0000000081000000, 0x0000000081000000|100%| O|  |TAMS 0x0000000081000000, 0x0000000080f00000| Untracked 
|  16|0x0000000081000000, 0x0000000081100000, 0x0000000081100000|100%| O|  |TAMS 0x0000000081100000, 0x0000000081000000| Untracked 
|  17|0x0000000081100000, 0x0000000081200000, 0x0000000081200000|100%| O|  |TAMS 0x0000000081200000, 0x0000000081100000| Untracked 
|  18|0x0000000081200000, 0x0000000081300000, 0x0000000081300000|100%| O|  |TAMS 0x0000000081300000, 0x0000000081200000| Untracked 
|  19|0x0000000081300000, 0x0000000081400000, 0x0000000081400000|100%| O|  |TAMS 0x0000000081400000, 0x0000000081300000| Untracked 
|  20|0x0000000081400000, 0x0000000081500000, 0x0000000081500000|100%| O|  |TAMS 0x0000000081500000, 0x0000000081400000| Untracked 
|  21|0x0000000081500000, 0x0000000081600000, 0x0000000081600000|100%| O|  |TAMS 0x0000000081600000, 0x0000000081500000| Untracked 
|  22|0x0000000081600000, 0x0000000081700000, 0x0000000081700000|100%| O|  |TAMS 0x0000000081700000, 0x0000000081600000| Untracked 
|  23|0x0000000081700000, 0x0000000081800000, 0x0000000081800000|100%| O|  |TAMS 0x0000000081800000, 0x0000000081700000| Untracked 
|  24|0x0000000081800000, 0x0000000081900000, 0x0000000081900000|100%| O|  |TAMS 0x0000000081900000, 0x0000000081800000| Untracked 
|  25|0x0000000081900000, 0x0000000081a00000, 0x0000000081a00000|100%| O|  |TAMS 0x0000000081a00000, 0x0000000081900000| Untracked 
|  26|0x0000000081a00000, 0x0000000081b00000, 0x0000000081b00000|100%| O|  |TAMS 0x0000000081b00000, 0x0000000081a00000| Untracked 
|  27|0x0000000081b00000, 0x0000000081c00000, 0x0000000081c00000|100%| O|  |TAMS 0x0000000081c00000, 0x0000000081b00000| Untracked 
|  28|0x0000000081c00000, 0x0000000081d00000, 0x0000000081d00000|100%| O|  |TAMS 0x0000000081d00000, 0x0000000081c00000| Untracked 
|  29|0x0000000081d00000, 0x0000000081e00000, 0x0000000081e00000|100%| O|  |TAMS 0x0000000081e00000, 0x0000000081d00000| Untracked 
|  30|0x0000000081e00000, 0x0000000081f00000, 0x0000000081f00000|100%| O|  |TAMS 0x0000000081f00000, 0x0000000081e00000| Untracked 
|  31|0x0000000081f00000, 0x0000000082000000, 0x0000000082000000|100%| O|  |TAMS 0x0000000082000000, 0x0000000081f00000| Untracked 
|  32|0x0000000082000000, 0x0000000082100000, 0x0000000082100000|100%| O|  |TAMS 0x0000000082100000, 0x0000000082000000| Untracked 
|  33|0x0000000082100000, 0x0000000082200000, 0x0000000082200000|100%| O|  |TAMS 0x0000000082200000, 0x0000000082100000| Untracked 
|  34|0x0000000082200000, 0x0000000082300000, 0x0000000082300000|100%| O|  |TAMS 0x0000000082300000, 0x0000000082200000| Untracked 
|  35|0x0000000082300000, 0x0000000082400000, 0x0000000082400000|100%|HS|  |TAMS 0x0000000082400000, 0x0000000082300000| Complete 
|  36|0x0000000082400000, 0x0000000082500000, 0x0000000082500000|100%|HC|  |TAMS 0x0000000082500000, 0x0000000082400000| Complete 
|  37|0x0000000082500000, 0x0000000082600000, 0x0000000082600000|100%|HC|  |TAMS 0x0000000082600000, 0x0000000082500000| Complete 
|  38|0x0000000082600000, 0x0000000082700000, 0x0000000082700000|100%|HS|  |TAMS 0x0000000082700000, 0x0000000082600000| Complete 
|  39|0x0000000082700000, 0x0000000082800000, 0x0000000082800000|100%|HC|  |TAMS 0x0000000082800000, 0x0000000082700000| Complete 
|  40|0x0000000082800000, 0x0000000082900000, 0x0000000082900000|100%|HC|  |TAMS 0x0000000082900000, 0x0000000082800000| Complete 
|  41|0x0000000082900000, 0x0000000082a00000, 0x0000000082a00000|100%| O|  |TAMS 0x0000000082a00000, 0x0000000082900000| Untracked 
|  42|0x0000000082a00000, 0x0000000082b00000, 0x0000000082b00000|100%| O|  |TAMS 0x0000000082b00000, 0x0000000082a00000| Untracked 
|  43|0x0000000082b00000, 0x0000000082c00000, 0x0000000082c00000|100%| O|  |TAMS 0x0000000082c00000, 0x0000000082b00000| Untracked 
|  44|0x0000000082c00000, 0x0000000082d00000, 0x0000000082d00000|100%| O|  |TAMS 0x0000000082d00000, 0x0000000082c00000| Untracked 
|  45|0x0000000082d00000, 0x0000000082e00000, 0x0000000082e00000|100%| O|  |TAMS 0x0000000082e00000, 0x0000000082d00000| Untracked 
|  46|0x0000000082e00000, 0x0000000082f00000, 0x0000000082f00000|100%|HS|  |TAMS 0x0000000082e00000, 0x0000000082e00000| Complete 
|  47|0x0000000082f00000, 0x0000000083000000, 0x0000000083000000|100%| O|  |TAMS 0x0000000083000000, 0x0000000082f00000| Untracked 
|  48|0x0000000083000000, 0x0000000083100000, 0x0000000083100000|100%| O|  |TAMS 0x0000000083100000, 0x0000000083000000| Untracked 
|  49|0x0000000083100000, 0x0000000083200000, 0x0000000083200000|100%| O|  |TAMS 0x0000000083200000, 0x0000000083100000| Untracked 
|  50|0x0000000083200000, 0x0000000083300000, 0x0000000083300000|100%| O|  |TAMS 0x0000000083300000, 0x0000000083200000| Untracked 
|  51|0x0000000083300000, 0x0000000083400000, 0x0000000083400000|100%| O|  |TAMS 0x0000000083400000, 0x0000000083300000| Untracked 
|  52|0x0000000083400000, 0x0000000083500000, 0x0000000083500000|100%| O|  |TAMS 0x0000000083500000, 0x0000000083400000| Untracked 
|  53|0x0000000083500000, 0x0000000083600000, 0x0000000083600000|100%| O|  |TAMS 0x0000000083600000, 0x0000000083500000| Untracked 
|  54|0x0000000083600000, 0x0000000083700000, 0x0000000083700000|100%| O|  |TAMS 0x0000000083700000, 0x0000000083600000| Untracked 
|  55|0x0000000083700000, 0x0000000083800000, 0x0000000083800000|100%| O|  |TAMS 0x0000000083800000, 0x0000000083700000| Untracked 
|  56|0x0000000083800000, 0x0000000083900000, 0x0000000083900000|100%| O|  |TAMS 0x0000000083900000, 0x0000000083800000| Untracked 
|  57|0x0000000083900000, 0x0000000083a00000, 0x0000000083a00000|100%| O|  |TAMS 0x0000000083a00000, 0x0000000083900000| Untracked 
|  58|0x0000000083a00000, 0x0000000083b00000, 0x0000000083b00000|100%| O|  |TAMS 0x0000000083b00000, 0x0000000083a00000| Untracked 
|  59|0x0000000083b00000, 0x0000000083c00000, 0x0000000083c00000|100%| O|  |TAMS 0x0000000083c00000, 0x0000000083b00000| Untracked 
|  60|0x0000000083c00000, 0x0000000083d00000, 0x0000000083d00000|100%| O|  |TAMS 0x0000000083c00000, 0x0000000083c00000| Untracked 
|  61|0x0000000083d00000, 0x0000000083e00000, 0x0000000083e00000|100%| O|  |TAMS 0x0000000083e00000, 0x0000000083d00000| Untracked 
|  62|0x0000000083e00000, 0x0000000083f00000, 0x0000000083f00000|100%| O|  |TAMS 0x0000000083f00000, 0x0000000083e00000| Untracked 
|  63|0x0000000083f00000, 0x0000000084000000, 0x0000000084000000|100%| O|  |TAMS 0x0000000084000000, 0x0000000083f00000| Untracked 
|  64|0x0000000084000000, 0x0000000084100000, 0x0000000084100000|100%| O|  |TAMS 0x0000000084000000, 0x0000000084000000| Untracked 
|  65|0x0000000084100000, 0x0000000084200000, 0x0000000084200000|100%| O|  |TAMS 0x0000000084200000, 0x0000000084100000| Untracked 
|  66|0x0000000084200000, 0x0000000084300000, 0x0000000084300000|100%| O|  |TAMS 0x0000000084300000, 0x0000000084200000| Untracked 
|  67|0x0000000084300000, 0x0000000084400000, 0x0000000084400000|100%| O|  |TAMS 0x0000000084400000, 0x0000000084300000| Untracked 
|  68|0x0000000084400000, 0x0000000084500000, 0x0000000084500000|100%|HS|  |TAMS 0x0000000084400000, 0x0000000084400000| Complete 
|  69|0x0000000084500000, 0x0000000084500000, 0x0000000084600000|  0%| F|  |TAMS 0x0000000084500000, 0x0000000084500000| Untracked 
|  70|0x0000000084600000, 0x0000000084700000, 0x0000000084700000|100%| O|  |TAMS 0x0000000084700000, 0x0000000084600000| Untracked 
|  71|0x0000000084700000, 0x0000000084800000, 0x0000000084800000|100%| O|  |TAMS 0x0000000084800000, 0x0000000084700000| Untracked 
|  72|0x0000000084800000, 0x0000000084900000, 0x0000000084900000|100%| O|  |TAMS 0x0000000084900000, 0x0000000084800000| Untracked 
|  73|0x0000000084900000, 0x0000000084a00000, 0x0000000084a00000|100%| O|  |TAMS 0x0000000084900000, 0x0000000084900000| Untracked 
|  74|0x0000000084a00000, 0x0000000084b00000, 0x0000000084b00000|100%| O|  |TAMS 0x0000000084b00000, 0x0000000084a00000| Untracked 
|  75|0x0000000084b00000, 0x0000000084c00000, 0x0000000084c00000|100%| O|  |TAMS 0x0000000084c00000, 0x0000000084b00000| Untracked 
|  76|0x0000000084c00000, 0x0000000084d00000, 0x0000000084d00000|100%| O|  |TAMS 0x0000000084d00000, 0x0000000084c00000| Untracked 
|  77|0x0000000084d00000, 0x0000000084e00000, 0x0000000084e00000|100%| O|  |TAMS 0x0000000084e00000, 0x0000000084d00000| Untracked 
|  78|0x0000000084e00000, 0x0000000084f00000, 0x0000000084f00000|100%| O|  |TAMS 0x0000000084f00000, 0x0000000084e00000| Untracked 
|  79|0x0000000084f00000, 0x0000000085000000, 0x0000000085000000|100%| O|  |TAMS 0x0000000085000000, 0x0000000084f00000| Untracked 
|  80|0x0000000085000000, 0x0000000085100000, 0x0000000085100000|100%| O|  |TAMS 0x0000000085100000, 0x0000000085000000| Untracked 
|  81|0x0000000085100000, 0x0000000085200000, 0x0000000085200000|100%| O|  |TAMS 0x0000000085200000, 0x0000000085100000| Untracked 
|  82|0x0000000085200000, 0x0000000085300000, 0x0000000085300000|100%| O|  |TAMS 0x0000000085300000, 0x0000000085200000| Untracked 
|  83|0x0000000085300000, 0x0000000085400000, 0x0000000085400000|100%|HS|  |TAMS 0x0000000085400000, 0x0000000085300000| Complete 
|  84|0x0000000085400000, 0x0000000085500000, 0x0000000085500000|100%|HS|  |TAMS 0x0000000085500000, 0x0000000085400000| Complete 
|  85|0x0000000085500000, 0x0000000085600000, 0x0000000085600000|100%|HS|  |TAMS 0x0000000085600000, 0x0000000085500000| Complete 
|  86|0x0000000085600000, 0x0000000085700000, 0x0000000085700000|100%|HS|  |TAMS 0x0000000085700000, 0x0000000085600000| Complete 
|  87|0x0000000085700000, 0x0000000085800000, 0x0000000085800000|100%| O|  |TAMS 0x0000000085800000, 0x0000000085700000| Untracked 
|  88|0x0000000085800000, 0x0000000085900000, 0x0000000085900000|100%|HS|  |TAMS 0x0000000085900000, 0x0000000085800000| Complete 
|  89|0x0000000085900000, 0x0000000085a00000, 0x0000000085a00000|100%|HS|  |TAMS 0x0000000085a00000, 0x0000000085900000| Complete 
|  90|0x0000000085a00000, 0x0000000085b00000, 0x0000000085b00000|100%| O|  |TAMS 0x0000000085b00000, 0x0000000085a00000| Untracked 
|  91|0x0000000085b00000, 0x0000000085c00000, 0x0000000085c00000|100%| O|  |TAMS 0x0000000085c00000, 0x0000000085b00000| Untracked 
|  92|0x0000000085c00000, 0x0000000085d00000, 0x0000000085d00000|100%| O|  |TAMS 0x0000000085d00000, 0x0000000085c00000| Untracked 
|  93|0x0000000085d00000, 0x0000000085e00000, 0x0000000085e00000|100%| O|  |TAMS 0x0000000085e00000, 0x0000000085d00000| Untracked 
|  94|0x0000000085e00000, 0x0000000085f00000, 0x0000000085f00000|100%|HS|  |TAMS 0x0000000085f00000, 0x0000000085e00000| Complete 
|  95|0x0000000085f00000, 0x0000000086000000, 0x0000000086000000|100%|HC|  |TAMS 0x0000000086000000, 0x0000000085f00000| Complete 
|  96|0x0000000086000000, 0x0000000086100000, 0x0000000086100000|100%|HC|  |TAMS 0x0000000086100000, 0x0000000086000000| Complete 
|  97|0x0000000086100000, 0x0000000086200000, 0x0000000086200000|100%|HS|  |TAMS 0x0000000086200000, 0x0000000086100000| Complete 
|  98|0x0000000086200000, 0x0000000086300000, 0x0000000086300000|100%| O|  |TAMS 0x0000000086300000, 0x0000000086200000| Untracked 
|  99|0x0000000086300000, 0x0000000086400000, 0x0000000086400000|100%| O|  |TAMS 0x0000000086400000, 0x0000000086300000| Untracked 
| 100|0x0000000086400000, 0x0000000086500000, 0x0000000086500000|100%| O|  |TAMS 0x0000000086500000, 0x0000000086400000| Untracked 
| 101|0x0000000086500000, 0x0000000086600000, 0x0000000086600000|100%| O|  |TAMS 0x0000000086600000, 0x0000000086500000| Untracked 
| 102|0x0000000086600000, 0x0000000086700000, 0x0000000086700000|100%| O|  |TAMS 0x0000000086700000, 0x0000000086600000| Untracked 
| 103|0x0000000086700000, 0x0000000086800000, 0x0000000086800000|100%| O|  |TAMS 0x0000000086800000, 0x0000000086700000| Untracked 
| 104|0x0000000086800000, 0x0000000086900000, 0x0000000086900000|100%| O|  |TAMS 0x0000000086900000, 0x0000000086800000| Untracked 
| 105|0x0000000086900000, 0x0000000086a00000, 0x0000000086a00000|100%| O|  |TAMS 0x0000000086a00000, 0x0000000086900000| Untracked 
| 106|0x0000000086a00000, 0x0000000086b00000, 0x0000000086b00000|100%| O|  |TAMS 0x0000000086b00000, 0x0000000086a00000| Untracked 
| 107|0x0000000086b00000, 0x0000000086c00000, 0x0000000086c00000|100%| O|  |TAMS 0x0000000086c00000, 0x0000000086b00000| Untracked 
| 108|0x0000000086c00000, 0x0000000086d00000, 0x0000000086d00000|100%| O|  |TAMS 0x0000000086d00000, 0x0000000086c00000| Untracked 
| 109|0x0000000086d00000, 0x0000000086e00000, 0x0000000086e00000|100%| O|  |TAMS 0x0000000086e00000, 0x0000000086d00000| Untracked 
| 110|0x0000000086e00000, 0x0000000086f00000, 0x0000000086f00000|100%| O|  |TAMS 0x0000000086f00000, 0x0000000086e00000| Untracked 
| 111|0x0000000086f00000, 0x0000000087000000, 0x0000000087000000|100%| O|  |TAMS 0x0000000087000000, 0x0000000086f00000| Untracked 
| 112|0x0000000087000000, 0x0000000087100000, 0x0000000087100000|100%| O|  |TAMS 0x0000000087100000, 0x0000000087000000| Untracked 
| 113|0x0000000087100000, 0x0000000087200000, 0x0000000087200000|100%| O|  |TAMS 0x0000000087200000, 0x0000000087100000| Untracked 
| 114|0x0000000087200000, 0x0000000087300000, 0x0000000087300000|100%| O|  |TAMS 0x0000000087300000, 0x0000000087200000| Untracked 
| 115|0x0000000087300000, 0x0000000087400000, 0x0000000087400000|100%| O|  |TAMS 0x0000000087400000, 0x0000000087300000| Untracked 
| 116|0x0000000087400000, 0x0000000087500000, 0x0000000087500000|100%| O|  |TAMS 0x0000000087500000, 0x0000000087400000| Untracked 
| 117|0x0000000087500000, 0x0000000087600000, 0x0000000087600000|100%| O|  |TAMS 0x0000000087600000, 0x0000000087500000| Untracked 
| 118|0x0000000087600000, 0x0000000087700000, 0x0000000087700000|100%| O|  |TAMS 0x0000000087700000, 0x0000000087600000| Untracked 
| 119|0x0000000087700000, 0x0000000087800000, 0x0000000087800000|100%| O|  |TAMS 0x0000000087800000, 0x0000000087700000| Untracked 
| 120|0x0000000087800000, 0x0000000087900000, 0x0000000087900000|100%| O|  |TAMS 0x0000000087900000, 0x0000000087800000| Untracked 
| 121|0x0000000087900000, 0x0000000087a00000, 0x0000000087a00000|100%| O|  |TAMS 0x0000000087a00000, 0x0000000087900000| Untracked 
| 122|0x0000000087a00000, 0x0000000087b00000, 0x0000000087b00000|100%| O|  |TAMS 0x0000000087b00000, 0x0000000087a00000| Untracked 
| 123|0x0000000087b00000, 0x0000000087c00000, 0x0000000087c00000|100%| O|  |TAMS 0x0000000087c00000, 0x0000000087b00000| Untracked 
| 124|0x0000000087c00000, 0x0000000087d00000, 0x0000000087d00000|100%| O|  |TAMS 0x0000000087d00000, 0x0000000087c00000| Untracked 
| 125|0x0000000087d00000, 0x0000000087e00000, 0x0000000087e00000|100%| O|  |TAMS 0x0000000087e00000, 0x0000000087d00000| Untracked 
| 126|0x0000000087e00000, 0x0000000087f00000, 0x0000000087f00000|100%| O|  |TAMS 0x0000000087f00000, 0x0000000087e00000| Untracked 
| 127|0x0000000087f00000, 0x0000000088000000, 0x0000000088000000|100%| O|  |TAMS 0x0000000088000000, 0x0000000087f00000| Untracked 
| 128|0x0000000088000000, 0x0000000088100000, 0x0000000088100000|100%| O|  |TAMS 0x0000000088100000, 0x0000000088000000| Untracked 
| 129|0x0000000088100000, 0x0000000088200000, 0x0000000088200000|100%| O|  |TAMS 0x0000000088200000, 0x0000000088100000| Untracked 
| 130|0x0000000088200000, 0x0000000088300000, 0x0000000088300000|100%| O|  |TAMS 0x0000000088300000, 0x0000000088200000| Untracked 
| 131|0x0000000088300000, 0x0000000088400000, 0x0000000088400000|100%| O|  |TAMS 0x0000000088400000, 0x0000000088300000| Untracked 
| 132|0x0000000088400000, 0x0000000088500000, 0x0000000088500000|100%|HS|  |TAMS 0x0000000088500000, 0x0000000088400000| Complete 
| 133|0x0000000088500000, 0x0000000088600000, 0x0000000088600000|100%|HS|  |TAMS 0x0000000088600000, 0x0000000088500000| Complete 
| 134|0x0000000088600000, 0x0000000088700000, 0x0000000088700000|100%|HS|  |TAMS 0x0000000088700000, 0x0000000088600000| Complete 
| 135|0x0000000088700000, 0x0000000088800000, 0x0000000088800000|100%|HC|  |TAMS 0x0000000088800000, 0x0000000088700000| Complete 
| 136|0x0000000088800000, 0x0000000088900000, 0x0000000088900000|100%| O|  |TAMS 0x0000000088900000, 0x0000000088800000| Untracked 
| 137|0x0000000088900000, 0x0000000088a00000, 0x0000000088a00000|100%| O|  |TAMS 0x0000000088a00000, 0x0000000088900000| Untracked 
| 138|0x0000000088a00000, 0x0000000088b00000, 0x0000000088b00000|100%| O|  |TAMS 0x0000000088a00000, 0x0000000088a00000| Untracked 
| 139|0x0000000088b00000, 0x0000000088c00000, 0x0000000088c00000|100%| O|  |TAMS 0x0000000088c00000, 0x0000000088b00000| Untracked 
| 140|0x0000000088c00000, 0x0000000088d00000, 0x0000000088d00000|100%| O|  |TAMS 0x0000000088d00000, 0x0000000088c00000| Untracked 
| 141|0x0000000088d00000, 0x0000000088e00000, 0x0000000088e00000|100%| O|  |TAMS 0x0000000088d00000, 0x0000000088d00000| Untracked 
| 142|0x0000000088e00000, 0x0000000088f00000, 0x0000000088f00000|100%| O|  |TAMS 0x0000000088f00000, 0x0000000088e00000| Untracked 
| 143|0x0000000088f00000, 0x0000000089000000, 0x0000000089000000|100%| O|  |TAMS 0x0000000089000000, 0x0000000088f00000| Untracked 
| 144|0x0000000089000000, 0x0000000089100000, 0x0000000089100000|100%| O|  |TAMS 0x0000000089100000, 0x0000000089000000| Untracked 
| 145|0x0000000089100000, 0x0000000089200000, 0x0000000089200000|100%| O|  |TAMS 0x0000000089200000, 0x0000000089100000| Untracked 
| 146|0x0000000089200000, 0x0000000089300000, 0x0000000089300000|100%| O|  |TAMS 0x0000000089300000, 0x0000000089200000| Untracked 
| 147|0x0000000089300000, 0x0000000089400000, 0x0000000089400000|100%| O|  |TAMS 0x0000000089400000, 0x0000000089300000| Untracked 
| 148|0x0000000089400000, 0x0000000089500000, 0x0000000089500000|100%| O|  |TAMS 0x0000000089500000, 0x0000000089400000| Untracked 
| 149|0x0000000089500000, 0x0000000089600000, 0x0000000089600000|100%| O|  |TAMS 0x0000000089600000, 0x0000000089500000| Untracked 
| 150|0x0000000089600000, 0x0000000089700000, 0x0000000089700000|100%| O|  |TAMS 0x0000000089700000, 0x0000000089600000| Untracked 
| 151|0x0000000089700000, 0x0000000089800000, 0x0000000089800000|100%| O|  |TAMS 0x0000000089800000, 0x0000000089700000| Untracked 
| 152|0x0000000089800000, 0x0000000089900000, 0x0000000089900000|100%| O|  |TAMS 0x0000000089900000, 0x0000000089800000| Untracked 
| 153|0x0000000089900000, 0x0000000089900000, 0x0000000089a00000|  0%| F|  |TAMS 0x0000000089900000, 0x0000000089900000| Untracked 
| 154|0x0000000089a00000, 0x0000000089b00000, 0x0000000089b00000|100%| O|  |TAMS 0x0000000089b00000, 0x0000000089a00000| Untracked 
| 155|0x0000000089b00000, 0x0000000089c00000, 0x0000000089c00000|100%| O|  |TAMS 0x0000000089c00000, 0x0000000089b00000| Untracked 
| 156|0x0000000089c00000, 0x0000000089d00000, 0x0000000089d00000|100%| O|  |TAMS 0x0000000089d00000, 0x0000000089c00000| Untracked 
| 157|0x0000000089d00000, 0x0000000089e00000, 0x0000000089e00000|100%| O|  |TAMS 0x0000000089e00000, 0x0000000089d00000| Untracked 
| 158|0x0000000089e00000, 0x0000000089f00000, 0x0000000089f00000|100%| O|  |TAMS 0x0000000089f00000, 0x0000000089e00000| Untracked 
| 159|0x0000000089f00000, 0x000000008a000000, 0x000000008a000000|100%| O|  |TAMS 0x000000008a000000, 0x0000000089f00000| Untracked 
| 160|0x000000008a000000, 0x000000008a100000, 0x000000008a100000|100%| O|  |TAMS 0x000000008a100000, 0x000000008a000000| Untracked 
| 161|0x000000008a100000, 0x000000008a200000, 0x000000008a200000|100%| O|  |TAMS 0x000000008a200000, 0x000000008a100000| Untracked 
| 162|0x000000008a200000, 0x000000008a300000, 0x000000008a300000|100%| O|  |TAMS 0x000000008a300000, 0x000000008a200000| Untracked 
| 163|0x000000008a300000, 0x000000008a400000, 0x000000008a400000|100%| O|  |TAMS 0x000000008a400000, 0x000000008a300000| Untracked 
| 164|0x000000008a400000, 0x000000008a500000, 0x000000008a500000|100%| O|  |TAMS 0x000000008a500000, 0x000000008a400000| Untracked 
| 165|0x000000008a500000, 0x000000008a600000, 0x000000008a600000|100%| O|  |TAMS 0x000000008a600000, 0x000000008a500000| Untracked 
| 166|0x000000008a600000, 0x000000008a600000, 0x000000008a700000|  0%| F|  |TAMS 0x000000008a600000, 0x000000008a600000| Untracked 
| 167|0x000000008a700000, 0x000000008a800000, 0x000000008a800000|100%| O|  |TAMS 0x000000008a800000, 0x000000008a700000| Untracked 
| 168|0x000000008a800000, 0x000000008a900000, 0x000000008a900000|100%| O|  |TAMS 0x000000008a900000, 0x000000008a800000| Untracked 
| 169|0x000000008a900000, 0x000000008aa00000, 0x000000008aa00000|100%| O|  |TAMS 0x000000008aa00000, 0x000000008a900000| Untracked 
| 170|0x000000008aa00000, 0x000000008ab00000, 0x000000008ab00000|100%| O|  |TAMS 0x000000008ab00000, 0x000000008aa00000| Untracked 
| 171|0x000000008ab00000, 0x000000008ac00000, 0x000000008ac00000|100%| O|  |TAMS 0x000000008ac00000, 0x000000008ab00000| Untracked 
| 172|0x000000008ac00000, 0x000000008ad00000, 0x000000008ad00000|100%| O|  |TAMS 0x000000008ad00000, 0x000000008ac00000| Untracked 
| 173|0x000000008ad00000, 0x000000008ae00000, 0x000000008ae00000|100%| O|  |TAMS 0x000000008ae00000, 0x000000008ad00000| Untracked 
| 174|0x000000008ae00000, 0x000000008af00000, 0x000000008af00000|100%| O|  |TAMS 0x000000008af00000, 0x000000008ae00000| Untracked 
| 175|0x000000008af00000, 0x000000008b000000, 0x000000008b000000|100%| O|  |TAMS 0x000000008b000000, 0x000000008af00000| Untracked 
| 176|0x000000008b000000, 0x000000008b100000, 0x000000008b100000|100%| O|  |TAMS 0x000000008b100000, 0x000000008b000000| Untracked 
| 177|0x000000008b100000, 0x000000008b200000, 0x000000008b200000|100%| O|  |TAMS 0x000000008b200000, 0x000000008b100000| Untracked 
| 178|0x000000008b200000, 0x000000008b300000, 0x000000008b300000|100%| O|  |TAMS 0x000000008b300000, 0x000000008b200000| Untracked 
| 179|0x000000008b300000, 0x000000008b400000, 0x000000008b400000|100%| O|  |TAMS 0x000000008b400000, 0x000000008b300000| Untracked 
| 180|0x000000008b400000, 0x000000008b500000, 0x000000008b500000|100%| O|  |TAMS 0x000000008b500000, 0x000000008b400000| Untracked 
| 181|0x000000008b500000, 0x000000008b600000, 0x000000008b600000|100%| O|  |TAMS 0x000000008b600000, 0x000000008b500000| Untracked 
| 182|0x000000008b600000, 0x000000008b700000, 0x000000008b700000|100%| O|  |TAMS 0x000000008b700000, 0x000000008b600000| Untracked 
| 183|0x000000008b700000, 0x000000008b800000, 0x000000008b800000|100%| O|  |TAMS 0x000000008b800000, 0x000000008b700000| Untracked 
| 184|0x000000008b800000, 0x000000008b900000, 0x000000008b900000|100%| O|  |TAMS 0x000000008b900000, 0x000000008b800000| Untracked 
| 185|0x000000008b900000, 0x000000008ba00000, 0x000000008ba00000|100%| O|  |TAMS 0x000000008ba00000, 0x000000008b900000| Untracked 
| 186|0x000000008ba00000, 0x000000008ba00000, 0x000000008bb00000|  0%| F|  |TAMS 0x000000008ba00000, 0x000000008ba00000| Untracked 
| 187|0x000000008bb00000, 0x000000008bc00000, 0x000000008bc00000|100%| O|  |TAMS 0x000000008bc00000, 0x000000008bb00000| Untracked 
| 188|0x000000008bc00000, 0x000000008bd00000, 0x000000008bd00000|100%|HS|  |TAMS 0x000000008bd00000, 0x000000008bc00000| Complete 
| 189|0x000000008bd00000, 0x000000008be00000, 0x000000008be00000|100%|HS|  |TAMS 0x000000008be00000, 0x000000008bd00000| Complete 
| 190|0x000000008be00000, 0x000000008bf00000, 0x000000008bf00000|100%|HS|  |TAMS 0x000000008bf00000, 0x000000008be00000| Complete 
| 191|0x000000008bf00000, 0x000000008c000000, 0x000000008c000000|100%| O|  |TAMS 0x000000008c000000, 0x000000008bf00000| Untracked 
| 192|0x000000008c000000, 0x000000008c100000, 0x000000008c100000|100%| O|  |TAMS 0x000000008c100000, 0x000000008c000000| Untracked 
| 193|0x000000008c100000, 0x000000008c200000, 0x000000008c200000|100%| O|  |TAMS 0x000000008c200000, 0x000000008c100000| Untracked 
| 194|0x000000008c200000, 0x000000008c300000, 0x000000008c300000|100%| O|  |TAMS 0x000000008c300000, 0x000000008c200000| Untracked 
| 195|0x000000008c300000, 0x000000008c400000, 0x000000008c400000|100%| O|  |TAMS 0x000000008c400000, 0x000000008c300000| Untracked 
| 196|0x000000008c400000, 0x000000008c500000, 0x000000008c500000|100%| O|  |TAMS 0x000000008c500000, 0x000000008c400000| Untracked 
| 197|0x000000008c500000, 0x000000008c600000, 0x000000008c600000|100%| O|  |TAMS 0x000000008c600000, 0x000000008c500000| Untracked 
| 198|0x000000008c600000, 0x000000008c700000, 0x000000008c700000|100%| O|  |TAMS 0x000000008c700000, 0x000000008c600000| Untracked 
| 199|0x000000008c700000, 0x000000008c800000, 0x000000008c800000|100%| O|  |TAMS 0x000000008c800000, 0x000000008c700000| Untracked 
| 200|0x000000008c800000, 0x000000008c900000, 0x000000008c900000|100%| O|  |TAMS 0x000000008c900000, 0x000000008c800000| Untracked 
| 201|0x000000008c900000, 0x000000008ca00000, 0x000000008ca00000|100%| O|  |TAMS 0x000000008ca00000, 0x000000008c900000| Untracked 
| 202|0x000000008ca00000, 0x000000008cb00000, 0x000000008cb00000|100%| O|  |TAMS 0x000000008cb00000, 0x000000008ca00000| Untracked 
| 203|0x000000008cb00000, 0x000000008cc00000, 0x000000008cc00000|100%| O|  |TAMS 0x000000008cc00000, 0x000000008cb00000| Untracked 
| 204|0x000000008cc00000, 0x000000008cd00000, 0x000000008cd00000|100%| O|  |TAMS 0x000000008cd00000, 0x000000008cc00000| Untracked 
| 205|0x000000008cd00000, 0x000000008ce00000, 0x000000008ce00000|100%| O|  |TAMS 0x000000008ce00000, 0x000000008cd00000| Untracked 
| 206|0x000000008ce00000, 0x000000008cf00000, 0x000000008cf00000|100%| O|  |TAMS 0x000000008cf00000, 0x000000008ce00000| Untracked 
| 207|0x000000008cf00000, 0x000000008d000000, 0x000000008d000000|100%| O|  |TAMS 0x000000008d000000, 0x000000008cf00000| Untracked 
| 208|0x000000008d000000, 0x000000008d100000, 0x000000008d100000|100%| O|  |TAMS 0x000000008d100000, 0x000000008d000000| Untracked 
| 209|0x000000008d100000, 0x000000008d200000, 0x000000008d200000|100%| O|  |TAMS 0x000000008d200000, 0x000000008d100000| Untracked 
| 210|0x000000008d200000, 0x000000008d300000, 0x000000008d300000|100%| O|  |TAMS 0x000000008d300000, 0x000000008d200000| Untracked 
| 211|0x000000008d300000, 0x000000008d400000, 0x000000008d400000|100%| O|  |TAMS 0x000000008d400000, 0x000000008d300000| Untracked 
| 212|0x000000008d400000, 0x000000008d500000, 0x000000008d500000|100%|HS|  |TAMS 0x000000008d500000, 0x000000008d400000| Complete 
| 213|0x000000008d500000, 0x000000008d600000, 0x000000008d600000|100%|HS|  |TAMS 0x000000008d600000, 0x000000008d500000| Complete 
| 214|0x000000008d600000, 0x000000008d700000, 0x000000008d700000|100%|HS|  |TAMS 0x000000008d700000, 0x000000008d600000| Complete 
| 215|0x000000008d700000, 0x000000008d800000, 0x000000008d800000|100%|HS|  |TAMS 0x000000008d800000, 0x000000008d700000| Complete 
| 216|0x000000008d800000, 0x000000008d900000, 0x000000008d900000|100%| O|  |TAMS 0x000000008d900000, 0x000000008d800000| Untracked 
| 217|0x000000008d900000, 0x000000008da00000, 0x000000008da00000|100%| O|  |TAMS 0x000000008da00000, 0x000000008d900000| Untracked 
| 218|0x000000008da00000, 0x000000008db00000, 0x000000008db00000|100%| O|  |TAMS 0x000000008db00000, 0x000000008da00000| Untracked 
| 219|0x000000008db00000, 0x000000008dc00000, 0x000000008dc00000|100%| O|  |TAMS 0x000000008dc00000, 0x000000008db00000| Untracked 
| 220|0x000000008dc00000, 0x000000008dd00000, 0x000000008dd00000|100%| O|  |TAMS 0x000000008dd00000, 0x000000008dc00000| Untracked 
| 221|0x000000008dd00000, 0x000000008de00000, 0x000000008de00000|100%| O|  |TAMS 0x000000008de00000, 0x000000008dd00000| Untracked 
| 222|0x000000008de00000, 0x000000008df00000, 0x000000008df00000|100%| O|  |TAMS 0x000000008df00000, 0x000000008de00000| Untracked 
| 223|0x000000008df00000, 0x000000008e000000, 0x000000008e000000|100%| O|  |TAMS 0x000000008e000000, 0x000000008df00000| Untracked 
| 224|0x000000008e000000, 0x000000008e100000, 0x000000008e100000|100%| O|  |TAMS 0x000000008e100000, 0x000000008e000000| Untracked 
| 225|0x000000008e100000, 0x000000008e200000, 0x000000008e200000|100%| O|  |TAMS 0x000000008e200000, 0x000000008e100000| Untracked 
| 226|0x000000008e200000, 0x000000008e300000, 0x000000008e300000|100%| O|  |TAMS 0x000000008e300000, 0x000000008e200000| Untracked 
| 227|0x000000008e300000, 0x000000008e400000, 0x000000008e400000|100%| O|  |TAMS 0x000000008e400000, 0x000000008e300000| Untracked 
| 228|0x000000008e400000, 0x000000008e500000, 0x000000008e500000|100%| O|  |TAMS 0x000000008e500000, 0x000000008e400000| Untracked 
| 229|0x000000008e500000, 0x000000008e600000, 0x000000008e600000|100%| O|  |TAMS 0x000000008e600000, 0x000000008e500000| Untracked 
| 230|0x000000008e600000, 0x000000008e700000, 0x000000008e700000|100%| O|  |TAMS 0x000000008e700000, 0x000000008e600000| Untracked 
| 231|0x000000008e700000, 0x000000008e800000, 0x000000008e800000|100%| O|  |TAMS 0x000000008e800000, 0x000000008e700000| Untracked 
| 232|0x000000008e800000, 0x000000008e900000, 0x000000008e900000|100%|HS|  |TAMS 0x000000008e900000, 0x000000008e800000| Complete 
| 233|0x000000008e900000, 0x000000008ea00000, 0x000000008ea00000|100%|HS|  |TAMS 0x000000008ea00000, 0x000000008e900000| Complete 
| 234|0x000000008ea00000, 0x000000008eb00000, 0x000000008eb00000|100%|HS|  |TAMS 0x000000008eb00000, 0x000000008ea00000| Complete 
| 235|0x000000008eb00000, 0x000000008ec00000, 0x000000008ec00000|100%| O|  |TAMS 0x000000008ec00000, 0x000000008eb00000| Untracked 
| 236|0x000000008ec00000, 0x000000008ed00000, 0x000000008ed00000|100%| O|  |TAMS 0x000000008ed00000, 0x000000008ec00000| Untracked 
| 237|0x000000008ed00000, 0x000000008ee00000, 0x000000008ee00000|100%| O|  |TAMS 0x000000008ee00000, 0x000000008ed00000| Untracked 
| 238|0x000000008ee00000, 0x000000008ef00000, 0x000000008ef00000|100%|HS|  |TAMS 0x000000008ef00000, 0x000000008ee00000| Complete 
| 239|0x000000008ef00000, 0x000000008f000000, 0x000000008f000000|100%| O|  |TAMS 0x000000008f000000, 0x000000008ef00000| Untracked 
| 240|0x000000008f000000, 0x000000008f100000, 0x000000008f100000|100%| O|  |TAMS 0x000000008f100000, 0x000000008f000000| Untracked 
| 241|0x000000008f100000, 0x000000008f200000, 0x000000008f200000|100%| O|  |TAMS 0x000000008f200000, 0x000000008f100000| Untracked 
| 242|0x000000008f200000, 0x000000008f300000, 0x000000008f300000|100%| O|  |TAMS 0x000000008f300000, 0x000000008f200000| Untracked 
| 243|0x000000008f300000, 0x000000008f400000, 0x000000008f400000|100%| O|  |TAMS 0x000000008f400000, 0x000000008f300000| Untracked 
| 244|0x000000008f400000, 0x000000008f500000, 0x000000008f500000|100%| O|  |TAMS 0x000000008f500000, 0x000000008f400000| Untracked 
| 245|0x000000008f500000, 0x000000008f600000, 0x000000008f600000|100%| O|  |TAMS 0x000000008f600000, 0x000000008f500000| Untracked 
| 246|0x000000008f600000, 0x000000008f700000, 0x000000008f700000|100%| O|  |TAMS 0x000000008f700000, 0x000000008f600000| Untracked 
| 247|0x000000008f700000, 0x000000008f800000, 0x000000008f800000|100%| O|  |TAMS 0x000000008f800000, 0x000000008f700000| Untracked 
| 248|0x000000008f800000, 0x000000008f900000, 0x000000008f900000|100%| O|  |TAMS 0x000000008f900000, 0x000000008f800000| Untracked 
| 249|0x000000008f900000, 0x000000008fa00000, 0x000000008fa00000|100%| O|  |TAMS 0x000000008fa00000, 0x000000008f900000| Untracked 
| 250|0x000000008fa00000, 0x000000008fb00000, 0x000000008fb00000|100%| O|  |TAMS 0x000000008fb00000, 0x000000008fa00000| Untracked 
| 251|0x000000008fb00000, 0x000000008fc00000, 0x000000008fc00000|100%| O|  |TAMS 0x000000008fc00000, 0x000000008fb00000| Untracked 
| 252|0x000000008fc00000, 0x000000008fd00000, 0x000000008fd00000|100%| O|  |TAMS 0x000000008fd00000, 0x000000008fc00000| Untracked 
| 253|0x000000008fd00000, 0x000000008fe00000, 0x000000008fe00000|100%| O|  |TAMS 0x000000008fe00000, 0x000000008fd00000| Untracked 
| 254|0x000000008fe00000, 0x000000008ff00000, 0x000000008ff00000|100%| O|  |TAMS 0x000000008ff00000, 0x000000008fe00000| Untracked 
| 255|0x000000008ff00000, 0x0000000090000000, 0x0000000090000000|100%| O|  |TAMS 0x0000000090000000, 0x000000008ff00000| Untracked 
| 256|0x0000000090000000, 0x0000000090100000, 0x0000000090100000|100%| O|  |TAMS 0x0000000090100000, 0x0000000090000000| Untracked 
| 257|0x0000000090100000, 0x0000000090200000, 0x0000000090200000|100%| O|  |TAMS 0x0000000090200000, 0x0000000090100000| Untracked 
| 258|0x0000000090200000, 0x0000000090300000, 0x0000000090300000|100%| O|  |TAMS 0x0000000090300000, 0x0000000090200000| Untracked 
| 259|0x0000000090300000, 0x0000000090400000, 0x0000000090400000|100%| O|  |TAMS 0x0000000090400000, 0x0000000090300000| Untracked 
| 260|0x0000000090400000, 0x0000000090500000, 0x0000000090500000|100%| O|  |TAMS 0x0000000090500000, 0x0000000090400000| Untracked 
| 261|0x0000000090500000, 0x0000000090600000, 0x0000000090600000|100%| O|  |TAMS 0x0000000090600000, 0x0000000090500000| Untracked 
| 262|0x0000000090600000, 0x0000000090700000, 0x0000000090700000|100%| O|  |TAMS 0x0000000090700000, 0x0000000090600000| Untracked 
| 263|0x0000000090700000, 0x0000000090800000, 0x0000000090800000|100%| O|  |TAMS 0x0000000090800000, 0x0000000090700000| Untracked 
| 264|0x0000000090800000, 0x0000000090900000, 0x0000000090900000|100%| O|  |TAMS 0x0000000090900000, 0x0000000090800000| Untracked 
| 265|0x0000000090900000, 0x0000000090a00000, 0x0000000090a00000|100%| O|  |TAMS 0x0000000090a00000, 0x0000000090900000| Untracked 
| 266|0x0000000090a00000, 0x0000000090b00000, 0x0000000090b00000|100%| O|  |TAMS 0x0000000090b00000, 0x0000000090a00000| Untracked 
| 267|0x0000000090b00000, 0x0000000090c00000, 0x0000000090c00000|100%| O|  |TAMS 0x0000000090c00000, 0x0000000090b00000| Untracked 
| 268|0x0000000090c00000, 0x0000000090d00000, 0x0000000090d00000|100%| O|  |TAMS 0x0000000090d00000, 0x0000000090c00000| Untracked 
| 269|0x0000000090d00000, 0x0000000090e00000, 0x0000000090e00000|100%| O|  |TAMS 0x0000000090e00000, 0x0000000090d00000| Untracked 
| 270|0x0000000090e00000, 0x0000000090f00000, 0x0000000090f00000|100%| O|  |TAMS 0x0000000090f00000, 0x0000000090e00000| Untracked 
| 271|0x0000000090f00000, 0x0000000091000000, 0x0000000091000000|100%| O|  |TAMS 0x0000000091000000, 0x0000000090f00000| Untracked 
| 272|0x0000000091000000, 0x0000000091000000, 0x0000000091100000|  0%| F|  |TAMS 0x0000000091000000, 0x0000000091000000| Untracked 
| 273|0x0000000091100000, 0x0000000091200000, 0x0000000091200000|100%| O|  |TAMS 0x0000000091200000, 0x0000000091100000| Untracked 
| 274|0x0000000091200000, 0x0000000091300000, 0x0000000091300000|100%|HS|  |TAMS 0x0000000091300000, 0x0000000091200000| Complete 
| 275|0x0000000091300000, 0x0000000091400000, 0x0000000091400000|100%|HS|  |TAMS 0x0000000091400000, 0x0000000091300000| Complete 
| 276|0x0000000091400000, 0x0000000091500000, 0x0000000091500000|100%| O|  |TAMS 0x0000000091500000, 0x0000000091400000| Untracked 
| 277|0x0000000091500000, 0x0000000091600000, 0x0000000091600000|100%| O|  |TAMS 0x0000000091600000, 0x0000000091500000| Untracked 
| 278|0x0000000091600000, 0x0000000091700000, 0x0000000091700000|100%| O|  |TAMS 0x0000000091700000, 0x0000000091600000| Untracked 
| 279|0x0000000091700000, 0x0000000091800000, 0x0000000091800000|100%| O|  |TAMS 0x0000000091800000, 0x0000000091700000| Untracked 
| 280|0x0000000091800000, 0x0000000091800000, 0x0000000091900000|  0%| F|  |TAMS 0x0000000091800000, 0x0000000091800000| Untracked 
| 281|0x0000000091900000, 0x0000000091a00000, 0x0000000091a00000|100%| O|  |TAMS 0x0000000091a00000, 0x0000000091900000| Untracked 
| 282|0x0000000091a00000, 0x0000000091b00000, 0x0000000091b00000|100%| O|  |TAMS 0x0000000091b00000, 0x0000000091a00000| Untracked 
| 283|0x0000000091b00000, 0x0000000091c00000, 0x0000000091c00000|100%| O|  |TAMS 0x0000000091c00000, 0x0000000091b00000| Untracked 
| 284|0x0000000091c00000, 0x0000000091d00000, 0x0000000091d00000|100%| O|  |TAMS 0x0000000091d00000, 0x0000000091c00000| Untracked 
| 285|0x0000000091d00000, 0x0000000091e00000, 0x0000000091e00000|100%| O|  |TAMS 0x0000000091e00000, 0x0000000091d00000| Untracked 
| 286|0x0000000091e00000, 0x0000000091f00000, 0x0000000091f00000|100%| O|  |TAMS 0x0000000091f00000, 0x0000000091e00000| Untracked 
| 287|0x0000000091f00000, 0x0000000092000000, 0x0000000092000000|100%| O|  |TAMS 0x0000000092000000, 0x0000000091f00000| Untracked 
| 288|0x0000000092000000, 0x0000000092000000, 0x0000000092100000|  0%| F|  |TAMS 0x0000000092000000, 0x0000000092000000| Untracked 
| 289|0x0000000092100000, 0x0000000092200000, 0x0000000092200000|100%| O|  |TAMS 0x0000000092100000, 0x0000000092100000| Untracked 
| 290|0x0000000092200000, 0x0000000092300000, 0x0000000092300000|100%| O|  |TAMS 0x0000000092200000, 0x0000000092200000| Untracked 
| 291|0x0000000092300000, 0x0000000092400000, 0x0000000092400000|100%|HS|  |TAMS 0x0000000092400000, 0x0000000092300000| Complete 
| 292|0x0000000092400000, 0x0000000092500000, 0x0000000092500000|100%|HS|  |TAMS 0x0000000092500000, 0x0000000092400000| Complete 
| 293|0x0000000092500000, 0x0000000092600000, 0x0000000092600000|100%|HS|  |TAMS 0x0000000092600000, 0x0000000092500000| Complete 
| 294|0x0000000092600000, 0x0000000092700000, 0x0000000092700000|100%| O|  |TAMS 0x0000000092700000, 0x0000000092600000| Untracked 
| 295|0x0000000092700000, 0x0000000092800000, 0x0000000092800000|100%| O|  |TAMS 0x0000000092800000, 0x0000000092700000| Untracked 
| 296|0x0000000092800000, 0x0000000092900000, 0x0000000092900000|100%| O|  |TAMS 0x0000000092900000, 0x0000000092800000| Untracked 
| 297|0x0000000092900000, 0x0000000092a00000, 0x0000000092a00000|100%| O|  |TAMS 0x0000000092a00000, 0x0000000092900000| Untracked 
| 298|0x0000000092a00000, 0x0000000092b00000, 0x0000000092b00000|100%| O|  |TAMS 0x0000000092b00000, 0x0000000092a00000| Untracked 
| 299|0x0000000092b00000, 0x0000000092c00000, 0x0000000092c00000|100%| O|  |TAMS 0x0000000092c00000, 0x0000000092b00000| Untracked 
| 300|0x0000000092c00000, 0x0000000092d00000, 0x0000000092d00000|100%| O|  |TAMS 0x0000000092d00000, 0x0000000092c00000| Untracked 
| 301|0x0000000092d00000, 0x0000000092e00000, 0x0000000092e00000|100%| O|  |TAMS 0x0000000092e00000, 0x0000000092d00000| Untracked 
| 302|0x0000000092e00000, 0x0000000092f00000, 0x0000000092f00000|100%| O|  |TAMS 0x0000000092f00000, 0x0000000092e00000| Untracked 
| 303|0x0000000092f00000, 0x0000000093000000, 0x0000000093000000|100%| O|  |TAMS 0x0000000093000000, 0x0000000092f00000| Untracked 
| 304|0x0000000093000000, 0x0000000093100000, 0x0000000093100000|100%| O|  |TAMS 0x0000000093100000, 0x0000000093000000| Untracked 
| 305|0x0000000093100000, 0x0000000093200000, 0x0000000093200000|100%| O|  |TAMS 0x0000000093200000, 0x0000000093100000| Untracked 
| 306|0x0000000093200000, 0x0000000093300000, 0x0000000093300000|100%| O|  |TAMS 0x0000000093300000, 0x0000000093200000| Untracked 
| 307|0x0000000093300000, 0x0000000093400000, 0x0000000093400000|100%| O|  |TAMS 0x0000000093400000, 0x0000000093300000| Untracked 
| 308|0x0000000093400000, 0x0000000093500000, 0x0000000093500000|100%| O|  |TAMS 0x0000000093500000, 0x0000000093400000| Untracked 
| 309|0x0000000093500000, 0x0000000093500000, 0x0000000093600000|  0%| F|  |TAMS 0x0000000093500000, 0x0000000093500000| Untracked 
| 310|0x0000000093600000, 0x0000000093600000, 0x0000000093700000|  0%| F|  |TAMS 0x0000000093600000, 0x0000000093600000| Untracked 
| 311|0x0000000093700000, 0x0000000093800000, 0x0000000093800000|100%|HS|  |TAMS 0x0000000093800000, 0x0000000093700000| Complete 
| 312|0x0000000093800000, 0x0000000093900000, 0x0000000093900000|100%| O|  |TAMS 0x0000000093900000, 0x0000000093800000| Untracked 
| 313|0x0000000093900000, 0x0000000093a00000, 0x0000000093a00000|100%| O|  |TAMS 0x0000000093a00000, 0x0000000093900000| Untracked 
| 314|0x0000000093a00000, 0x0000000093b00000, 0x0000000093b00000|100%| O|  |TAMS 0x0000000093b00000, 0x0000000093a00000| Untracked 
| 315|0x0000000093b00000, 0x0000000093c00000, 0x0000000093c00000|100%| O|  |TAMS 0x0000000093c00000, 0x0000000093b00000| Untracked 
| 316|0x0000000093c00000, 0x0000000093d00000, 0x0000000093d00000|100%| O|  |TAMS 0x0000000093d00000, 0x0000000093c00000| Untracked 
| 317|0x0000000093d00000, 0x0000000093e00000, 0x0000000093e00000|100%| O|  |TAMS 0x0000000093e00000, 0x0000000093d00000| Untracked 
| 318|0x0000000093e00000, 0x0000000093f00000, 0x0000000093f00000|100%| O|  |TAMS 0x0000000093f00000, 0x0000000093e00000| Untracked 
| 319|0x0000000093f00000, 0x0000000094000000, 0x0000000094000000|100%| O|  |TAMS 0x0000000094000000, 0x0000000093f00000| Untracked 
| 320|0x0000000094000000, 0x0000000094100000, 0x0000000094100000|100%| O|  |TAMS 0x0000000094100000, 0x0000000094000000| Untracked 
| 321|0x0000000094100000, 0x0000000094200000, 0x0000000094200000|100%| O|  |TAMS 0x0000000094200000, 0x0000000094100000| Untracked 
| 322|0x0000000094200000, 0x0000000094300000, 0x0000000094300000|100%| O|  |TAMS 0x0000000094300000, 0x0000000094200000| Untracked 
| 323|0x0000000094300000, 0x0000000094300000, 0x0000000094400000|  0%| F|  |TAMS 0x0000000094300000, 0x0000000094300000| Untracked 
| 324|0x0000000094400000, 0x0000000094500000, 0x0000000094500000|100%| O|  |TAMS 0x0000000094500000, 0x0000000094400000| Untracked 
| 325|0x0000000094500000, 0x0000000094600000, 0x0000000094600000|100%| O|  |TAMS 0x0000000094600000, 0x0000000094500000| Untracked 
| 326|0x0000000094600000, 0x0000000094600000, 0x0000000094700000|  0%| F|  |TAMS 0x0000000094600000, 0x0000000094600000| Untracked 
| 327|0x0000000094700000, 0x0000000094800000, 0x0000000094800000|100%| O|  |TAMS 0x0000000094800000, 0x0000000094700000| Untracked 
| 328|0x0000000094800000, 0x0000000094800000, 0x0000000094900000|  0%| F|  |TAMS 0x0000000094800000, 0x0000000094800000| Untracked 
| 329|0x0000000094900000, 0x0000000094a00000, 0x0000000094a00000|100%| O|  |TAMS 0x0000000094a00000, 0x0000000094900000| Untracked 
| 330|0x0000000094a00000, 0x0000000094b00000, 0x0000000094b00000|100%| O|  |TAMS 0x0000000094b00000, 0x0000000094a00000| Untracked 
| 331|0x0000000094b00000, 0x0000000094c00000, 0x0000000094c00000|100%| O|  |TAMS 0x0000000094c00000, 0x0000000094b00000| Untracked 
| 332|0x0000000094c00000, 0x0000000094d00000, 0x0000000094d00000|100%| O|  |TAMS 0x0000000094d00000, 0x0000000094c00000| Untracked 
| 333|0x0000000094d00000, 0x0000000094e00000, 0x0000000094e00000|100%| O|  |TAMS 0x0000000094e00000, 0x0000000094d00000| Untracked 
| 334|0x0000000094e00000, 0x0000000094f00000, 0x0000000094f00000|100%| O|  |TAMS 0x0000000094f00000, 0x0000000094e00000| Untracked 
| 335|0x0000000094f00000, 0x0000000095000000, 0x0000000095000000|100%| O|  |TAMS 0x0000000095000000, 0x0000000094f00000| Untracked 
| 336|0x0000000095000000, 0x0000000095100000, 0x0000000095100000|100%| O|  |TAMS 0x0000000095100000, 0x0000000095000000| Untracked 
| 337|0x0000000095100000, 0x0000000095200000, 0x0000000095200000|100%| O|  |TAMS 0x0000000095200000, 0x0000000095100000| Untracked 
| 338|0x0000000095200000, 0x0000000095300000, 0x0000000095300000|100%| O|  |TAMS 0x0000000095300000, 0x0000000095200000| Untracked 
| 339|0x0000000095300000, 0x0000000095400000, 0x0000000095400000|100%| O|  |TAMS 0x0000000095400000, 0x0000000095300000| Untracked 
| 340|0x0000000095400000, 0x0000000095500000, 0x0000000095500000|100%| O|  |TAMS 0x0000000095500000, 0x0000000095400000| Untracked 
| 341|0x0000000095500000, 0x0000000095600000, 0x0000000095600000|100%| O|  |TAMS 0x0000000095600000, 0x0000000095500000| Untracked 
| 342|0x0000000095600000, 0x0000000095700000, 0x0000000095700000|100%| O|  |TAMS 0x0000000095700000, 0x0000000095600000| Untracked 
| 343|0x0000000095700000, 0x0000000095800000, 0x0000000095800000|100%| O|  |TAMS 0x0000000095800000, 0x0000000095700000| Untracked 
| 344|0x0000000095800000, 0x0000000095900000, 0x0000000095900000|100%| O|  |TAMS 0x0000000095900000, 0x0000000095800000| Untracked 
| 345|0x0000000095900000, 0x0000000095a00000, 0x0000000095a00000|100%| O|  |TAMS 0x0000000095a00000, 0x0000000095900000| Untracked 
| 346|0x0000000095a00000, 0x0000000095b00000, 0x0000000095b00000|100%| O|  |TAMS 0x0000000095b00000, 0x0000000095a00000| Untracked 
| 347|0x0000000095b00000, 0x0000000095c00000, 0x0000000095c00000|100%| O|  |TAMS 0x0000000095c00000, 0x0000000095b00000| Untracked 
| 348|0x0000000095c00000, 0x0000000095d00000, 0x0000000095d00000|100%| O|  |TAMS 0x0000000095d00000, 0x0000000095c00000| Untracked 
| 349|0x0000000095d00000, 0x0000000095e00000, 0x0000000095e00000|100%| O|  |TAMS 0x0000000095e00000, 0x0000000095d00000| Untracked 
| 350|0x0000000095e00000, 0x0000000095f00000, 0x0000000095f00000|100%| O|  |TAMS 0x0000000095f00000, 0x0000000095e00000| Untracked 
| 351|0x0000000095f00000, 0x0000000096000000, 0x0000000096000000|100%| O|  |TAMS 0x0000000096000000, 0x0000000095f00000| Untracked 
| 352|0x0000000096000000, 0x0000000096100000, 0x0000000096100000|100%| O|  |TAMS 0x0000000096100000, 0x0000000096000000| Untracked 
| 353|0x0000000096100000, 0x0000000096200000, 0x0000000096200000|100%| O|  |TAMS 0x0000000096200000, 0x0000000096100000| Untracked 
| 354|0x0000000096200000, 0x0000000096300000, 0x0000000096300000|100%| O|  |TAMS 0x0000000096300000, 0x0000000096200000| Untracked 
| 355|0x0000000096300000, 0x0000000096400000, 0x0000000096400000|100%| O|  |TAMS 0x0000000096400000, 0x0000000096300000| Untracked 
| 356|0x0000000096400000, 0x0000000096500000, 0x0000000096500000|100%| O|  |TAMS 0x0000000096500000, 0x0000000096400000| Untracked 
| 357|0x0000000096500000, 0x0000000096600000, 0x0000000096600000|100%| O|  |TAMS 0x0000000096600000, 0x0000000096500000| Untracked 
| 358|0x0000000096600000, 0x0000000096700000, 0x0000000096700000|100%| O|  |TAMS 0x0000000096700000, 0x0000000096600000| Untracked 
| 359|0x0000000096700000, 0x0000000096800000, 0x0000000096800000|100%| O|  |TAMS 0x0000000096800000, 0x0000000096700000| Untracked 
| 360|0x0000000096800000, 0x0000000096900000, 0x0000000096900000|100%| O|  |TAMS 0x0000000096900000, 0x0000000096800000| Untracked 
| 361|0x0000000096900000, 0x0000000096a00000, 0x0000000096a00000|100%| O|  |TAMS 0x0000000096a00000, 0x0000000096900000| Untracked 
| 362|0x0000000096a00000, 0x0000000096b00000, 0x0000000096b00000|100%| O|  |TAMS 0x0000000096b00000, 0x0000000096a00000| Untracked 
| 363|0x0000000096b00000, 0x0000000096b00000, 0x0000000096c00000|  0%| F|  |TAMS 0x0000000096b00000, 0x0000000096b00000| Untracked 
| 364|0x0000000096c00000, 0x0000000096c00000, 0x0000000096d00000|  0%| F|  |TAMS 0x0000000096c00000, 0x0000000096c00000| Untracked 
| 365|0x0000000096d00000, 0x0000000096e00000, 0x0000000096e00000|100%| O|  |TAMS 0x0000000096d00000, 0x0000000096d00000| Untracked 
| 366|0x0000000096e00000, 0x0000000096f00000, 0x0000000096f00000|100%| O|  |TAMS 0x0000000096e00000, 0x0000000096e00000| Untracked 
| 367|0x0000000096f00000, 0x0000000097000000, 0x0000000097000000|100%|HS|  |TAMS 0x0000000097000000, 0x0000000096f00000| Complete 
| 368|0x0000000097000000, 0x0000000097100000, 0x0000000097100000|100%|HC|  |TAMS 0x0000000097100000, 0x0000000097000000| Complete 
| 369|0x0000000097100000, 0x0000000097200000, 0x0000000097200000|100%| O|  |TAMS 0x0000000097100000, 0x0000000097100000| Untracked 
| 370|0x0000000097200000, 0x0000000097300000, 0x0000000097300000|100%| O|  |TAMS 0x0000000097200000, 0x0000000097200000| Untracked 
| 371|0x0000000097300000, 0x0000000097400000, 0x0000000097400000|100%| O|  |TAMS 0x0000000097300000, 0x0000000097300000| Untracked 
| 372|0x0000000097400000, 0x0000000097500000, 0x0000000097500000|100%| O|  |TAMS 0x0000000097400000, 0x0000000097400000| Untracked 
| 373|0x0000000097500000, 0x0000000097600000, 0x0000000097600000|100%| O|  |TAMS 0x0000000097500000, 0x0000000097500000| Untracked 
| 374|0x0000000097600000, 0x0000000097700000, 0x0000000097700000|100%| O|  |TAMS 0x0000000097600000, 0x0000000097600000| Untracked 
| 375|0x0000000097700000, 0x0000000097800000, 0x0000000097800000|100%| O|  |TAMS 0x0000000097800000, 0x0000000097700000| Untracked 
| 376|0x0000000097800000, 0x0000000097900000, 0x0000000097900000|100%| O|  |TAMS 0x0000000097900000, 0x0000000097800000| Untracked 
| 377|0x0000000097900000, 0x0000000097a00000, 0x0000000097a00000|100%| O|  |TAMS 0x0000000097a00000, 0x0000000097900000| Untracked 
| 378|0x0000000097a00000, 0x0000000097b00000, 0x0000000097b00000|100%| O|  |TAMS 0x0000000097b00000, 0x0000000097a00000| Untracked 
| 379|0x0000000097b00000, 0x0000000097c00000, 0x0000000097c00000|100%| O|  |TAMS 0x0000000097c00000, 0x0000000097b00000| Untracked 
| 380|0x0000000097c00000, 0x0000000097d00000, 0x0000000097d00000|100%| O|  |TAMS 0x0000000097d00000, 0x0000000097c00000| Untracked 
| 381|0x0000000097d00000, 0x0000000097e00000, 0x0000000097e00000|100%| O|  |TAMS 0x0000000097e00000, 0x0000000097d00000| Untracked 
| 382|0x0000000097e00000, 0x0000000097f00000, 0x0000000097f00000|100%| O|  |TAMS 0x0000000097f00000, 0x0000000097e00000| Untracked 
| 383|0x0000000097f00000, 0x0000000098000000, 0x0000000098000000|100%| O|  |TAMS 0x0000000098000000, 0x0000000097f00000| Untracked 
| 384|0x0000000098000000, 0x0000000098100000, 0x0000000098100000|100%| O|  |TAMS 0x0000000098100000, 0x0000000098000000| Untracked 
| 385|0x0000000098100000, 0x0000000098200000, 0x0000000098200000|100%| O|  |TAMS 0x0000000098200000, 0x0000000098100000| Untracked 
| 386|0x0000000098200000, 0x0000000098300000, 0x0000000098300000|100%| O|  |TAMS 0x0000000098300000, 0x0000000098200000| Untracked 
| 387|0x0000000098300000, 0x0000000098400000, 0x0000000098400000|100%| O|  |TAMS 0x0000000098400000, 0x0000000098300000| Untracked 
| 388|0x0000000098400000, 0x0000000098500000, 0x0000000098500000|100%| O|  |TAMS 0x0000000098500000, 0x0000000098400000| Untracked 
| 389|0x0000000098500000, 0x0000000098600000, 0x0000000098600000|100%| O|  |TAMS 0x0000000098600000, 0x0000000098500000| Untracked 
| 390|0x0000000098600000, 0x0000000098700000, 0x0000000098700000|100%| O|  |TAMS 0x0000000098700000, 0x0000000098600000| Untracked 
| 391|0x0000000098700000, 0x0000000098800000, 0x0000000098800000|100%| O|  |TAMS 0x0000000098800000, 0x0000000098700000| Untracked 
| 392|0x0000000098800000, 0x0000000098900000, 0x0000000098900000|100%| O|  |TAMS 0x0000000098900000, 0x0000000098800000| Untracked 
| 393|0x0000000098900000, 0x0000000098a00000, 0x0000000098a00000|100%| O|  |TAMS 0x0000000098a00000, 0x0000000098900000| Untracked 
| 394|0x0000000098a00000, 0x0000000098b00000, 0x0000000098b00000|100%| O|  |TAMS 0x0000000098b00000, 0x0000000098a00000| Untracked 
| 395|0x0000000098b00000, 0x0000000098c00000, 0x0000000098c00000|100%| O|  |TAMS 0x0000000098c00000, 0x0000000098b00000| Untracked 
| 396|0x0000000098c00000, 0x0000000098d00000, 0x0000000098d00000|100%| O|  |TAMS 0x0000000098d00000, 0x0000000098c00000| Untracked 
| 397|0x0000000098d00000, 0x0000000098e00000, 0x0000000098e00000|100%| O|  |TAMS 0x0000000098e00000, 0x0000000098d00000| Untracked 
| 398|0x0000000098e00000, 0x0000000098f00000, 0x0000000098f00000|100%| O|  |TAMS 0x0000000098f00000, 0x0000000098e00000| Untracked 
| 399|0x0000000098f00000, 0x0000000099000000, 0x0000000099000000|100%| O|  |TAMS 0x0000000099000000, 0x0000000098f00000| Untracked 
| 400|0x0000000099000000, 0x0000000099100000, 0x0000000099100000|100%| O|  |TAMS 0x0000000099100000, 0x0000000099000000| Untracked 
| 401|0x0000000099100000, 0x0000000099200000, 0x0000000099200000|100%| O|  |TAMS 0x0000000099200000, 0x0000000099100000| Untracked 
| 402|0x0000000099200000, 0x0000000099300000, 0x0000000099300000|100%| O|  |TAMS 0x0000000099300000, 0x0000000099200000| Untracked 
| 403|0x0000000099300000, 0x0000000099400000, 0x0000000099400000|100%| O|  |TAMS 0x0000000099400000, 0x0000000099300000| Untracked 
| 404|0x0000000099400000, 0x0000000099500000, 0x0000000099500000|100%| O|  |TAMS 0x0000000099500000, 0x0000000099400000| Untracked 
| 405|0x0000000099500000, 0x0000000099600000, 0x0000000099600000|100%| O|  |TAMS 0x0000000099600000, 0x0000000099500000| Untracked 
| 406|0x0000000099600000, 0x0000000099700000, 0x0000000099700000|100%| O|  |TAMS 0x0000000099700000, 0x0000000099600000| Untracked 
| 407|0x0000000099700000, 0x0000000099800000, 0x0000000099800000|100%| O|  |TAMS 0x0000000099800000, 0x0000000099700000| Untracked 
| 408|0x0000000099800000, 0x0000000099900000, 0x0000000099900000|100%| O|  |TAMS 0x0000000099900000, 0x0000000099800000| Untracked 
| 409|0x0000000099900000, 0x0000000099a00000, 0x0000000099a00000|100%| O|  |TAMS 0x0000000099a00000, 0x0000000099900000| Untracked 
| 410|0x0000000099a00000, 0x0000000099b00000, 0x0000000099b00000|100%| O|  |TAMS 0x0000000099b00000, 0x0000000099a00000| Untracked 
| 411|0x0000000099b00000, 0x0000000099c00000, 0x0000000099c00000|100%| O|  |TAMS 0x0000000099c00000, 0x0000000099b00000| Untracked 
| 412|0x0000000099c00000, 0x0000000099d00000, 0x0000000099d00000|100%| O|  |TAMS 0x0000000099c1e000, 0x0000000099c00000| Untracked 
| 413|0x0000000099d00000, 0x0000000099e00000, 0x0000000099e00000|100%| O|  |TAMS 0x0000000099d00000, 0x0000000099d00000| Untracked 
| 414|0x0000000099e00000, 0x0000000099f00000, 0x0000000099f00000|100%| O|  |TAMS 0x0000000099e00000, 0x0000000099e00000| Untracked 
| 415|0x0000000099f00000, 0x000000009a000000, 0x000000009a000000|100%| O|  |TAMS 0x0000000099f00000, 0x0000000099f00000| Untracked 
| 416|0x000000009a000000, 0x000000009a100000, 0x000000009a100000|100%| O|  |TAMS 0x000000009a000000, 0x000000009a000000| Untracked 
| 417|0x000000009a100000, 0x000000009a200000, 0x000000009a200000|100%| O|  |TAMS 0x000000009a100000, 0x000000009a100000| Untracked 
| 418|0x000000009a200000, 0x000000009a300000, 0x000000009a300000|100%| O|  |TAMS 0x000000009a200000, 0x000000009a200000| Untracked 
| 419|0x000000009a300000, 0x000000009a400000, 0x000000009a400000|100%| O|  |TAMS 0x000000009a300000, 0x000000009a300000| Untracked 
| 420|0x000000009a400000, 0x000000009a500000, 0x000000009a500000|100%| O|  |TAMS 0x000000009a400000, 0x000000009a400000| Untracked 
| 421|0x000000009a500000, 0x000000009a600000, 0x000000009a600000|100%| O|  |TAMS 0x000000009a500000, 0x000000009a500000| Untracked 
| 422|0x000000009a600000, 0x000000009a700000, 0x000000009a700000|100%| O|  |TAMS 0x000000009a600000, 0x000000009a600000| Untracked 
| 423|0x000000009a700000, 0x000000009a800000, 0x000000009a800000|100%| O|  |TAMS 0x000000009a700000, 0x000000009a700000| Untracked 
| 424|0x000000009a800000, 0x000000009a900000, 0x000000009a900000|100%| O|  |TAMS 0x000000009a800000, 0x000000009a800000| Untracked 
| 425|0x000000009a900000, 0x000000009aa00000, 0x000000009aa00000|100%| O|  |TAMS 0x000000009a900000, 0x000000009a900000| Untracked 
| 426|0x000000009aa00000, 0x000000009ab00000, 0x000000009ab00000|100%| O|  |TAMS 0x000000009aa00000, 0x000000009aa00000| Untracked 
| 427|0x000000009ab00000, 0x000000009ac00000, 0x000000009ac00000|100%| O|  |TAMS 0x000000009ab00000, 0x000000009ab00000| Untracked 
| 428|0x000000009ac00000, 0x000000009ad00000, 0x000000009ad00000|100%| O|  |TAMS 0x000000009ac00000, 0x000000009ac00000| Untracked 
| 429|0x000000009ad00000, 0x000000009ae00000, 0x000000009ae00000|100%| O|  |TAMS 0x000000009ad00000, 0x000000009ad00000| Untracked 
| 430|0x000000009ae00000, 0x000000009af00000, 0x000000009af00000|100%| O|  |TAMS 0x000000009ae00000, 0x000000009ae00000| Untracked 
| 431|0x000000009af00000, 0x000000009b000000, 0x000000009b000000|100%| O|  |TAMS 0x000000009af00000, 0x000000009af00000| Untracked 
| 432|0x000000009b000000, 0x000000009b100000, 0x000000009b100000|100%| O|  |TAMS 0x000000009b000000, 0x000000009b000000| Untracked 
| 433|0x000000009b100000, 0x000000009b19a600, 0x000000009b200000| 60%| O|  |TAMS 0x000000009b100000, 0x000000009b100000| Untracked 
| 434|0x000000009b200000, 0x000000009b200000, 0x000000009b300000|  0%| F|  |TAMS 0x000000009b200000, 0x000000009b200000| Untracked 
| 435|0x000000009b300000, 0x000000009b300000, 0x000000009b400000|  0%| F|  |TAMS 0x000000009b300000, 0x000000009b300000| Untracked 
| 436|0x000000009b400000, 0x000000009b500000, 0x000000009b500000|100%| O|  |TAMS 0x000000009b400000, 0x000000009b400000| Untracked 
| 437|0x000000009b500000, 0x000000009b600000, 0x000000009b600000|100%| O|  |TAMS 0x000000009b500000, 0x000000009b500000| Untracked 
| 438|0x000000009b600000, 0x000000009b700000, 0x000000009b700000|100%| O|  |TAMS 0x000000009b600000, 0x000000009b600000| Untracked 
| 439|0x000000009b700000, 0x000000009b800000, 0x000000009b800000|100%| O|  |TAMS 0x000000009b700000, 0x000000009b700000| Untracked 
| 440|0x000000009b800000, 0x000000009b900000, 0x000000009b900000|100%| O|  |TAMS 0x000000009b800000, 0x000000009b800000| Untracked 
| 441|0x000000009b900000, 0x000000009ba00000, 0x000000009ba00000|100%| O|  |TAMS 0x000000009b900000, 0x000000009b900000| Untracked 
| 442|0x000000009ba00000, 0x000000009bb00000, 0x000000009bb00000|100%| O|  |TAMS 0x000000009ba00000, 0x000000009ba00000| Untracked 
| 443|0x000000009bb00000, 0x000000009bc00000, 0x000000009bc00000|100%| O|  |TAMS 0x000000009bb00000, 0x000000009bb00000| Untracked 
| 444|0x000000009bc00000, 0x000000009bd00000, 0x000000009bd00000|100%| O|  |TAMS 0x000000009bc00000, 0x000000009bc00000| Untracked 
| 445|0x000000009bd00000, 0x000000009be00000, 0x000000009be00000|100%| O|  |TAMS 0x000000009bd00000, 0x000000009bd00000| Untracked 
| 446|0x000000009be00000, 0x000000009bf00000, 0x000000009bf00000|100%| O|  |TAMS 0x000000009be00000, 0x000000009be00000| Untracked 
| 447|0x000000009bf00000, 0x000000009bf00000, 0x000000009c000000|  0%| F|  |TAMS 0x000000009bf00000, 0x000000009bf00000| Untracked 
| 448|0x000000009c000000, 0x000000009c000000, 0x000000009c100000|  0%| F|  |TAMS 0x000000009c000000, 0x000000009c000000| Untracked 
| 449|0x000000009c100000, 0x000000009c100000, 0x000000009c200000|  0%| F|  |TAMS 0x000000009c100000, 0x000000009c100000| Untracked 
| 450|0x000000009c200000, 0x000000009c200000, 0x000000009c300000|  0%| F|  |TAMS 0x000000009c200000, 0x000000009c200000| Untracked 
| 451|0x000000009c300000, 0x000000009c400000, 0x000000009c400000|100%| O|  |TAMS 0x000000009c300000, 0x000000009c300000| Untracked 
| 452|0x000000009c400000, 0x000000009c400000, 0x000000009c500000|  0%| F|  |TAMS 0x000000009c400000, 0x000000009c400000| Untracked 
| 453|0x000000009c500000, 0x000000009c500000, 0x000000009c600000|  0%| F|  |TAMS 0x000000009c500000, 0x000000009c500000| Untracked 
| 454|0x000000009c600000, 0x000000009c600000, 0x000000009c700000|  0%| F|  |TAMS 0x000000009c600000, 0x000000009c600000| Untracked 
| 455|0x000000009c700000, 0x000000009c700000, 0x000000009c800000|  0%| F|  |TAMS 0x000000009c700000, 0x000000009c700000| Untracked 
| 456|0x000000009c800000, 0x000000009c800000, 0x000000009c900000|  0%| F|  |TAMS 0x000000009c800000, 0x000000009c800000| Untracked 
| 457|0x000000009c900000, 0x000000009c900000, 0x000000009ca00000|  0%| F|  |TAMS 0x000000009c900000, 0x000000009c900000| Untracked 
| 458|0x000000009ca00000, 0x000000009ca00000, 0x000000009cb00000|  0%| F|  |TAMS 0x000000009ca00000, 0x000000009ca00000| Untracked 
| 459|0x000000009cb00000, 0x000000009cb00000, 0x000000009cc00000|  0%| F|  |TAMS 0x000000009cb00000, 0x000000009cb00000| Untracked 
| 460|0x000000009cc00000, 0x000000009cc00000, 0x000000009cd00000|  0%| F|  |TAMS 0x000000009cc00000, 0x000000009cc00000| Untracked 
| 461|0x000000009cd00000, 0x000000009cd00000, 0x000000009ce00000|  0%| F|  |TAMS 0x000000009cd00000, 0x000000009cd00000| Untracked 
| 462|0x000000009ce00000, 0x000000009ce00000, 0x000000009cf00000|  0%| F|  |TAMS 0x000000009ce00000, 0x000000009ce00000| Untracked 
| 463|0x000000009cf00000, 0x000000009cf00000, 0x000000009d000000|  0%| F|  |TAMS 0x000000009cf00000, 0x000000009cf00000| Untracked 
| 464|0x000000009d000000, 0x000000009d000000, 0x000000009d100000|  0%| F|  |TAMS 0x000000009d000000, 0x000000009d000000| Untracked 
| 465|0x000000009d100000, 0x000000009d100000, 0x000000009d200000|  0%| F|  |TAMS 0x000000009d100000, 0x000000009d100000| Untracked 
| 466|0x000000009d200000, 0x000000009d200000, 0x000000009d300000|  0%| F|  |TAMS 0x000000009d200000, 0x000000009d200000| Untracked 
| 467|0x000000009d300000, 0x000000009d300000, 0x000000009d400000|  0%| F|  |TAMS 0x000000009d300000, 0x000000009d300000| Untracked 
| 468|0x000000009d400000, 0x000000009d400000, 0x000000009d500000|  0%| F|  |TAMS 0x000000009d400000, 0x000000009d400000| Untracked 
| 469|0x000000009d500000, 0x000000009d500000, 0x000000009d600000|  0%| F|  |TAMS 0x000000009d500000, 0x000000009d500000| Untracked 
| 470|0x000000009d600000, 0x000000009d600000, 0x000000009d700000|  0%| F|  |TAMS 0x000000009d600000, 0x000000009d600000| Untracked 
| 471|0x000000009d700000, 0x000000009d700000, 0x000000009d800000|  0%| F|  |TAMS 0x000000009d700000, 0x000000009d700000| Untracked 
| 472|0x000000009d800000, 0x000000009d800000, 0x000000009d900000|  0%| F|  |TAMS 0x000000009d800000, 0x000000009d800000| Untracked 
| 473|0x000000009d900000, 0x000000009d900000, 0x000000009da00000|  0%| F|  |TAMS 0x000000009d900000, 0x000000009d900000| Untracked 
| 474|0x000000009da00000, 0x000000009da00000, 0x000000009db00000|  0%| F|  |TAMS 0x000000009da00000, 0x000000009da00000| Untracked 
| 475|0x000000009db00000, 0x000000009db00000, 0x000000009dc00000|  0%| F|  |TAMS 0x000000009db00000, 0x000000009db00000| Untracked 
| 476|0x000000009dc00000, 0x000000009dc00000, 0x000000009dd00000|  0%| F|  |TAMS 0x000000009dc00000, 0x000000009dc00000| Untracked 
| 477|0x000000009dd00000, 0x000000009dd00000, 0x000000009de00000|  0%| F|  |TAMS 0x000000009dd00000, 0x000000009dd00000| Untracked 
| 478|0x000000009de00000, 0x000000009de00000, 0x000000009df00000|  0%| F|  |TAMS 0x000000009de00000, 0x000000009de00000| Untracked 
| 479|0x000000009df00000, 0x000000009df00000, 0x000000009e000000|  0%| F|  |TAMS 0x000000009df00000, 0x000000009df00000| Untracked 
| 480|0x000000009e000000, 0x000000009e000000, 0x000000009e100000|  0%| F|  |TAMS 0x000000009e000000, 0x000000009e000000| Untracked 
| 481|0x000000009e100000, 0x000000009e100000, 0x000000009e200000|  0%| F|  |TAMS 0x000000009e100000, 0x000000009e100000| Untracked 
| 482|0x000000009e200000, 0x000000009e200000, 0x000000009e300000|  0%| F|  |TAMS 0x000000009e200000, 0x000000009e200000| Untracked 
| 483|0x000000009e300000, 0x000000009e300000, 0x000000009e400000|  0%| F|  |TAMS 0x000000009e300000, 0x000000009e300000| Untracked 
| 484|0x000000009e400000, 0x000000009e400000, 0x000000009e500000|  0%| F|  |TAMS 0x000000009e400000, 0x000000009e400000| Untracked 
| 485|0x000000009e500000, 0x000000009e500000, 0x000000009e600000|  0%| F|  |TAMS 0x000000009e500000, 0x000000009e500000| Untracked 
| 486|0x000000009e600000, 0x000000009e600000, 0x000000009e700000|  0%| F|  |TAMS 0x000000009e600000, 0x000000009e600000| Untracked 
| 487|0x000000009e700000, 0x000000009e700000, 0x000000009e800000|  0%| F|  |TAMS 0x000000009e700000, 0x000000009e700000| Untracked 
| 488|0x000000009e800000, 0x000000009e800000, 0x000000009e900000|  0%| F|  |TAMS 0x000000009e800000, 0x000000009e800000| Untracked 
| 489|0x000000009e900000, 0x000000009e900000, 0x000000009ea00000|  0%| F|  |TAMS 0x000000009e900000, 0x000000009e900000| Untracked 
| 490|0x000000009ea00000, 0x000000009ea00000, 0x000000009eb00000|  0%| F|  |TAMS 0x000000009ea00000, 0x000000009ea00000| Untracked 
| 491|0x000000009eb00000, 0x000000009eb00000, 0x000000009ec00000|  0%| F|  |TAMS 0x000000009eb00000, 0x000000009eb00000| Untracked 
| 492|0x000000009ec00000, 0x000000009ec00000, 0x000000009ed00000|  0%| F|  |TAMS 0x000000009ec00000, 0x000000009ec00000| Untracked 
| 493|0x000000009ed00000, 0x000000009ed00000, 0x000000009ee00000|  0%| F|  |TAMS 0x000000009ed00000, 0x000000009ed00000| Untracked 
| 494|0x000000009ee00000, 0x000000009ee00000, 0x000000009ef00000|  0%| F|  |TAMS 0x000000009ee00000, 0x000000009ee00000| Untracked 
| 495|0x000000009ef00000, 0x000000009ef00000, 0x000000009f000000|  0%| F|  |TAMS 0x000000009ef00000, 0x000000009ef00000| Untracked 
| 496|0x000000009f000000, 0x000000009f000000, 0x000000009f100000|  0%| F|  |TAMS 0x000000009f000000, 0x000000009f000000| Untracked 
| 497|0x000000009f100000, 0x000000009f100000, 0x000000009f200000|  0%| F|  |TAMS 0x000000009f100000, 0x000000009f100000| Untracked 
| 498|0x000000009f200000, 0x000000009f200000, 0x000000009f300000|  0%| F|  |TAMS 0x000000009f200000, 0x000000009f200000| Untracked 
| 499|0x000000009f300000, 0x000000009f300000, 0x000000009f400000|  0%| F|  |TAMS 0x000000009f300000, 0x000000009f300000| Untracked 
| 500|0x000000009f400000, 0x000000009f400000, 0x000000009f500000|  0%| F|  |TAMS 0x000000009f400000, 0x000000009f400000| Untracked 
| 501|0x000000009f500000, 0x000000009f500000, 0x000000009f600000|  0%| F|  |TAMS 0x000000009f500000, 0x000000009f500000| Untracked 
| 502|0x000000009f600000, 0x000000009f600000, 0x000000009f700000|  0%| F|  |TAMS 0x000000009f600000, 0x000000009f600000| Untracked 
| 503|0x000000009f700000, 0x000000009f700000, 0x000000009f800000|  0%| F|  |TAMS 0x000000009f700000, 0x000000009f700000| Untracked 
| 504|0x000000009f800000, 0x000000009f800000, 0x000000009f900000|  0%| F|  |TAMS 0x000000009f800000, 0x000000009f800000| Untracked 
| 505|0x000000009f900000, 0x000000009f900000, 0x000000009fa00000|  0%| F|  |TAMS 0x000000009f900000, 0x000000009f900000| Untracked 
| 506|0x000000009fa00000, 0x000000009fa00000, 0x000000009fb00000|  0%| F|  |TAMS 0x000000009fa00000, 0x000000009fa00000| Untracked 
| 507|0x000000009fb00000, 0x000000009fb00000, 0x000000009fc00000|  0%| F|  |TAMS 0x000000009fb00000, 0x000000009fb00000| Untracked 
| 508|0x000000009fc00000, 0x000000009fc00000, 0x000000009fd00000|  0%| F|  |TAMS 0x000000009fc00000, 0x000000009fc00000| Untracked 
| 509|0x000000009fd00000, 0x000000009fd00000, 0x000000009fe00000|  0%| F|  |TAMS 0x000000009fd00000, 0x000000009fd00000| Untracked 
| 510|0x000000009fe00000, 0x000000009fe00000, 0x000000009ff00000|  0%| F|  |TAMS 0x000000009fe00000, 0x000000009fe00000| Untracked 
| 511|0x000000009ff00000, 0x000000009ff00000, 0x00000000a0000000|  0%| F|  |TAMS 0x000000009ff00000, 0x000000009ff00000| Untracked 
| 512|0x00000000a0000000, 0x00000000a0000000, 0x00000000a0100000|  0%| F|  |TAMS 0x00000000a0000000, 0x00000000a0000000| Untracked 
| 513|0x00000000a0100000, 0x00000000a0100000, 0x00000000a0200000|  0%| F|  |TAMS 0x00000000a0100000, 0x00000000a0100000| Untracked 
| 514|0x00000000a0200000, 0x00000000a0200000, 0x00000000a0300000|  0%| F|  |TAMS 0x00000000a0200000, 0x00000000a0200000| Untracked 
| 515|0x00000000a0300000, 0x00000000a0300000, 0x00000000a0400000|  0%| F|  |TAMS 0x00000000a0300000, 0x00000000a0300000| Untracked 
| 516|0x00000000a0400000, 0x00000000a0400000, 0x00000000a0500000|  0%| F|  |TAMS 0x00000000a0400000, 0x00000000a0400000| Untracked 
| 517|0x00000000a0500000, 0x00000000a0500000, 0x00000000a0600000|  0%| F|  |TAMS 0x00000000a0500000, 0x00000000a0500000| Untracked 
| 518|0x00000000a0600000, 0x00000000a0600000, 0x00000000a0700000|  0%| F|  |TAMS 0x00000000a0600000, 0x00000000a0600000| Untracked 
| 519|0x00000000a0700000, 0x00000000a0700000, 0x00000000a0800000|  0%| F|  |TAMS 0x00000000a0700000, 0x00000000a0700000| Untracked 
| 520|0x00000000a0800000, 0x00000000a0800000, 0x00000000a0900000|  0%| F|  |TAMS 0x00000000a0800000, 0x00000000a0800000| Untracked 
| 521|0x00000000a0900000, 0x00000000a0900000, 0x00000000a0a00000|  0%| F|  |TAMS 0x00000000a0900000, 0x00000000a0900000| Untracked 
| 522|0x00000000a0a00000, 0x00000000a0a00000, 0x00000000a0b00000|  0%| F|  |TAMS 0x00000000a0a00000, 0x00000000a0a00000| Untracked 
| 523|0x00000000a0b00000, 0x00000000a0b00000, 0x00000000a0c00000|  0%| F|  |TAMS 0x00000000a0b00000, 0x00000000a0b00000| Untracked 
| 524|0x00000000a0c00000, 0x00000000a0c00000, 0x00000000a0d00000|  0%| F|  |TAMS 0x00000000a0c00000, 0x00000000a0c00000| Untracked 
| 525|0x00000000a0d00000, 0x00000000a0d00000, 0x00000000a0e00000|  0%| F|  |TAMS 0x00000000a0d00000, 0x00000000a0d00000| Untracked 
| 526|0x00000000a0e00000, 0x00000000a0e00000, 0x00000000a0f00000|  0%| F|  |TAMS 0x00000000a0e00000, 0x00000000a0e00000| Untracked 
| 527|0x00000000a0f00000, 0x00000000a0f00000, 0x00000000a1000000|  0%| F|  |TAMS 0x00000000a0f00000, 0x00000000a0f00000| Untracked 
| 528|0x00000000a1000000, 0x00000000a1000000, 0x00000000a1100000|  0%| F|  |TAMS 0x00000000a1000000, 0x00000000a1000000| Untracked 
| 529|0x00000000a1100000, 0x00000000a1100000, 0x00000000a1200000|  0%| F|  |TAMS 0x00000000a1100000, 0x00000000a1100000| Untracked 
| 530|0x00000000a1200000, 0x00000000a1200000, 0x00000000a1300000|  0%| F|  |TAMS 0x00000000a1200000, 0x00000000a1200000| Untracked 
| 531|0x00000000a1300000, 0x00000000a1300000, 0x00000000a1400000|  0%| F|  |TAMS 0x00000000a1300000, 0x00000000a1300000| Untracked 
| 532|0x00000000a1400000, 0x00000000a1400000, 0x00000000a1500000|  0%| F|  |TAMS 0x00000000a1400000, 0x00000000a1400000| Untracked 
| 533|0x00000000a1500000, 0x00000000a1500000, 0x00000000a1600000|  0%| F|  |TAMS 0x00000000a1500000, 0x00000000a1500000| Untracked 
| 534|0x00000000a1600000, 0x00000000a1600000, 0x00000000a1700000|  0%| F|  |TAMS 0x00000000a1600000, 0x00000000a1600000| Untracked 
| 535|0x00000000a1700000, 0x00000000a1700000, 0x00000000a1800000|  0%| F|  |TAMS 0x00000000a1700000, 0x00000000a1700000| Untracked 
| 536|0x00000000a1800000, 0x00000000a1800000, 0x00000000a1900000|  0%| F|  |TAMS 0x00000000a1800000, 0x00000000a1800000| Untracked 
| 537|0x00000000a1900000, 0x00000000a1900000, 0x00000000a1a00000|  0%| F|  |TAMS 0x00000000a1900000, 0x00000000a1900000| Untracked 
| 538|0x00000000a1a00000, 0x00000000a1a00000, 0x00000000a1b00000|  0%| F|  |TAMS 0x00000000a1a00000, 0x00000000a1a00000| Untracked 
| 539|0x00000000a1b00000, 0x00000000a1b00000, 0x00000000a1c00000|  0%| F|  |TAMS 0x00000000a1b00000, 0x00000000a1b00000| Untracked 
| 540|0x00000000a1c00000, 0x00000000a1c00000, 0x00000000a1d00000|  0%| F|  |TAMS 0x00000000a1c00000, 0x00000000a1c00000| Untracked 
| 541|0x00000000a1d00000, 0x00000000a1d00000, 0x00000000a1e00000|  0%| F|  |TAMS 0x00000000a1d00000, 0x00000000a1d00000| Untracked 
| 542|0x00000000a1e00000, 0x00000000a1e00000, 0x00000000a1f00000|  0%| F|  |TAMS 0x00000000a1e00000, 0x00000000a1e00000| Untracked 
| 543|0x00000000a1f00000, 0x00000000a1f00000, 0x00000000a2000000|  0%| F|  |TAMS 0x00000000a1f00000, 0x00000000a1f00000| Untracked 
| 544|0x00000000a2000000, 0x00000000a2000000, 0x00000000a2100000|  0%| F|  |TAMS 0x00000000a2000000, 0x00000000a2000000| Untracked 
| 545|0x00000000a2100000, 0x00000000a2100000, 0x00000000a2200000|  0%| F|  |TAMS 0x00000000a2100000, 0x00000000a2100000| Untracked 
| 546|0x00000000a2200000, 0x00000000a2200000, 0x00000000a2300000|  0%| F|  |TAMS 0x00000000a2200000, 0x00000000a2200000| Untracked 
| 547|0x00000000a2300000, 0x00000000a2300000, 0x00000000a2400000|  0%| F|  |TAMS 0x00000000a2300000, 0x00000000a2300000| Untracked 
| 548|0x00000000a2400000, 0x00000000a2400000, 0x00000000a2500000|  0%| F|  |TAMS 0x00000000a2400000, 0x00000000a2400000| Untracked 
| 549|0x00000000a2500000, 0x00000000a2500000, 0x00000000a2600000|  0%| F|  |TAMS 0x00000000a2500000, 0x00000000a2500000| Untracked 
| 550|0x00000000a2600000, 0x00000000a2600000, 0x00000000a2700000|  0%| F|  |TAMS 0x00000000a2600000, 0x00000000a2600000| Untracked 
| 551|0x00000000a2700000, 0x00000000a2700000, 0x00000000a2800000|  0%| F|  |TAMS 0x00000000a2700000, 0x00000000a2700000| Untracked 
| 552|0x00000000a2800000, 0x00000000a2800000, 0x00000000a2900000|  0%| F|  |TAMS 0x00000000a2800000, 0x00000000a2800000| Untracked 
| 553|0x00000000a2900000, 0x00000000a2900000, 0x00000000a2a00000|  0%| F|  |TAMS 0x00000000a2900000, 0x00000000a2900000| Untracked 
| 554|0x00000000a2a00000, 0x00000000a2a00000, 0x00000000a2b00000|  0%| F|  |TAMS 0x00000000a2a00000, 0x00000000a2a00000| Untracked 
| 555|0x00000000a2b00000, 0x00000000a2b00000, 0x00000000a2c00000|  0%| F|  |TAMS 0x00000000a2b00000, 0x00000000a2b00000| Untracked 
| 556|0x00000000a2c00000, 0x00000000a2c00000, 0x00000000a2d00000|  0%| F|  |TAMS 0x00000000a2c00000, 0x00000000a2c00000| Untracked 
| 557|0x00000000a2d00000, 0x00000000a2d00000, 0x00000000a2e00000|  0%| F|  |TAMS 0x00000000a2d00000, 0x00000000a2d00000| Untracked 
| 558|0x00000000a2e00000, 0x00000000a2e00000, 0x00000000a2f00000|  0%| F|  |TAMS 0x00000000a2e00000, 0x00000000a2e00000| Untracked 
| 559|0x00000000a2f00000, 0x00000000a2f00000, 0x00000000a3000000|  0%| F|  |TAMS 0x00000000a2f00000, 0x00000000a2f00000| Untracked 
| 560|0x00000000a3000000, 0x00000000a3000000, 0x00000000a3100000|  0%| F|  |TAMS 0x00000000a3000000, 0x00000000a3000000| Untracked 
| 561|0x00000000a3100000, 0x00000000a3100000, 0x00000000a3200000|  0%| F|  |TAMS 0x00000000a3100000, 0x00000000a3100000| Untracked 
| 562|0x00000000a3200000, 0x00000000a3200000, 0x00000000a3300000|  0%| F|  |TAMS 0x00000000a3200000, 0x00000000a3200000| Untracked 
| 563|0x00000000a3300000, 0x00000000a3300000, 0x00000000a3400000|  0%| F|  |TAMS 0x00000000a3300000, 0x00000000a3300000| Untracked 
| 564|0x00000000a3400000, 0x00000000a3400000, 0x00000000a3500000|  0%| F|  |TAMS 0x00000000a3400000, 0x00000000a3400000| Untracked 
| 565|0x00000000a3500000, 0x00000000a3500000, 0x00000000a3600000|  0%| F|  |TAMS 0x00000000a3500000, 0x00000000a3500000| Untracked 
| 566|0x00000000a3600000, 0x00000000a3600000, 0x00000000a3700000|  0%| F|  |TAMS 0x00000000a3600000, 0x00000000a3600000| Untracked 
| 567|0x00000000a3700000, 0x00000000a3700000, 0x00000000a3800000|  0%| F|  |TAMS 0x00000000a3700000, 0x00000000a3700000| Untracked 
| 568|0x00000000a3800000, 0x00000000a3800000, 0x00000000a3900000|  0%| F|  |TAMS 0x00000000a3800000, 0x00000000a3800000| Untracked 
| 569|0x00000000a3900000, 0x00000000a3900000, 0x00000000a3a00000|  0%| F|  |TAMS 0x00000000a3900000, 0x00000000a3900000| Untracked 
| 570|0x00000000a3a00000, 0x00000000a3a00000, 0x00000000a3b00000|  0%| F|  |TAMS 0x00000000a3a00000, 0x00000000a3a00000| Untracked 
| 571|0x00000000a3b00000, 0x00000000a3b00000, 0x00000000a3c00000|  0%| F|  |TAMS 0x00000000a3b00000, 0x00000000a3b00000| Untracked 
| 572|0x00000000a3c00000, 0x00000000a3c00000, 0x00000000a3d00000|  0%| F|  |TAMS 0x00000000a3c00000, 0x00000000a3c00000| Untracked 
| 573|0x00000000a3d00000, 0x00000000a3d00000, 0x00000000a3e00000|  0%| F|  |TAMS 0x00000000a3d00000, 0x00000000a3d00000| Untracked 
| 574|0x00000000a3e00000, 0x00000000a3e00000, 0x00000000a3f00000|  0%| F|  |TAMS 0x00000000a3e00000, 0x00000000a3e00000| Untracked 
| 575|0x00000000a3f00000, 0x00000000a3f00000, 0x00000000a4000000|  0%| F|  |TAMS 0x00000000a3f00000, 0x00000000a3f00000| Untracked 
| 576|0x00000000a4000000, 0x00000000a4000000, 0x00000000a4100000|  0%| F|  |TAMS 0x00000000a4000000, 0x00000000a4000000| Untracked 
| 577|0x00000000a4100000, 0x00000000a4100000, 0x00000000a4200000|  0%| F|  |TAMS 0x00000000a4100000, 0x00000000a4100000| Untracked 
| 578|0x00000000a4200000, 0x00000000a4200000, 0x00000000a4300000|  0%| F|  |TAMS 0x00000000a4200000, 0x00000000a4200000| Untracked 
| 579|0x00000000a4300000, 0x00000000a4300000, 0x00000000a4400000|  0%| F|  |TAMS 0x00000000a4300000, 0x00000000a4300000| Untracked 
| 580|0x00000000a4400000, 0x00000000a4400000, 0x00000000a4500000|  0%| F|  |TAMS 0x00000000a4400000, 0x00000000a4400000| Untracked 
| 581|0x00000000a4500000, 0x00000000a4500000, 0x00000000a4600000|  0%| F|  |TAMS 0x00000000a4500000, 0x00000000a4500000| Untracked 
| 582|0x00000000a4600000, 0x00000000a4600000, 0x00000000a4700000|  0%| F|  |TAMS 0x00000000a4600000, 0x00000000a4600000| Untracked 
| 583|0x00000000a4700000, 0x00000000a4700000, 0x00000000a4800000|  0%| F|  |TAMS 0x00000000a4700000, 0x00000000a4700000| Untracked 
| 584|0x00000000a4800000, 0x00000000a4800000, 0x00000000a4900000|  0%| F|  |TAMS 0x00000000a4800000, 0x00000000a4800000| Untracked 
| 585|0x00000000a4900000, 0x00000000a4900000, 0x00000000a4a00000|  0%| F|  |TAMS 0x00000000a4900000, 0x00000000a4900000| Untracked 
| 586|0x00000000a4a00000, 0x00000000a4a00000, 0x00000000a4b00000|  0%| F|  |TAMS 0x00000000a4a00000, 0x00000000a4a00000| Untracked 
| 587|0x00000000a4b00000, 0x00000000a4b00000, 0x00000000a4c00000|  0%| F|  |TAMS 0x00000000a4b00000, 0x00000000a4b00000| Untracked 
| 588|0x00000000a4c00000, 0x00000000a4c00000, 0x00000000a4d00000|  0%| F|  |TAMS 0x00000000a4c00000, 0x00000000a4c00000| Untracked 
| 589|0x00000000a4d00000, 0x00000000a4d00000, 0x00000000a4e00000|  0%| F|  |TAMS 0x00000000a4d00000, 0x00000000a4d00000| Untracked 
| 590|0x00000000a4e00000, 0x00000000a4e00000, 0x00000000a4f00000|  0%| F|  |TAMS 0x00000000a4e00000, 0x00000000a4e00000| Untracked 
| 591|0x00000000a4f00000, 0x00000000a4f00000, 0x00000000a5000000|  0%| F|  |TAMS 0x00000000a4f00000, 0x00000000a4f00000| Untracked 
| 592|0x00000000a5000000, 0x00000000a5000000, 0x00000000a5100000|  0%| F|  |TAMS 0x00000000a5000000, 0x00000000a5000000| Untracked 
| 593|0x00000000a5100000, 0x00000000a5100000, 0x00000000a5200000|  0%| F|  |TAMS 0x00000000a5100000, 0x00000000a5100000| Untracked 
| 594|0x00000000a5200000, 0x00000000a5200000, 0x00000000a5300000|  0%| F|  |TAMS 0x00000000a5200000, 0x00000000a5200000| Untracked 
| 595|0x00000000a5300000, 0x00000000a5300000, 0x00000000a5400000|  0%| F|  |TAMS 0x00000000a5300000, 0x00000000a5300000| Untracked 
| 596|0x00000000a5400000, 0x00000000a5400000, 0x00000000a5500000|  0%| F|  |TAMS 0x00000000a5400000, 0x00000000a5400000| Untracked 
| 597|0x00000000a5500000, 0x00000000a55fd1b8, 0x00000000a5600000| 98%| S|CS|TAMS 0x00000000a5500000, 0x00000000a5500000| Complete 
| 598|0x00000000a5600000, 0x00000000a5700000, 0x00000000a5700000|100%| S|CS|TAMS 0x00000000a5600000, 0x00000000a5600000| Complete 
| 599|0x00000000a5700000, 0x00000000a5800000, 0x00000000a5800000|100%| S|CS|TAMS 0x00000000a5700000, 0x00000000a5700000| Complete 
| 600|0x00000000a5800000, 0x00000000a5900000, 0x00000000a5900000|100%| S|CS|TAMS 0x00000000a5800000, 0x00000000a5800000| Complete 
| 601|0x00000000a5900000, 0x00000000a5a00000, 0x00000000a5a00000|100%| S|CS|TAMS 0x00000000a5900000, 0x00000000a5900000| Complete 
| 602|0x00000000a5a00000, 0x00000000a5b00000, 0x00000000a5b00000|100%| S|CS|TAMS 0x00000000a5a00000, 0x00000000a5a00000| Complete 
| 603|0x00000000a5b00000, 0x00000000a5c00000, 0x00000000a5c00000|100%| S|CS|TAMS 0x00000000a5b00000, 0x00000000a5b00000| Complete 
| 604|0x00000000a5c00000, 0x00000000a5d00000, 0x00000000a5d00000|100%| S|CS|TAMS 0x00000000a5c00000, 0x00000000a5c00000| Complete 
| 605|0x00000000a5d00000, 0x00000000a5e00000, 0x00000000a5e00000|100%| S|CS|TAMS 0x00000000a5d00000, 0x00000000a5d00000| Complete 
| 606|0x00000000a5e00000, 0x00000000a5e00000, 0x00000000a5f00000|  0%| F|  |TAMS 0x00000000a5e00000, 0x00000000a5e00000| Untracked 
| 607|0x00000000a5f00000, 0x00000000a5f00000, 0x00000000a6000000|  0%| F|  |TAMS 0x00000000a5f00000, 0x00000000a5f00000| Untracked 
| 608|0x00000000a6000000, 0x00000000a6000000, 0x00000000a6100000|  0%| F|  |TAMS 0x00000000a6000000, 0x00000000a6000000| Untracked 
| 609|0x00000000a6100000, 0x00000000a6100000, 0x00000000a6200000|  0%| F|  |TAMS 0x00000000a6100000, 0x00000000a6100000| Untracked 
| 610|0x00000000a6200000, 0x00000000a6200000, 0x00000000a6300000|  0%| F|  |TAMS 0x00000000a6200000, 0x00000000a6200000| Untracked 
| 611|0x00000000a6300000, 0x00000000a6300000, 0x00000000a6400000|  0%| F|  |TAMS 0x00000000a6300000, 0x00000000a6300000| Untracked 
| 612|0x00000000a6400000, 0x00000000a6400000, 0x00000000a6500000|  0%| F|  |TAMS 0x00000000a6400000, 0x00000000a6400000| Untracked 
| 613|0x00000000a6500000, 0x00000000a6500000, 0x00000000a6600000|  0%| F|  |TAMS 0x00000000a6500000, 0x00000000a6500000| Untracked 
| 614|0x00000000a6600000, 0x00000000a6600000, 0x00000000a6700000|  0%| F|  |TAMS 0x00000000a6600000, 0x00000000a6600000| Untracked 
| 615|0x00000000a6700000, 0x00000000a6700000, 0x00000000a6800000|  0%| F|  |TAMS 0x00000000a6700000, 0x00000000a6700000| Untracked 
| 616|0x00000000a6800000, 0x00000000a6800000, 0x00000000a6900000|  0%| F|  |TAMS 0x00000000a6800000, 0x00000000a6800000| Untracked 
| 617|0x00000000a6900000, 0x00000000a6900000, 0x00000000a6a00000|  0%| F|  |TAMS 0x00000000a6900000, 0x00000000a6900000| Untracked 
| 618|0x00000000a6a00000, 0x00000000a6a00000, 0x00000000a6b00000|  0%| F|  |TAMS 0x00000000a6a00000, 0x00000000a6a00000| Untracked 
| 619|0x00000000a6b00000, 0x00000000a6b00000, 0x00000000a6c00000|  0%| F|  |TAMS 0x00000000a6b00000, 0x00000000a6b00000| Untracked 
| 620|0x00000000a6c00000, 0x00000000a6c00000, 0x00000000a6d00000|  0%| F|  |TAMS 0x00000000a6c00000, 0x00000000a6c00000| Untracked 
| 621|0x00000000a6d00000, 0x00000000a6d00000, 0x00000000a6e00000|  0%| F|  |TAMS 0x00000000a6d00000, 0x00000000a6d00000| Untracked 
| 622|0x00000000a6e00000, 0x00000000a6e00000, 0x00000000a6f00000|  0%| F|  |TAMS 0x00000000a6e00000, 0x00000000a6e00000| Untracked 
| 623|0x00000000a6f00000, 0x00000000a6f00000, 0x00000000a7000000|  0%| F|  |TAMS 0x00000000a6f00000, 0x00000000a6f00000| Untracked 
| 624|0x00000000a7000000, 0x00000000a7000000, 0x00000000a7100000|  0%| F|  |TAMS 0x00000000a7000000, 0x00000000a7000000| Untracked 
| 625|0x00000000a7100000, 0x00000000a7100000, 0x00000000a7200000|  0%| F|  |TAMS 0x00000000a7100000, 0x00000000a7100000| Untracked 
| 626|0x00000000a7200000, 0x00000000a7200000, 0x00000000a7300000|  0%| F|  |TAMS 0x00000000a7200000, 0x00000000a7200000| Untracked 
| 627|0x00000000a7300000, 0x00000000a7300000, 0x00000000a7400000|  0%| F|  |TAMS 0x00000000a7300000, 0x00000000a7300000| Untracked 
| 628|0x00000000a7400000, 0x00000000a7400000, 0x00000000a7500000|  0%| F|  |TAMS 0x00000000a7400000, 0x00000000a7400000| Untracked 
| 629|0x00000000a7500000, 0x00000000a7500000, 0x00000000a7600000|  0%| F|  |TAMS 0x00000000a7500000, 0x00000000a7500000| Untracked 
| 630|0x00000000a7600000, 0x00000000a7600000, 0x00000000a7700000|  0%| F|  |TAMS 0x00000000a7600000, 0x00000000a7600000| Untracked 
| 631|0x00000000a7700000, 0x00000000a7700000, 0x00000000a7800000|  0%| F|  |TAMS 0x00000000a7700000, 0x00000000a7700000| Untracked 
| 632|0x00000000a7800000, 0x00000000a7800000, 0x00000000a7900000|  0%| F|  |TAMS 0x00000000a7800000, 0x00000000a7800000| Untracked 
| 633|0x00000000a7900000, 0x00000000a7900000, 0x00000000a7a00000|  0%| F|  |TAMS 0x00000000a7900000, 0x00000000a7900000| Untracked 
| 634|0x00000000a7a00000, 0x00000000a7a00000, 0x00000000a7b00000|  0%| F|  |TAMS 0x00000000a7a00000, 0x00000000a7a00000| Untracked 
| 635|0x00000000a7b00000, 0x00000000a7b00000, 0x00000000a7c00000|  0%| F|  |TAMS 0x00000000a7b00000, 0x00000000a7b00000| Untracked 
| 636|0x00000000a7c00000, 0x00000000a7c00000, 0x00000000a7d00000|  0%| F|  |TAMS 0x00000000a7c00000, 0x00000000a7c00000| Untracked 
| 637|0x00000000a7d00000, 0x00000000a7d00000, 0x00000000a7e00000|  0%| F|  |TAMS 0x00000000a7d00000, 0x00000000a7d00000| Untracked 
| 638|0x00000000a7e00000, 0x00000000a7e00000, 0x00000000a7f00000|  0%| F|  |TAMS 0x00000000a7e00000, 0x00000000a7e00000| Untracked 
| 639|0x00000000a7f00000, 0x00000000a7f00000, 0x00000000a8000000|  0%| F|  |TAMS 0x00000000a7f00000, 0x00000000a7f00000| Untracked 
| 640|0x00000000a8000000, 0x00000000a8000000, 0x00000000a8100000|  0%| F|  |TAMS 0x00000000a8000000, 0x00000000a8000000| Untracked 
| 641|0x00000000a8100000, 0x00000000a8100000, 0x00000000a8200000|  0%| F|  |TAMS 0x00000000a8100000, 0x00000000a8100000| Untracked 
| 642|0x00000000a8200000, 0x00000000a8200000, 0x00000000a8300000|  0%| F|  |TAMS 0x00000000a8200000, 0x00000000a8200000| Untracked 
| 643|0x00000000a8300000, 0x00000000a8300000, 0x00000000a8400000|  0%| F|  |TAMS 0x00000000a8300000, 0x00000000a8300000| Untracked 
| 644|0x00000000a8400000, 0x00000000a8400000, 0x00000000a8500000|  0%| F|  |TAMS 0x00000000a8400000, 0x00000000a8400000| Untracked 
| 645|0x00000000a8500000, 0x00000000a8500000, 0x00000000a8600000|  0%| F|  |TAMS 0x00000000a8500000, 0x00000000a8500000| Untracked 
| 646|0x00000000a8600000, 0x00000000a8600000, 0x00000000a8700000|  0%| F|  |TAMS 0x00000000a8600000, 0x00000000a8600000| Untracked 
| 647|0x00000000a8700000, 0x00000000a8700000, 0x00000000a8800000|  0%| F|  |TAMS 0x00000000a8700000, 0x00000000a8700000| Untracked 
| 648|0x00000000a8800000, 0x00000000a8800000, 0x00000000a8900000|  0%| F|  |TAMS 0x00000000a8800000, 0x00000000a8800000| Untracked 
| 649|0x00000000a8900000, 0x00000000a8900000, 0x00000000a8a00000|  0%| F|  |TAMS 0x00000000a8900000, 0x00000000a8900000| Untracked 
| 650|0x00000000a8a00000, 0x00000000a8a00000, 0x00000000a8b00000|  0%| F|  |TAMS 0x00000000a8a00000, 0x00000000a8a00000| Untracked 
| 651|0x00000000a8b00000, 0x00000000a8b00000, 0x00000000a8c00000|  0%| F|  |TAMS 0x00000000a8b00000, 0x00000000a8b00000| Untracked 
| 652|0x00000000a8c00000, 0x00000000a8c00000, 0x00000000a8d00000|  0%| F|  |TAMS 0x00000000a8c00000, 0x00000000a8c00000| Untracked 
| 653|0x00000000a8d00000, 0x00000000a8d00000, 0x00000000a8e00000|  0%| F|  |TAMS 0x00000000a8d00000, 0x00000000a8d00000| Untracked 
| 654|0x00000000a8e00000, 0x00000000a8e00000, 0x00000000a8f00000|  0%| F|  |TAMS 0x00000000a8e00000, 0x00000000a8e00000| Untracked 
| 655|0x00000000a8f00000, 0x00000000a8f00000, 0x00000000a9000000|  0%| F|  |TAMS 0x00000000a8f00000, 0x00000000a8f00000| Untracked 
| 656|0x00000000a9000000, 0x00000000a9000000, 0x00000000a9100000|  0%| F|  |TAMS 0x00000000a9000000, 0x00000000a9000000| Untracked 
| 657|0x00000000a9100000, 0x00000000a9100000, 0x00000000a9200000|  0%| F|  |TAMS 0x00000000a9100000, 0x00000000a9100000| Untracked 
| 658|0x00000000a9200000, 0x00000000a9200000, 0x00000000a9300000|  0%| F|  |TAMS 0x00000000a9200000, 0x00000000a9200000| Untracked 
| 659|0x00000000a9300000, 0x00000000a9300000, 0x00000000a9400000|  0%| F|  |TAMS 0x00000000a9300000, 0x00000000a9300000| Untracked 
| 660|0x00000000a9400000, 0x00000000a9400000, 0x00000000a9500000|  0%| F|  |TAMS 0x00000000a9400000, 0x00000000a9400000| Untracked 
| 661|0x00000000a9500000, 0x00000000a9500000, 0x00000000a9600000|  0%| F|  |TAMS 0x00000000a9500000, 0x00000000a9500000| Untracked 
| 662|0x00000000a9600000, 0x00000000a9600000, 0x00000000a9700000|  0%| F|  |TAMS 0x00000000a9600000, 0x00000000a9600000| Untracked 
| 663|0x00000000a9700000, 0x00000000a9700000, 0x00000000a9800000|  0%| F|  |TAMS 0x00000000a9700000, 0x00000000a9700000| Untracked 
| 664|0x00000000a9800000, 0x00000000a9800000, 0x00000000a9900000|  0%| F|  |TAMS 0x00000000a9800000, 0x00000000a9800000| Untracked 
| 665|0x00000000a9900000, 0x00000000a9900000, 0x00000000a9a00000|  0%| F|  |TAMS 0x00000000a9900000, 0x00000000a9900000| Untracked 
| 666|0x00000000a9a00000, 0x00000000a9a00000, 0x00000000a9b00000|  0%| F|  |TAMS 0x00000000a9a00000, 0x00000000a9a00000| Untracked 
| 667|0x00000000a9b00000, 0x00000000a9b00000, 0x00000000a9c00000|  0%| F|  |TAMS 0x00000000a9b00000, 0x00000000a9b00000| Untracked 
| 668|0x00000000a9c00000, 0x00000000a9c00000, 0x00000000a9d00000|  0%| F|  |TAMS 0x00000000a9c00000, 0x00000000a9c00000| Untracked 
| 669|0x00000000a9d00000, 0x00000000a9d00000, 0x00000000a9e00000|  0%| F|  |TAMS 0x00000000a9d00000, 0x00000000a9d00000| Untracked 
| 670|0x00000000a9e00000, 0x00000000a9ebc558, 0x00000000a9f00000| 73%| E|  |TAMS 0x00000000a9e00000, 0x00000000a9e00000| Complete 
| 671|0x00000000a9f00000, 0x00000000aa000000, 0x00000000aa000000|100%| E|CS|TAMS 0x00000000a9f00000, 0x00000000a9f00000| Complete 
| 672|0x00000000aa000000, 0x00000000aa100000, 0x00000000aa100000|100%| E|CS|TAMS 0x00000000aa000000, 0x00000000aa000000| Complete 
| 673|0x00000000aa100000, 0x00000000aa200000, 0x00000000aa200000|100%| E|CS|TAMS 0x00000000aa100000, 0x00000000aa100000| Complete 
| 674|0x00000000aa200000, 0x00000000aa300000, 0x00000000aa300000|100%| E|CS|TAMS 0x00000000aa200000, 0x00000000aa200000| Complete 
| 675|0x00000000aa300000, 0x00000000aa400000, 0x00000000aa400000|100%| E|CS|TAMS 0x00000000aa300000, 0x00000000aa300000| Complete 
| 676|0x00000000aa400000, 0x00000000aa500000, 0x00000000aa500000|100%| E|CS|TAMS 0x00000000aa400000, 0x00000000aa400000| Complete 
| 677|0x00000000aa500000, 0x00000000aa600000, 0x00000000aa600000|100%| E|CS|TAMS 0x00000000aa500000, 0x00000000aa500000| Complete 
| 678|0x00000000aa600000, 0x00000000aa700000, 0x00000000aa700000|100%| E|CS|TAMS 0x00000000aa600000, 0x00000000aa600000| Complete 
| 679|0x00000000aa700000, 0x00000000aa800000, 0x00000000aa800000|100%| E|CS|TAMS 0x00000000aa700000, 0x00000000aa700000| Complete 
| 680|0x00000000aa800000, 0x00000000aa900000, 0x00000000aa900000|100%| E|CS|TAMS 0x00000000aa800000, 0x00000000aa800000| Complete 
| 681|0x00000000aa900000, 0x00000000aaa00000, 0x00000000aaa00000|100%| E|CS|TAMS 0x00000000aa900000, 0x00000000aa900000| Complete 
| 682|0x00000000aaa00000, 0x00000000aab00000, 0x00000000aab00000|100%| E|CS|TAMS 0x00000000aaa00000, 0x00000000aaa00000| Complete 
| 683|0x00000000aab00000, 0x00000000aac00000, 0x00000000aac00000|100%| E|CS|TAMS 0x00000000aab00000, 0x00000000aab00000| Complete 
| 684|0x00000000aac00000, 0x00000000aad00000, 0x00000000aad00000|100%| E|CS|TAMS 0x00000000aac00000, 0x00000000aac00000| Complete 
| 685|0x00000000aad00000, 0x00000000aae00000, 0x00000000aae00000|100%| E|CS|TAMS 0x00000000aad00000, 0x00000000aad00000| Complete 
| 686|0x00000000aae00000, 0x00000000aaf00000, 0x00000000aaf00000|100%| E|CS|TAMS 0x00000000aae00000, 0x00000000aae00000| Complete 
| 687|0x00000000aaf00000, 0x00000000ab000000, 0x00000000ab000000|100%| E|CS|TAMS 0x00000000aaf00000, 0x00000000aaf00000| Complete 
| 688|0x00000000ab000000, 0x00000000ab100000, 0x00000000ab100000|100%| E|CS|TAMS 0x00000000ab000000, 0x00000000ab000000| Complete 
| 689|0x00000000ab100000, 0x00000000ab200000, 0x00000000ab200000|100%| E|CS|TAMS 0x00000000ab100000, 0x00000000ab100000| Complete 
| 690|0x00000000ab200000, 0x00000000ab300000, 0x00000000ab300000|100%| E|CS|TAMS 0x00000000ab200000, 0x00000000ab200000| Complete 
| 691|0x00000000ab300000, 0x00000000ab400000, 0x00000000ab400000|100%| E|CS|TAMS 0x00000000ab300000, 0x00000000ab300000| Complete 
| 692|0x00000000ab400000, 0x00000000ab500000, 0x00000000ab500000|100%| E|CS|TAMS 0x00000000ab400000, 0x00000000ab400000| Complete 
| 693|0x00000000ab500000, 0x00000000ab600000, 0x00000000ab600000|100%| E|CS|TAMS 0x00000000ab500000, 0x00000000ab500000| Complete 
| 694|0x00000000ab600000, 0x00000000ab700000, 0x00000000ab700000|100%| E|CS|TAMS 0x00000000ab600000, 0x00000000ab600000| Complete 
| 695|0x00000000ab700000, 0x00000000ab800000, 0x00000000ab800000|100%| E|CS|TAMS 0x00000000ab700000, 0x00000000ab700000| Complete 
| 696|0x00000000ab800000, 0x00000000ab900000, 0x00000000ab900000|100%| E|CS|TAMS 0x00000000ab800000, 0x00000000ab800000| Complete 
| 697|0x00000000ab900000, 0x00000000aba00000, 0x00000000aba00000|100%| E|CS|TAMS 0x00000000ab900000, 0x00000000ab900000| Complete 
| 698|0x00000000aba00000, 0x00000000abb00000, 0x00000000abb00000|100%| E|CS|TAMS 0x00000000aba00000, 0x00000000aba00000| Complete 
| 699|0x00000000abb00000, 0x00000000abc00000, 0x00000000abc00000|100%| E|CS|TAMS 0x00000000abb00000, 0x00000000abb00000| Complete 
| 700|0x00000000abc00000, 0x00000000abd00000, 0x00000000abd00000|100%| E|CS|TAMS 0x00000000abc00000, 0x00000000abc00000| Complete 
| 701|0x00000000abd00000, 0x00000000abe00000, 0x00000000abe00000|100%| E|CS|TAMS 0x00000000abd00000, 0x00000000abd00000| Complete 
| 702|0x00000000abe00000, 0x00000000abf00000, 0x00000000abf00000|100%| E|CS|TAMS 0x00000000abe00000, 0x00000000abe00000| Complete 
| 703|0x00000000abf00000, 0x00000000ac000000, 0x00000000ac000000|100%| E|CS|TAMS 0x00000000abf00000, 0x00000000abf00000| Complete 
| 704|0x00000000ac000000, 0x00000000ac100000, 0x00000000ac100000|100%| E|CS|TAMS 0x00000000ac000000, 0x00000000ac000000| Complete 
| 705|0x00000000ac100000, 0x00000000ac200000, 0x00000000ac200000|100%| E|CS|TAMS 0x00000000ac100000, 0x00000000ac100000| Complete 
| 706|0x00000000ac200000, 0x00000000ac300000, 0x00000000ac300000|100%| E|  |TAMS 0x00000000ac200000, 0x00000000ac200000| Complete 
| 707|0x00000000ac300000, 0x00000000ac400000, 0x00000000ac400000|100%| E|CS|TAMS 0x00000000ac300000, 0x00000000ac300000| Complete 
| 708|0x00000000ac400000, 0x00000000ac500000, 0x00000000ac500000|100%| E|CS|TAMS 0x00000000ac400000, 0x00000000ac400000| Complete 
| 709|0x00000000ac500000, 0x00000000ac600000, 0x00000000ac600000|100%| E|CS|TAMS 0x00000000ac500000, 0x00000000ac500000| Complete 
| 710|0x00000000ac600000, 0x00000000ac700000, 0x00000000ac700000|100%| E|CS|TAMS 0x00000000ac600000, 0x00000000ac600000| Complete 
| 711|0x00000000ac700000, 0x00000000ac800000, 0x00000000ac800000|100%| E|CS|TAMS 0x00000000ac700000, 0x00000000ac700000| Complete 
| 712|0x00000000ac800000, 0x00000000ac900000, 0x00000000ac900000|100%| E|CS|TAMS 0x00000000ac800000, 0x00000000ac800000| Complete 
| 713|0x00000000ac900000, 0x00000000aca00000, 0x00000000aca00000|100%| E|CS|TAMS 0x00000000ac900000, 0x00000000ac900000| Complete 
| 714|0x00000000aca00000, 0x00000000acb00000, 0x00000000acb00000|100%| E|CS|TAMS 0x00000000aca00000, 0x00000000aca00000| Complete 
| 715|0x00000000acb00000, 0x00000000acc00000, 0x00000000acc00000|100%| E|CS|TAMS 0x00000000acb00000, 0x00000000acb00000| Complete 
| 716|0x00000000acc00000, 0x00000000acd00000, 0x00000000acd00000|100%| E|CS|TAMS 0x00000000acc00000, 0x00000000acc00000| Complete 
| 717|0x00000000acd00000, 0x00000000ace00000, 0x00000000ace00000|100%| E|CS|TAMS 0x00000000acd00000, 0x00000000acd00000| Complete 
| 718|0x00000000ace00000, 0x00000000acf00000, 0x00000000acf00000|100%| E|CS|TAMS 0x00000000ace00000, 0x00000000ace00000| Complete 
| 719|0x00000000acf00000, 0x00000000ad000000, 0x00000000ad000000|100%| E|CS|TAMS 0x00000000acf00000, 0x00000000acf00000| Complete 
| 720|0x00000000ad000000, 0x00000000ad100000, 0x00000000ad100000|100%| E|CS|TAMS 0x00000000ad000000, 0x00000000ad000000| Complete 
| 721|0x00000000ad100000, 0x00000000ad200000, 0x00000000ad200000|100%| E|CS|TAMS 0x00000000ad100000, 0x00000000ad100000| Complete 
| 722|0x00000000ad200000, 0x00000000ad300000, 0x00000000ad300000|100%| E|CS|TAMS 0x00000000ad200000, 0x00000000ad200000| Complete 
| 723|0x00000000ad300000, 0x00000000ad400000, 0x00000000ad400000|100%| E|CS|TAMS 0x00000000ad300000, 0x00000000ad300000| Complete 
| 724|0x00000000ad400000, 0x00000000ad500000, 0x00000000ad500000|100%| E|CS|TAMS 0x00000000ad400000, 0x00000000ad400000| Complete 
| 725|0x00000000ad500000, 0x00000000ad600000, 0x00000000ad600000|100%| E|CS|TAMS 0x00000000ad500000, 0x00000000ad500000| Complete 
| 726|0x00000000ad600000, 0x00000000ad700000, 0x00000000ad700000|100%| E|CS|TAMS 0x00000000ad600000, 0x00000000ad600000| Complete 
| 727|0x00000000ad700000, 0x00000000ad800000, 0x00000000ad800000|100%| E|CS|TAMS 0x00000000ad700000, 0x00000000ad700000| Complete 
| 728|0x00000000ad800000, 0x00000000ad900000, 0x00000000ad900000|100%| E|CS|TAMS 0x00000000ad800000, 0x00000000ad800000| Complete 
| 729|0x00000000ad900000, 0x00000000ada00000, 0x00000000ada00000|100%| E|CS|TAMS 0x00000000ad900000, 0x00000000ad900000| Complete 
| 730|0x00000000ada00000, 0x00000000adb00000, 0x00000000adb00000|100%| E|CS|TAMS 0x00000000ada00000, 0x00000000ada00000| Complete 
| 731|0x00000000adb00000, 0x00000000adc00000, 0x00000000adc00000|100%| E|CS|TAMS 0x00000000adb00000, 0x00000000adb00000| Complete 
| 732|0x00000000adc00000, 0x00000000add00000, 0x00000000add00000|100%| E|CS|TAMS 0x00000000adc00000, 0x00000000adc00000| Complete 
| 733|0x00000000add00000, 0x00000000ade00000, 0x00000000ade00000|100%| E|CS|TAMS 0x00000000add00000, 0x00000000add00000| Complete 
| 734|0x00000000ade00000, 0x00000000adf00000, 0x00000000adf00000|100%| E|CS|TAMS 0x00000000ade00000, 0x00000000ade00000| Complete 
| 735|0x00000000adf00000, 0x00000000ae000000, 0x00000000ae000000|100%| E|CS|TAMS 0x00000000adf00000, 0x00000000adf00000| Complete 
| 736|0x00000000ae000000, 0x00000000ae100000, 0x00000000ae100000|100%| E|CS|TAMS 0x00000000ae000000, 0x00000000ae000000| Complete 
| 737|0x00000000ae100000, 0x00000000ae200000, 0x00000000ae200000|100%| E|CS|TAMS 0x00000000ae100000, 0x00000000ae100000| Complete 
| 738|0x00000000ae200000, 0x00000000ae300000, 0x00000000ae300000|100%| E|CS|TAMS 0x00000000ae200000, 0x00000000ae200000| Complete 
| 739|0x00000000ae300000, 0x00000000ae400000, 0x00000000ae400000|100%| E|CS|TAMS 0x00000000ae300000, 0x00000000ae300000| Complete 
| 740|0x00000000ae400000, 0x00000000ae500000, 0x00000000ae500000|100%| E|CS|TAMS 0x00000000ae400000, 0x00000000ae400000| Complete 
| 741|0x00000000ae500000, 0x00000000ae600000, 0x00000000ae600000|100%| E|CS|TAMS 0x00000000ae500000, 0x00000000ae500000| Complete 
| 742|0x00000000ae600000, 0x00000000ae700000, 0x00000000ae700000|100%| E|CS|TAMS 0x00000000ae600000, 0x00000000ae600000| Complete 
| 743|0x00000000ae700000, 0x00000000ae800000, 0x00000000ae800000|100%| E|CS|TAMS 0x00000000ae700000, 0x00000000ae700000| Complete 
| 744|0x00000000ae800000, 0x00000000ae900000, 0x00000000ae900000|100%| E|CS|TAMS 0x00000000ae800000, 0x00000000ae800000| Complete 
| 745|0x00000000ae900000, 0x00000000aea00000, 0x00000000aea00000|100%| E|CS|TAMS 0x00000000ae900000, 0x00000000ae900000| Complete 
| 746|0x00000000aea00000, 0x00000000aeb00000, 0x00000000aeb00000|100%| E|CS|TAMS 0x00000000aea00000, 0x00000000aea00000| Complete 
| 747|0x00000000aeb00000, 0x00000000aec00000, 0x00000000aec00000|100%| E|CS|TAMS 0x00000000aeb00000, 0x00000000aeb00000| Complete 
| 748|0x00000000aec00000, 0x00000000aed00000, 0x00000000aed00000|100%| E|CS|TAMS 0x00000000aec00000, 0x00000000aec00000| Complete 
| 749|0x00000000aed00000, 0x00000000aee00000, 0x00000000aee00000|100%| E|CS|TAMS 0x00000000aed00000, 0x00000000aed00000| Complete 
| 750|0x00000000aee00000, 0x00000000aef00000, 0x00000000aef00000|100%| E|CS|TAMS 0x00000000aee00000, 0x00000000aee00000| Complete 
| 751|0x00000000aef00000, 0x00000000af000000, 0x00000000af000000|100%| E|CS|TAMS 0x00000000aef00000, 0x00000000aef00000| Complete 
| 752|0x00000000af000000, 0x00000000af100000, 0x00000000af100000|100%| E|CS|TAMS 0x00000000af000000, 0x00000000af000000| Complete 
| 753|0x00000000af100000, 0x00000000af200000, 0x00000000af200000|100%| E|CS|TAMS 0x00000000af100000, 0x00000000af100000| Complete 
| 754|0x00000000af200000, 0x00000000af300000, 0x00000000af300000|100%| E|CS|TAMS 0x00000000af200000, 0x00000000af200000| Complete 
| 755|0x00000000af300000, 0x00000000af400000, 0x00000000af400000|100%| E|CS|TAMS 0x00000000af300000, 0x00000000af300000| Complete 
| 756|0x00000000af400000, 0x00000000af500000, 0x00000000af500000|100%| E|CS|TAMS 0x00000000af400000, 0x00000000af400000| Complete 
| 757|0x00000000af500000, 0x00000000af600000, 0x00000000af600000|100%| E|CS|TAMS 0x00000000af500000, 0x00000000af500000| Complete 
| 758|0x00000000af600000, 0x00000000af700000, 0x00000000af700000|100%| E|CS|TAMS 0x00000000af600000, 0x00000000af600000| Complete 
| 759|0x00000000af700000, 0x00000000af800000, 0x00000000af800000|100%| E|CS|TAMS 0x00000000af700000, 0x00000000af700000| Complete 
| 760|0x00000000af800000, 0x00000000af900000, 0x00000000af900000|100%| E|CS|TAMS 0x00000000af800000, 0x00000000af800000| Complete 
| 761|0x00000000af900000, 0x00000000afa00000, 0x00000000afa00000|100%| E|CS|TAMS 0x00000000af900000, 0x00000000af900000| Complete 
| 762|0x00000000afa00000, 0x00000000afb00000, 0x00000000afb00000|100%| E|CS|TAMS 0x00000000afa00000, 0x00000000afa00000| Complete 
| 763|0x00000000afb00000, 0x00000000afc00000, 0x00000000afc00000|100%| E|CS|TAMS 0x00000000afb00000, 0x00000000afb00000| Complete 
| 764|0x00000000afc00000, 0x00000000afd00000, 0x00000000afd00000|100%| E|CS|TAMS 0x00000000afc00000, 0x00000000afc00000| Complete 
| 765|0x00000000afd00000, 0x00000000afe00000, 0x00000000afe00000|100%| E|CS|TAMS 0x00000000afd00000, 0x00000000afd00000| Complete 
| 766|0x00000000afe00000, 0x00000000aff00000, 0x00000000aff00000|100%| E|CS|TAMS 0x00000000afe00000, 0x00000000afe00000| Complete 
| 767|0x00000000aff00000, 0x00000000b0000000, 0x00000000b0000000|100%| E|CS|TAMS 0x00000000aff00000, 0x00000000aff00000| Complete 
| 768|0x00000000b0000000, 0x00000000b0100000, 0x00000000b0100000|100%| E|CS|TAMS 0x00000000b0000000, 0x00000000b0000000| Complete 
| 769|0x00000000b0100000, 0x00000000b0200000, 0x00000000b0200000|100%| E|CS|TAMS 0x00000000b0100000, 0x00000000b0100000| Complete 
| 770|0x00000000b0200000, 0x00000000b0300000, 0x00000000b0300000|100%| E|CS|TAMS 0x00000000b0200000, 0x00000000b0200000| Complete 
| 771|0x00000000b0300000, 0x00000000b0400000, 0x00000000b0400000|100%| E|CS|TAMS 0x00000000b0300000, 0x00000000b0300000| Complete 
| 772|0x00000000b0400000, 0x00000000b0500000, 0x00000000b0500000|100%| E|CS|TAMS 0x00000000b0400000, 0x00000000b0400000| Complete 
| 773|0x00000000b0500000, 0x00000000b0600000, 0x00000000b0600000|100%| E|CS|TAMS 0x00000000b0500000, 0x00000000b0500000| Complete 
| 774|0x00000000b0600000, 0x00000000b0700000, 0x00000000b0700000|100%| E|CS|TAMS 0x00000000b0600000, 0x00000000b0600000| Complete 
| 775|0x00000000b0700000, 0x00000000b0800000, 0x00000000b0800000|100%| E|CS|TAMS 0x00000000b0700000, 0x00000000b0700000| Complete 
| 776|0x00000000b0800000, 0x00000000b0900000, 0x00000000b0900000|100%| E|CS|TAMS 0x00000000b0800000, 0x00000000b0800000| Complete 
| 777|0x00000000b0900000, 0x00000000b0a00000, 0x00000000b0a00000|100%| E|CS|TAMS 0x00000000b0900000, 0x00000000b0900000| Complete 
| 778|0x00000000b0a00000, 0x00000000b0b00000, 0x00000000b0b00000|100%| E|CS|TAMS 0x00000000b0a00000, 0x00000000b0a00000| Complete 
| 779|0x00000000b0b00000, 0x00000000b0c00000, 0x00000000b0c00000|100%| E|CS|TAMS 0x00000000b0b00000, 0x00000000b0b00000| Complete 
| 780|0x00000000b0c00000, 0x00000000b0d00000, 0x00000000b0d00000|100%| E|CS|TAMS 0x00000000b0c00000, 0x00000000b0c00000| Complete 
| 781|0x00000000b0d00000, 0x00000000b0e00000, 0x00000000b0e00000|100%| E|CS|TAMS 0x00000000b0d00000, 0x00000000b0d00000| Complete 
| 782|0x00000000b0e00000, 0x00000000b0f00000, 0x00000000b0f00000|100%| E|CS|TAMS 0x00000000b0e00000, 0x00000000b0e00000| Complete 
| 783|0x00000000b0f00000, 0x00000000b1000000, 0x00000000b1000000|100%| E|CS|TAMS 0x00000000b0f00000, 0x00000000b0f00000| Complete 
| 784|0x00000000b1000000, 0x00000000b1100000, 0x00000000b1100000|100%| E|CS|TAMS 0x00000000b1000000, 0x00000000b1000000| Complete 
| 785|0x00000000b1100000, 0x00000000b1200000, 0x00000000b1200000|100%| E|CS|TAMS 0x00000000b1100000, 0x00000000b1100000| Complete 
| 786|0x00000000b1200000, 0x00000000b1300000, 0x00000000b1300000|100%| E|CS|TAMS 0x00000000b1200000, 0x00000000b1200000| Complete 
| 787|0x00000000b1300000, 0x00000000b1400000, 0x00000000b1400000|100%| E|CS|TAMS 0x00000000b1300000, 0x00000000b1300000| Complete 
| 788|0x00000000b1400000, 0x00000000b1500000, 0x00000000b1500000|100%| E|CS|TAMS 0x00000000b1400000, 0x00000000b1400000| Complete 
| 789|0x00000000b1500000, 0x00000000b1600000, 0x00000000b1600000|100%| E|CS|TAMS 0x00000000b1500000, 0x00000000b1500000| Complete 
| 790|0x00000000b1600000, 0x00000000b1700000, 0x00000000b1700000|100%| E|CS|TAMS 0x00000000b1600000, 0x00000000b1600000| Complete 
| 791|0x00000000b1700000, 0x00000000b1800000, 0x00000000b1800000|100%| E|CS|TAMS 0x00000000b1700000, 0x00000000b1700000| Complete 
| 792|0x00000000b1800000, 0x00000000b1900000, 0x00000000b1900000|100%| E|CS|TAMS 0x00000000b1800000, 0x00000000b1800000| Complete 
| 793|0x00000000b1900000, 0x00000000b1a00000, 0x00000000b1a00000|100%| E|CS|TAMS 0x00000000b1900000, 0x00000000b1900000| Complete 
| 794|0x00000000b1a00000, 0x00000000b1b00000, 0x00000000b1b00000|100%| E|CS|TAMS 0x00000000b1a00000, 0x00000000b1a00000| Complete 

Card table byte_map: [0x0000023aef0a0000,0x0000023aef4a0000] _byte_map_base: 0x0000023aeeca0000

Marking Bits (Prev, Next): (CMBitMap*) 0x0000023ad7981820, (CMBitMap*) 0x0000023ad79817e0
 Prev Bits: [0x0000023af18a0000, 0x0000023af38a0000)
 Next Bits: [0x0000023aef8a0000, 0x0000023af18a0000)

Polling page: 0x0000023ad5580000

Metaspace:

Usage:
  Non-class:    112.94 MB used.
      Class:     17.75 MB used.
       Both:    130.69 MB used.

Virtual space:
  Non-class space:      128.00 MB reserved,     114.25 MB ( 89%) committed,  2 nodes.
      Class space:      416.00 MB reserved,      18.94 MB (  5%) committed,  1 nodes.
             Both:      544.00 MB reserved,     133.19 MB ( 24%) committed. 

Chunk freelists:
   Non-Class:  13.65 MB
       Class:  13.02 MB
        Both:  26.67 MB

MaxMetaspaceSize: 512.00 MB
CompressedClassSpaceSize: 416.00 MB
Initial GC threshold: 21.00 MB
Current GC threshold: 212.00 MB
CDS: on
MetaspaceReclaimPolicy: balanced
 - commit_granule_bytes: 65536.
 - commit_granule_words: 8192.
 - virtual_space_node_default_size: 8388608.
 - enlarge_chunks_in_place: 1.
 - new_chunks_are_fully_committed: 0.
 - uncommit_free_chunks: 1.
 - use_allocation_guard: 0.
 - handle_deallocations: 1.


Internal statistics:

num_allocs_failed_limit: 12.
num_arena_births: 3920.
num_arena_deaths: 0.
num_vsnodes_births: 3.
num_vsnodes_deaths: 0.
num_space_committed: 2129.
num_space_uncommitted: 0.
num_chunks_returned_to_freelist: 12.
num_chunks_taken_from_freelist: 10839.
num_chunk_merges: 12.
num_chunk_splits: 6555.
num_chunks_enlarged: 3561.
num_inconsistent_stats: 0.

CodeHeap 'non-profiled nmethods': size=119168Kb used=19622Kb max_used=19622Kb free=99545Kb
 bounds [0x0000023ae6d90000, 0x0000023ae80c0000, 0x0000023aee1f0000]
CodeHeap 'profiled nmethods': size=119104Kb used=45132Kb max_used=45132Kb free=73971Kb
 bounds [0x0000023adf1f0000, 0x0000023ae1e10000, 0x0000023ae6640000]
CodeHeap 'non-nmethods': size=7488Kb used=2499Kb max_used=4253Kb free=4988Kb
 bounds [0x0000023ae6640000, 0x0000023ae6a80000, 0x0000023ae6d90000]
 total_blobs=23806 nmethods=22759 adapters=958
 compilation: enabled
              stopped_count=0, restarted_count=0
 full_count=0

Compilation events (20 events):
Event: 49.627 Thread 0x0000023af6bc5150 nmethod 28197 0x0000023ae0e00790 code [0x0000023ae0e00920, 0x0000023ae0e00a18]
Event: 49.630 Thread 0x0000023af6bc5150 28198  s!   2       org.gradle.internal.concurrent.CompositeStoppable::stop (132 bytes)
Event: 49.632 Thread 0x0000023af6bc5150 nmethod 28198 0x0000023ae1df6810 code [0x0000023ae1df6a60, 0x0000023ae1df7168]
Event: 49.632 Thread 0x0000023af6bc5150 28199       2       org.gradle.internal.Either$Right::fold (11 bytes)
Event: 49.632 Thread 0x0000023af6bc5150 nmethod 28199 0x0000023ae1df7510 code [0x0000023ae1df76a0, 0x0000023ae1df77c8]
Event: 49.650 Thread 0x0000023af6bc5150 28200       1       org.gradle.api.internal.artifacts.ivyservice.resolveengine.artifact.ParallelResolveArtifactSet$VisitingSet::access$100 (5 bytes)
Event: 49.651 Thread 0x0000023af6bc5150 nmethod 28200 0x0000023ae80b9310 code [0x0000023ae80b94a0, 0x0000023ae80b9558]
Event: 49.652 Thread 0x0000023af6bc5150 28201       2       org.gradle.api.internal.artifacts.ivyservice.resolveengine.artifact.ParallelResolveArtifactSet$VisitingSet$StartVisitAction::visitResults (43 bytes)
Event: 49.652 Thread 0x0000023af6bc5150 nmethod 28201 0x0000023ae1df7890 code [0x0000023ae1df7a60, 0x0000023ae1df7cd8]
Event: 49.667 Thread 0x0000023af6bc5150 28202       2       org.gradle.internal.execution.history.changes.DefaultInputFileChanges::<init> (9 bytes)
Event: 49.667 Thread 0x0000023af6bc5150 nmethod 28202 0x0000023ae1df7e10 code [0x0000023ae1df7fa0, 0x0000023ae1df81d8]
Event: 49.667 Thread 0x0000023af6bc5150 28203       2       org.gradle.internal.execution.history.changes.AbstractFingerprintChanges::<init> (20 bytes)
Event: 49.667 Thread 0x0000023af6bc5150 nmethod 28203 0x0000023ae1df8290 code [0x0000023ae1df8420, 0x0000023ae1df8638]
Event: 49.675 Thread 0x0000023af6bc5150 28204       2       org.gradle.internal.component.local.model.DefaultLocalComponentGraphResolveState::getModuleVersionId (11 bytes)
Event: 49.677 Thread 0x0000023af6bc5150 nmethod 28204 0x0000023ae1df8710 code [0x0000023ae1df88a0, 0x0000023ae1df89f8]
Event: 49.677 Thread 0x0000023af6bc5150 28205       3       com.google.common.collect.RegularImmutableMap::fromEntryArray (206 bytes)
Event: 49.678 Thread 0x0000023af6bc5150 nmethod 28205 0x0000023ae1df8b10 code [0x0000023ae1df8e60, 0x0000023ae1dfa478]
Event: 49.678 Thread 0x0000023af6bc5150 28206   !   2       java.util.ServiceLoader$LazyClassPathLookupIterator::nextProviderClass (248 bytes)
Event: 49.686 Thread 0x0000023af6bc5150 nmethod 28206 0x0000023ae1dfac90 code [0x0000023ae1dfb060, 0x0000023ae1dfbeb8]
Event: 49.686 Thread 0x0000023af6bc5150 28207       1       com.android.build.gradle.internal.res.ResourceCompilerRunnable$Params_Decorated::getModelIdentityDisplayName (5 bytes)

GC Heap History (20 events):
Event: 36.605 GC heap before
{Heap before GC invocations=79 (full 0):
 garbage-first heap   total 608256K, used 476701K [0x0000000080000000, 0x0000000100000000)
  region size 1024K, 149 young (152576K), 22 survivors (22528K)
 Metaspace       used 121701K, committed 124160K, reserved 557056K
  class space    used 17012K, committed 18176K, reserved 425984K
}
Event: 36.619 GC heap after
{Heap after GC invocations=80 (full 0):
 garbage-first heap   total 608256K, used 366093K [0x0000000080000000, 0x0000000100000000)
  region size 1024K, 18 young (18432K), 18 survivors (18432K)
 Metaspace       used 121701K, committed 124160K, reserved 557056K
  class space    used 17012K, committed 18176K, reserved 425984K
}
Event: 36.641 GC heap before
{Heap before GC invocations=80 (full 0):
 garbage-first heap   total 608256K, used 377357K [0x0000000080000000, 0x0000000100000000)
  region size 1024K, 29 young (29696K), 18 survivors (18432K)
 Metaspace       used 121701K, committed 124160K, reserved 557056K
  class space    used 17012K, committed 18176K, reserved 425984K
}
Event: 36.651 GC heap after
{Heap after GC invocations=81 (full 0):
 garbage-first heap   total 608256K, used 364290K [0x0000000080000000, 0x0000000100000000)
  region size 1024K, 4 young (4096K), 4 survivors (4096K)
 Metaspace       used 121701K, committed 124160K, reserved 557056K
  class space    used 17012K, committed 18176K, reserved 425984K
}
Event: 36.876 GC heap before
{Heap before GC invocations=81 (full 0):
 garbage-first heap   total 608256K, used 499458K [0x0000000080000000, 0x0000000100000000)
  region size 1024K, 136 young (139264K), 4 survivors (4096K)
 Metaspace       used 121703K, committed 124160K, reserved 557056K
  class space    used 17012K, committed 18176K, reserved 425984K
}
Event: 36.879 GC heap after
{Heap after GC invocations=82 (full 0):
 garbage-first heap   total 608256K, used 367255K [0x0000000080000000, 0x0000000100000000)
  region size 1024K, 7 young (7168K), 7 survivors (7168K)
 Metaspace       used 121703K, committed 124160K, reserved 557056K
  class space    used 17012K, committed 18176K, reserved 425984K
}
Event: 37.292 GC heap before
{Heap before GC invocations=82 (full 0):
 garbage-first heap   total 608256K, used 505495K [0x0000000080000000, 0x0000000100000000)
  region size 1024K, 143 young (146432K), 7 survivors (7168K)
 Metaspace       used 121703K, committed 124160K, reserved 557056K
  class space    used 17012K, committed 18176K, reserved 425984K
}
Event: 37.296 GC heap after
{Heap after GC invocations=83 (full 0):
 garbage-first heap   total 608256K, used 370074K [0x0000000080000000, 0x0000000100000000)
  region size 1024K, 10 young (10240K), 10 survivors (10240K)
 Metaspace       used 121703K, committed 124160K, reserved 557056K
  class space    used 17012K, committed 18176K, reserved 425984K
}
Event: 39.430 GC heap before
{Heap before GC invocations=83 (full 0):
 garbage-first heap   total 608256K, used 517530K [0x0000000080000000, 0x0000000100000000)
  region size 1024K, 148 young (151552K), 10 survivors (10240K)
 Metaspace       used 124462K, committed 127040K, reserved 557056K
  class space    used 17198K, committed 18432K, reserved 425984K
}
Event: 39.439 GC heap after
{Heap after GC invocations=84 (full 0):
 garbage-first heap   total 608256K, used 383396K [0x0000000080000000, 0x0000000100000000)
  region size 1024K, 19 young (19456K), 19 survivors (19456K)
 Metaspace       used 124462K, committed 127040K, reserved 557056K
  class space    used 17198K, committed 18432K, reserved 425984K
}
Event: 41.467 GC heap before
{Heap before GC invocations=84 (full 0):
 garbage-first heap   total 608256K, used 526756K [0x0000000080000000, 0x0000000100000000)
  region size 1024K, 143 young (146432K), 19 survivors (19456K)
 Metaspace       used 125127K, committed 127680K, reserved 557056K
  class space    used 17257K, committed 18496K, reserved 425984K
}
Event: 41.484 GC heap after
{Heap after GC invocations=85 (full 0):
 garbage-first heap   total 608256K, used 425080K [0x0000000080000000, 0x0000000100000000)
  region size 1024K, 18 young (18432K), 18 survivors (18432K)
 Metaspace       used 125127K, committed 127680K, reserved 557056K
  class space    used 17257K, committed 18496K, reserved 425984K
}
Event: 42.347 GC heap before
{Heap before GC invocations=85 (full 0):
 garbage-first heap   total 608256K, used 537720K [0x0000000080000000, 0x0000000100000000)
  region size 1024K, 99 young (101376K), 18 survivors (18432K)
 Metaspace       used 126164K, committed 128640K, reserved 557056K
  class space    used 17365K, committed 18560K, reserved 425984K
}
Event: 42.360 GC heap after
{Heap after GC invocations=86 (full 0):
 garbage-first heap   total 608256K, used 439309K [0x0000000080000000, 0x0000000100000000)
  region size 1024K, 12 young (12288K), 12 survivors (12288K)
 Metaspace       used 126164K, committed 128640K, reserved 557056K
  class space    used 17365K, committed 18560K, reserved 425984K
}
Event: 42.808 GC heap before
{Heap before GC invocations=87 (full 0):
 garbage-first heap   total 814080K, used 514061K [0x0000000080000000, 0x0000000100000000)
  region size 1024K, 86 young (88064K), 12 survivors (12288K)
 Metaspace       used 129149K, committed 131712K, reserved 557056K
  class space    used 17645K, committed 18880K, reserved 425984K
}
Event: 42.819 GC heap after
{Heap after GC invocations=88 (full 0):
 garbage-first heap   total 814080K, used 449506K [0x0000000080000000, 0x0000000100000000)
  region size 1024K, 11 young (11264K), 11 survivors (11264K)
 Metaspace       used 129149K, committed 131712K, reserved 557056K
  class space    used 17645K, committed 18880K, reserved 425984K
}
Event: 42.881 GC heap before
{Heap before GC invocations=88 (full 0):
 garbage-first heap   total 814080K, used 478178K [0x0000000080000000, 0x0000000100000000)
  region size 1024K, 39 young (39936K), 11 survivors (11264K)
 Metaspace       used 129176K, committed 131712K, reserved 557056K
  class space    used 17645K, committed 18880K, reserved 425984K
}
Event: 42.890 GC heap after
{Heap after GC invocations=89 (full 0):
 garbage-first heap   total 814080K, used 444009K [0x0000000080000000, 0x0000000100000000)
  region size 1024K, 4 young (4096K), 4 survivors (4096K)
 Metaspace       used 129176K, committed 131712K, reserved 557056K
  class space    used 17645K, committed 18880K, reserved 425984K
}
Event: 46.532 GC heap before
{Heap before GC invocations=89 (full 0):
 garbage-first heap   total 814080K, used 648809K [0x0000000080000000, 0x0000000100000000)
  region size 1024K, 189 young (193536K), 4 survivors (4096K)
 Metaspace       used 132105K, committed 134656K, reserved 557056K
  class space    used 17978K, committed 19200K, reserved 425984K
}
Event: 46.567 GC heap after
{Heap after GC invocations=90 (full 0):
 garbage-first heap   total 814080K, used 449117K [0x0000000080000000, 0x0000000100000000)
  region size 1024K, 9 young (9216K), 9 survivors (9216K)
 Metaspace       used 132105K, committed 134656K, reserved 557056K
  class space    used 17978K, committed 19200K, reserved 425984K
}

Deoptimization events (20 events):
Event: 49.053 Thread 0x0000023aa7b885f0 DEOPT PACKING pc=0x0000023ae7b256fc sp=0x0000007f975fdec0
Event: 49.053 Thread 0x0000023aa7b885f0 DEOPT UNPACKING pc=0x0000023ae66923a3 sp=0x0000007f975fde10 mode 2
Event: 49.083 Thread 0x0000023aa7b8b380 Uncommon trap: trap_request=0xffffffde fr.pc=0x0000023ae7ed29b0 relative=0x0000000000000110
Event: 49.083 Thread 0x0000023aa7b8b380 Uncommon trap: reason=class_check action=maybe_recompile pc=0x0000023ae7ed29b0 method=com.google.common.collect.AbstractMapBasedMultimap$WrappedCollection.refreshIfEmpty()V @ 40 c2
Event: 49.083 Thread 0x0000023aa7b8b380 DEOPT PACKING pc=0x0000023ae7ed29b0 sp=0x0000007f96cfde80
Event: 49.083 Thread 0x0000023aa7b8b380 DEOPT UNPACKING pc=0x0000023ae66923a3 sp=0x0000007f96cfdd60 mode 2
Event: 49.083 Thread 0x0000023aa7b8b380 Uncommon trap: trap_request=0xffffffde fr.pc=0x0000023ae7ed29b0 relative=0x0000000000000110
Event: 49.083 Thread 0x0000023aa7b8b380 Uncommon trap: reason=class_check action=maybe_recompile pc=0x0000023ae7ed29b0 method=com.google.common.collect.AbstractMapBasedMultimap$WrappedCollection.refreshIfEmpty()V @ 40 c2
Event: 49.083 Thread 0x0000023aa7b8b380 DEOPT PACKING pc=0x0000023ae7ed29b0 sp=0x0000007f96cfde80
Event: 49.083 Thread 0x0000023aa7b8b380 DEOPT UNPACKING pc=0x0000023ae66923a3 sp=0x0000007f96cfdd60 mode 2
Event: 49.160 Thread 0x0000023aa7b89f40 Uncommon trap: trap_request=0xffffffde fr.pc=0x0000023ae7ed29b0 relative=0x0000000000000110
Event: 49.160 Thread 0x0000023aa7b89f40 Uncommon trap: reason=class_check action=maybe_recompile pc=0x0000023ae7ed29b0 method=com.google.common.collect.AbstractMapBasedMultimap$WrappedCollection.refreshIfEmpty()V @ 40 c2
Event: 49.160 Thread 0x0000023aa7b89f40 DEOPT PACKING pc=0x0000023ae7ed29b0 sp=0x0000007f96ffdc80
Event: 49.160 Thread 0x0000023aa7b89f40 DEOPT UNPACKING pc=0x0000023ae66923a3 sp=0x0000007f96ffdb60 mode 2
Event: 49.161 Thread 0x0000023aa7b89f40 Uncommon trap: trap_request=0xffffffde fr.pc=0x0000023ae7ed29b0 relative=0x0000000000000110
Event: 49.161 Thread 0x0000023aa7b89f40 Uncommon trap: reason=class_check action=maybe_recompile pc=0x0000023ae7ed29b0 method=com.google.common.collect.AbstractMapBasedMultimap$WrappedCollection.refreshIfEmpty()V @ 40 c2
Event: 49.161 Thread 0x0000023aa7b89f40 DEOPT PACKING pc=0x0000023ae7ed29b0 sp=0x0000007f96ffdc80
Event: 49.161 Thread 0x0000023aa7b89f40 DEOPT UNPACKING pc=0x0000023ae66923a3 sp=0x0000007f96ffdb60 mode 2
Event: 49.675 Thread 0x0000023aa7b90990 DEOPT PACKING pc=0x0000023ae1ba4be2 sp=0x0000007f82bfd930
Event: 49.675 Thread 0x0000023aa7b90990 DEOPT UNPACKING pc=0x0000023ae6692b43 sp=0x0000007f82bfce48 mode 0

Classes unloaded (0 events):
No events

Classes redefined (0 events):
No events

Internal exceptions (20 events):
Event: 49.647 Thread 0x0000023a9bc16b70 Exception <a 'sun/nio/fs/WindowsException'{0x00000000aa5570c0}> (0x00000000aa5570c0) 
thrown [s\open\src\hotspot\share\prims\jni.cpp, line 516]
Event: 49.647 Thread 0x0000023a9bc16b70 Exception <a 'sun/nio/fs/WindowsException'{0x00000000aa557150}> (0x00000000aa557150) 
thrown [s\open\src\hotspot\share\prims\jni.cpp, line 516]
Event: 49.647 Thread 0x0000023a9bc16b70 Exception <a 'sun/nio/fs/WindowsException'{0x00000000aa557690}> (0x00000000aa557690) 
thrown [s\open\src\hotspot\share\prims\jni.cpp, line 516]
Event: 49.647 Thread 0x0000023a9bc16b70 Exception <a 'sun/nio/fs/WindowsException'{0x00000000aa559838}> (0x00000000aa559838) 
thrown [s\open\src\hotspot\share\prims\jni.cpp, line 516]
Event: 49.647 Thread 0x0000023a9bc16b70 Exception <a 'sun/nio/fs/WindowsException'{0x00000000aa55aa10}> (0x00000000aa55aa10) 
thrown [s\open\src\hotspot\share\prims\jni.cpp, line 516]
Event: 49.647 Thread 0x0000023a9bc16b70 Exception <a 'sun/nio/fs/WindowsException'{0x00000000aa55aaa0}> (0x00000000aa55aaa0) 
thrown [s\open\src\hotspot\share\prims\jni.cpp, line 516]
Event: 49.647 Thread 0x0000023a9bc16b70 Exception <a 'sun/nio/fs/WindowsException'{0x00000000aa55b070}> (0x00000000aa55b070) 
thrown [s\open\src\hotspot\share\prims\jni.cpp, line 516]
Event: 49.647 Thread 0x0000023a9bc16b70 Exception <a 'sun/nio/fs/WindowsException'{0x00000000aa55d1b8}> (0x00000000aa55d1b8) 
thrown [s\open\src\hotspot\share\prims\jni.cpp, line 516]
Event: 49.647 Thread 0x0000023a9bc16b70 Exception <a 'sun/nio/fs/WindowsException'{0x00000000aa55de50}> (0x00000000aa55de50) 
thrown [s\open\src\hotspot\share\prims\jni.cpp, line 516]
Event: 49.647 Thread 0x0000023a9bc16b70 Exception <a 'sun/nio/fs/WindowsException'{0x00000000aa55e3b0}> (0x00000000aa55e3b0) 
thrown [s\open\src\hotspot\share\prims\jni.cpp, line 516]
Event: 49.647 Thread 0x0000023a9bc16b70 Exception <a 'sun/nio/fs/WindowsException'{0x00000000aa55e8f0}> (0x00000000aa55e8f0) 
thrown [s\open\src\hotspot\share\prims\jni.cpp, line 516]
Event: 49.657 Thread 0x0000023a9bc17aa0 Exception <a 'sun/nio/fs/WindowsException'{0x00000000aa4c7830}> (0x00000000aa4c7830) 
thrown [s\open\src\hotspot\share\prims\jni.cpp, line 516]
Event: 49.657 Thread 0x0000023a9bc17aa0 Exception <a 'sun/nio/fs/WindowsException'{0x00000000aa4e2f18}> (0x00000000aa4e2f18) 
thrown [s\open\src\hotspot\share\prims\jni.cpp, line 516]
Event: 49.657 Thread 0x0000023a9bc17aa0 Exception <a 'sun/nio/fs/WindowsException'{0x00000000aa4e2fa8}> (0x00000000aa4e2fa8) 
thrown [s\open\src\hotspot\share\prims\jni.cpp, line 516]
Event: 49.657 Thread 0x0000023a9bc17aa0 Exception <a 'sun/nio/fs/WindowsException'{0x00000000aa4e34d8}> (0x00000000aa4e34d8) 
thrown [s\open\src\hotspot\share\prims\jni.cpp, line 516]
Event: 49.659 Thread 0x0000023aa7b8c2b0 Exception <a 'sun/nio/fs/WindowsException'{0x00000000aa4a6ac8}> (0x00000000aa4a6ac8) 
thrown [s\open\src\hotspot\share\prims\jni.cpp, line 516]
Event: 49.661 Thread 0x0000023aa7b8c2b0 Exception <a 'sun/nio/fs/WindowsException'{0x00000000aa4adfc8}> (0x00000000aa4adfc8) 
thrown [s\open\src\hotspot\share\prims\jni.cpp, line 516]
Event: 49.661 Thread 0x0000023aa7b8c2b0 Exception <a 'sun/nio/fs/WindowsException'{0x00000000aa4ae180}> (0x00000000aa4ae180) 
thrown [s\open\src\hotspot\share\prims\jni.cpp, line 516]
Event: 49.661 Thread 0x0000023aa7b8c2b0 Exception <a 'sun/nio/fs/WindowsException'{0x00000000aa4ae240}> (0x00000000aa4ae240) 
thrown [s\open\src\hotspot\share\prims\jni.cpp, line 516]
Event: 49.661 Thread 0x0000023aa7b8c2b0 Exception <a 'sun/nio/fs/WindowsException'{0x00000000aa4ae780}> (0x00000000aa4ae780) 
thrown [s\open\src\hotspot\share\prims\jni.cpp, line 516]

VM Operations (20 events):
Event: 46.529 Executing VM operation: G1CollectForAllocation
Event: 46.567 Executing VM operation: G1CollectForAllocation done
Event: 47.567 Executing VM operation: Cleanup
Event: 47.567 Executing VM operation: Cleanup done
Event: 47.993 Executing VM operation: HandshakeAllThreads
Event: 47.993 Executing VM operation: HandshakeAllThreads done
Event: 48.112 Executing VM operation: ICBufferFull
Event: 48.113 Executing VM operation: ICBufferFull done
Event: 48.314 Executing VM operation: HandshakeAllThreads
Event: 48.315 Executing VM operation: HandshakeAllThreads done
Event: 48.363 Executing VM operation: ICBufferFull
Event: 48.363 Executing VM operation: ICBufferFull done
Event: 48.965 Executing VM operation: HandshakeAllThreads
Event: 48.965 Executing VM operation: HandshakeAllThreads done
Event: 48.985 Executing VM operation: HandshakeAllThreads
Event: 48.986 Executing VM operation: HandshakeAllThreads done
Event: 48.994 Executing VM operation: HandshakeAllThreads
Event: 48.995 Executing VM operation: HandshakeAllThreads done
Event: 49.490 Executing VM operation: ICBufferFull
Event: 49.491 Executing VM operation: ICBufferFull done

Events (20 events):
Event: 48.362 Thread 0x0000023af6bcb900 flushing nmethod 0x0000023ae1a94690
Event: 48.362 Thread 0x0000023af6bcb900 flushing nmethod 0x0000023ae1a94d10
Event: 48.362 Thread 0x0000023af6bcb900 flushing nmethod 0x0000023ae1a95390
Event: 48.362 Thread 0x0000023af6bcb900 flushing nmethod 0x0000023ae1a95810
Event: 48.362 Thread 0x0000023af6bcb900 flushing nmethod 0x0000023ae1a96910
Event: 48.362 Thread 0x0000023af6bcb900 flushing nmethod 0x0000023ae1a9aa90
Event: 48.362 Thread 0x0000023af6bcb900 flushing nmethod 0x0000023ae1a9b090
Event: 48.362 Thread 0x0000023af6bcb900 flushing nmethod 0x0000023ae1a9c890
Event: 48.362 Thread 0x0000023af6bcb900 flushing nmethod 0x0000023ae1a9df90
Event: 48.362 Thread 0x0000023af6bcb900 flushing nmethod 0x0000023ae1aa5290
Event: 48.362 Thread 0x0000023af6bcb900 flushing nmethod 0x0000023ae1aa6210
Event: 48.362 Thread 0x0000023af6bcb900 flushing nmethod 0x0000023ae1aa7f10
Event: 48.362 Thread 0x0000023af6bcb900 flushing nmethod 0x0000023ae1aa8e10
Event: 48.362 Thread 0x0000023af6bcb900 flushing nmethod 0x0000023ae1aa9190
Event: 48.362 Thread 0x0000023af6bcb900 flushing nmethod 0x0000023ae1aa9e10
Event: 48.362 Thread 0x0000023af6bcb900 flushing nmethod 0x0000023ae1aaa990
Event: 48.362 Thread 0x0000023af6bcb900 flushing nmethod 0x0000023ae1aabe10
Event: 49.025 Thread 0x0000023aa7b90990 Thread added: 0x0000023aa7b90990
Event: 49.117 loading class java/io/BufferedReader$1
Event: 49.127 loading class java/io/BufferedReader$1 done


Dynamic libraries:
0x00007ff7d96f0000 - 0x00007ff7d9700000 	C:\Program Files\Java\jdk-17\bin\java.exe
0x00007ffe0c980000 - 0x00007ffe0cbe7000 	C:\WINDOWS\SYSTEM32\ntdll.dll
0x00007ffe0bde0000 - 0x00007ffe0bea9000 	C:\WINDOWS\System32\KERNEL32.DLL
0x00007ffe0a220000 - 0x00007ffe0a617000 	C:\WINDOWS\System32\KERNELBASE.dll
0x00007ffe096f0000 - 0x00007ffe0983b000 	C:\WINDOWS\System32\ucrtbase.dll
0x00007ffe053a0000 - 0x00007ffe053b9000 	C:\Program Files\Java\jdk-17\bin\jli.dll
0x00007ffe05ea0000 - 0x00007ffe05ebb000 	C:\Program Files\Java\jdk-17\bin\VCRUNTIME140.dll
0x00007ffe0c6c0000 - 0x00007ffe0c776000 	C:\WINDOWS\System32\ADVAPI32.dll
0x00007ffe0bad0000 - 0x00007ffe0bb79000 	C:\WINDOWS\System32\msvcrt.dll
0x00007ffe0aaf0000 - 0x00007ffe0ab97000 	C:\WINDOWS\System32\sechost.dll
0x00007ffe0a9c0000 - 0x00007ffe0aad8000 	C:\WINDOWS\System32\RPCRT4.dll
0x00007ffe0a7c0000 - 0x00007ffe0a986000 	C:\WINDOWS\System32\USER32.dll
0x00007ffe0a620000 - 0x00007ffe0a647000 	C:\WINDOWS\System32\win32u.dll
0x00007ffe0c090000 - 0x00007ffe0c0bb000 	C:\WINDOWS\System32\GDI32.dll
0x00007ffde3a10000 - 0x00007ffde3ca2000 	C:\WINDOWS\WinSxS\amd64_microsoft.windows.common-controls_6595b64144ccf1df_6.0.26100.8457_none_3e0b2faee331e92d\COMCTL32.dll
0x00007ffe095c0000 - 0x00007ffe096ec000 	C:\WINDOWS\System32\gdi32full.dll
0x00007ffe0a650000 - 0x00007ffe0a6f3000 	C:\WINDOWS\System32\msvcp_win.dll
0x00007ffdf9e80000 - 0x00007ffdf9e8b000 	C:\WINDOWS\SYSTEM32\VERSION.dll
0x00007ffe0c780000 - 0x00007ffe0c7b2000 	C:\WINDOWS\System32\IMM32.DLL
0x00007ffdfb050000 - 0x00007ffdfb05c000 	C:\Program Files\Java\jdk-17\bin\vcruntime140_1.dll
0x00007ffdc6650000 - 0x00007ffdc66de000 	C:\Program Files\Java\jdk-17\bin\msvcp140.dll
0x00007ffd25a30000 - 0x00007ffd26611000 	C:\Program Files\Java\jdk-17\bin\server\jvm.dll
0x00007ffe0b480000 - 0x00007ffe0b488000 	C:\WINDOWS\System32\PSAPI.DLL
0x00007ffdf4eb0000 - 0x00007ffdf4ee6000 	C:\WINDOWS\SYSTEM32\WINMM.dll
0x00007ffdd5940000 - 0x00007ffdd594a000 	C:\WINDOWS\SYSTEM32\WSOCK32.dll
0x00007ffe0c0c0000 - 0x00007ffe0c140000 	C:\WINDOWS\System32\WS2_32.dll
0x00007ffe08110000 - 0x00007ffe0812b000 	C:\WINDOWS\SYSTEM32\kernel.appcore.dll
0x00007ffdfb040000 - 0x00007ffdfb04a000 	C:\Program Files\Java\jdk-17\bin\jimage.dll
0x00007ffe06e90000 - 0x00007ffe070d2000 	C:\WINDOWS\SYSTEM32\DBGHELP.DLL
0x00007ffe0c310000 - 0x00007ffe0c693000 	C:\WINDOWS\System32\combase.dll
0x00007ffe0c230000 - 0x00007ffe0c309000 	C:\WINDOWS\System32\OLEAUT32.dll
0x00007ffdd9350000 - 0x00007ffdd938b000 	C:\WINDOWS\SYSTEM32\dbgcore.DLL
0x00007ffe09900000 - 0x00007ffe099a8000 	C:\WINDOWS\System32\bcryptPrimitives.dll
0x00007ffdcf250000 - 0x00007ffdcf25e000 	C:\Program Files\Java\jdk-17\bin\instrument.dll
0x00007ffddde60000 - 0x00007ffddde85000 	C:\Program Files\Java\jdk-17\bin\java.dll
0x00007ffdc1020000 - 0x00007ffdc10f7000 	C:\Program Files\Java\jdk-17\bin\jsvml.dll
0x00007ffe0aba0000 - 0x00007ffe0b30e000 	C:\WINDOWS\System32\SHELL32.dll
0x00007ffe099b0000 - 0x00007ffe0a21c000 	C:\WINDOWS\System32\windows.storage.dll
0x00007ffe0c830000 - 0x00007ffe0c926000 	C:\WINDOWS\System32\SHCORE.dll
0x00007ffe0c7c0000 - 0x00007ffe0c826000 	C:\WINDOWS\System32\shlwapi.dll
0x00007ffe092d0000 - 0x00007ffe092f9000 	C:\WINDOWS\SYSTEM32\profapi.dll
0x00007ffddbf00000 - 0x00007ffddbf18000 	C:\Program Files\Java\jdk-17\bin\zip.dll
0x00007ffde40e0000 - 0x00007ffde40f9000 	C:\Program Files\Java\jdk-17\bin\net.dll
0x00007ffe01d90000 - 0x00007ffe01eb9000 	C:\WINDOWS\SYSTEM32\WINHTTP.dll
0x00007ffe086b0000 - 0x00007ffe0871c000 	C:\WINDOWS\system32\mswsock.dll
0x00007ffddbf20000 - 0x00007ffddbf36000 	C:\Program Files\Java\jdk-17\bin\nio.dll
0x00007ffdd1240000 - 0x00007ffdd1250000 	C:\Program Files\Java\jdk-17\bin\verify.dll
0x00007ffdad540000 - 0x00007ffdad567000 	C:\Users\jibri\.gradle\native\1def1411415f61bf3af743bc5b6707747c0891f09f0c88961ee8f79bc544acac\windows-amd64\native-platform.dll
0x00007ffdfb640000 - 0x00007ffdfb6b7000 	C:\Users\jibri\.gradle\native\0.2.8\x86_64-windows-gnu\gradle-fileevents.dll
0x00007ffdd1eb0000 - 0x00007ffdd1eba000 	C:\Program Files\Java\jdk-17\bin\management.dll
0x00007ffdd1250000 - 0x00007ffdd125b000 	C:\Program Files\Java\jdk-17\bin\management_ext.dll
0x00007ffe07b40000 - 0x00007ffe07b72000 	C:\WINDOWS\SYSTEM32\IPHLPAPI.DLL
0x00007ffe0aae0000 - 0x00007ffe0aaea000 	C:\WINDOWS\System32\NSI.dll
0x00007ffe01470000 - 0x00007ffe0148d000 	C:\WINDOWS\SYSTEM32\dhcpcsvc6.DLL
0x00007ffe01440000 - 0x00007ffe01465000 	C:\WINDOWS\SYSTEM32\dhcpcsvc.DLL
0x00007ffe07be0000 - 0x00007ffe07d12000 	C:\WINDOWS\SYSTEM32\DNSAPI.dll
0x00007ffe08990000 - 0x00007ffe089ab000 	C:\WINDOWS\SYSTEM32\CRYPTSP.dll
0x00007ffe08070000 - 0x00007ffe080a9000 	C:\WINDOWS\system32\rsaenh.dll
0x00007ffe08760000 - 0x00007ffe08793000 	C:\WINDOWS\SYSTEM32\USERENV.dll
0x00007ffe092a0000 - 0x00007ffe092ca000 	C:\WINDOWS\SYSTEM32\bcrypt.dll
0x00007ffe089b0000 - 0x00007ffe089bc000 	C:\WINDOWS\SYSTEM32\CRYPTBASE.dll
0x00007ffdcf240000 - 0x00007ffdcf24e000 	C:\Program Files\Java\jdk-17\bin\sunmscapi.dll
0x00007ffe09440000 - 0x00007ffe095b8000 	C:\WINDOWS\System32\CRYPT32.dll
0x00007ffe08bb0000 - 0x00007ffe08be0000 	C:\WINDOWS\SYSTEM32\ncrypt.dll
0x00007ffe08b60000 - 0x00007ffe08b9f000 	C:\WINDOWS\SYSTEM32\NTASN1.dll
0x00007ffddcfc0000 - 0x00007ffddcfc8000 	C:\WINDOWS\system32\wshunix.dll
0x00007ffe08240000 - 0x00007ffe08276000 	C:\WINDOWS\SYSTEM32\ntmarta.dll

dbghelp: loaded successfully - version: 4.0.5 - missing functions: none
symbol engine: initialized successfully - sym options: 0x614 - pdb path: .;C:\Program Files\Java\jdk-17\bin;C:\WINDOWS\SYSTEM32;C:\WINDOWS\WinSxS\amd64_microsoft.windows.common-controls_6595b64144ccf1df_6.0.26100.8457_none_3e0b2faee331e92d;C:\Program Files\Java\jdk-17\bin\server;C:\Users\jibri\.gradle\native\1def1411415f61bf3af743bc5b6707747c0891f09f0c88961ee8f79bc544acac\windows-amd64;C:\Users\jibri\.gradle\native\0.2.8\x86_64-windows-gnu

VM Arguments:
jvm_args: --add-opens=java.base/java.lang=ALL-UNNAMED --add-opens=java.base/java.lang.invoke=ALL-UNNAMED --add-opens=java.base/java.util=ALL-UNNAMED --add-opens=java.prefs/java.util.prefs=ALL-UNNAMED --add-exports=jdk.compiler/com.sun.tools.javac.api=ALL-UNNAMED --add-exports=jdk.compiler/com.sun.tools.javac.util=ALL-UNNAMED --add-opens=java.base/java.util=ALL-UNNAMED --add-opens=java.prefs/java.util.prefs=ALL-UNNAMED --add-opens=java.base/java.nio.charset=ALL-UNNAMED --add-opens=java.base/java.net=ALL-UNNAMED --add-opens=java.base/java.util.concurrent=ALL-UNNAMED --add-opens=java.base/java.util.concurrent.atomic=ALL-UNNAMED --add-opens=java.xml/javax.xml.namespace=ALL-UNNAMED -XX:MaxMetaspaceSize=512m -Xmx2048m -Dfile.encoding=windows-1252 -Duser.country=PH -Duser.language=en -Duser.variant -javaagent:C:\Users\jibri\.gradle\wrapper\dists\gradle-9.0.0-bin\d6wjpkvcgsg3oed0qlfss3wgl\gradle-9.0.0\lib\agents\gradle-instrumentation-agent-9.0.0.jar 
java_command: org.gradle.launcher.daemon.bootstrap.GradleDaemon 9.0.0
java_class_path (initial): C:\Users\jibri\.gradle\wrapper\dists\gradle-9.0.0-bin\d6wjpkvcgsg3oed0qlfss3wgl\gradle-9.0.0\lib\gradle-daemon-main-9.0.0.jar
Launcher Type: SUN_STANDARD

[Global flags]
     intx CICompilerCount                          = 12                                        {product} {ergonomic}
   size_t CompressedClassSpaceSize                 = 436207616                                 {product} {ergonomic}
     uint ConcGCThreads                            = 4                                         {product} {ergonomic}
     uint G1ConcRefinementThreads                  = 15                                        {product} {ergonomic}
   size_t G1HeapRegionSize                         = 1048576                                   {product} {ergonomic}
    uintx GCDrainStackTargetSize                   = 64                                        {product} {ergonomic}
   size_t InitialHeapSize                          = 130023424                                 {product} {ergonomic}
   size_t MarkStackSize                            = 4194304                                   {product} {ergonomic}
   size_t MaxHeapSize                              = 2147483648                                {product} {command line}
   size_t MaxMetaspaceSize                         = 536870912                                 {product} {command line}
   size_t MaxNewSize                               = 1287651328                                {product} {ergonomic}
   size_t MinHeapDeltaBytes                        = 1048576                                   {product} {ergonomic}
   size_t MinHeapSize                              = 8388608                                   {product} {ergonomic}
    uintx NonNMethodCodeHeapSize                   = 7602480                                {pd product} {ergonomic}
    uintx NonProfiledCodeHeapSize                  = 122027880                              {pd product} {ergonomic}
    uintx ProfiledCodeHeapSize                     = 122027880                              {pd product} {ergonomic}
    uintx ReservedCodeCacheSize                    = 251658240                              {pd product} {ergonomic}
     bool SegmentedCodeCache                       = true                                      {product} {ergonomic}
   size_t SoftMaxHeapSize                          = 2147483648                             {manageable} {ergonomic}
     bool UseCompressedClassPointers               = true                           {product lp64_product} {ergonomic}
     bool UseCompressedOops                        = true                           {product lp64_product} {ergonomic}
     bool UseG1GC                                  = true                                      {product} {ergonomic}
     bool UseLargePagesIndividualAllocation        = false                                  {pd product} {ergonomic}

Logging:
Log output configuration:
 #0: stdout all=warning uptime,level,tags
 #1: stderr all=off uptime,level,tags

Environment Variables:
JAVA_HOME=C:\Program Files\Java\jdk-17
PATH=C:\rubi_web\CISC_Capstone\MiscueReading\node_modules\.bin;C:\rubi_web\CISC_Capstone\node_modules\.bin;C:\rubi_web\node_modules\.bin;C:\node_modules\.bin;C:\Users\jibri\CONFIG~1\herd\bin\nvm\v22.9.0\node_modules\npm\node_modules\@npmcli\run-script\lib\node-gyp-bin;C:\Users\jibri\bin;C:\Program Files\Git\mingw64\bin;C:\Program Files\Git\usr\local\bin;C:\Program Files\Git\usr\bin;C:\Program Files\Git\usr\bin;C:\Program Files\Git\mingw64\bin;C:\Program Files\Git\usr\bin;C:\Users\jibri\bin;C:\flutter\flutter\bin\cache\dart-sdk\bin;C:\Users\jibri\AppData\Roaming\Code\User\globalStorage\github.copilot-chat\debugCommand;C:\Users\jibri\AppData\Roaming\Code\User\globalStorage\github.copilot-chat\copilotCli;C:\Program Files\Microsoft\jdk-17.0.16.8-hotspot\bin;C:\ProgramData\Oracle\Java\javapath;C:\Program Files\NVIDIA GPU Computing Toolkit\CUDA\v12.8\bin;C:\Program Files\NVIDIA GPU Computing Toolkit\CUDA\v12.8\libnvvp;C:\Program Files\Common Files\Oracle\Java\javapath;C:\PHP;C:\Windows\system32;C:\Windows;C:\Windows\System32\Wbem;C:\Windows\System32\WindowsPowerShell\v1.0;C:\Windows\System32\OpenSSH;C:\Program Files (x86)\NVIDIA Corporation\PhysX\Common;C:\Program Files\Microsoft SQL Server\150\Tools\Binn;C:\Program Files\Microsoft SQL Server\Client SDK\ODBC\170\Tools\Binn;C:\ProgramData\ComposerSetup\bin;C:\Users\jibri\.config\herd\bin\nvm;C:\Program Files\nodejs;C:\Program Files\Java\jdk-17\bin;C:\xampp\php;C:\WINDOWS\system32;C:\WINDOWS;C:\WINDOWS\System32\Wbem;C:\WINDOWS\System32\WindowsPowerShell\v1.0;C:\WINDOWS\System32\OpenSSH;C:\Program Files\nodejs;C:\Program Files\Git\cmd;C:\Program Files\Git\usr\bin;C:\Users\jibri\AppData\Local\Pub\Cache\bin;C:\Program Files\NVIDIA Corporation\NVIDIA app\NvDLISR;C:\Program Files\heroku\bin;C:\Program Files\NVIDIA Corporation\Nsight Compute 2025.1.1;C:\ProgramData\chocolatey\bin;C:\Users\jibri\AppData\Local\Programs\Python\Python310\Scripts;C:\Program Files\dotnet;C:\Program Files (x86)\Windows Kits\10\Windows Performance Toolkit;C
USERNAME=jibri
SHELL=C:\Program Files\Git\usr\bin\bash.exe
DISPLAY=needs-to-be-defined
LANG=en_US.UTF-8
OS=Windows_NT
PROCESSOR_IDENTIFIER=Intel64 Family 6 Model 191 Stepping 2, GenuineIntel



---------------  S Y S T E M  ---------------

OS:
 Windows 11 , 64 bit Build 26100 (10.0.26100.8328)
OS uptime: 0 days 1:12 hours
Hyper-V role detected

CPU: total 20 (initial active 20) (10 cores per cpu, 2 threads per core) family 6 model 191 stepping 2 microcode 0x2c, cx8, cmov, fxsr, ht, mmx, 3dnowpref, sse, sse2, sse3, ssse3, sse4.1, sse4.2, popcnt, lzcnt, tsc, tscinvbit, avx, avx2, aes, erms, clmul, bmi1, bmi2, adx, sha, fma, vzeroupper, clflush, clflushopt, clwb, hv

Memory: 4k page, system-wide physical 7911M (31M free)
TotalPageFile size 29418M (AvailPageFile size 0M)
current process WorkingSet (physical memory assigned to process): 490M, peak: 1022M
current process commit charge ("private bytes"): 1343M, peak: 1351M

vm_info: Java HotSpot(TM) 64-Bit Server VM (17.0.14+8-LTS-191) for windows-amd64 JRE (17.0.14+8-LTS-191), built on Dec  3 2024 11:07:59 by "mach5one" with MS VC++ 17.6 (VS2022)

END.
