#
# There is insufficient memory for the Java Runtime Environment to continue.
# Native memory allocation (malloc) failed to allocate 1048576 bytes for AllocateHeap
# Possible reasons:
#   The system is out of physical RAM or swap space
#   The process is running with CompressedOops enabled, and the Java Heap may be blocking the growth of the native heap
# Possible solutions:
#   Reduce memory load on the system
#   Increase physical memory or swap space
#   Check if swap backing store is full
#   Decrease Java heap size (-Xmx/-Xms)
#   Decrease number of Java threads
#   Decrease Java thread stack sizes (-Xss)
#   Set larger code cache with -XX:ReservedCodeCacheSize=
#   JVM is running with Unscaled Compressed Oops mode in which the Java heap is
#     placed in the first 4GB address space. The Java Heap base address is the
#     maximum limit for the native heap growth. Please use -XX:HeapBaseMinAddress
#     to set the Java Heap base and to place the Java Heap above 4GB virtual address.
# This output file may be truncated or incomplete.
#
#  Out of Memory Error (allocation.cpp:44), pid=23956, tid=2836
#
# JRE version: Java(TM) SE Runtime Environment (17.0.14+8) (build 17.0.14+8-LTS-191)
# Java VM: Java HotSpot(TM) 64-Bit Server VM (17.0.14+8-LTS-191, mixed mode, sharing, tiered, compressed oops, compressed class ptrs, g1 gc, windows-amd64)
# No core dump will be written. Minidumps are not enabled by default on client versions of Windows
#

---------------  S U M M A R Y ------------

Command Line: --add-opens=java.base/java.lang=ALL-UNNAMED --add-opens=java.base/java.lang.invoke=ALL-UNNAMED --add-opens=java.base/java.util=ALL-UNNAMED --add-opens=java.prefs/java.util.prefs=ALL-UNNAMED --add-exports=jdk.compiler/com.sun.tools.javac.api=ALL-UNNAMED --add-exports=jdk.compiler/com.sun.tools.javac.util=ALL-UNNAMED --add-opens=java.base/java.util=ALL-UNNAMED --add-opens=java.prefs/java.util.prefs=ALL-UNNAMED --add-opens=java.base/java.nio.charset=ALL-UNNAMED --add-opens=java.base/java.net=ALL-UNNAMED --add-opens=java.base/java.util.concurrent=ALL-UNNAMED --add-opens=java.base/java.util.concurrent.atomic=ALL-UNNAMED --add-opens=java.xml/javax.xml.namespace=ALL-UNNAMED -XX:MaxMetaspaceSize=512m -Xmx2048m -Dfile.encoding=windows-1252 -Duser.country=PH -Duser.language=en -Duser.variant -javaagent:C:\Users\jibri\.gradle\wrapper\dists\gradle-9.0.0-bin\d6wjpkvcgsg3oed0qlfss3wgl\gradle-9.0.0\lib\agents\gradle-instrumentation-agent-9.0.0.jar org.gradle.launcher.daemon.bootstrap.GradleDaemon 9.0.0

Host: 13th Gen Intel(R) Core(TM) i5-13500HX, 20 cores, 7G,  Windows 11 , 64 bit Build 26100 (10.0.26100.8246)
Time: Thu Apr 30 00:20:05 2026 Malay Peninsula Standard Time elapsed time: 3129.415441 seconds (0d 0h 52m 9s)

---------------  T H R E A D  ---------------

Current thread (0x00000278515e8400):  VMThread "VM Thread" [stack: 0x00000087aa900000,0x00000087aaa00000] [id=2836]

Stack: [0x00000087aa900000,0x00000087aaa00000]
Native frames: (J=compiled Java code, j=interpreted, Vv=VM code, C=native code)
V  [jvm.dll+0x67a38a]
V  [jvm.dll+0x7da7ed]
V  [jvm.dll+0x7dc133]
V  [jvm.dll+0x7dc7a3]
V  [jvm.dll+0x24517f]
V  [jvm.dll+0xa5e2b]
V  [jvm.dll+0x2f32b3]
V  [jvm.dll+0x2ef230]
V  [jvm.dll+0x2d79c7]
V  [jvm.dll+0x31a7e7]
V  [jvm.dll+0x7e109b]
V  [jvm.dll+0x7e1dd4]
V  [jvm.dll+0x7e22ed]
V  [jvm.dll+0x7e26c4]
V  [jvm.dll+0x7e2790]
V  [jvm.dll+0x78b04a]
V  [jvm.dll+0x679275]
C  [ucrtbase.dll+0x37b0]
C  [KERNEL32.DLL+0x2e8d7]
C  [ntdll.dll+0x8c3fc]

VM_Operation (0x00000087b26fb4a0): G1CollectFull, mode: safepoint, requested by thread 0x000002787e273800


---------------  P R O C E S S  ---------------

Threads class SMR info:
_java_thread_list=0x000002787f107020, length=294, elements={
0x0000027833180690, 0x00000278515eecd0, 0x00000278515ef7a0, 0x0000027851604e80,
0x0000027851605750, 0x0000027851606020, 0x00000278516068f0, 0x0000027851607b00,
0x0000027851608820, 0x0000027851611140, 0x00000278526448b0, 0x00000278527328d0,
0x0000027873775480, 0x0000027872c1c980, 0x0000027873920390, 0x0000027873803a20,
0x0000027873804950, 0x0000027873804440, 0x00000278738020d0, 0x00000278738025e0,
0x000002787602af90, 0x000002787602b4a0, 0x0000027877e22df0, 0x0000027874d18240,
0x0000027874d17310, 0x000002787571d810, 0x000002787571a570, 0x000002787571a060,
0x0000027875723330, 0x0000027875722400, 0x00000278757219e0, 0x0000027875721ef0,
0x0000027875722910, 0x0000027874d168f0, 0x0000027877e20060, 0x00000278742735a0,
0x00000278742744d0, 0x0000027874273090, 0x00000278742749e0, 0x0000027874275400,
0x0000027874271c50, 0x0000027874275910, 0x0000027874272670, 0x0000027877f71c50,
0x0000027877f72160, 0x0000027800375300, 0x000002787dba69f0, 0x00000278769f7bb0,
0x00000278769f7190, 0x00000278769f8ff0, 0x00000278769fa430, 0x000002787d9802f0,
0x000002787d980d10, 0x000002787d97f8d0, 0x000002787d980800, 0x000002787d97fde0,
0x0000027802dd5660, 0x0000027802dd83f0, 0x0000027802dd6fb0, 0x0000027802dd6590,
0x0000027802dd6aa0, 0x000002787378e610, 0x000002787d3b7560, 0x000002787d3b6630,
0x000002787d3b6b40, 0x000002787d3b5c10, 0x000002787d3b6120, 0x0000027852564dd0,
0x0000027852566c30, 0x0000027852568070, 0x0000027852568580, 0x0000027852567650,
0x0000027852565d00, 0x0000027852566210, 0x00000278525652e0, 0x0000027852567140,
0x0000027852567b60, 0x0000027852566720, 0x0000027802dd4c40, 0x0000027802dd5b70,
0x0000027802dd74c0, 0x00000278741048a0, 0x0000027874102f50, 0x0000027874104390,
0x00000278741052c0, 0x00000278525657f0, 0x0000027876145d80, 0x0000027876144940,
0x0000027876146290, 0x000002787d3b9060, 0x000002787d3b8640, 0x000002787d3b9570,
0x000002787d3b7c20, 0x000002787e271490, 0x000002787e2723c0, 0x000002787e2732f0,
0x000002787e274220, 0x000002787e271eb0, 0x000002787e273d10, 0x0000027877f71230,
0x0000027877f72670, 0x00000278003743d0, 0x000002787378eb20, 0x0000027874102a40,
0x0000027800375810, 0x0000027877f70d20, 0x00000278769fa940, 0x0000027876143a10,
0x0000027874102530, 0x00000278769f80c0, 0x0000027877f71740, 0x00000278772605b0,
0x0000027877261f00, 0x00000278772614e0, 0x000002787725f680, 0x00000278772619f0,
0x0000027877260fd0, 0x0000027877262920, 0x000002787725fb90, 0x0000027877262410,
0x0000027877262e30, 0x0000027877260ac0, 0x00000278772600a0, 0x00000278021e87b0,
0x00000278021ea100, 0x00000278021e7880, 0x00000278021e91d0, 0x00000278021e82a0,
0x000002787e273800, 0x00000278021e8cc0, 0x00000278021e7d90, 0x00000278021e96e0,
0x000002787e2728d0, 0x000002787378f030, 0x000002787378d6e0, 0x0000027874d1c690,
0x0000027874d1d5c0, 0x0000027874d1cba0, 0x0000027874d1d0b0, 0x000002787e272de0,
0x000002787e2719a0, 0x000002787e270f80, 0x000002787e274730, 0x0000027876143500,
0x0000027876143f20, 0x0000027876142ae0, 0x0000027876144430, 0x0000027876144e50,
0x0000027876145360, 0x0000027802dd79d0, 0x00000278742bb060, 0x00000278742bba80,
0x00000278742bcec0, 0x00000278742bc9b0, 0x00000278742bddf0, 0x00000278742bd3d0,
0x00000278742bd8e0, 0x0000027802dd7ee0, 0x0000027802dd5150, 0x0000027875d82cc0,
0x0000027875d831d0, 0x0000027875d7ff30, 0x0000027875d7fa20, 0x0000027875d80e60,
0x0000027875d827b0, 0x0000027875d80440, 0x0000027875d81370, 0x0000027875d80950,
0x0000027875d81880, 0x0000027875d81d90, 0x0000027875d822a0, 0x0000027802dd6080,
0x0000027874103460, 0x0000027874103970, 0x0000027874103e80, 0x0000027874101b10,
0x0000027874102020, 0x00000278784d9100, 0x0000027876145870, 0x0000027876142ff0,
0x00000278784a96a0, 0x00000278784aaae0, 0x0000027874d1dad0, 0x0000027874d1dfe0,
0x0000027874d1a830, 0x0000027874d1ad40, 0x0000027874d1b250, 0x0000027874d1b760,
0x0000027874d1bc70, 0x0000027874d1c180, 0x0000027874addce0, 0x0000027874adf630,
0x0000027874ade700, 0x0000027874add2c0, 0x00000278766193e0, 0x00000278766189c0,
0x0000027876618ed0, 0x00000278769f85d0, 0x00000278769f8ae0, 0x00000278769f9500,
0x00000278769f76a0, 0x00000278784aa0c0, 0x00000278784a7d50, 0x00000278784a9bb0,
0x00000278766198f0, 0x00000278766184b0, 0x0000027876617070, 0x0000027876619e00,
0x0000027876617a90, 0x000002787661a820, 0x00000278769f9a10, 0x00000278769f9f20,
0x000002787661a310, 0x0000027876617580, 0x00000278784a8260, 0x00000278784a8c80,
0x00000278784aaff0, 0x00000278784ab500, 0x00000278784a8770, 0x00000278784a9190,
0x00000278784aa5d0, 0x0000027874ae0050, 0x00000278784d7cc0, 0x00000278784d77b0,
0x00000278784d81d0, 0x00000278784d86e0, 0x00000278784d8bf0, 0x0000027830d14b00,
0x0000027830d145f0, 0x0000027830d15520, 0x0000027830d15a30, 0x0000027830d131b0,
0x0000027830d13bd0, 0x0000027830d15f40, 0x0000027875df9300, 0x0000027875df9810,
0x0000027875df8df0, 0x0000027875df9d20, 0x0000027875dfb160, 0x0000027830d12ca0,
0x0000027830d140e0, 0x00000278742be300, 0x00000278742be810, 0x00000278742bb570,
0x00000278742bbf90, 0x00000278742bc4a0, 0x000002787536fa60, 0x000002787536ff70,
0x00000278754775c0, 0x0000027875476690, 0x0000027875476ba0, 0x0000027875475760,
0x0000027875474d40, 0x0000027875475c70, 0x00000278754770b0, 0x0000027875476180,
0x0000027875477ad0, 0x0000027875474320, 0x0000027875474830, 0x0000027875475250,
0x00000278720caef0, 0x0000027874adfb40, 0x0000027874adf120, 0x0000027874add7d0,
0x0000027878220990, 0x00000278782213b0, 0x0000027878220480, 0x00000278782218c0,
0x0000027878220ea0, 0x000002787821ff70, 0x000002787ee093b0, 0x000002787ee0a2e0,
0x000002787ee098c0, 0x000002787ee09dd0, 0x000002787ee0b720, 0x0000027876617fa0,
0x0000027872188bc0, 0x000002787218af30, 0x000002787218aa20, 0x000002787218b440,
0x00000278721886b0, 0x00000278721895e0, 0x0000027872187c90, 0x00000278720cc330,
0x00000278720cb910, 0x00000278720cbe20, 0x00000278720cc840, 0x0000027874ade1f0,
0x0000027874ae0560, 0x0000027874ae0a70, 0x00000278021e7370, 0x000002787ee0a7f0,
0x000002787ee0ad00, 0x0000027830d12790
}

Java Threads: ( => current thread )
  0x0000027833180690 JavaThread "main" [_thread_blocked, id=23324, stack(0x00000087aa300000,0x00000087aa400000)]
  0x00000278515eecd0 JavaThread "Reference Handler" daemon [_thread_blocked, id=21832, stack(0x00000087aaa00000,0x00000087aab00000)]
  0x00000278515ef7a0 JavaThread "Finalizer" daemon [_thread_blocked, id=23804, stack(0x00000087aab00000,0x00000087aac00000)]
  0x0000027851604e80 JavaThread "Signal Dispatcher" daemon [_thread_blocked, id=24100, stack(0x00000087aac00000,0x00000087aad00000)]
  0x0000027851605750 JavaThread "Attach Listener" daemon [_thread_blocked, id=20336, stack(0x00000087aad00000,0x00000087aae00000)]
  0x0000027851606020 JavaThread "Service Thread" daemon [_thread_blocked, id=7188, stack(0x00000087aae00000,0x00000087aaf00000)]
  0x00000278516068f0 JavaThread "Monitor Deflation Thread" daemon [_thread_blocked, id=13784, stack(0x00000087aaf00000,0x00000087ab000000)]
  0x0000027851607b00 JavaThread "C2 CompilerThread0" daemon [_thread_blocked, id=23248, stack(0x00000087ab000000,0x00000087ab100000)]
  0x0000027851608820 JavaThread "C1 CompilerThread0" daemon [_thread_blocked, id=5492, stack(0x00000087ab100000,0x00000087ab200000)]
  0x0000027851611140 JavaThread "Sweeper thread" daemon [_thread_blocked, id=17592, stack(0x00000087ab200000,0x00000087ab300000)]
  0x00000278526448b0 JavaThread "Common-Cleaner" daemon [_thread_blocked, id=12676, stack(0x00000087ab400000,0x00000087ab500000)]
  0x00000278527328d0 JavaThread "Notification Thread" daemon [_thread_blocked, id=16800, stack(0x00000087ab800000,0x00000087ab900000)]
  0x0000027873775480 JavaThread "Daemon health stats" [_thread_blocked, id=3812, stack(0x00000087abf00000,0x00000087ac000000)]
  0x0000027872c1c980 JavaThread "Incoming local TCP Connector on port 58392" [_thread_in_native, id=24636, stack(0x00000087ac000000,0x00000087ac100000)]
  0x0000027873920390 JavaThread "Daemon periodic checks" [_thread_blocked, id=14320, stack(0x00000087ac100000,0x00000087ac200000)]
  0x0000027873803a20 JavaThread "Cache worker for journal cache (C:\Users\jibri\.gradle\caches\journal-1)" [_thread_blocked, id=6668, stack(0x00000087ac900000,0x00000087aca00000)]
  0x0000027873804950 JavaThread "File lock request listener" [_thread_in_native, id=25740, stack(0x00000087aca00000,0x00000087acb00000)]
  0x0000027873804440 JavaThread "Cache worker for file hash cache (C:\Users\jibri\.gradle\caches\9.0.0\fileHashes)" [_thread_blocked, id=2840, stack(0x00000087abc00000,0x00000087abd00000)]
  0x00000278738020d0 JavaThread "File watcher server" daemon [_thread_blocked, id=20104, stack(0x00000087adb00000,0x00000087adc00000)]
  0x00000278738025e0 JavaThread "File watcher consumer" daemon [_thread_blocked, id=19012, stack(0x00000087adc00000,0x00000087add00000)]
  0x000002787602af90 JavaThread "Cache worker for file content cache (C:\Users\jibri\.gradle\caches\9.0.0\fileContent)" [_thread_blocked, id=14972, stack(0x00000087ad800000,0x00000087ad900000)]
  0x000002787602b4a0 JavaThread "jar transforms" [_thread_blocked, id=4076, stack(0x00000087ae100000,0x00000087ae200000)]
  0x0000027877e22df0 JavaThread "Memory manager" [_thread_blocked, id=25236, stack(0x00000087ade00000,0x00000087adf00000)]
  0x0000027874d18240 JavaThread "jar transforms Thread 2" [_thread_blocked, id=21856, stack(0x00000087b9c00000,0x00000087b9d00000)]
  0x0000027874d17310 JavaThread "jar transforms Thread 3" [_thread_blocked, id=19944, stack(0x00000087b7b00000,0x00000087b7c00000)]
  0x000002787571d810 JavaThread "jar transforms Thread 4" [_thread_blocked, id=27884, stack(0x00000087bd900000,0x00000087bda00000)]
  0x000002787571a570 JavaThread "jar transforms Thread 5" [_thread_blocked, id=27896, stack(0x00000087bda00000,0x00000087bdb00000)]
  0x000002787571a060 JavaThread "jar transforms Thread 6" [_thread_blocked, id=27900, stack(0x00000087bdb00000,0x00000087bdc00000)]
  0x0000027875723330 JavaThread "jar transforms Thread 7" [_thread_blocked, id=28500, stack(0x00000087bde00000,0x00000087bdf00000)]
  0x0000027875722400 JavaThread "jar transforms Thread 8" [_thread_blocked, id=28508, stack(0x00000087be000000,0x00000087be100000)]
  0x00000278757219e0 JavaThread "jar transforms Thread 9" [_thread_blocked, id=28524, stack(0x00000087be100000,0x00000087be200000)]
  0x0000027875721ef0 JavaThread "jar transforms Thread 10" [_thread_blocked, id=28528, stack(0x00000087be200000,0x00000087be300000)]
  0x0000027875722910 JavaThread "jar transforms Thread 11" [_thread_blocked, id=28532, stack(0x00000087be300000,0x00000087be400000)]
  0x0000027874d168f0 JavaThread "jar transforms Thread 12" [_thread_blocked, id=28536, stack(0x00000087be400000,0x00000087be500000)]
  0x0000027877e20060 JavaThread "jar transforms Thread 13" [_thread_blocked, id=28588, stack(0x00000087be500000,0x00000087be600000)]
  0x00000278742735a0 JavaThread "jar transforms Thread 14" [_thread_blocked, id=28592, stack(0x00000087bdc00000,0x00000087bdd00000)]
  0x00000278742744d0 JavaThread "jar transforms Thread 15" [_thread_blocked, id=28596, stack(0x00000087be600000,0x00000087be700000)]
  0x0000027874273090 JavaThread "jar transforms Thread 16" [_thread_blocked, id=28600, stack(0x00000087be700000,0x00000087be800000)]
  0x00000278742749e0 JavaThread "jar transforms Thread 17" [_thread_blocked, id=28604, stack(0x00000087be800000,0x00000087be900000)]
  0x0000027874275400 JavaThread "jar transforms Thread 18" [_thread_blocked, id=28612, stack(0x00000087bea00000,0x00000087beb00000)]
  0x0000027874271c50 JavaThread "jar transforms Thread 19" [_thread_blocked, id=28624, stack(0x00000087beb00000,0x00000087bec00000)]
  0x0000027874275910 JavaThread "jar transforms Thread 20" [_thread_blocked, id=28628, stack(0x00000087bec00000,0x00000087bed00000)]
  0x0000027874272670 JavaThread "Daemon Thread 3" [_thread_blocked, id=5868, stack(0x00000087aa000000,0x00000087aa100000)]
  0x0000027877f71c50 JavaThread "Handler for socket connection from /127.0.0.1:58392 to /127.0.0.1:53541" [_thread_in_native, id=25336, stack(0x00000087aa100000,0x00000087aa200000)]
  0x0000027877f72160 JavaThread "Cancel handler" [_thread_blocked, id=31660, stack(0x00000087aa200000,0x00000087aa300000)]
  0x0000027800375300 JavaThread "Daemon worker Thread 3" [_thread_blocked, id=27808, stack(0x00000087ab300000,0x00000087ab400000)]
  0x000002787dba69f0 JavaThread "Asynchronous log dispatcher for DefaultDaemonConnection: socket connection from /127.0.0.1:58392 to /127.0.0.1:53541" [_thread_blocked, id=24988, stack(0x00000087ab500000,0x00000087ab600000)]
  0x00000278769f7bb0 JavaThread "Stdin handler" [_thread_blocked, id=21716, stack(0x00000087ab600000,0x00000087ab700000)]
  0x00000278769f7190 JavaThread "Daemon client event forwarder" [_thread_blocked, id=31920, stack(0x00000087ab700000,0x00000087ab800000)]
  0x00000278769f8ff0 JavaThread "Cache worker for file hash cache (C:\rubi_web\CISC_Capstone\MiscueReading\android\.gradle\9.0.0\fileHashes)" [_thread_blocked, id=24556, stack(0x00000087ac200000,0x00000087ac300000)]
  0x00000278769fa430 JavaThread "Cache worker for Build Output Cleanup Cache (C:\rubi_web\CISC_Capstone\MiscueReading\android\.gradle\buildOutputCleanup)" [_thread_blocked, id=32288, stack(0x00000087ac300000,0x00000087ac400000)]
  0x000002787d9802f0 JavaThread "Cache worker for checksums cache (C:\rubi_web\CISC_Capstone\MiscueReading\android\.gradle\9.0.0\checksums)" [_thread_blocked, id=22416, stack(0x00000087ac400000,0x00000087ac500000)]
  0x000002787d980d10 JavaThread "Cache worker for cache directory md-supplier (C:\Users\jibri\.gradle\caches\9.0.0\md-supplier)" [_thread_blocked, id=28240, stack(0x00000087ac500000,0x00000087ac600000)]
  0x000002787d97f8d0 JavaThread "Cache worker for cache directory md-rule (C:\Users\jibri\.gradle\caches\9.0.0\md-rule)" [_thread_blocked, id=25152, stack(0x00000087ac600000,0x00000087ac700000)]
  0x000002787d980800 JavaThread "Cache worker for Build Output Cleanup Cache (C:\rubi_web\CISC_Capstone\MiscueReading\node_modules\@react-native\gradle-plugin\.gradle\buildOutputCleanup)" [_thread_blocked, id=10308, stack(0x00000087ac700000,0x00000087ac800000)]
  0x000002787d97fde0 JavaThread "Unconstrained build operations" [_thread_blocked, id=3736, stack(0x00000087ac800000,0x00000087ac900000)]
  0x0000027802dd5660 JavaThread "Unconstrained build operations Thread 2" [_thread_blocked, id=5728, stack(0x00000087ad900000,0x00000087ada00000)]
  0x0000027802dd83f0 JavaThread "Unconstrained build operations Thread 3" [_thread_blocked, id=32156, stack(0x00000087ada00000,0x00000087adb00000)]
  0x0000027802dd6fb0 JavaThread "Unconstrained build operations Thread 4" [_thread_blocked, id=2112, stack(0x00000087add00000,0x00000087ade00000)]
  0x0000027802dd6590 JavaThread "Unconstrained build operations Thread 5" [_thread_blocked, id=31092, stack(0x00000087ae000000,0x00000087ae100000)]
  0x0000027802dd6aa0 JavaThread "Unconstrained build operations Thread 6" [_thread_blocked, id=17380, stack(0x00000087ae200000,0x00000087ae300000)]
  0x000002787378e610 JavaThread "Unconstrained build operations Thread 7" [_thread_blocked, id=32324, stack(0x00000087ae300000,0x00000087ae400000)]
  0x000002787d3b7560 JavaThread "Unconstrained build operations Thread 8" [_thread_blocked, id=3496, stack(0x00000087ae400000,0x00000087ae500000)]
  0x000002787d3b6630 JavaThread "Unconstrained build operations Thread 9" [_thread_blocked, id=17500, stack(0x00000087ae500000,0x00000087ae600000)]
  0x000002787d3b6b40 JavaThread "Unconstrained build operations Thread 10" [_thread_blocked, id=16540, stack(0x00000087ae600000,0x00000087ae700000)]
  0x000002787d3b5c10 JavaThread "Unconstrained build operations Thread 11" [_thread_blocked, id=24492, stack(0x00000087ae700000,0x00000087ae800000)]
  0x000002787d3b6120 JavaThread "Unconstrained build operations Thread 12" [_thread_blocked, id=23864, stack(0x00000087ae800000,0x00000087ae900000)]
  0x0000027852564dd0 JavaThread "Unconstrained build operations Thread 13" [_thread_blocked, id=27088, stack(0x00000087ae900000,0x00000087aea00000)]
  0x0000027852566c30 JavaThread "Unconstrained build operations Thread 14" [_thread_blocked, id=28836, stack(0x00000087aea00000,0x00000087aeb00000)]
  0x0000027852568070 JavaThread "Unconstrained build operations Thread 15" [_thread_blocked, id=31428, stack(0x00000087aeb00000,0x00000087aec00000)]
  0x0000027852568580 JavaThread "Unconstrained build operations Thread 16" [_thread_blocked, id=25136, stack(0x00000087aec00000,0x00000087aed00000)]
  0x0000027852567650 JavaThread "Unconstrained build operations Thread 17" [_thread_blocked, id=7000, stack(0x00000087aed00000,0x00000087aee00000)]
  0x0000027852565d00 JavaThread "Unconstrained build operations Thread 18" [_thread_blocked, id=32316, stack(0x00000087aee00000,0x00000087aef00000)]
  0x0000027852566210 JavaThread "Unconstrained build operations Thread 19" [_thread_blocked, id=536, stack(0x00000087aef00000,0x00000087af000000)]
  0x00000278525652e0 JavaThread "Unconstrained build operations Thread 20" [_thread_blocked, id=28948, stack(0x00000087af000000,0x00000087af100000)]
  0x0000027852567140 JavaThread "Unconstrained build operations Thread 21" [_thread_blocked, id=18468, stack(0x00000087af100000,0x00000087af200000)]
  0x0000027852567b60 JavaThread "Unconstrained build operations Thread 22" [_thread_blocked, id=5960, stack(0x00000087af200000,0x00000087af300000)]
  0x0000027852566720 JavaThread "Unconstrained build operations Thread 23" [_thread_blocked, id=2736, stack(0x00000087af300000,0x00000087af400000)]
  0x0000027802dd4c40 JavaThread "Unconstrained build operations Thread 24" [_thread_blocked, id=17912, stack(0x00000087af400000,0x00000087af500000)]
  0x0000027802dd5b70 JavaThread "Unconstrained build operations Thread 25" [_thread_blocked, id=31176, stack(0x00000087af500000,0x00000087af600000)]
  0x0000027802dd74c0 JavaThread "Unconstrained build operations Thread 26" [_thread_blocked, id=26324, stack(0x00000087af600000,0x00000087af700000)]
  0x00000278741048a0 JavaThread "Unconstrained build operations Thread 27" [_thread_blocked, id=25268, stack(0x00000087af700000,0x00000087af800000)]
  0x0000027874102f50 JavaThread "Unconstrained build operations Thread 28" [_thread_blocked, id=2436, stack(0x00000087af800000,0x00000087af900000)]
  0x0000027874104390 JavaThread "Unconstrained build operations Thread 29" [_thread_blocked, id=17796, stack(0x00000087af900000,0x00000087afa00000)]
  0x00000278741052c0 JavaThread "Unconstrained build operations Thread 30" [_thread_blocked, id=28004, stack(0x00000087afa00000,0x00000087afb00000)]
  0x00000278525657f0 JavaThread "Unconstrained build operations Thread 31" [_thread_blocked, id=25656, stack(0x00000087afb00000,0x00000087afc00000)]
  0x0000027876145d80 JavaThread "Unconstrained build operations Thread 32" [_thread_blocked, id=4788, stack(0x00000087afc00000,0x00000087afd00000)]
  0x0000027876144940 JavaThread "Unconstrained build operations Thread 33" [_thread_blocked, id=32608, stack(0x00000087afd00000,0x00000087afe00000)]
  0x0000027876146290 JavaThread "Unconstrained build operations Thread 34" [_thread_blocked, id=22048, stack(0x00000087afe00000,0x00000087aff00000)]
  0x000002787d3b9060 JavaThread "Unconstrained build operations Thread 35" [_thread_blocked, id=24596, stack(0x00000087aff00000,0x00000087b0000000)]
  0x000002787d3b8640 JavaThread "Unconstrained build operations Thread 36" [_thread_blocked, id=19904, stack(0x00000087b0000000,0x00000087b0100000)]
  0x000002787d3b9570 JavaThread "Unconstrained build operations Thread 37" [_thread_blocked, id=17724, stack(0x00000087b0100000,0x00000087b0200000)]
  0x000002787d3b7c20 JavaThread "Unconstrained build operations Thread 38" [_thread_blocked, id=14792, stack(0x00000087b0200000,0x00000087b0300000)]
  0x000002787e271490 JavaThread "Unconstrained build operations Thread 39" [_thread_blocked, id=14896, stack(0x00000087b0300000,0x00000087b0400000)]
  0x000002787e2723c0 JavaThread "Unconstrained build operations Thread 40" [_thread_blocked, id=15476, stack(0x00000087b0400000,0x00000087b0500000)]
  0x000002787e2732f0 JavaThread "Unconstrained build operations Thread 41" [_thread_blocked, id=32340, stack(0x00000087b0500000,0x00000087b0600000)]
  0x000002787e274220 JavaThread "Unconstrained build operations Thread 42" [_thread_blocked, id=5608, stack(0x00000087b0600000,0x00000087b0700000)]
  0x000002787e271eb0 JavaThread "build event listener" [_thread_blocked, id=20732, stack(0x00000087b0700000,0x00000087b0800000)]
  0x000002787e273d10 JavaThread "ForkJoinPool.commonPool-worker-18" daemon [_thread_blocked, id=24284, stack(0x00000087b0800000,0x00000087b0900000)]
  0x0000027877f71230 JavaThread "ForkJoinPool.commonPool-worker-19" daemon [_thread_blocked, id=23188, stack(0x00000087b0900000,0x00000087b0a00000)]
  0x0000027877f72670 JavaThread "ForkJoinPool.commonPool-worker-20" daemon [_thread_blocked, id=1832, stack(0x00000087b0a00000,0x00000087b0b00000)]
  0x00000278003743d0 JavaThread "ForkJoinPool.commonPool-worker-22" daemon [_thread_blocked, id=18112, stack(0x00000087b0b00000,0x00000087b0c00000)]
  0x000002787378eb20 JavaThread "ForkJoinPool.commonPool-worker-21" daemon [_thread_blocked, id=16448, stack(0x00000087b0c00000,0x00000087b0d00000)]
  0x0000027874102a40 JavaThread "ForkJoinPool.commonPool-worker-23" daemon [_thread_blocked, id=30884, stack(0x00000087b0d00000,0x00000087b0e00000)]
  0x0000027800375810 JavaThread "ForkJoinPool.commonPool-worker-24" daemon [_thread_blocked, id=32540, stack(0x00000087b0e00000,0x00000087b0f00000)]
  0x0000027877f70d20 JavaThread "ForkJoinPool.commonPool-worker-25" daemon [_thread_blocked, id=23148, stack(0x00000087b0f00000,0x00000087b1000000)]
  0x00000278769fa940 JavaThread "ForkJoinPool.commonPool-worker-26" daemon [_thread_blocked, id=11972, stack(0x00000087b1000000,0x00000087b1100000)]
  0x0000027876143a10 JavaThread "ForkJoinPool.commonPool-worker-27" daemon [_thread_blocked, id=15676, stack(0x00000087b1100000,0x00000087b1200000)]
  0x0000027874102530 JavaThread "ForkJoinPool.commonPool-worker-28" daemon [_thread_blocked, id=30848, stack(0x00000087b1200000,0x00000087b1300000)]
  0x00000278769f80c0 JavaThread "included builds" [_thread_blocked, id=11952, stack(0x00000087b1300000,0x00000087b1400000)]
  0x0000027877f71740 JavaThread "Execution worker" [_thread_blocked, id=26576, stack(0x00000087b1400000,0x00000087b1500000)]
  0x00000278772605b0 JavaThread "Execution worker Thread 2" [_thread_blocked, id=25856, stack(0x00000087b1500000,0x00000087b1600000)]
  0x0000027877261f00 JavaThread "Execution worker Thread 3" [_thread_blocked, id=15048, stack(0x00000087b1600000,0x00000087b1700000)]
  0x00000278772614e0 JavaThread "Execution worker Thread 4" [_thread_blocked, id=1300, stack(0x00000087b1700000,0x00000087b1800000)]
  0x000002787725f680 JavaThread "Execution worker Thread 5" [_thread_blocked, id=3520, stack(0x00000087b1800000,0x00000087b1900000)]
  0x00000278772619f0 JavaThread "Execution worker Thread 6" [_thread_blocked, id=18804, stack(0x00000087b1900000,0x00000087b1a00000)]
  0x0000027877260fd0 JavaThread "Execution worker Thread 7" [_thread_blocked, id=19380, stack(0x00000087b1a00000,0x00000087b1b00000)]
  0x0000027877262920 JavaThread "Execution worker Thread 8" [_thread_blocked, id=17220, stack(0x00000087b1b00000,0x00000087b1c00000)]
  0x000002787725fb90 JavaThread "Execution worker Thread 9" [_thread_blocked, id=30348, stack(0x00000087b1c00000,0x00000087b1d00000)]
  0x0000027877262410 JavaThread "Execution worker Thread 10" [_thread_blocked, id=15448, stack(0x00000087b1d00000,0x00000087b1e00000)]
  0x0000027877262e30 JavaThread "Execution worker Thread 11" [_thread_blocked, id=23820, stack(0x00000087b1e00000,0x00000087b1f00000)]
  0x0000027877260ac0 JavaThread "Execution worker Thread 12" [_thread_blocked, id=11624, stack(0x00000087b1f00000,0x00000087b2000000)]
  0x00000278772600a0 JavaThread "Execution worker Thread 13" [_thread_blocked, id=22264, stack(0x00000087b2000000,0x00000087b2100000)]
  0x00000278021e87b0 JavaThread "Execution worker Thread 14" [_thread_blocked, id=13248, stack(0x00000087b2100000,0x00000087b2200000)]
  0x00000278021ea100 JavaThread "Execution worker Thread 15" [_thread_blocked, id=16340, stack(0x00000087b2200000,0x00000087b2300000)]
  0x00000278021e7880 JavaThread "Execution worker Thread 16" [_thread_blocked, id=25036, stack(0x00000087b2300000,0x00000087b2400000)]
  0x00000278021e91d0 JavaThread "Execution worker Thread 17" [_thread_blocked, id=25332, stack(0x00000087b2400000,0x00000087b2500000)]
  0x00000278021e82a0 JavaThread "Execution worker Thread 18" [_thread_blocked, id=15840, stack(0x00000087b2500000,0x00000087b2600000)]
  0x000002787e273800 JavaThread "Execution worker Thread 19" [_thread_blocked, id=11132, stack(0x00000087b2600000,0x00000087b2700000)]
  0x00000278021e8cc0 JavaThread "Cache worker for execution history cache (C:\rubi_web\CISC_Capstone\MiscueReading\node_modules\@react-native\gradle-plugin\.gradle\9.0.0\executionHistory)" [_thread_blocked, id=18876, stack(0x00000087b2700000,0x00000087b2800000)]
  0x00000278021e7d90 JavaThread "Unconstrained build operations Thread 43" [_thread_blocked, id=10336, stack(0x00000087b2800000,0x00000087b2900000)]
  0x00000278021e96e0 JavaThread "Unconstrained build operations Thread 44" [_thread_blocked, id=25468, stack(0x00000087b2900000,0x00000087b2a00000)]
  0x000002787e2728d0 JavaThread "Unconstrained build operations Thread 45" [_thread_blocked, id=4196, stack(0x00000087b2a00000,0x00000087b2b00000)]
  0x000002787378f030 JavaThread "Unconstrained build operations Thread 46" [_thread_blocked, id=9276, stack(0x00000087b2b00000,0x00000087b2c00000)]
  0x000002787378d6e0 JavaThread "Unconstrained build operations Thread 47" [_thread_blocked, id=27100, stack(0x00000087b2c00000,0x00000087b2d00000)]
  0x0000027874d1c690 JavaThread "Unconstrained build operations Thread 48" [_thread_blocked, id=26200, stack(0x00000087b2d00000,0x00000087b2e00000)]
  0x0000027874d1d5c0 JavaThread "Unconstrained build operations Thread 49" [_thread_blocked, id=14708, stack(0x00000087b2e00000,0x00000087b2f00000)]
  0x0000027874d1cba0 JavaThread "Unconstrained build operations Thread 50" [_thread_blocked, id=32404, stack(0x00000087b2f00000,0x00000087b3000000)]
  0x0000027874d1d0b0 JavaThread "Unconstrained build operations Thread 51" [_thread_blocked, id=23092, stack(0x00000087b3000000,0x00000087b3100000)]
  0x000002787e272de0 JavaThread "Unconstrained build operations Thread 52" [_thread_blocked, id=32268, stack(0x00000087b3100000,0x00000087b3200000)]
  0x000002787e2719a0 JavaThread "Unconstrained build operations Thread 53" [_thread_blocked, id=20564, stack(0x00000087b3200000,0x00000087b3300000)]
  0x000002787e270f80 JavaThread "Unconstrained build operations Thread 54" [_thread_blocked, id=20216, stack(0x00000087b3300000,0x00000087b3400000)]
  0x000002787e274730 JavaThread "Unconstrained build operations Thread 55" [_thread_blocked, id=11536, stack(0x00000087b3400000,0x00000087b3500000)]
  0x0000027876143500 JavaThread "Unconstrained build operations Thread 56" [_thread_blocked, id=31088, stack(0x00000087b3500000,0x00000087b3600000)]
  0x0000027876143f20 JavaThread "Unconstrained build operations Thread 57" [_thread_blocked, id=30376, stack(0x00000087b3600000,0x00000087b3700000)]
  0x0000027876142ae0 JavaThread "Unconstrained build operations Thread 58" [_thread_blocked, id=32376, stack(0x00000087b3700000,0x00000087b3800000)]
  0x0000027876144430 JavaThread "Unconstrained build operations Thread 59" [_thread_blocked, id=32260, stack(0x00000087b3800000,0x00000087b3900000)]
  0x0000027876144e50 JavaThread "Unconstrained build operations Thread 60" [_thread_blocked, id=20492, stack(0x00000087b3900000,0x00000087b3a00000)]
  0x0000027876145360 JavaThread "Unconstrained build operations Thread 61" [_thread_blocked, id=19548, stack(0x00000087b3a00000,0x00000087b3b00000)]
  0x0000027802dd79d0 JavaThread "Unconstrained build operations Thread 62" [_thread_blocked, id=26712, stack(0x00000087b3b00000,0x00000087b3c00000)]
  0x00000278742bb060 JavaThread "Unconstrained build operations Thread 63" [_thread_blocked, id=31160, stack(0x00000087b3c00000,0x00000087b3d00000)]
  0x00000278742bba80 JavaThread "Unconstrained build operations Thread 64" [_thread_blocked, id=24084, stack(0x00000087b3d00000,0x00000087b3e00000)]
  0x00000278742bcec0 JavaThread "Unconstrained build operations Thread 65" [_thread_blocked, id=25552, stack(0x00000087b3e00000,0x00000087b3f00000)]
  0x00000278742bc9b0 JavaThread "Unconstrained build operations Thread 66" [_thread_blocked, id=9588, stack(0x00000087b3f00000,0x00000087b4000000)]
  0x00000278742bddf0 JavaThread "Unconstrained build operations Thread 67" [_thread_blocked, id=25920, stack(0x00000087b4000000,0x00000087b4100000)]
  0x00000278742bd3d0 JavaThread "Unconstrained build operations Thread 68" [_thread_blocked, id=16836, stack(0x00000087b4100000,0x00000087b4200000)]
  0x00000278742bd8e0 JavaThread "Unconstrained build operations Thread 69" [_thread_blocked, id=25544, stack(0x00000087b4200000,0x00000087b4300000)]
  0x0000027802dd7ee0 JavaThread "Unconstrained build operations Thread 70" [_thread_blocked, id=30888, stack(0x00000087b4300000,0x00000087b4400000)]
  0x0000027802dd5150 JavaThread "Unconstrained build operations Thread 71" [_thread_blocked, id=7072, stack(0x00000087b4400000,0x00000087b4500000)]
  0x0000027875d82cc0 JavaThread "Unconstrained build operations Thread 72" [_thread_blocked, id=26540, stack(0x00000087b4500000,0x00000087b4600000)]
  0x0000027875d831d0 JavaThread "Unconstrained build operations Thread 73" [_thread_blocked, id=23540, stack(0x00000087b4600000,0x00000087b4700000)]
  0x0000027875d7ff30 JavaThread "Unconstrained build operations Thread 74" [_thread_blocked, id=30940, stack(0x00000087b4700000,0x00000087b4800000)]
  0x0000027875d7fa20 JavaThread "Unconstrained build operations Thread 75" [_thread_blocked, id=3128, stack(0x00000087b4800000,0x00000087b4900000)]
  0x0000027875d80e60 JavaThread "Unconstrained build operations Thread 76" [_thread_blocked, id=32228, stack(0x00000087b4900000,0x00000087b4a00000)]
  0x0000027875d827b0 JavaThread "Unconstrained build operations Thread 77" [_thread_blocked, id=24428, stack(0x00000087b4a00000,0x00000087b4b00000)]
  0x0000027875d80440 JavaThread "Unconstrained build operations Thread 78" [_thread_blocked, id=24804, stack(0x00000087b4b00000,0x00000087b4c00000)]
  0x0000027875d81370 JavaThread "Unconstrained build operations Thread 79" [_thread_blocked, id=2036, stack(0x00000087b4c00000,0x00000087b4d00000)]
  0x0000027875d80950 JavaThread "Unconstrained build operations Thread 80" [_thread_blocked, id=22072, stack(0x00000087b4d00000,0x00000087b4e00000)]
  0x0000027875d81880 JavaThread "Unconstrained build operations Thread 81" [_thread_blocked, id=18952, stack(0x00000087b4e00000,0x00000087b4f00000)]
  0x0000027875d81d90 JavaThread "Unconstrained build operations Thread 82" [_thread_blocked, id=23192, stack(0x00000087b4f00000,0x00000087b5000000)]
  0x0000027875d822a0 JavaThread "Unconstrained build operations Thread 83" [_thread_blocked, id=16568, stack(0x00000087b5000000,0x00000087b5100000)]
  0x0000027802dd6080 JavaThread "Unconstrained build operations Thread 84" [_thread_blocked, id=24592, stack(0x00000087b5100000,0x00000087b5200000)]
  0x0000027874103460 JavaThread "Unconstrained build operations Thread 85" [_thread_blocked, id=13636, stack(0x00000087b5400000,0x00000087b5500000)]
  0x0000027874103970 JavaThread "Unconstrained build operations Thread 86" [_thread_blocked, id=28224, stack(0x00000087b5500000,0x00000087b5600000)]
  0x0000027874103e80 JavaThread "Unconstrained build operations Thread 87" [_thread_blocked, id=32116, stack(0x00000087b5600000,0x00000087b5700000)]
  0x0000027874101b10 JavaThread "Unconstrained build operations Thread 88" [_thread_blocked, id=32472, stack(0x00000087b5700000,0x00000087b5800000)]
  0x0000027874102020 JavaThread "Unconstrained build operations Thread 89" [_thread_blocked, id=6008, stack(0x00000087b5800000,0x00000087b5900000)]
  0x00000278784d9100 JavaThread "Unconstrained build operations Thread 90" [_thread_blocked, id=31792, stack(0x00000087b5900000,0x00000087b5a00000)]
  0x0000027876145870 JavaThread "Unconstrained build operations Thread 91" [_thread_blocked, id=25592, stack(0x00000087b5a00000,0x00000087b5b00000)]
  0x0000027876142ff0 JavaThread "Unconstrained build operations Thread 92" [_thread_blocked, id=20556, stack(0x00000087b5b00000,0x00000087b5c00000)]
  0x00000278784a96a0 JavaThread "Unconstrained build operations Thread 93" [_thread_blocked, id=32668, stack(0x00000087b5c00000,0x00000087b5d00000)]
  0x00000278784aaae0 JavaThread "Unconstrained build operations Thread 94" [_thread_blocked, id=19712, stack(0x00000087b5d00000,0x00000087b5e00000)]
  0x0000027874d1dad0 JavaThread "Unconstrained build operations Thread 95" [_thread_blocked, id=18936, stack(0x00000087b5e00000,0x00000087b5f00000)]
  0x0000027874d1dfe0 JavaThread "Unconstrained build operations Thread 96" [_thread_blocked, id=26148, stack(0x00000087b5f00000,0x00000087b6000000)]
  0x0000027874d1a830 JavaThread "Unconstrained build operations Thread 97" [_thread_blocked, id=17440, stack(0x00000087b6000000,0x00000087b6100000)]
  0x0000027874d1ad40 JavaThread "Unconstrained build operations Thread 98" [_thread_blocked, id=24852, stack(0x00000087b6100000,0x00000087b6200000)]
  0x0000027874d1b250 JavaThread "Unconstrained build operations Thread 99" [_thread_blocked, id=13208, stack(0x00000087b6200000,0x00000087b6300000)]
  0x0000027874d1b760 JavaThread "Unconstrained build operations Thread 100" [_thread_blocked, id=22688, stack(0x00000087b6300000,0x00000087b6400000)]
  0x0000027874d1bc70 JavaThread "Unconstrained build operations Thread 101" [_thread_blocked, id=4520, stack(0x00000087b6400000,0x00000087b6500000)]
  0x0000027874d1c180 JavaThread "Unconstrained build operations Thread 102" [_thread_blocked, id=9068, stack(0x00000087b6500000,0x00000087b6600000)]
  0x0000027874addce0 JavaThread "Unconstrained build operations Thread 103" [_thread_blocked, id=31816, stack(0x00000087b6600000,0x00000087b6700000)]
  0x0000027874adf630 JavaThread "Unconstrained build operations Thread 104" [_thread_blocked, id=29848, stack(0x00000087b6700000,0x00000087b6800000)]
  0x0000027874ade700 JavaThread "Unconstrained build operations Thread 105" [_thread_blocked, id=21520, stack(0x00000087b6800000,0x00000087b6900000)]
  0x0000027874add2c0 JavaThread "Unconstrained build operations Thread 106" [_thread_blocked, id=31144, stack(0x00000087b6900000,0x00000087b6a00000)]
  0x00000278766193e0 JavaThread "Unconstrained build operations Thread 107" [_thread_blocked, id=8428, stack(0x00000087b6a00000,0x00000087b6b00000)]
  0x00000278766189c0 JavaThread "Unconstrained build operations Thread 108" [_thread_blocked, id=22732, stack(0x00000087b6b00000,0x00000087b6c00000)]
  0x0000027876618ed0 JavaThread "Unconstrained build operations Thread 109" [_thread_blocked, id=32516, stack(0x00000087b6c00000,0x00000087b6d00000)]
  0x00000278769f85d0 JavaThread "Unconstrained build operations Thread 110" [_thread_blocked, id=24496, stack(0x00000087b6d00000,0x00000087b6e00000)]
  0x00000278769f8ae0 JavaThread "Unconstrained build operations Thread 111" [_thread_blocked, id=9416, stack(0x00000087b6e00000,0x00000087b6f00000)]
  0x00000278769f9500 JavaThread "Unconstrained build operations Thread 112" [_thread_blocked, id=32380, stack(0x00000087b6f00000,0x00000087b7000000)]
  0x00000278769f76a0 JavaThread "Unconstrained build operations Thread 113" [_thread_blocked, id=32408, stack(0x00000087b7000000,0x00000087b7100000)]
  0x00000278784aa0c0 JavaThread "Unconstrained build operations Thread 114" [_thread_blocked, id=28884, stack(0x00000087b7100000,0x00000087b7200000)]
  0x00000278784a7d50 JavaThread "Unconstrained build operations Thread 115" [_thread_blocked, id=23572, stack(0x00000087b7200000,0x00000087b7300000)]
  0x00000278784a9bb0 JavaThread "Unconstrained build operations Thread 116" [_thread_blocked, id=10384, stack(0x00000087b7300000,0x00000087b7400000)]
  0x00000278766198f0 JavaThread "Unconstrained build operations Thread 117" [_thread_blocked, id=1248, stack(0x00000087b7400000,0x00000087b7500000)]
  0x00000278766184b0 JavaThread "Unconstrained build operations Thread 118" [_thread_blocked, id=13900, stack(0x00000087b7500000,0x00000087b7600000)]
  0x0000027876617070 JavaThread "Unconstrained build operations Thread 119" [_thread_blocked, id=24156, stack(0x00000087b7600000,0x00000087b7700000)]
  0x0000027876619e00 JavaThread "Unconstrained build operations Thread 120" [_thread_blocked, id=32692, stack(0x00000087b7700000,0x00000087b7800000)]
  0x0000027876617a90 JavaThread "Unconstrained build operations Thread 121" [_thread_blocked, id=8636, stack(0x00000087b7800000,0x00000087b7900000)]
  0x000002787661a820 JavaThread "Unconstrained build operations Thread 122" [_thread_blocked, id=6796, stack(0x00000087b7900000,0x00000087b7a00000)]
  0x00000278769f9a10 JavaThread "Unconstrained build operations Thread 123" [_thread_blocked, id=15148, stack(0x00000087b7a00000,0x00000087b7b00000)]
  0x00000278769f9f20 JavaThread "Unconstrained build operations Thread 124" [_thread_blocked, id=24196, stack(0x00000087b7c00000,0x00000087b7d00000)]
  0x000002787661a310 JavaThread "Unconstrained build operations Thread 125" [_thread_blocked, id=19704, stack(0x00000087b7d00000,0x00000087b7e00000)]
  0x0000027876617580 JavaThread "Unconstrained build operations Thread 126" [_thread_blocked, id=18620, stack(0x00000087b7e00000,0x00000087b7f00000)]
  0x00000278784a8260 JavaThread "Unconstrained build operations Thread 127" [_thread_blocked, id=14616, stack(0x00000087b7f00000,0x00000087b8000000)]
  0x00000278784a8c80 JavaThread "Unconstrained build operations Thread 128" [_thread_blocked, id=15836, stack(0x00000087b8000000,0x00000087b8100000)]
  0x00000278784aaff0 JavaThread "Unconstrained build operations Thread 129" [_thread_blocked, id=26792, stack(0x00000087b8100000,0x00000087b8200000)]
  0x00000278784ab500 JavaThread "Unconstrained build operations Thread 130" [_thread_blocked, id=32200, stack(0x00000087b8200000,0x00000087b8300000)]
  0x00000278784a8770 JavaThread "Unconstrained build operations Thread 131" [_thread_blocked, id=27788, stack(0x00000087b8300000,0x00000087b8400000)]
  0x00000278784a9190 JavaThread "Unconstrained build operations Thread 132" [_thread_blocked, id=8064, stack(0x00000087b8400000,0x00000087b8500000)]
  0x00000278784aa5d0 JavaThread "build event listener" [_thread_blocked, id=26852, stack(0x00000087b8500000,0x00000087b8600000)]
  0x0000027874ae0050 JavaThread "Problems report writer" [_thread_blocked, id=31372, stack(0x00000087b8600000,0x00000087b8700000)]
  0x00000278784d7cc0 JavaThread "Unconstrained build operations Thread 133" [_thread_blocked, id=13092, stack(0x00000087b8700000,0x00000087b8800000)]
  0x00000278784d77b0 JavaThread "Unconstrained build operations Thread 134" [_thread_blocked, id=22364, stack(0x00000087b8800000,0x00000087b8900000)]
  0x00000278784d81d0 JavaThread "Unconstrained build operations Thread 135" [_thread_blocked, id=31168, stack(0x00000087b8900000,0x00000087b8a00000)]
  0x00000278784d86e0 JavaThread "Unconstrained build operations Thread 136" [_thread_blocked, id=14892, stack(0x00000087b8a00000,0x00000087b8b00000)]
  0x00000278784d8bf0 JavaThread "Unconstrained build operations Thread 137" [_thread_blocked, id=6768, stack(0x00000087b8b00000,0x00000087b8c00000)]
  0x0000027830d14b00 JavaThread "Unconstrained build operations Thread 138" [_thread_blocked, id=18944, stack(0x00000087b8c00000,0x00000087b8d00000)]
  0x0000027830d145f0 JavaThread "Unconstrained build operations Thread 139" [_thread_blocked, id=5484, stack(0x00000087b8d00000,0x00000087b8e00000)]
  0x0000027830d15520 JavaThread "Unconstrained build operations Thread 140" [_thread_blocked, id=32012, stack(0x00000087b8e00000,0x00000087b8f00000)]
  0x0000027830d15a30 JavaThread "Unconstrained build operations Thread 141" [_thread_blocked, id=23320, stack(0x00000087b8f00000,0x00000087b9000000)]
  0x0000027830d131b0 JavaThread "Unconstrained build operations Thread 142" [_thread_blocked, id=24432, stack(0x00000087b9000000,0x00000087b9100000)]
  0x0000027830d13bd0 JavaThread "Unconstrained build operations Thread 143" [_thread_blocked, id=25392, stack(0x00000087b9100000,0x00000087b9200000)]
  0x0000027830d15f40 JavaThread "Unconstrained build operations Thread 144" [_thread_blocked, id=31676, stack(0x00000087b9200000,0x00000087b9300000)]
  0x0000027875df9300 JavaThread "Unconstrained build operations Thread 145" [_thread_blocked, id=18616, stack(0x00000087b9300000,0x00000087b9400000)]
  0x0000027875df9810 JavaThread "Unconstrained build operations Thread 146" [_thread_blocked, id=17464, stack(0x00000087b9400000,0x00000087b9500000)]
  0x0000027875df8df0 JavaThread "Unconstrained build operations Thread 147" [_thread_blocked, id=4132, stack(0x00000087b9500000,0x00000087b9600000)]
  0x0000027875df9d20 JavaThread "Unconstrained build operations Thread 148" [_thread_blocked, id=9768, stack(0x00000087b9600000,0x00000087b9700000)]
  0x0000027875dfb160 JavaThread "Unconstrained build operations Thread 149" [_thread_blocked, id=1952, stack(0x00000087b9700000,0x00000087b9800000)]
  0x0000027830d12ca0 JavaThread "Unconstrained build operations Thread 150" [_thread_blocked, id=31956, stack(0x00000087b9800000,0x00000087b9900000)]
  0x0000027830d140e0 JavaThread "Unconstrained build operations Thread 151" [_thread_blocked, id=28320, stack(0x00000087b9900000,0x00000087b9a00000)]
  0x00000278742be300 JavaThread "Unconstrained build operations Thread 152" [_thread_blocked, id=6344, stack(0x00000087b9a00000,0x00000087b9b00000)]
  0x00000278742be810 JavaThread "Unconstrained build operations Thread 153" [_thread_blocked, id=13232, stack(0x00000087b9b00000,0x00000087b9c00000)]
  0x00000278742bb570 JavaThread "Unconstrained build operations Thread 154" [_thread_blocked, id=14980, stack(0x00000087b9d00000,0x00000087b9e00000)]
  0x00000278742bbf90 JavaThread "Unconstrained build operations Thread 155" [_thread_blocked, id=24292, stack(0x00000087b9e00000,0x00000087b9f00000)]
  0x00000278742bc4a0 JavaThread "Unconstrained build operations Thread 156" [_thread_blocked, id=9576, stack(0x00000087b9f00000,0x00000087ba000000)]
  0x000002787536fa60 JavaThread "Unconstrained build operations Thread 157" [_thread_blocked, id=4112, stack(0x00000087ba200000,0x00000087ba300000)]
  0x000002787536ff70 JavaThread "Unconstrained build operations Thread 158" [_thread_blocked, id=10016, stack(0x00000087ba300000,0x00000087ba400000)]
  0x00000278754775c0 JavaThread "Unconstrained build operations Thread 159" [_thread_blocked, id=3748, stack(0x00000087ba400000,0x00000087ba500000)]
  0x0000027875476690 JavaThread "Unconstrained build operations Thread 160" [_thread_blocked, id=9312, stack(0x00000087ba500000,0x00000087ba600000)]
  0x0000027875476ba0 JavaThread "Unconstrained build operations Thread 161" [_thread_blocked, id=3188, stack(0x00000087ba600000,0x00000087ba700000)]
  0x0000027875475760 JavaThread "Unconstrained build operations Thread 162" [_thread_blocked, id=19552, stack(0x00000087ba700000,0x00000087ba800000)]
  0x0000027875474d40 JavaThread "Unconstrained build operations Thread 163" [_thread_blocked, id=30040, stack(0x00000087ba800000,0x00000087ba900000)]
  0x0000027875475c70 JavaThread "Unconstrained build operations Thread 164" [_thread_blocked, id=20812, stack(0x00000087ba900000,0x00000087baa00000)]
  0x00000278754770b0 JavaThread "Unconstrained build operations Thread 165" [_thread_blocked, id=9308, stack(0x00000087baa00000,0x00000087bab00000)]
  0x0000027875476180 JavaThread "Unconstrained build operations Thread 166" [_thread_blocked, id=32052, stack(0x00000087bab00000,0x00000087bac00000)]
  0x0000027875477ad0 JavaThread "Unconstrained build operations Thread 167" [_thread_blocked, id=21644, stack(0x00000087bac00000,0x00000087bad00000)]
  0x0000027875474320 JavaThread "Unconstrained build operations Thread 168" [_thread_blocked, id=3052, stack(0x00000087bad00000,0x00000087bae00000)]
  0x0000027875474830 JavaThread "Unconstrained build operations Thread 169" [_thread_blocked, id=9648, stack(0x00000087bae00000,0x00000087baf00000)]
  0x0000027875475250 JavaThread "Unconstrained build operations Thread 170" [_thread_blocked, id=21368, stack(0x00000087baf00000,0x00000087bb000000)]
  0x00000278720caef0 JavaThread "Unconstrained build operations Thread 171" [_thread_blocked, id=31004, stack(0x00000087bb000000,0x00000087bb100000)]
  0x0000027874adfb40 JavaThread "Unconstrained build operations Thread 172" [_thread_blocked, id=21348, stack(0x00000087bb100000,0x00000087bb200000)]
  0x0000027874adf120 JavaThread "Unconstrained build operations Thread 173" [_thread_blocked, id=17768, stack(0x00000087bb200000,0x00000087bb300000)]
  0x0000027874add7d0 JavaThread "Unconstrained build operations Thread 174" [_thread_blocked, id=24032, stack(0x00000087bb400000,0x00000087bb500000)]
  0x0000027878220990 JavaThread "Unconstrained build operations Thread 175" [_thread_blocked, id=28888, stack(0x00000087bb500000,0x00000087bb600000)]
  0x00000278782213b0 JavaThread "Unconstrained build operations Thread 176" [_thread_blocked, id=2720, stack(0x00000087bb600000,0x00000087bb700000)]
  0x0000027878220480 JavaThread "Unconstrained build operations Thread 177" [_thread_blocked, id=30868, stack(0x00000087bb700000,0x00000087bb800000)]
  0x00000278782218c0 JavaThread "Unconstrained build operations Thread 178" [_thread_blocked, id=8908, stack(0x00000087bb800000,0x00000087bb900000)]
  0x0000027878220ea0 JavaThread "Unconstrained build operations Thread 179" [_thread_blocked, id=31616, stack(0x00000087bb900000,0x00000087bba00000)]
  0x000002787821ff70 JavaThread "Unconstrained build operations Thread 180" [_thread_blocked, id=31636, stack(0x00000087bba00000,0x00000087bbb00000)]
  0x000002787ee093b0 JavaThread "Unconstrained build operations Thread 181" [_thread_blocked, id=23100, stack(0x00000087bbb00000,0x00000087bbc00000)]
  0x000002787ee0a2e0 JavaThread "Unconstrained build operations Thread 182" [_thread_blocked, id=28180, stack(0x00000087bbc00000,0x00000087bbd00000)]
  0x000002787ee098c0 JavaThread "Unconstrained build operations Thread 183" [_thread_blocked, id=31784, stack(0x00000087bbd00000,0x00000087bbe00000)]
  0x000002787ee09dd0 JavaThread "Unconstrained build operations Thread 184" [_thread_blocked, id=31928, stack(0x00000087bbe00000,0x00000087bbf00000)]
  0x000002787ee0b720 JavaThread "Unconstrained build operations Thread 185" [_thread_blocked, id=6236, stack(0x00000087bbf00000,0x00000087bc000000)]
  0x0000027876617fa0 JavaThread "Unconstrained build operations Thread 186" [_thread_blocked, id=9044, stack(0x00000087bc000000,0x00000087bc100000)]
  0x0000027872188bc0 JavaThread "Unconstrained build operations Thread 187" [_thread_blocked, id=18988, stack(0x00000087bc100000,0x00000087bc200000)]
  0x000002787218af30 JavaThread "Unconstrained build operations Thread 188" [_thread_blocked, id=5452, stack(0x00000087bc200000,0x00000087bc300000)]
  0x000002787218aa20 JavaThread "Unconstrained build operations Thread 189" [_thread_blocked, id=4644, stack(0x00000087bc300000,0x00000087bc400000)]
  0x000002787218b440 JavaThread "Unconstrained build operations Thread 190" [_thread_blocked, id=27024, stack(0x00000087bc400000,0x00000087bc500000)]
  0x00000278721886b0 JavaThread "Unconstrained build operations Thread 191" [_thread_blocked, id=10852, stack(0x00000087bc500000,0x00000087bc600000)]
  0x00000278721895e0 JavaThread "Unconstrained build operations Thread 192" [_thread_blocked, id=16532, stack(0x00000087bc600000,0x00000087bc700000)]
  0x0000027872187c90 JavaThread "Unconstrained build operations Thread 193" [_thread_blocked, id=23204, stack(0x00000087bc700000,0x00000087bc800000)]
  0x00000278720cc330 JavaThread "Unconstrained build operations Thread 194" [_thread_blocked, id=32464, stack(0x00000087bc800000,0x00000087bc900000)]
  0x00000278720cb910 JavaThread "Unconstrained build operations Thread 195" [_thread_blocked, id=8576, stack(0x00000087bc900000,0x00000087bca00000)]
  0x00000278720cbe20 JavaThread "Unconstrained build operations Thread 196" [_thread_blocked, id=26080, stack(0x00000087bca00000,0x00000087bcb00000)]
  0x00000278720cc840 JavaThread "Unconstrained build operations Thread 197" [_thread_blocked, id=25904, stack(0x00000087bcb00000,0x00000087bcc00000)]
  0x0000027874ade1f0 JavaThread "Unconstrained build operations Thread 198" [_thread_blocked, id=1384, stack(0x00000087bcc00000,0x00000087bcd00000)]
  0x0000027874ae0560 JavaThread "Unconstrained build operations Thread 199" [_thread_blocked, id=17788, stack(0x00000087bcd00000,0x00000087bce00000)]
  0x0000027874ae0a70 JavaThread "Unconstrained build operations Thread 200" [_thread_blocked, id=30892, stack(0x00000087bce00000,0x00000087bcf00000)]
  0x00000278021e7370 JavaThread "Exec process Thread 7" [_thread_blocked, id=24392, stack(0x00000087bcf00000,0x00000087bd000000)]
  0x000002787ee0a7f0 JavaThread "Exec process Thread 8" [_thread_blocked, id=17680, stack(0x00000087bd000000,0x00000087bd100000)]
  0x000002787ee0ad00 JavaThread "Exec process Thread 9" [_thread_blocked, id=4248, stack(0x00000087bd100000,0x00000087bd200000)]
  0x0000027830d12790 JavaThread "Cache worker for execution history cache (C:\rubi_web\CISC_Capstone\MiscueReading\android\.gradle\9.0.0\executionHistory)" [_thread_blocked, id=5756, stack(0x00000087bd200000,0x00000087bd300000)]

Other Threads:
=>0x00000278515e8400 VMThread "VM Thread" [stack: 0x00000087aa900000,0x00000087aaa00000] [id=2836]
  0x0000027833203b10 WatcherThread [stack: 0x00000087ab900000,0x00000087aba00000] [id=27628]
  0x00000278331dee70 GCTaskThread "GC Thread#0" [stack: 0x00000087aa400000,0x00000087aa500000] [id=25452]
  0x000002785287d4f0 GCTaskThread "GC Thread#1" [stack: 0x00000087aba00000,0x00000087abb00000] [id=27584]
  0x0000027872086380 GCTaskThread "GC Thread#2" [stack: 0x00000087abb00000,0x00000087abc00000] [id=25132]
  0x0000027872e1a030 GCTaskThread "GC Thread#3" [stack: 0x00000087abd00000,0x00000087abe00000] [id=24924]
  0x0000027872f73c50 GCTaskThread "GC Thread#4" [stack: 0x00000087abe00000,0x00000087abf00000] [id=24860]
  0x00000278749ce570 GCTaskThread "GC Thread#5" [stack: 0x00000087acb00000,0x00000087acc00000] [id=26648]
  0x00000278734237d0 GCTaskThread "GC Thread#6" [stack: 0x00000087acc00000,0x00000087acd00000] [id=25504]
  0x0000027873eff2e0 GCTaskThread "GC Thread#7" [stack: 0x00000087acd00000,0x00000087ace00000] [id=18000]
  0x0000027874612a80 GCTaskThread "GC Thread#8" [stack: 0x00000087ace00000,0x00000087acf00000] [id=15424]
  0x0000027875692660 GCTaskThread "GC Thread#9" [stack: 0x00000087acf00000,0x00000087ad000000] [id=2600]
  0x0000027875692be0 GCTaskThread "GC Thread#10" [stack: 0x00000087ad000000,0x00000087ad100000] [id=23252]
  0x00000278756939a0 GCTaskThread "GC Thread#11" [stack: 0x00000087ad100000,0x00000087ad200000] [id=27352]
  0x0000027875692920 GCTaskThread "GC Thread#12" [stack: 0x00000087ad200000,0x00000087ad300000] [id=9492]
  0x0000027875691e20 GCTaskThread "GC Thread#13" [stack: 0x00000087ad300000,0x00000087ad400000] [id=9140]
  0x0000027875693420 GCTaskThread "GC Thread#14" [stack: 0x00000087ad400000,0x00000087ad500000] [id=9912]
  0x00000278331efcd0 ConcurrentGCThread "G1 Main Marker" [stack: 0x00000087aa500000,0x00000087aa600000] [id=2712]
  0x00000278331f22d0 ConcurrentGCThread "G1 Conc#0" [stack: 0x00000087aa600000,0x00000087aa700000] [id=13844]
  0x00000278756920e0 ConcurrentGCThread "G1 Conc#1" [stack: 0x00000087ad500000,0x00000087ad600000] [id=13712]
  0x00000278756923a0 ConcurrentGCThread "G1 Conc#2" [stack: 0x00000087ad600000,0x00000087ad700000] [id=19024]
  0x0000027875692ea0 ConcurrentGCThread "G1 Conc#3" [stack: 0x00000087ad700000,0x00000087ad800000] [id=22432]
  0x0000027851495c70 ConcurrentGCThread "G1 Refine#0" [stack: 0x00000087aa700000,0x00000087aa800000] [id=8104]
  0x000002787378a410 ConcurrentGCThread "G1 Refine#1" [stack: 0x00000087bf200000,0x00000087bf300000] [id=28028]
  0x00000278750f9f40 ConcurrentGCThread "G1 Refine#2" [stack: 0x00000087bf300000,0x00000087bf400000] [id=28060]
  0x000002787f98b6a0 ConcurrentGCThread "G1 Refine#3" [stack: 0x00000087bf400000,0x00000087bf500000] [id=27996]
  0x0000027800680cb0 ConcurrentGCThread "G1 Refine#4" [stack: 0x00000087bb300000,0x00000087bb400000] [id=5464]
  0x000002780086a930 ConcurrentGCThread "G1 Refine#5" [stack: 0x00000087bd500000,0x00000087bd600000] [id=20372]
  0x000002780086ac20 ConcurrentGCThread "G1 Refine#6" [stack: 0x00000087bd600000,0x00000087bd700000] [id=25144]
  0x000002787378a700 ConcurrentGCThread "G1 Refine#7" [stack: 0x00000087bd700000,0x00000087bd800000] [id=17624]
  0x000002787f98bf70 ConcurrentGCThread "G1 Refine#8" [stack: 0x00000087bd800000,0x00000087bd900000] [id=31732]
  0x0000027878b1c200 ConcurrentGCThread "G1 Refine#9" [stack: 0x00000087bdd00000,0x00000087bde00000] [id=4072]
  0x00000278745f63e0 ConcurrentGCThread "G1 Refine#10" [stack: 0x00000087bdf00000,0x00000087be000000] [id=3716]
  0x0000027800d92380 ConcurrentGCThread "G1 Refine#11" [stack: 0x00000087be900000,0x00000087bea00000] [id=24724]
  0x0000027878b1c4f0 ConcurrentGCThread "G1 Refine#12" [stack: 0x00000087bed00000,0x00000087bee00000] [id=13672]
  0x0000027833236910 ConcurrentGCThread "G1 Service" [stack: 0x00000087aa800000,0x00000087aa900000] [id=1668]

Threads with active compile tasks:

VM state: at safepoint (normal execution)

VM Mutex/Monitor currently owned by a thread:  ([mutex/lock_event])
[0x0000027833170570] Threads_lock - owner thread: 0x00000278515e8400
[0x000002783317d730] Heap_lock - owner thread: 0x000002787e273800

Heap address: 0x0000000080000000, size: 2048 MB, Compressed Oops mode: 32-bit

CDS archive(s) mapped at: [0x0000027853000000-0x0000027853bd0000-0x0000027853bd0000), size 12386304, SharedBaseAddress: 0x0000027853000000, ArchiveRelocationMode: 1.
Compressed class space mapped at: 0x0000027854000000-0x000002786e000000, reserved size: 436207616
Narrow klass base: 0x0000027853000000, Narrow klass shift: 0, Narrow klass range: 0x100000000

GC Precious Log:
 CPUs: 20 total, 20 available
 Memory: 7911M
 Large Page Support: Disabled
 NUMA Support: Disabled
 Compressed Oops: Enabled (32-bit)
 Heap Region Size: 1M
 Heap Min Capacity: 8M
 Heap Initial Capacity: 124M
 Heap Max Capacity: 2G
 Pre-touch: Disabled
 Parallel Workers: 15
 Concurrent Workers: 4
 Concurrent Refinement Workers: 15
 Periodic GC: Disabled

Heap:
 garbage-first heap   total 1090560K, used 510705K [0x0000000080000000, 0x0000000100000000)
  region size 1024K, 15 young (15360K), 7 survivors (7168K)
 Metaspace       used 135446K, committed 138432K, reserved 557056K
  class space    used 18278K, committed 19648K, reserved 425984K

Heap Regions: E=young(eden), S=young(survivor), O=old, HS=humongous(starts), HC=humongous(continues), CS=collection set, F=free, OA=open archive, CA=closed archive, TAMS=top-at-mark-start (previous, next)
|   0|0x0000000080000000, 0x0000000080100000, 0x0000000080100000|100%|HS|  |TAMS 0x0000000080100000, 0x0000000080000000| Complete 
|   1|0x0000000080100000, 0x0000000080200000, 0x0000000080200000|100%|HC|  |TAMS 0x0000000080200000, 0x0000000080100000| Complete 
|   2|0x0000000080200000, 0x0000000080300000, 0x0000000080300000|100%|HC|  |TAMS 0x0000000080300000, 0x0000000080200000| Complete 
|   3|0x0000000080300000, 0x0000000080400000, 0x0000000080400000|100%| O|  |TAMS 0x0000000080400000, 0x0000000080300000| Untracked 
|   4|0x0000000080400000, 0x0000000080500000, 0x0000000080500000|100%| O|  |TAMS 0x0000000080500000, 0x0000000080400000| Untracked 
|   5|0x0000000080500000, 0x0000000080600000, 0x0000000080600000|100%| O|  |TAMS 0x0000000080600000, 0x0000000080500000| Untracked 
|   6|0x0000000080600000, 0x0000000080700000, 0x0000000080700000|100%|HS|  |TAMS 0x0000000080700000, 0x0000000080600000| Complete 
|   7|0x0000000080700000, 0x0000000080800000, 0x0000000080800000|100%| O|  |TAMS 0x0000000080800000, 0x0000000080700000| Untracked 
|   8|0x0000000080800000, 0x0000000080900000, 0x0000000080900000|100%| O|  |TAMS 0x0000000080900000, 0x0000000080800000| Untracked 
|   9|0x0000000080900000, 0x0000000080a00000, 0x0000000080a00000|100%| O|  |TAMS 0x0000000080a00000, 0x0000000080900000| Untracked 
|  10|0x0000000080a00000, 0x0000000080b00000, 0x0000000080b00000|100%| O|  |TAMS 0x0000000080b00000, 0x0000000080a00000| Untracked 
|  11|0x0000000080b00000, 0x0000000080c00000, 0x0000000080c00000|100%| O|  |TAMS 0x0000000080c00000, 0x0000000080b00000| Untracked 
|  12|0x0000000080c00000, 0x0000000080d00000, 0x0000000080d00000|100%| O|  |TAMS 0x0000000080d00000, 0x0000000080c00000| Untracked 
|  13|0x0000000080d00000, 0x0000000080e00000, 0x0000000080e00000|100%| O|  |TAMS 0x0000000080e00000, 0x0000000080d00000| Untracked 
|  14|0x0000000080e00000, 0x0000000080f00000, 0x0000000080f00000|100%| O|  |TAMS 0x0000000080f00000, 0x0000000080e00000| Untracked 
|  15|0x0000000080f00000, 0x0000000081000000, 0x0000000081000000|100%| O|  |TAMS 0x0000000081000000, 0x0000000080f00000| Untracked 
|  16|0x0000000081000000, 0x0000000081100000, 0x0000000081100000|100%| O|  |TAMS 0x0000000081100000, 0x0000000081000000| Untracked 
|  17|0x0000000081100000, 0x0000000081200000, 0x0000000081200000|100%| O|  |TAMS 0x0000000081200000, 0x0000000081100000| Untracked 
|  18|0x0000000081200000, 0x0000000081300000, 0x0000000081300000|100%| O|  |TAMS 0x0000000081300000, 0x0000000081200000| Untracked 
|  19|0x0000000081300000, 0x0000000081400000, 0x0000000081400000|100%| O|  |TAMS 0x0000000081400000, 0x0000000081300000| Untracked 
|  20|0x0000000081400000, 0x0000000081500000, 0x0000000081500000|100%| O|  |TAMS 0x0000000081500000, 0x0000000081400000| Untracked 
|  21|0x0000000081500000, 0x0000000081600000, 0x0000000081600000|100%| O|  |TAMS 0x0000000081600000, 0x0000000081500000| Untracked 
|  22|0x0000000081600000, 0x00000000816bc400, 0x0000000081700000| 73%| O|  |TAMS 0x00000000816bc400, 0x0000000081600000| Untracked 
|  23|0x0000000081700000, 0x0000000081800000, 0x0000000081800000|100%| O|  |TAMS 0x0000000081800000, 0x0000000081700000| Untracked 
|  24|0x0000000081800000, 0x0000000081900000, 0x0000000081900000|100%| O|  |TAMS 0x0000000081900000, 0x0000000081800000| Untracked 
|  25|0x0000000081900000, 0x0000000081a00000, 0x0000000081a00000|100%| O|  |TAMS 0x0000000081a00000, 0x0000000081900000| Untracked 
|  26|0x0000000081a00000, 0x0000000081b00000, 0x0000000081b00000|100%| O|  |TAMS 0x0000000081b00000, 0x0000000081a00000| Untracked 
|  27|0x0000000081b00000, 0x0000000081c00000, 0x0000000081c00000|100%| O|  |TAMS 0x0000000081c00000, 0x0000000081b00000| Untracked 
|  28|0x0000000081c00000, 0x0000000081d00000, 0x0000000081d00000|100%| O|  |TAMS 0x0000000081d00000, 0x0000000081c00000| Untracked 
|  29|0x0000000081d00000, 0x0000000081e00000, 0x0000000081e00000|100%| O|  |TAMS 0x0000000081e00000, 0x0000000081d00000| Untracked 
|  30|0x0000000081e00000, 0x0000000081f00000, 0x0000000081f00000|100%| O|  |TAMS 0x0000000081f00000, 0x0000000081e00000| Untracked 
|  31|0x0000000081f00000, 0x0000000082000000, 0x0000000082000000|100%| O|  |TAMS 0x0000000081f00000, 0x0000000081f00000| Untracked 
|  32|0x0000000082000000, 0x0000000082100000, 0x0000000082100000|100%| O|  |TAMS 0x0000000082100000, 0x0000000082000000| Untracked 
|  33|0x0000000082100000, 0x0000000082200000, 0x0000000082200000|100%| O|  |TAMS 0x0000000082200000, 0x0000000082100000| Untracked 
|  34|0x0000000082200000, 0x0000000082300000, 0x0000000082300000|100%| O|  |TAMS 0x0000000082200000, 0x0000000082200000| Untracked 
|  35|0x0000000082300000, 0x0000000082400000, 0x0000000082400000|100%| O|  |TAMS 0x0000000082400000, 0x0000000082300000| Untracked 
|  36|0x0000000082400000, 0x0000000082500000, 0x0000000082500000|100%| O|  |TAMS 0x0000000082500000, 0x0000000082400000| Untracked 
|  37|0x0000000082500000, 0x0000000082600000, 0x0000000082600000|100%|HS|  |TAMS 0x0000000082600000, 0x0000000082500000| Complete 
|  38|0x0000000082600000, 0x0000000082700000, 0x0000000082700000|100%|HC|  |TAMS 0x0000000082700000, 0x0000000082600000| Complete 
|  39|0x0000000082700000, 0x0000000082800000, 0x0000000082800000|100%|HC|  |TAMS 0x0000000082800000, 0x0000000082700000| Complete 
|  40|0x0000000082800000, 0x0000000082900000, 0x0000000082900000|100%|HS|  |TAMS 0x0000000082900000, 0x0000000082800000| Complete 
|  41|0x0000000082900000, 0x0000000082a00000, 0x0000000082a00000|100%|HC|  |TAMS 0x0000000082a00000, 0x0000000082900000| Complete 
|  42|0x0000000082a00000, 0x0000000082b00000, 0x0000000082b00000|100%|HC|  |TAMS 0x0000000082b00000, 0x0000000082a00000| Complete 
|  43|0x0000000082b00000, 0x0000000082c00000, 0x0000000082c00000|100%| O|  |TAMS 0x0000000082c00000, 0x0000000082b00000| Untracked 
|  44|0x0000000082c00000, 0x0000000082d00000, 0x0000000082d00000|100%| O|  |TAMS 0x0000000082c00000, 0x0000000082c00000| Untracked 
|  45|0x0000000082d00000, 0x0000000082e00000, 0x0000000082e00000|100%| O|  |TAMS 0x0000000082d00000, 0x0000000082d00000| Untracked 
|  46|0x0000000082e00000, 0x0000000082f00000, 0x0000000082f00000|100%| O|  |TAMS 0x0000000082f00000, 0x0000000082e00000| Untracked 
|  47|0x0000000082f00000, 0x0000000083000000, 0x0000000083000000|100%| O|  |TAMS 0x0000000083000000, 0x0000000082f00000| Untracked 
|  48|0x0000000083000000, 0x0000000083100000, 0x0000000083100000|100%| O|  |TAMS 0x0000000083100000, 0x0000000083000000| Untracked 
|  49|0x0000000083100000, 0x0000000083200000, 0x0000000083200000|100%| O|  |TAMS 0x0000000083200000, 0x0000000083100000| Untracked 
|  50|0x0000000083200000, 0x0000000083300000, 0x0000000083300000|100%| O|  |TAMS 0x0000000083200000, 0x0000000083200000| Untracked 
|  51|0x0000000083300000, 0x0000000083400000, 0x0000000083400000|100%| O|  |TAMS 0x0000000083300000, 0x0000000083300000| Untracked 
|  52|0x0000000083400000, 0x0000000083500000, 0x0000000083500000|100%| O|  |TAMS 0x0000000083400000, 0x0000000083400000| Untracked 
|  53|0x0000000083500000, 0x0000000083600000, 0x0000000083600000|100%| O|  |TAMS 0x0000000083600000, 0x0000000083500000| Untracked 
|  54|0x0000000083600000, 0x0000000083700000, 0x0000000083700000|100%| O|  |TAMS 0x0000000083700000, 0x0000000083600000| Untracked 
|  55|0x0000000083700000, 0x0000000083800000, 0x0000000083800000|100%| O|  |TAMS 0x0000000083800000, 0x0000000083700000| Untracked 
|  56|0x0000000083800000, 0x0000000083900000, 0x0000000083900000|100%| O|  |TAMS 0x0000000083900000, 0x0000000083800000| Untracked 
|  57|0x0000000083900000, 0x0000000083a00000, 0x0000000083a00000|100%| O|  |TAMS 0x0000000083a00000, 0x0000000083900000| Untracked 
|  58|0x0000000083a00000, 0x0000000083b00000, 0x0000000083b00000|100%| O|  |TAMS 0x0000000083b00000, 0x0000000083a00000| Untracked 
|  59|0x0000000083b00000, 0x0000000083c00000, 0x0000000083c00000|100%| O|  |TAMS 0x0000000083c00000, 0x0000000083b00000| Untracked 
|  60|0x0000000083c00000, 0x0000000083d00000, 0x0000000083d00000|100%| O|  |TAMS 0x0000000083c00000, 0x0000000083c00000| Untracked 
|  61|0x0000000083d00000, 0x0000000083e00000, 0x0000000083e00000|100%| O|  |TAMS 0x0000000083d00000, 0x0000000083d00000| Untracked 
|  62|0x0000000083e00000, 0x0000000083f00000, 0x0000000083f00000|100%| O|  |TAMS 0x0000000083f00000, 0x0000000083e00000| Untracked 
|  63|0x0000000083f00000, 0x0000000084000000, 0x0000000084000000|100%| O|  |TAMS 0x0000000083f00000, 0x0000000083f00000| Untracked 
|  64|0x0000000084000000, 0x0000000084100000, 0x0000000084100000|100%| O|  |TAMS 0x0000000084000000, 0x0000000084000000| Untracked 
|  65|0x0000000084100000, 0x0000000084200000, 0x0000000084200000|100%| O|  |TAMS 0x0000000084100000, 0x0000000084100000| Untracked 
|  66|0x0000000084200000, 0x0000000084300000, 0x0000000084300000|100%| O|  |TAMS 0x0000000084200000, 0x0000000084200000| Untracked 
|  67|0x0000000084300000, 0x0000000084400000, 0x0000000084400000|100%| O|  |TAMS 0x0000000084400000, 0x0000000084300000| Untracked 
|  68|0x0000000084400000, 0x0000000084500000, 0x0000000084500000|100%| O|  |TAMS 0x0000000084400000, 0x0000000084400000| Untracked 
|  69|0x0000000084500000, 0x0000000084600000, 0x0000000084600000|100%| O|  |TAMS 0x0000000084500000, 0x0000000084500000| Untracked 
|  70|0x0000000084600000, 0x0000000084700000, 0x0000000084700000|100%| O|  |TAMS 0x0000000084600000, 0x0000000084600000| Untracked 
|  71|0x0000000084700000, 0x0000000084800000, 0x0000000084800000|100%| O|  |TAMS 0x0000000084700000, 0x0000000084700000| Untracked 
|  72|0x0000000084800000, 0x0000000084900000, 0x0000000084900000|100%| O|  |TAMS 0x0000000084800000, 0x0000000084800000| Untracked 
|  73|0x0000000084900000, 0x0000000084a00000, 0x0000000084a00000|100%| O|  |TAMS 0x0000000084900000, 0x0000000084900000| Untracked 
|  74|0x0000000084a00000, 0x0000000084b00000, 0x0000000084b00000|100%|HS|  |TAMS 0x0000000084b00000, 0x0000000084a00000| Complete 
|  75|0x0000000084b00000, 0x0000000084c00000, 0x0000000084c00000|100%|HS|  |TAMS 0x0000000084c00000, 0x0000000084b00000| Complete 
|  76|0x0000000084c00000, 0x0000000084d00000, 0x0000000084d00000|100%|HS|  |TAMS 0x0000000084d00000, 0x0000000084c00000| Complete 
|  77|0x0000000084d00000, 0x0000000084e00000, 0x0000000084e00000|100%|HS|  |TAMS 0x0000000084e00000, 0x0000000084d00000| Complete 
|  78|0x0000000084e00000, 0x0000000084f00000, 0x0000000084f00000|100%| O|  |TAMS 0x0000000084f00000, 0x0000000084e00000| Untracked 
|  79|0x0000000084f00000, 0x0000000085000000, 0x0000000085000000|100%|HS|  |TAMS 0x0000000085000000, 0x0000000084f00000| Complete 
|  80|0x0000000085000000, 0x0000000085100000, 0x0000000085100000|100%|HS|  |TAMS 0x0000000085100000, 0x0000000085000000| Complete 
|  81|0x0000000085100000, 0x0000000085200000, 0x0000000085200000|100%| O|  |TAMS 0x0000000085200000, 0x0000000085100000| Untracked 
|  82|0x0000000085200000, 0x0000000085300000, 0x0000000085300000|100%| O|  |TAMS 0x0000000085300000, 0x0000000085200000| Untracked 
|  83|0x0000000085300000, 0x0000000085400000, 0x0000000085400000|100%| O|  |TAMS 0x0000000085300000, 0x0000000085300000| Untracked 
|  84|0x0000000085400000, 0x0000000085500000, 0x0000000085500000|100%| O|  |TAMS 0x0000000085400000, 0x0000000085400000| Untracked 
|  85|0x0000000085500000, 0x0000000085600000, 0x0000000085600000|100%| O|  |TAMS 0x0000000085500000, 0x0000000085500000| Untracked 
|  86|0x0000000085600000, 0x0000000085700000, 0x0000000085700000|100%| O|  |TAMS 0x0000000085600000, 0x0000000085600000| Untracked 
|  87|0x0000000085700000, 0x0000000085800000, 0x0000000085800000|100%| O|  |TAMS 0x0000000085700000, 0x0000000085700000| Untracked 
|  88|0x0000000085800000, 0x0000000085900000, 0x0000000085900000|100%| O|  |TAMS 0x0000000085800000, 0x0000000085800000| Untracked 
|  89|0x0000000085900000, 0x0000000085a00000, 0x0000000085a00000|100%| O|  |TAMS 0x0000000085900000, 0x0000000085900000| Untracked 
|  90|0x0000000085a00000, 0x0000000085b00000, 0x0000000085b00000|100%| O|  |TAMS 0x0000000085b00000, 0x0000000085a00000| Untracked 
|  91|0x0000000085b00000, 0x0000000085c00000, 0x0000000085c00000|100%|HS|  |TAMS 0x0000000085c00000, 0x0000000085b00000| Complete 
|  92|0x0000000085c00000, 0x0000000085d00000, 0x0000000085d00000|100%|HC|  |TAMS 0x0000000085d00000, 0x0000000085c00000| Complete 
|  93|0x0000000085d00000, 0x0000000085e00000, 0x0000000085e00000|100%|HC|  |TAMS 0x0000000085e00000, 0x0000000085d00000| Complete 
|  94|0x0000000085e00000, 0x0000000085f00000, 0x0000000085f00000|100%|HS|  |TAMS 0x0000000085f00000, 0x0000000085e00000| Complete 
|  95|0x0000000085f00000, 0x0000000086000000, 0x0000000086000000|100%| O|  |TAMS 0x0000000086000000, 0x0000000085f00000| Untracked 
|  96|0x0000000086000000, 0x0000000086100000, 0x0000000086100000|100%| O|  |TAMS 0x0000000086000000, 0x0000000086000000| Untracked 
|  97|0x0000000086100000, 0x0000000086200000, 0x0000000086200000|100%| O|  |TAMS 0x0000000086200000, 0x0000000086100000| Untracked 
|  98|0x0000000086200000, 0x0000000086300000, 0x0000000086300000|100%| O|  |TAMS 0x0000000086200000, 0x0000000086200000| Untracked 
|  99|0x0000000086300000, 0x0000000086400000, 0x0000000086400000|100%| O|  |TAMS 0x0000000086300000, 0x0000000086300000| Untracked 
| 100|0x0000000086400000, 0x0000000086500000, 0x0000000086500000|100%| O|  |TAMS 0x0000000086500000, 0x0000000086400000| Untracked 
| 101|0x0000000086500000, 0x0000000086600000, 0x0000000086600000|100%| O|  |TAMS 0x0000000086600000, 0x0000000086500000| Untracked 
| 102|0x0000000086600000, 0x0000000086700000, 0x0000000086700000|100%| O|  |TAMS 0x0000000086600000, 0x0000000086600000| Untracked 
| 103|0x0000000086700000, 0x0000000086800000, 0x0000000086800000|100%| O|  |TAMS 0x0000000086700000, 0x0000000086700000| Untracked 
| 104|0x0000000086800000, 0x0000000086900000, 0x0000000086900000|100%| O|  |TAMS 0x0000000086900000, 0x0000000086800000| Untracked 
| 105|0x0000000086900000, 0x0000000086a00000, 0x0000000086a00000|100%| O|  |TAMS 0x0000000086900000, 0x0000000086900000| Untracked 
| 106|0x0000000086a00000, 0x0000000086b00000, 0x0000000086b00000|100%| O|  |TAMS 0x0000000086a00000, 0x0000000086a00000| Untracked 
| 107|0x0000000086b00000, 0x0000000086c00000, 0x0000000086c00000|100%| O|  |TAMS 0x0000000086c00000, 0x0000000086b00000| Untracked 
| 108|0x0000000086c00000, 0x0000000086d00000, 0x0000000086d00000|100%| O|  |TAMS 0x0000000086d00000, 0x0000000086c00000| Untracked 
| 109|0x0000000086d00000, 0x0000000086e00000, 0x0000000086e00000|100%| O|  |TAMS 0x0000000086e00000, 0x0000000086d00000| Untracked 
| 110|0x0000000086e00000, 0x0000000086f00000, 0x0000000086f00000|100%| O|  |TAMS 0x0000000086f00000, 0x0000000086e00000| Untracked 
| 111|0x0000000086f00000, 0x0000000087000000, 0x0000000087000000|100%| O|  |TAMS 0x0000000087000000, 0x0000000086f00000| Untracked 
| 112|0x0000000087000000, 0x0000000087100000, 0x0000000087100000|100%| O|  |TAMS 0x0000000087100000, 0x0000000087000000| Untracked 
| 113|0x0000000087100000, 0x0000000087200000, 0x0000000087200000|100%| O|  |TAMS 0x0000000087200000, 0x0000000087100000| Untracked 
| 114|0x0000000087200000, 0x0000000087300000, 0x0000000087300000|100%| O|  |TAMS 0x0000000087300000, 0x0000000087200000| Untracked 
| 115|0x0000000087300000, 0x0000000087400000, 0x0000000087400000|100%| O|  |TAMS 0x0000000087400000, 0x0000000087300000| Untracked 
| 116|0x0000000087400000, 0x0000000087500000, 0x0000000087500000|100%| O|  |TAMS 0x0000000087500000, 0x0000000087400000| Untracked 
| 117|0x0000000087500000, 0x0000000087600000, 0x0000000087600000|100%| O|  |TAMS 0x0000000087500000, 0x0000000087500000| Untracked 
| 118|0x0000000087600000, 0x0000000087700000, 0x0000000087700000|100%| O|  |TAMS 0x0000000087700000, 0x0000000087600000| Untracked 
| 119|0x0000000087700000, 0x0000000087800000, 0x0000000087800000|100%| O|  |TAMS 0x0000000087800000, 0x0000000087700000| Untracked 
| 120|0x0000000087800000, 0x0000000087900000, 0x0000000087900000|100%| O|  |TAMS 0x0000000087900000, 0x0000000087800000| Untracked 
| 121|0x0000000087900000, 0x0000000087a00000, 0x0000000087a00000|100%| O|  |TAMS 0x0000000087a00000, 0x0000000087900000| Untracked 
| 122|0x0000000087a00000, 0x0000000087b00000, 0x0000000087b00000|100%| O|  |TAMS 0x0000000087a00000, 0x0000000087a00000| Untracked 
| 123|0x0000000087b00000, 0x0000000087c00000, 0x0000000087c00000|100%| O|  |TAMS 0x0000000087b00000, 0x0000000087b00000| Untracked 
| 124|0x0000000087c00000, 0x0000000087d00000, 0x0000000087d00000|100%| O|  |TAMS 0x0000000087d00000, 0x0000000087c00000| Untracked 
| 125|0x0000000087d00000, 0x0000000087e00000, 0x0000000087e00000|100%| O|  |TAMS 0x0000000087e00000, 0x0000000087d00000| Untracked 
| 126|0x0000000087e00000, 0x0000000087f00000, 0x0000000087f00000|100%| O|  |TAMS 0x0000000087e00000, 0x0000000087e00000| Untracked 
| 127|0x0000000087f00000, 0x0000000088000000, 0x0000000088000000|100%| O|  |TAMS 0x0000000087f00000, 0x0000000087f00000| Untracked 
| 128|0x0000000088000000, 0x0000000088100000, 0x0000000088100000|100%| O|  |TAMS 0x0000000088000000, 0x0000000088000000| Untracked 
| 129|0x0000000088100000, 0x0000000088200000, 0x0000000088200000|100%| O|  |TAMS 0x0000000088100000, 0x0000000088100000| Untracked 
| 130|0x0000000088200000, 0x0000000088300000, 0x0000000088300000|100%| O|  |TAMS 0x0000000088200000, 0x0000000088200000| Untracked 
| 131|0x0000000088300000, 0x0000000088400000, 0x0000000088400000|100%| O|  |TAMS 0x0000000088300000, 0x0000000088300000| Untracked 
| 132|0x0000000088400000, 0x0000000088500000, 0x0000000088500000|100%| O|  |TAMS 0x0000000088500000, 0x0000000088400000| Untracked 
| 133|0x0000000088500000, 0x0000000088600000, 0x0000000088600000|100%| O|  |TAMS 0x0000000088500000, 0x0000000088500000| Untracked 
| 134|0x0000000088600000, 0x0000000088700000, 0x0000000088700000|100%|HS|  |TAMS 0x0000000088700000, 0x0000000088600000| Complete 
| 135|0x0000000088700000, 0x0000000088800000, 0x0000000088800000|100%|HS|  |TAMS 0x0000000088800000, 0x0000000088700000| Complete 
| 136|0x0000000088800000, 0x0000000088900000, 0x0000000088900000|100%|HS|  |TAMS 0x0000000088900000, 0x0000000088800000| Complete 
| 137|0x0000000088900000, 0x0000000088a00000, 0x0000000088a00000|100%|HC|  |TAMS 0x0000000088a00000, 0x0000000088900000| Complete 
| 138|0x0000000088a00000, 0x0000000088b00000, 0x0000000088b00000|100%| O|  |TAMS 0x0000000088a00000, 0x0000000088a00000| Untracked 
| 139|0x0000000088b00000, 0x0000000088c00000, 0x0000000088c00000|100%| O|  |TAMS 0x0000000088b00000, 0x0000000088b00000| Untracked 
| 140|0x0000000088c00000, 0x0000000088d00000, 0x0000000088d00000|100%| O|  |TAMS 0x0000000088c00000, 0x0000000088c00000| Untracked 
| 141|0x0000000088d00000, 0x0000000088e00000, 0x0000000088e00000|100%| O|  |TAMS 0x0000000088d00000, 0x0000000088d00000| Untracked 
| 142|0x0000000088e00000, 0x0000000088f00000, 0x0000000088f00000|100%| O|  |TAMS 0x0000000088e00000, 0x0000000088e00000| Untracked 
| 143|0x0000000088f00000, 0x0000000089000000, 0x0000000089000000|100%| O|  |TAMS 0x0000000088f00000, 0x0000000088f00000| Untracked 
| 144|0x0000000089000000, 0x0000000089100000, 0x0000000089100000|100%| O|  |TAMS 0x0000000089000000, 0x0000000089000000| Untracked 
| 145|0x0000000089100000, 0x0000000089200000, 0x0000000089200000|100%| O|  |TAMS 0x0000000089100000, 0x0000000089100000| Untracked 
| 146|0x0000000089200000, 0x0000000089300000, 0x0000000089300000|100%| O|  |TAMS 0x0000000089300000, 0x0000000089200000| Untracked 
| 147|0x0000000089300000, 0x0000000089400000, 0x0000000089400000|100%| O|  |TAMS 0x0000000089300000, 0x0000000089300000| Untracked 
| 148|0x0000000089400000, 0x0000000089500000, 0x0000000089500000|100%| O|  |TAMS 0x0000000089500000, 0x0000000089400000| Untracked 
| 149|0x0000000089500000, 0x0000000089600000, 0x0000000089600000|100%| O|  |TAMS 0x0000000089600000, 0x0000000089500000| Untracked 
| 150|0x0000000089600000, 0x0000000089700000, 0x0000000089700000|100%| O|  |TAMS 0x0000000089600000, 0x0000000089600000| Untracked 
| 151|0x0000000089700000, 0x0000000089800000, 0x0000000089800000|100%| O|  |TAMS 0x0000000089700000, 0x0000000089700000| Untracked 
| 152|0x0000000089800000, 0x0000000089900000, 0x0000000089900000|100%| O|  |TAMS 0x0000000089800000, 0x0000000089800000| Untracked 
| 153|0x0000000089900000, 0x0000000089a00000, 0x0000000089a00000|100%| O|  |TAMS 0x0000000089a00000, 0x0000000089900000| Untracked 
| 154|0x0000000089a00000, 0x0000000089b00000, 0x0000000089b00000|100%| O|  |TAMS 0x0000000089a00000, 0x0000000089a00000| Untracked 
| 155|0x0000000089b00000, 0x0000000089c00000, 0x0000000089c00000|100%| O|  |TAMS 0x0000000089c00000, 0x0000000089b00000| Untracked 
| 156|0x0000000089c00000, 0x0000000089d00000, 0x0000000089d00000|100%| O|  |TAMS 0x0000000089d00000, 0x0000000089c00000| Untracked 
| 157|0x0000000089d00000, 0x0000000089e00000, 0x0000000089e00000|100%| O|  |TAMS 0x0000000089e00000, 0x0000000089d00000| Untracked 
| 158|0x0000000089e00000, 0x0000000089f00000, 0x0000000089f00000|100%| O|  |TAMS 0x0000000089f00000, 0x0000000089e00000| Untracked 
| 159|0x0000000089f00000, 0x000000008a000000, 0x000000008a000000|100%| O|  |TAMS 0x000000008a000000, 0x0000000089f00000| Untracked 
| 160|0x000000008a000000, 0x000000008a100000, 0x000000008a100000|100%| O|  |TAMS 0x000000008a100000, 0x000000008a000000| Untracked 
| 161|0x000000008a100000, 0x000000008a200000, 0x000000008a200000|100%| O|  |TAMS 0x000000008a100000, 0x000000008a100000| Untracked 
| 162|0x000000008a200000, 0x000000008a300000, 0x000000008a300000|100%| O|  |TAMS 0x000000008a200000, 0x000000008a200000| Untracked 
| 163|0x000000008a300000, 0x000000008a400000, 0x000000008a400000|100%| O|  |TAMS 0x000000008a300000, 0x000000008a300000| Untracked 
| 164|0x000000008a400000, 0x000000008a500000, 0x000000008a500000|100%| O|  |TAMS 0x000000008a400000, 0x000000008a400000| Untracked 
| 165|0x000000008a500000, 0x000000008a600000, 0x000000008a600000|100%| O|  |TAMS 0x000000008a500000, 0x000000008a500000| Untracked 
| 166|0x000000008a600000, 0x000000008a700000, 0x000000008a700000|100%| O|  |TAMS 0x000000008a600000, 0x000000008a600000| Untracked 
| 167|0x000000008a700000, 0x000000008a800000, 0x000000008a800000|100%| O|  |TAMS 0x000000008a700000, 0x000000008a700000| Untracked 
| 168|0x000000008a800000, 0x000000008a900000, 0x000000008a900000|100%| O|  |TAMS 0x000000008a800000, 0x000000008a800000| Untracked 
| 169|0x000000008a900000, 0x000000008aa00000, 0x000000008aa00000|100%| O|  |TAMS 0x000000008a900000, 0x000000008a900000| Untracked 
| 170|0x000000008aa00000, 0x000000008ab00000, 0x000000008ab00000|100%| O|  |TAMS 0x000000008aa00000, 0x000000008aa00000| Untracked 
| 171|0x000000008ab00000, 0x000000008ac00000, 0x000000008ac00000|100%| O|  |TAMS 0x000000008ab00000, 0x000000008ab00000| Untracked 
| 172|0x000000008ac00000, 0x000000008ad00000, 0x000000008ad00000|100%| O|  |TAMS 0x000000008ac00000, 0x000000008ac00000| Untracked 
| 173|0x000000008ad00000, 0x000000008ae00000, 0x000000008ae00000|100%| O|  |TAMS 0x000000008ad00000, 0x000000008ad00000| Untracked 
| 174|0x000000008ae00000, 0x000000008af00000, 0x000000008af00000|100%| O|  |TAMS 0x000000008ae00000, 0x000000008ae00000| Untracked 
| 175|0x000000008af00000, 0x000000008b000000, 0x000000008b000000|100%| O|  |TAMS 0x000000008b000000, 0x000000008af00000| Untracked 
| 176|0x000000008b000000, 0x000000008b100000, 0x000000008b100000|100%| O|  |TAMS 0x000000008b000000, 0x000000008b000000| Untracked 
| 177|0x000000008b100000, 0x000000008b200000, 0x000000008b200000|100%| O|  |TAMS 0x000000008b100000, 0x000000008b100000| Untracked 
| 178|0x000000008b200000, 0x000000008b300000, 0x000000008b300000|100%| O|  |TAMS 0x000000008b200000, 0x000000008b200000| Untracked 
| 179|0x000000008b300000, 0x000000008b400000, 0x000000008b400000|100%| O|  |TAMS 0x000000008b300000, 0x000000008b300000| Untracked 
| 180|0x000000008b400000, 0x000000008b500000, 0x000000008b500000|100%| O|  |TAMS 0x000000008b400000, 0x000000008b400000| Untracked 
| 181|0x000000008b500000, 0x000000008b600000, 0x000000008b600000|100%| O|  |TAMS 0x000000008b500000, 0x000000008b500000| Untracked 
| 182|0x000000008b600000, 0x000000008b700000, 0x000000008b700000|100%| O|  |TAMS 0x000000008b600000, 0x000000008b600000| Untracked 
| 183|0x000000008b700000, 0x000000008b800000, 0x000000008b800000|100%|HS|  |TAMS 0x000000008b800000, 0x000000008b700000| Complete 
| 184|0x000000008b800000, 0x000000008b900000, 0x000000008b900000|100%|HS|  |TAMS 0x000000008b900000, 0x000000008b800000| Complete 
| 185|0x000000008b900000, 0x000000008ba00000, 0x000000008ba00000|100%|HS|  |TAMS 0x000000008ba00000, 0x000000008b900000| Complete 
| 186|0x000000008ba00000, 0x000000008bb00000, 0x000000008bb00000|100%| O|  |TAMS 0x000000008bb00000, 0x000000008ba00000| Untracked 
| 187|0x000000008bb00000, 0x000000008bc00000, 0x000000008bc00000|100%| O|  |TAMS 0x000000008bb00000, 0x000000008bb00000| Untracked 
| 188|0x000000008bc00000, 0x000000008bd00000, 0x000000008bd00000|100%| O|  |TAMS 0x000000008bc00000, 0x000000008bc00000| Untracked 
| 189|0x000000008bd00000, 0x000000008be00000, 0x000000008be00000|100%| O|  |TAMS 0x000000008bd00000, 0x000000008bd00000| Untracked 
| 190|0x000000008be00000, 0x000000008bf00000, 0x000000008bf00000|100%| O|  |TAMS 0x000000008bf00000, 0x000000008be00000| Untracked 
| 191|0x000000008bf00000, 0x000000008c000000, 0x000000008c000000|100%| O|  |TAMS 0x000000008c000000, 0x000000008bf00000| Untracked 
| 192|0x000000008c000000, 0x000000008c100000, 0x000000008c100000|100%| O|  |TAMS 0x000000008c000000, 0x000000008c000000| Untracked 
| 193|0x000000008c100000, 0x000000008c200000, 0x000000008c200000|100%| O|  |TAMS 0x000000008c100000, 0x000000008c100000| Untracked 
| 194|0x000000008c200000, 0x000000008c300000, 0x000000008c300000|100%| O|  |TAMS 0x000000008c200000, 0x000000008c200000| Untracked 
| 195|0x000000008c300000, 0x000000008c400000, 0x000000008c400000|100%| O|  |TAMS 0x000000008c400000, 0x000000008c300000| Untracked 
| 196|0x000000008c400000, 0x000000008c500000, 0x000000008c500000|100%| O|  |TAMS 0x000000008c400000, 0x000000008c400000| Untracked 
| 197|0x000000008c500000, 0x000000008c600000, 0x000000008c600000|100%| O|  |TAMS 0x000000008c500000, 0x000000008c500000| Untracked 
| 198|0x000000008c600000, 0x000000008c700000, 0x000000008c700000|100%| O|  |TAMS 0x000000008c600000, 0x000000008c600000| Untracked 
| 199|0x000000008c700000, 0x000000008c800000, 0x000000008c800000|100%| O|  |TAMS 0x000000008c700000, 0x000000008c700000| Untracked 
| 200|0x000000008c800000, 0x000000008c900000, 0x000000008c900000|100%| O|  |TAMS 0x000000008c800000, 0x000000008c800000| Untracked 
| 201|0x000000008c900000, 0x000000008ca00000, 0x000000008ca00000|100%| O|  |TAMS 0x000000008c900000, 0x000000008c900000| Untracked 
| 202|0x000000008ca00000, 0x000000008cb00000, 0x000000008cb00000|100%| O|  |TAMS 0x000000008ca00000, 0x000000008ca00000| Untracked 
| 203|0x000000008cb00000, 0x000000008cc00000, 0x000000008cc00000|100%| O|  |TAMS 0x000000008cb00000, 0x000000008cb00000| Untracked 
| 204|0x000000008cc00000, 0x000000008cd00000, 0x000000008cd00000|100%| O|  |TAMS 0x000000008cd00000, 0x000000008cc00000| Untracked 
| 205|0x000000008cd00000, 0x000000008ce00000, 0x000000008ce00000|100%| O|  |TAMS 0x000000008cd00000, 0x000000008cd00000| Untracked 
| 206|0x000000008ce00000, 0x000000008cf00000, 0x000000008cf00000|100%| O|  |TAMS 0x000000008cf00000, 0x000000008ce00000| Untracked 
| 207|0x000000008cf00000, 0x000000008d000000, 0x000000008d000000|100%|HS|  |TAMS 0x000000008d000000, 0x000000008cf00000| Complete 
| 208|0x000000008d000000, 0x000000008d100000, 0x000000008d100000|100%|HS|  |TAMS 0x000000008d100000, 0x000000008d000000| Complete 
| 209|0x000000008d100000, 0x000000008d200000, 0x000000008d200000|100%|HS|  |TAMS 0x000000008d200000, 0x000000008d100000| Complete 
| 210|0x000000008d200000, 0x000000008d300000, 0x000000008d300000|100%|HS|  |TAMS 0x000000008d300000, 0x000000008d200000| Complete 
| 211|0x000000008d300000, 0x000000008d400000, 0x000000008d400000|100%| O|  |TAMS 0x000000008d400000, 0x000000008d300000| Untracked 
| 212|0x000000008d400000, 0x000000008d500000, 0x000000008d500000|100%| O|  |TAMS 0x000000008d400000, 0x000000008d400000| Untracked 
| 213|0x000000008d500000, 0x000000008d600000, 0x000000008d600000|100%| O|  |TAMS 0x000000008d500000, 0x000000008d500000| Untracked 
| 214|0x000000008d600000, 0x000000008d700000, 0x000000008d700000|100%| O|  |TAMS 0x000000008d600000, 0x000000008d600000| Untracked 
| 215|0x000000008d700000, 0x000000008d800000, 0x000000008d800000|100%| O|  |TAMS 0x000000008d700000, 0x000000008d700000| Untracked 
| 216|0x000000008d800000, 0x000000008d900000, 0x000000008d900000|100%| O|  |TAMS 0x000000008d800000, 0x000000008d800000| Untracked 
| 217|0x000000008d900000, 0x000000008da00000, 0x000000008da00000|100%| O|  |TAMS 0x000000008d900000, 0x000000008d900000| Untracked 
| 218|0x000000008da00000, 0x000000008db00000, 0x000000008db00000|100%| O|  |TAMS 0x000000008da00000, 0x000000008da00000| Untracked 
| 219|0x000000008db00000, 0x000000008dc00000, 0x000000008dc00000|100%| O|  |TAMS 0x000000008db00000, 0x000000008db00000| Untracked 
| 220|0x000000008dc00000, 0x000000008dd00000, 0x000000008dd00000|100%| O|  |TAMS 0x000000008dc00000, 0x000000008dc00000| Untracked 
| 221|0x000000008dd00000, 0x000000008de00000, 0x000000008de00000|100%| O|  |TAMS 0x000000008de00000, 0x000000008dd00000| Untracked 
| 222|0x000000008de00000, 0x000000008df00000, 0x000000008df00000|100%| O|  |TAMS 0x000000008de00000, 0x000000008de00000| Untracked 
| 223|0x000000008df00000, 0x000000008e000000, 0x000000008e000000|100%| O|  |TAMS 0x000000008df00000, 0x000000008df00000| Untracked 
| 224|0x000000008e000000, 0x000000008e100000, 0x000000008e100000|100%| O|  |TAMS 0x000000008e000000, 0x000000008e000000| Untracked 
| 225|0x000000008e100000, 0x000000008e200000, 0x000000008e200000|100%| O|  |TAMS 0x000000008e100000, 0x000000008e100000| Untracked 
| 226|0x000000008e200000, 0x000000008e300000, 0x000000008e300000|100%| O|  |TAMS 0x000000008e200000, 0x000000008e200000| Untracked 
| 227|0x000000008e300000, 0x000000008e400000, 0x000000008e400000|100%| O|  |TAMS 0x000000008e300000, 0x000000008e300000| Untracked 
| 228|0x000000008e400000, 0x000000008e500000, 0x000000008e500000|100%| O|  |TAMS 0x000000008e400000, 0x000000008e400000| Untracked 
| 229|0x000000008e500000, 0x000000008e600000, 0x000000008e600000|100%| O|  |TAMS 0x000000008e500000, 0x000000008e500000| Untracked 
| 230|0x000000008e600000, 0x000000008e700000, 0x000000008e700000|100%|HS|  |TAMS 0x000000008e700000, 0x000000008e600000| Complete 
| 231|0x000000008e700000, 0x000000008e800000, 0x000000008e800000|100%|HS|  |TAMS 0x000000008e800000, 0x000000008e700000| Complete 
| 232|0x000000008e800000, 0x000000008e900000, 0x000000008e900000|100%|HS|  |TAMS 0x000000008e900000, 0x000000008e800000| Complete 
| 233|0x000000008e900000, 0x000000008ea00000, 0x000000008ea00000|100%| O|  |TAMS 0x000000008e900000, 0x000000008e900000| Untracked 
| 234|0x000000008ea00000, 0x000000008eb00000, 0x000000008eb00000|100%| O|  |TAMS 0x000000008ea00000, 0x000000008ea00000| Untracked 
| 235|0x000000008eb00000, 0x000000008ec00000, 0x000000008ec00000|100%| O|  |TAMS 0x000000008eb00000, 0x000000008eb00000| Untracked 
| 236|0x000000008ec00000, 0x000000008ed00000, 0x000000008ed00000|100%| O|  |TAMS 0x000000008ec00000, 0x000000008ec00000| Untracked 
| 237|0x000000008ed00000, 0x000000008ee00000, 0x000000008ee00000|100%| O|  |TAMS 0x000000008ed00000, 0x000000008ed00000| Untracked 
| 238|0x000000008ee00000, 0x000000008ef00000, 0x000000008ef00000|100%|HS|  |TAMS 0x000000008ef00000, 0x000000008ee00000| Complete 
| 239|0x000000008ef00000, 0x000000008f000000, 0x000000008f000000|100%| O|  |TAMS 0x000000008f000000, 0x000000008ef00000| Untracked 
| 240|0x000000008f000000, 0x000000008f100000, 0x000000008f100000|100%| O|  |TAMS 0x000000008f100000, 0x000000008f000000| Untracked 
| 241|0x000000008f100000, 0x000000008f200000, 0x000000008f200000|100%| O|  |TAMS 0x000000008f100000, 0x000000008f100000| Untracked 
| 242|0x000000008f200000, 0x000000008f300000, 0x000000008f300000|100%| O|  |TAMS 0x000000008f200000, 0x000000008f200000| Untracked 
| 243|0x000000008f300000, 0x000000008f400000, 0x000000008f400000|100%| O|  |TAMS 0x000000008f300000, 0x000000008f300000| Untracked 
| 244|0x000000008f400000, 0x000000008f500000, 0x000000008f500000|100%| O|  |TAMS 0x000000008f500000, 0x000000008f400000| Untracked 
| 245|0x000000008f500000, 0x000000008f600000, 0x000000008f600000|100%| O|  |TAMS 0x000000008f600000, 0x000000008f500000| Untracked 
| 246|0x000000008f600000, 0x000000008f700000, 0x000000008f700000|100%| O|  |TAMS 0x000000008f700000, 0x000000008f600000| Untracked 
| 247|0x000000008f700000, 0x000000008f800000, 0x000000008f800000|100%| O|  |TAMS 0x000000008f800000, 0x000000008f700000| Untracked 
| 248|0x000000008f800000, 0x000000008f900000, 0x000000008f900000|100%| O|  |TAMS 0x000000008f900000, 0x000000008f800000| Untracked 
| 249|0x000000008f900000, 0x000000008fa00000, 0x000000008fa00000|100%| O|  |TAMS 0x000000008fa00000, 0x000000008f900000| Untracked 
| 250|0x000000008fa00000, 0x000000008fb00000, 0x000000008fb00000|100%| O|  |TAMS 0x000000008fb00000, 0x000000008fa00000| Untracked 
| 251|0x000000008fb00000, 0x000000008fc00000, 0x000000008fc00000|100%| O|  |TAMS 0x000000008fc00000, 0x000000008fb00000| Untracked 
| 252|0x000000008fc00000, 0x000000008fd00000, 0x000000008fd00000|100%| O|  |TAMS 0x000000008fc00000, 0x000000008fc00000| Untracked 
| 253|0x000000008fd00000, 0x000000008fe00000, 0x000000008fe00000|100%| O|  |TAMS 0x000000008fd00000, 0x000000008fd00000| Untracked 
| 254|0x000000008fe00000, 0x000000008ff00000, 0x000000008ff00000|100%| O|  |TAMS 0x000000008fe00000, 0x000000008fe00000| Untracked 
| 255|0x000000008ff00000, 0x0000000090000000, 0x0000000090000000|100%| O|  |TAMS 0x0000000090000000, 0x000000008ff00000| Untracked 
| 256|0x0000000090000000, 0x0000000090100000, 0x0000000090100000|100%| O|  |TAMS 0x0000000090000000, 0x0000000090000000| Untracked 
| 257|0x0000000090100000, 0x0000000090200000, 0x0000000090200000|100%| O|  |TAMS 0x0000000090100000, 0x0000000090100000| Untracked 
| 258|0x0000000090200000, 0x0000000090300000, 0x0000000090300000|100%| O|  |TAMS 0x0000000090200000, 0x0000000090200000| Untracked 
| 259|0x0000000090300000, 0x0000000090400000, 0x0000000090400000|100%| O|  |TAMS 0x0000000090300000, 0x0000000090300000| Untracked 
| 260|0x0000000090400000, 0x0000000090500000, 0x0000000090500000|100%| O|  |TAMS 0x0000000090500000, 0x0000000090400000| Untracked 
| 261|0x0000000090500000, 0x0000000090600000, 0x0000000090600000|100%| O|  |TAMS 0x0000000090500000, 0x0000000090500000| Untracked 
| 262|0x0000000090600000, 0x0000000090700000, 0x0000000090700000|100%| O|  |TAMS 0x0000000090600000, 0x0000000090600000| Untracked 
| 263|0x0000000090700000, 0x0000000090800000, 0x0000000090800000|100%| O|  |TAMS 0x0000000090700000, 0x0000000090700000| Untracked 
| 264|0x0000000090800000, 0x0000000090900000, 0x0000000090900000|100%| O|  |TAMS 0x0000000090800000, 0x0000000090800000| Untracked 
| 265|0x0000000090900000, 0x0000000090a00000, 0x0000000090a00000|100%| O|  |TAMS 0x0000000090900000, 0x0000000090900000| Untracked 
| 266|0x0000000090a00000, 0x0000000090b00000, 0x0000000090b00000|100%| O|  |TAMS 0x0000000090a00000, 0x0000000090a00000| Untracked 
| 267|0x0000000090b00000, 0x0000000090c00000, 0x0000000090c00000|100%|HS|  |TAMS 0x0000000090c00000, 0x0000000090b00000| Complete 
| 268|0x0000000090c00000, 0x0000000090d00000, 0x0000000090d00000|100%|HS|  |TAMS 0x0000000090d00000, 0x0000000090c00000| Complete 
| 269|0x0000000090d00000, 0x0000000090e00000, 0x0000000090e00000|100%| O|  |TAMS 0x0000000090e00000, 0x0000000090d00000| Untracked 
| 270|0x0000000090e00000, 0x0000000090f00000, 0x0000000090f00000|100%| O|  |TAMS 0x0000000090e00000, 0x0000000090e00000| Untracked 
| 271|0x0000000090f00000, 0x0000000091000000, 0x0000000091000000|100%| O|  |TAMS 0x0000000090f00000, 0x0000000090f00000| Untracked 
| 272|0x0000000091000000, 0x0000000091100000, 0x0000000091100000|100%| O|  |TAMS 0x0000000091000000, 0x0000000091000000| Untracked 
| 273|0x0000000091100000, 0x0000000091200000, 0x0000000091200000|100%| O|  |TAMS 0x0000000091100000, 0x0000000091100000| Untracked 
| 274|0x0000000091200000, 0x0000000091300000, 0x0000000091300000|100%| O|  |TAMS 0x0000000091300000, 0x0000000091200000| Untracked 
| 275|0x0000000091300000, 0x0000000091400000, 0x0000000091400000|100%| O|  |TAMS 0x0000000091400000, 0x0000000091300000| Untracked 
| 276|0x0000000091400000, 0x0000000091500000, 0x0000000091500000|100%| O|  |TAMS 0x0000000091500000, 0x0000000091400000| Untracked 
| 277|0x0000000091500000, 0x0000000091600000, 0x0000000091600000|100%| O|  |TAMS 0x0000000091500000, 0x0000000091500000| Untracked 
| 278|0x0000000091600000, 0x0000000091700000, 0x0000000091700000|100%| O|  |TAMS 0x0000000091600000, 0x0000000091600000| Untracked 
| 279|0x0000000091700000, 0x0000000091800000, 0x0000000091800000|100%| O|  |TAMS 0x0000000091700000, 0x0000000091700000| Untracked 
| 280|0x0000000091800000, 0x0000000091900000, 0x0000000091900000|100%| O|  |TAMS 0x0000000091800000, 0x0000000091800000| Untracked 
| 281|0x0000000091900000, 0x0000000091a00000, 0x0000000091a00000|100%| O|  |TAMS 0x0000000091900000, 0x0000000091900000| Untracked 
| 282|0x0000000091a00000, 0x0000000091b00000, 0x0000000091b00000|100%| O|  |TAMS 0x0000000091a00000, 0x0000000091a00000| Untracked 
| 283|0x0000000091b00000, 0x0000000091c00000, 0x0000000091c00000|100%| O|  |TAMS 0x0000000091c00000, 0x0000000091b00000| Untracked 
| 284|0x0000000091c00000, 0x0000000091d00000, 0x0000000091d00000|100%| O|  |TAMS 0x0000000091c00000, 0x0000000091c00000| Untracked 
| 285|0x0000000091d00000, 0x0000000091e00000, 0x0000000091e00000|100%|HS|  |TAMS 0x0000000091e00000, 0x0000000091d00000| Complete 
| 286|0x0000000091e00000, 0x0000000091f00000, 0x0000000091f00000|100%|HS|  |TAMS 0x0000000091f00000, 0x0000000091e00000| Complete 
| 287|0x0000000091f00000, 0x0000000092000000, 0x0000000092000000|100%|HS|  |TAMS 0x0000000092000000, 0x0000000091f00000| Complete 
| 288|0x0000000092000000, 0x0000000092100000, 0x0000000092100000|100%| O|  |TAMS 0x0000000092100000, 0x0000000092000000| Untracked 
| 289|0x0000000092100000, 0x0000000092200000, 0x0000000092200000|100%| O|  |TAMS 0x0000000092100000, 0x0000000092100000| Untracked 
| 290|0x0000000092200000, 0x0000000092300000, 0x0000000092300000|100%| O|  |TAMS 0x0000000092200000, 0x0000000092200000| Untracked 
| 291|0x0000000092300000, 0x0000000092400000, 0x0000000092400000|100%| O|  |TAMS 0x0000000092300000, 0x0000000092300000| Untracked 
| 292|0x0000000092400000, 0x0000000092500000, 0x0000000092500000|100%| O|  |TAMS 0x0000000092400000, 0x0000000092400000| Untracked 
| 293|0x0000000092500000, 0x0000000092600000, 0x0000000092600000|100%| O|  |TAMS 0x0000000092500000, 0x0000000092500000| Untracked 
| 294|0x0000000092600000, 0x0000000092700000, 0x0000000092700000|100%| O|  |TAMS 0x0000000092600000, 0x0000000092600000| Untracked 
| 295|0x0000000092700000, 0x0000000092800000, 0x0000000092800000|100%| O|  |TAMS 0x0000000092800000, 0x0000000092700000| Untracked 
| 296|0x0000000092800000, 0x0000000092900000, 0x0000000092900000|100%| O|  |TAMS 0x0000000092900000, 0x0000000092800000| Untracked 
| 297|0x0000000092900000, 0x0000000092a00000, 0x0000000092a00000|100%| O|  |TAMS 0x0000000092a00000, 0x0000000092900000| Untracked 
| 298|0x0000000092a00000, 0x0000000092b00000, 0x0000000092b00000|100%| O|  |TAMS 0x0000000092b00000, 0x0000000092a00000| Untracked 
| 299|0x0000000092b00000, 0x0000000092c00000, 0x0000000092c00000|100%| O|  |TAMS 0x0000000092b00000, 0x0000000092b00000| Untracked 
| 300|0x0000000092c00000, 0x0000000092d00000, 0x0000000092d00000|100%| O|  |TAMS 0x0000000092c00000, 0x0000000092c00000| Untracked 
| 301|0x0000000092d00000, 0x0000000092e00000, 0x0000000092e00000|100%| O|  |TAMS 0x0000000092d00000, 0x0000000092d00000| Untracked 
| 302|0x0000000092e00000, 0x0000000092f00000, 0x0000000092f00000|100%| O|  |TAMS 0x0000000092e00000, 0x0000000092e00000| Untracked 
| 303|0x0000000092f00000, 0x0000000093000000, 0x0000000093000000|100%| O|  |TAMS 0x0000000092f00000, 0x0000000092f00000| Untracked 
| 304|0x0000000093000000, 0x0000000093100000, 0x0000000093100000|100%| O|  |TAMS 0x0000000093000000, 0x0000000093000000| Untracked 
| 305|0x0000000093100000, 0x0000000093200000, 0x0000000093200000|100%|HS|  |TAMS 0x0000000093200000, 0x0000000093100000| Complete 
| 306|0x0000000093200000, 0x0000000093300000, 0x0000000093300000|100%| O|  |TAMS 0x0000000093300000, 0x0000000093200000| Untracked 
| 307|0x0000000093300000, 0x0000000093400000, 0x0000000093400000|100%| O|  |TAMS 0x0000000093300000, 0x0000000093300000| Untracked 
| 308|0x0000000093400000, 0x0000000093500000, 0x0000000093500000|100%| O|  |TAMS 0x0000000093400000, 0x0000000093400000| Untracked 
| 309|0x0000000093500000, 0x0000000093600000, 0x0000000093600000|100%| O|  |TAMS 0x0000000093500000, 0x0000000093500000| Untracked 
| 310|0x0000000093600000, 0x0000000093700000, 0x0000000093700000|100%| O|  |TAMS 0x0000000093600000, 0x0000000093600000| Untracked 
| 311|0x0000000093700000, 0x0000000093800000, 0x0000000093800000|100%| O|  |TAMS 0x0000000093700000, 0x0000000093700000| Untracked 
| 312|0x0000000093800000, 0x0000000093900000, 0x0000000093900000|100%| O|  |TAMS 0x0000000093900000, 0x0000000093800000| Untracked 
| 313|0x0000000093900000, 0x0000000093a00000, 0x0000000093a00000|100%| O|  |TAMS 0x0000000093a00000, 0x0000000093900000| Untracked 
| 314|0x0000000093a00000, 0x0000000093b00000, 0x0000000093b00000|100%| O|  |TAMS 0x0000000093b00000, 0x0000000093a00000| Untracked 
| 315|0x0000000093b00000, 0x0000000093c00000, 0x0000000093c00000|100%| O|  |TAMS 0x0000000093c00000, 0x0000000093b00000| Untracked 
| 316|0x0000000093c00000, 0x0000000093d00000, 0x0000000093d00000|100%| O|  |TAMS 0x0000000093c00000, 0x0000000093c00000| Untracked 
| 317|0x0000000093d00000, 0x0000000093e00000, 0x0000000093e00000|100%| O|  |TAMS 0x0000000093d00000, 0x0000000093d00000| Untracked 
| 318|0x0000000093e00000, 0x0000000093f00000, 0x0000000093f00000|100%| O|  |TAMS 0x0000000093e00000, 0x0000000093e00000| Untracked 
| 319|0x0000000093f00000, 0x0000000094000000, 0x0000000094000000|100%| O|  |TAMS 0x0000000093f00000, 0x0000000093f00000| Untracked 
| 320|0x0000000094000000, 0x0000000094100000, 0x0000000094100000|100%| O|  |TAMS 0x0000000094000000, 0x0000000094000000| Untracked 
| 321|0x0000000094100000, 0x0000000094200000, 0x0000000094200000|100%| O|  |TAMS 0x0000000094200000, 0x0000000094100000| Untracked 
| 322|0x0000000094200000, 0x0000000094300000, 0x0000000094300000|100%| O|  |TAMS 0x0000000094300000, 0x0000000094200000| Untracked 
| 323|0x0000000094300000, 0x0000000094400000, 0x0000000094400000|100%| O|  |TAMS 0x0000000094400000, 0x0000000094300000| Untracked 
| 324|0x0000000094400000, 0x0000000094500000, 0x0000000094500000|100%| O|  |TAMS 0x0000000094500000, 0x0000000094400000| Untracked 
| 325|0x0000000094500000, 0x0000000094600000, 0x0000000094600000|100%| O|  |TAMS 0x0000000094600000, 0x0000000094500000| Untracked 
| 326|0x0000000094600000, 0x0000000094700000, 0x0000000094700000|100%| O|  |TAMS 0x0000000094700000, 0x0000000094600000| Untracked 
| 327|0x0000000094700000, 0x0000000094800000, 0x0000000094800000|100%| O|  |TAMS 0x0000000094700000, 0x0000000094700000| Untracked 
| 328|0x0000000094800000, 0x0000000094900000, 0x0000000094900000|100%| O|  |TAMS 0x0000000094800000, 0x0000000094800000| Untracked 
| 329|0x0000000094900000, 0x0000000094a00000, 0x0000000094a00000|100%| O|  |TAMS 0x0000000094900000, 0x0000000094900000| Untracked 
| 330|0x0000000094a00000, 0x0000000094b00000, 0x0000000094b00000|100%| O|  |TAMS 0x0000000094b00000, 0x0000000094a00000| Untracked 
| 331|0x0000000094b00000, 0x0000000094c00000, 0x0000000094c00000|100%| O|  |TAMS 0x0000000094c00000, 0x0000000094b00000| Untracked 
| 332|0x0000000094c00000, 0x0000000094d00000, 0x0000000094d00000|100%| O|  |TAMS 0x0000000094d00000, 0x0000000094c00000| Untracked 
| 333|0x0000000094d00000, 0x0000000094e00000, 0x0000000094e00000|100%| O|  |TAMS 0x0000000094d00000, 0x0000000094d00000| Untracked 
| 334|0x0000000094e00000, 0x0000000094f00000, 0x0000000094f00000|100%| O|  |TAMS 0x0000000094f00000, 0x0000000094e00000| Untracked 
| 335|0x0000000094f00000, 0x0000000095000000, 0x0000000095000000|100%| O|  |TAMS 0x0000000094f00000, 0x0000000094f00000| Untracked 
| 336|0x0000000095000000, 0x0000000095100000, 0x0000000095100000|100%| O|  |TAMS 0x0000000095100000, 0x0000000095000000| Untracked 
| 337|0x0000000095100000, 0x0000000095200000, 0x0000000095200000|100%| O|  |TAMS 0x0000000095200000, 0x0000000095100000| Untracked 
| 338|0x0000000095200000, 0x0000000095300000, 0x0000000095300000|100%| O|  |TAMS 0x0000000095200000, 0x0000000095200000| Untracked 
| 339|0x0000000095300000, 0x0000000095400000, 0x0000000095400000|100%| O|  |TAMS 0x0000000095300000, 0x0000000095300000| Untracked 
| 340|0x0000000095400000, 0x0000000095500000, 0x0000000095500000|100%| O|  |TAMS 0x0000000095400000, 0x0000000095400000| Untracked 
| 341|0x0000000095500000, 0x0000000095600000, 0x0000000095600000|100%| O|  |TAMS 0x0000000095500000, 0x0000000095500000| Untracked 
| 342|0x0000000095600000, 0x0000000095700000, 0x0000000095700000|100%| O|  |TAMS 0x0000000095600000, 0x0000000095600000| Untracked 
| 343|0x0000000095700000, 0x0000000095800000, 0x0000000095800000|100%| O|  |TAMS 0x0000000095800000, 0x0000000095700000| Untracked 
| 344|0x0000000095800000, 0x0000000095900000, 0x0000000095900000|100%| O|  |TAMS 0x0000000095800000, 0x0000000095800000| Untracked 
| 345|0x0000000095900000, 0x0000000095a00000, 0x0000000095a00000|100%| O|  |TAMS 0x0000000095900000, 0x0000000095900000| Untracked 
| 346|0x0000000095a00000, 0x0000000095b00000, 0x0000000095b00000|100%| O|  |TAMS 0x0000000095a00000, 0x0000000095a00000| Untracked 
| 347|0x0000000095b00000, 0x0000000095c00000, 0x0000000095c00000|100%| O|  |TAMS 0x0000000095b00000, 0x0000000095b00000| Untracked 
| 348|0x0000000095c00000, 0x0000000095d00000, 0x0000000095d00000|100%| O|  |TAMS 0x0000000095c00000, 0x0000000095c00000| Untracked 
| 349|0x0000000095d00000, 0x0000000095e00000, 0x0000000095e00000|100%| O|  |TAMS 0x0000000095d00000, 0x0000000095d00000| Untracked 
| 350|0x0000000095e00000, 0x0000000095f00000, 0x0000000095f00000|100%| O|  |TAMS 0x0000000095e00000, 0x0000000095e00000| Untracked 
| 351|0x0000000095f00000, 0x0000000096000000, 0x0000000096000000|100%| O|  |TAMS 0x0000000095f00000, 0x0000000095f00000| Untracked 
| 352|0x0000000096000000, 0x0000000096100000, 0x0000000096100000|100%| O|  |TAMS 0x0000000096100000, 0x0000000096000000| Untracked 
| 353|0x0000000096100000, 0x0000000096200000, 0x0000000096200000|100%| O|  |TAMS 0x0000000096200000, 0x0000000096100000| Untracked 
| 354|0x0000000096200000, 0x0000000096300000, 0x0000000096300000|100%| O|  |TAMS 0x0000000096300000, 0x0000000096200000| Untracked 
| 355|0x0000000096300000, 0x0000000096400000, 0x0000000096400000|100%| O|  |TAMS 0x0000000096400000, 0x0000000096300000| Untracked 
| 356|0x0000000096400000, 0x0000000096500000, 0x0000000096500000|100%| O|  |TAMS 0x0000000096500000, 0x0000000096400000| Untracked 
| 357|0x0000000096500000, 0x0000000096600000, 0x0000000096600000|100%| O|  |TAMS 0x0000000096600000, 0x0000000096500000| Untracked 
| 358|0x0000000096600000, 0x0000000096700000, 0x0000000096700000|100%| O|  |TAMS 0x0000000096700000, 0x0000000096600000| Untracked 
| 359|0x0000000096700000, 0x0000000096800000, 0x0000000096800000|100%| O|  |TAMS 0x0000000096800000, 0x0000000096700000| Untracked 
| 360|0x0000000096800000, 0x0000000096900000, 0x0000000096900000|100%| O|  |TAMS 0x0000000096800000, 0x0000000096800000| Untracked 
| 361|0x0000000096900000, 0x0000000096a00000, 0x0000000096a00000|100%| O|  |TAMS 0x0000000096900000, 0x0000000096900000| Untracked 
| 362|0x0000000096a00000, 0x0000000096b00000, 0x0000000096b00000|100%| O|  |TAMS 0x0000000096a00000, 0x0000000096a00000| Untracked 
| 363|0x0000000096b00000, 0x0000000096c00000, 0x0000000096c00000|100%| O|  |TAMS 0x0000000096b00000, 0x0000000096b00000| Untracked 
| 364|0x0000000096c00000, 0x0000000096d00000, 0x0000000096d00000|100%| O|  |TAMS 0x0000000096c00000, 0x0000000096c00000| Untracked 
| 365|0x0000000096d00000, 0x0000000096e00000, 0x0000000096e00000|100%| O|  |TAMS 0x0000000096d00000, 0x0000000096d00000| Untracked 
| 366|0x0000000096e00000, 0x0000000096f00000, 0x0000000096f00000|100%| O|  |TAMS 0x0000000096f00000, 0x0000000096e00000| Untracked 
| 367|0x0000000096f00000, 0x0000000097000000, 0x0000000097000000|100%| O|  |TAMS 0x0000000097000000, 0x0000000096f00000| Untracked 
| 368|0x0000000097000000, 0x0000000097100000, 0x0000000097100000|100%| O|  |TAMS 0x0000000097000000, 0x0000000097000000| Untracked 
| 369|0x0000000097100000, 0x0000000097200000, 0x0000000097200000|100%| O|  |TAMS 0x0000000097100000, 0x0000000097100000| Untracked 
| 370|0x0000000097200000, 0x0000000097300000, 0x0000000097300000|100%| O|  |TAMS 0x0000000097200000, 0x0000000097200000| Untracked 
| 371|0x0000000097300000, 0x0000000097400000, 0x0000000097400000|100%| O|  |TAMS 0x0000000097300000, 0x0000000097300000| Untracked 
| 372|0x0000000097400000, 0x0000000097500000, 0x0000000097500000|100%| O|  |TAMS 0x0000000097400000, 0x0000000097400000| Untracked 
| 373|0x0000000097500000, 0x0000000097600000, 0x0000000097600000|100%| O|  |TAMS 0x0000000097500000, 0x0000000097500000| Untracked 
| 374|0x0000000097600000, 0x0000000097700000, 0x0000000097700000|100%| O|  |TAMS 0x0000000097600000, 0x0000000097600000| Untracked 
| 375|0x0000000097700000, 0x0000000097800000, 0x0000000097800000|100%| O|  |TAMS 0x0000000097700000, 0x0000000097700000| Untracked 
| 376|0x0000000097800000, 0x0000000097900000, 0x0000000097900000|100%| O|  |TAMS 0x0000000097800000, 0x0000000097800000| Untracked 
| 377|0x0000000097900000, 0x0000000097a00000, 0x0000000097a00000|100%| O|  |TAMS 0x0000000097900000, 0x0000000097900000| Untracked 
| 378|0x0000000097a00000, 0x0000000097b00000, 0x0000000097b00000|100%| O|  |TAMS 0x0000000097b00000, 0x0000000097a00000| Untracked 
| 379|0x0000000097b00000, 0x0000000097c00000, 0x0000000097c00000|100%| O|  |TAMS 0x0000000097b00000, 0x0000000097b00000| Untracked 
| 380|0x0000000097c00000, 0x0000000097d00000, 0x0000000097d00000|100%| O|  |TAMS 0x0000000097c00000, 0x0000000097c00000| Untracked 
| 381|0x0000000097d00000, 0x0000000097e00000, 0x0000000097e00000|100%| O|  |TAMS 0x0000000097d00000, 0x0000000097d00000| Untracked 
| 382|0x0000000097e00000, 0x0000000097f00000, 0x0000000097f00000|100%| O|  |TAMS 0x0000000097f00000, 0x0000000097e00000| Untracked 
| 383|0x0000000097f00000, 0x0000000098000000, 0x0000000098000000|100%| O|  |TAMS 0x0000000098000000, 0x0000000097f00000| Untracked 
| 384|0x0000000098000000, 0x0000000098100000, 0x0000000098100000|100%| O|  |TAMS 0x0000000098000000, 0x0000000098000000| Untracked 
| 385|0x0000000098100000, 0x0000000098200000, 0x0000000098200000|100%| O|  |TAMS 0x0000000098100000, 0x0000000098100000| Untracked 
| 386|0x0000000098200000, 0x0000000098300000, 0x0000000098300000|100%| O|  |TAMS 0x0000000098300000, 0x0000000098200000| Untracked 
| 387|0x0000000098300000, 0x0000000098400000, 0x0000000098400000|100%| O|  |TAMS 0x0000000098400000, 0x0000000098300000| Untracked 
| 388|0x0000000098400000, 0x0000000098500000, 0x0000000098500000|100%| O|  |TAMS 0x0000000098400000, 0x0000000098400000| Untracked 
| 389|0x0000000098500000, 0x0000000098600000, 0x0000000098600000|100%| O|  |TAMS 0x0000000098500000, 0x0000000098500000| Untracked 
| 390|0x0000000098600000, 0x0000000098700000, 0x0000000098700000|100%| O|  |TAMS 0x0000000098600000, 0x0000000098600000| Untracked 
| 391|0x0000000098700000, 0x0000000098800000, 0x0000000098800000|100%| O|  |TAMS 0x0000000098700000, 0x0000000098700000| Untracked 
| 392|0x0000000098800000, 0x0000000098900000, 0x0000000098900000|100%| O|  |TAMS 0x0000000098900000, 0x0000000098800000| Untracked 
| 393|0x0000000098900000, 0x0000000098a00000, 0x0000000098a00000|100%| O|  |TAMS 0x0000000098900000, 0x0000000098900000| Untracked 
| 394|0x0000000098a00000, 0x0000000098b00000, 0x0000000098b00000|100%| O|  |TAMS 0x0000000098b00000, 0x0000000098a00000| Untracked 
| 395|0x0000000098b00000, 0x0000000098c00000, 0x0000000098c00000|100%| O|  |TAMS 0x0000000098c00000, 0x0000000098b00000| Untracked 
| 396|0x0000000098c00000, 0x0000000098d00000, 0x0000000098d00000|100%| O|  |TAMS 0x0000000098c00000, 0x0000000098c00000| Untracked 
| 397|0x0000000098d00000, 0x0000000098e00000, 0x0000000098e00000|100%| O|  |TAMS 0x0000000098d00000, 0x0000000098d00000| Untracked 
| 398|0x0000000098e00000, 0x0000000098f00000, 0x0000000098f00000|100%| O|  |TAMS 0x0000000098e00000, 0x0000000098e00000| Untracked 
| 399|0x0000000098f00000, 0x0000000099000000, 0x0000000099000000|100%| O|  |TAMS 0x0000000098f00000, 0x0000000098f00000| Untracked 
| 400|0x0000000099000000, 0x0000000099100000, 0x0000000099100000|100%| O|  |TAMS 0x0000000099000000, 0x0000000099000000| Untracked 
| 401|0x0000000099100000, 0x0000000099200000, 0x0000000099200000|100%| O|  |TAMS 0x0000000099200000, 0x0000000099100000| Untracked 
| 402|0x0000000099200000, 0x0000000099300000, 0x0000000099300000|100%| O|  |TAMS 0x0000000099200000, 0x0000000099200000| Untracked 
| 403|0x0000000099300000, 0x0000000099300000, 0x0000000099400000|  0%| F|  |TAMS 0x0000000099300000, 0x0000000099300000| Untracked 
| 404|0x0000000099400000, 0x0000000099400000, 0x0000000099500000|  0%| F|  |TAMS 0x0000000099400000, 0x0000000099400000| Untracked 
| 405|0x0000000099500000, 0x0000000099500000, 0x0000000099600000|  0%| F|  |TAMS 0x0000000099500000, 0x0000000099500000| Untracked 
| 406|0x0000000099600000, 0x0000000099600000, 0x0000000099700000|  0%| F|  |TAMS 0x0000000099600000, 0x0000000099600000| Untracked 
| 407|0x0000000099700000, 0x0000000099700000, 0x0000000099800000|  0%| F|  |TAMS 0x0000000099700000, 0x0000000099700000| Untracked 
| 408|0x0000000099800000, 0x0000000099800000, 0x0000000099900000|  0%| F|  |TAMS 0x0000000099800000, 0x0000000099800000| Untracked 
| 409|0x0000000099900000, 0x0000000099a00000, 0x0000000099a00000|100%| O|  |TAMS 0x0000000099a00000, 0x0000000099900000| Untracked 
| 410|0x0000000099a00000, 0x0000000099a00000, 0x0000000099b00000|  0%| F|  |TAMS 0x0000000099a00000, 0x0000000099a00000| Untracked 
| 411|0x0000000099b00000, 0x0000000099b00000, 0x0000000099c00000|  0%| F|  |TAMS 0x0000000099b00000, 0x0000000099b00000| Untracked 
| 412|0x0000000099c00000, 0x0000000099c00000, 0x0000000099d00000|  0%| F|  |TAMS 0x0000000099c00000, 0x0000000099c00000| Untracked 
| 413|0x0000000099d00000, 0x0000000099d00000, 0x0000000099e00000|  0%| F|  |TAMS 0x0000000099d00000, 0x0000000099d00000| Untracked 
| 414|0x0000000099e00000, 0x0000000099f00000, 0x0000000099f00000|100%| O|  |TAMS 0x0000000099f00000, 0x0000000099e00000| Untracked 
| 415|0x0000000099f00000, 0x0000000099f00000, 0x000000009a000000|  0%| F|  |TAMS 0x0000000099f00000, 0x0000000099f00000| Untracked 
| 416|0x000000009a000000, 0x000000009a000000, 0x000000009a100000|  0%| F|  |TAMS 0x000000009a000000, 0x000000009a000000| Untracked 
| 417|0x000000009a100000, 0x000000009a100000, 0x000000009a200000|  0%| F|  |TAMS 0x000000009a100000, 0x000000009a100000| Untracked 
| 418|0x000000009a200000, 0x000000009a200000, 0x000000009a300000|  0%| F|  |TAMS 0x000000009a200000, 0x000000009a200000| Untracked 
| 419|0x000000009a300000, 0x000000009a400000, 0x000000009a400000|100%| O|  |TAMS 0x000000009a400000, 0x000000009a300000| Untracked 
| 420|0x000000009a400000, 0x000000009a400000, 0x000000009a500000|  0%| F|  |TAMS 0x000000009a400000, 0x000000009a400000| Untracked 
| 421|0x000000009a500000, 0x000000009a600000, 0x000000009a600000|100%| O|  |TAMS 0x000000009a600000, 0x000000009a500000| Untracked 
| 422|0x000000009a600000, 0x000000009a700000, 0x000000009a700000|100%| O|  |TAMS 0x000000009a700000, 0x000000009a600000| Untracked 
| 423|0x000000009a700000, 0x000000009a700000, 0x000000009a800000|  0%| F|  |TAMS 0x000000009a700000, 0x000000009a700000| Untracked 
| 424|0x000000009a800000, 0x000000009a900000, 0x000000009a900000|100%| O|  |TAMS 0x000000009a900000, 0x000000009a800000| Untracked 
| 425|0x000000009a900000, 0x000000009aa00000, 0x000000009aa00000|100%| O|  |TAMS 0x000000009aa00000, 0x000000009a900000| Untracked 
| 426|0x000000009aa00000, 0x000000009ab00000, 0x000000009ab00000|100%| O|  |TAMS 0x000000009ab00000, 0x000000009aa00000| Untracked 
| 427|0x000000009ab00000, 0x000000009ac00000, 0x000000009ac00000|100%| O|  |TAMS 0x000000009ac00000, 0x000000009ab00000| Untracked 
| 428|0x000000009ac00000, 0x000000009ad00000, 0x000000009ad00000|100%| O|  |TAMS 0x000000009ad00000, 0x000000009ac00000| Untracked 
| 429|0x000000009ad00000, 0x000000009ae00000, 0x000000009ae00000|100%| O|  |TAMS 0x000000009ae00000, 0x000000009ad00000| Untracked 
| 430|0x000000009ae00000, 0x000000009af00000, 0x000000009af00000|100%| O|  |TAMS 0x000000009af00000, 0x000000009ae00000| Untracked 
| 431|0x000000009af00000, 0x000000009b000000, 0x000000009b000000|100%| O|  |TAMS 0x000000009b000000, 0x000000009af00000| Untracked 
| 432|0x000000009b000000, 0x000000009b100000, 0x000000009b100000|100%| O|  |TAMS 0x000000009b100000, 0x000000009b000000| Untracked 
| 433|0x000000009b100000, 0x000000009b200000, 0x000000009b200000|100%| O|  |TAMS 0x000000009b200000, 0x000000009b100000| Untracked 
| 434|0x000000009b200000, 0x000000009b300000, 0x000000009b300000|100%| O|  |TAMS 0x000000009b300000, 0x000000009b200000| Untracked 
| 435|0x000000009b300000, 0x000000009b400000, 0x000000009b400000|100%| O|  |TAMS 0x000000009b400000, 0x000000009b300000| Untracked 
| 436|0x000000009b400000, 0x000000009b500000, 0x000000009b500000|100%| O|  |TAMS 0x000000009b500000, 0x000000009b400000| Untracked 
| 437|0x000000009b500000, 0x000000009b600000, 0x000000009b600000|100%| O|  |TAMS 0x000000009b600000, 0x000000009b500000| Untracked 
| 438|0x000000009b600000, 0x000000009b700000, 0x000000009b700000|100%| O|  |TAMS 0x000000009b700000, 0x000000009b600000| Untracked 
| 439|0x000000009b700000, 0x000000009b800000, 0x000000009b800000|100%| O|  |TAMS 0x000000009b800000, 0x000000009b700000| Untracked 
| 440|0x000000009b800000, 0x000000009b800000, 0x000000009b900000|  0%| F|  |TAMS 0x000000009b800000, 0x000000009b800000| Untracked 
| 441|0x000000009b900000, 0x000000009ba00000, 0x000000009ba00000|100%| O|  |TAMS 0x000000009ba00000, 0x000000009b900000| Untracked 
| 442|0x000000009ba00000, 0x000000009bb00000, 0x000000009bb00000|100%| O|  |TAMS 0x000000009bb00000, 0x000000009ba00000| Untracked 
| 443|0x000000009bb00000, 0x000000009bc00000, 0x000000009bc00000|100%| O|  |TAMS 0x000000009bc00000, 0x000000009bb00000| Untracked 
| 444|0x000000009bc00000, 0x000000009bd00000, 0x000000009bd00000|100%| O|  |TAMS 0x000000009bd00000, 0x000000009bc00000| Untracked 
| 445|0x000000009bd00000, 0x000000009be00000, 0x000000009be00000|100%| O|  |TAMS 0x000000009be00000, 0x000000009bd00000| Untracked 
| 446|0x000000009be00000, 0x000000009bf00000, 0x000000009bf00000|100%| O|  |TAMS 0x000000009bf00000, 0x000000009be00000| Untracked 
| 447|0x000000009bf00000, 0x000000009c000000, 0x000000009c000000|100%| O|  |TAMS 0x000000009c000000, 0x000000009bf00000| Untracked 
| 448|0x000000009c000000, 0x000000009c000000, 0x000000009c100000|  0%| F|  |TAMS 0x000000009c000000, 0x000000009c000000| Untracked 
| 449|0x000000009c100000, 0x000000009c200000, 0x000000009c200000|100%| O|  |TAMS 0x000000009c200000, 0x000000009c100000| Untracked 
| 450|0x000000009c200000, 0x000000009c300000, 0x000000009c300000|100%| O|  |TAMS 0x000000009c300000, 0x000000009c200000| Untracked 
| 451|0x000000009c300000, 0x000000009c400000, 0x000000009c400000|100%| O|  |TAMS 0x000000009c400000, 0x000000009c300000| Untracked 
| 452|0x000000009c400000, 0x000000009c500000, 0x000000009c500000|100%| O|  |TAMS 0x000000009c500000, 0x000000009c400000| Untracked 
| 453|0x000000009c500000, 0x000000009c600000, 0x000000009c600000|100%| O|  |TAMS 0x000000009c600000, 0x000000009c500000| Untracked 
| 454|0x000000009c600000, 0x000000009c700000, 0x000000009c700000|100%| O|  |TAMS 0x000000009c700000, 0x000000009c600000| Untracked 
| 455|0x000000009c700000, 0x000000009c700000, 0x000000009c800000|  0%| F|  |TAMS 0x000000009c700000, 0x000000009c700000| Untracked 
| 456|0x000000009c800000, 0x000000009c800000, 0x000000009c900000|  0%| F|  |TAMS 0x000000009c800000, 0x000000009c800000| Untracked 
| 457|0x000000009c900000, 0x000000009ca00000, 0x000000009ca00000|100%| O|  |TAMS 0x000000009ca00000, 0x000000009c900000| Untracked 
| 458|0x000000009ca00000, 0x000000009cb00000, 0x000000009cb00000|100%| O|  |TAMS 0x000000009cb00000, 0x000000009ca00000| Untracked 
| 459|0x000000009cb00000, 0x000000009cc00000, 0x000000009cc00000|100%| O|  |TAMS 0x000000009cc00000, 0x000000009cb00000| Untracked 
| 460|0x000000009cc00000, 0x000000009cc00000, 0x000000009cd00000|  0%| F|  |TAMS 0x000000009cc00000, 0x000000009cc00000| Untracked 
| 461|0x000000009cd00000, 0x000000009cd00000, 0x000000009ce00000|  0%| F|  |TAMS 0x000000009cd00000, 0x000000009cd00000| Untracked 
| 462|0x000000009ce00000, 0x000000009cf00000, 0x000000009cf00000|100%| O|  |TAMS 0x000000009cf00000, 0x000000009ce00000| Untracked 
| 463|0x000000009cf00000, 0x000000009d000000, 0x000000009d000000|100%| O|  |TAMS 0x000000009d000000, 0x000000009cf00000| Untracked 
| 464|0x000000009d000000, 0x000000009d100000, 0x000000009d100000|100%| O|  |TAMS 0x000000009d100000, 0x000000009d000000| Untracked 
| 465|0x000000009d100000, 0x000000009d200000, 0x000000009d200000|100%| O|  |TAMS 0x000000009d200000, 0x000000009d100000| Untracked 
| 466|0x000000009d200000, 0x000000009d300000, 0x000000009d300000|100%| O|  |TAMS 0x000000009d300000, 0x000000009d200000| Untracked 
| 467|0x000000009d300000, 0x000000009d400000, 0x000000009d400000|100%| O|  |TAMS 0x000000009d400000, 0x000000009d300000| Untracked 
| 468|0x000000009d400000, 0x000000009d500000, 0x000000009d500000|100%| O|  |TAMS 0x000000009d500000, 0x000000009d400000| Untracked 
| 469|0x000000009d500000, 0x000000009d600000, 0x000000009d600000|100%| O|  |TAMS 0x000000009d600000, 0x000000009d500000| Untracked 
| 470|0x000000009d600000, 0x000000009d700000, 0x000000009d700000|100%| O|  |TAMS 0x000000009d700000, 0x000000009d600000| Untracked 
| 471|0x000000009d700000, 0x000000009d800000, 0x000000009d800000|100%| O|  |TAMS 0x000000009d800000, 0x000000009d700000| Untracked 
| 472|0x000000009d800000, 0x000000009d900000, 0x000000009d900000|100%| O|  |TAMS 0x000000009d900000, 0x000000009d800000| Untracked 
| 473|0x000000009d900000, 0x000000009da00000, 0x000000009da00000|100%| O|  |TAMS 0x000000009da00000, 0x000000009d900000| Untracked 
| 474|0x000000009da00000, 0x000000009db00000, 0x000000009db00000|100%| O|  |TAMS 0x000000009db00000, 0x000000009da00000| Untracked 
| 475|0x000000009db00000, 0x000000009dc00000, 0x000000009dc00000|100%| O|  |TAMS 0x000000009dc00000, 0x000000009db00000| Untracked 
| 476|0x000000009dc00000, 0x000000009dd00000, 0x000000009dd00000|100%| O|  |TAMS 0x000000009dd00000, 0x000000009dc00000| Untracked 
| 477|0x000000009dd00000, 0x000000009de00000, 0x000000009de00000|100%| O|  |TAMS 0x000000009de00000, 0x000000009dd00000| Untracked 
| 478|0x000000009de00000, 0x000000009de00000, 0x000000009df00000|  0%| F|  |TAMS 0x000000009de00000, 0x000000009de00000| Untracked 
| 479|0x000000009df00000, 0x000000009e000000, 0x000000009e000000|100%| O|  |TAMS 0x000000009df00000, 0x000000009df00000| Untracked 
| 480|0x000000009e000000, 0x000000009e100000, 0x000000009e100000|100%| O|  |TAMS 0x000000009e000000, 0x000000009e000000| Untracked 
| 481|0x000000009e100000, 0x000000009e200000, 0x000000009e200000|100%| O|  |TAMS 0x000000009e100000, 0x000000009e100000| Untracked 
| 482|0x000000009e200000, 0x000000009e300000, 0x000000009e300000|100%| O|  |TAMS 0x000000009e200000, 0x000000009e200000| Untracked 
| 483|0x000000009e300000, 0x000000009e400000, 0x000000009e400000|100%| O|  |TAMS 0x000000009e300000, 0x000000009e300000| Untracked 
| 484|0x000000009e400000, 0x000000009e500000, 0x000000009e500000|100%| O|  |TAMS 0x000000009e400000, 0x000000009e400000| Untracked 
| 485|0x000000009e500000, 0x000000009e600000, 0x000000009e600000|100%| O|  |TAMS 0x000000009e500000, 0x000000009e500000| Untracked 
| 486|0x000000009e600000, 0x000000009e700000, 0x000000009e700000|100%| O|  |TAMS 0x000000009e600000, 0x000000009e600000| Untracked 
| 487|0x000000009e700000, 0x000000009e800000, 0x000000009e800000|100%| O|  |TAMS 0x000000009e700000, 0x000000009e700000| Untracked 
| 488|0x000000009e800000, 0x000000009e900000, 0x000000009e900000|100%| O|  |TAMS 0x000000009e800000, 0x000000009e800000| Untracked 
| 489|0x000000009e900000, 0x000000009ea00000, 0x000000009ea00000|100%| O|  |TAMS 0x000000009e900000, 0x000000009e900000| Untracked 
| 490|0x000000009ea00000, 0x000000009eb00000, 0x000000009eb00000|100%| O|  |TAMS 0x000000009ea00000, 0x000000009ea00000| Untracked 
| 491|0x000000009eb00000, 0x000000009ec00000, 0x000000009ec00000|100%| O|  |TAMS 0x000000009eb00000, 0x000000009eb00000| Untracked 
| 492|0x000000009ec00000, 0x000000009ed00000, 0x000000009ed00000|100%| O|  |TAMS 0x000000009ec00000, 0x000000009ec00000| Untracked 
| 493|0x000000009ed00000, 0x000000009ee00000, 0x000000009ee00000|100%| O|  |TAMS 0x000000009ed00000, 0x000000009ed00000| Untracked 
| 494|0x000000009ee00000, 0x000000009ef00000, 0x000000009ef00000|100%| O|  |TAMS 0x000000009ee00000, 0x000000009ee00000| Untracked 
| 495|0x000000009ef00000, 0x000000009f000000, 0x000000009f000000|100%| O|  |TAMS 0x000000009ef00000, 0x000000009ef00000| Untracked 
| 496|0x000000009f000000, 0x000000009f100000, 0x000000009f100000|100%| O|  |TAMS 0x000000009f000000, 0x000000009f000000| Untracked 
| 497|0x000000009f100000, 0x000000009f200000, 0x000000009f200000|100%| O|  |TAMS 0x000000009f100000, 0x000000009f100000| Untracked 
| 498|0x000000009f200000, 0x000000009f300000, 0x000000009f300000|100%| O|  |TAMS 0x000000009f200000, 0x000000009f200000| Untracked 
| 499|0x000000009f300000, 0x000000009f400000, 0x000000009f400000|100%| O|  |TAMS 0x000000009f300000, 0x000000009f300000| Untracked 
| 500|0x000000009f400000, 0x000000009f500000, 0x000000009f500000|100%| O|  |TAMS 0x000000009f400000, 0x000000009f400000| Untracked 
| 501|0x000000009f500000, 0x000000009f600000, 0x000000009f600000|100%| O|  |TAMS 0x000000009f500000, 0x000000009f500000| Untracked 
| 502|0x000000009f600000, 0x000000009f700000, 0x000000009f700000|100%| O|  |TAMS 0x000000009f600000, 0x000000009f600000| Untracked 
| 503|0x000000009f700000, 0x000000009f800000, 0x000000009f800000|100%| O|  |TAMS 0x000000009f700000, 0x000000009f700000| Untracked 
| 504|0x000000009f800000, 0x000000009f900000, 0x000000009f900000|100%| O|  |TAMS 0x000000009f800000, 0x000000009f800000| Untracked 
| 505|0x000000009f900000, 0x000000009fa00000, 0x000000009fa00000|100%| O|  |TAMS 0x000000009f900000, 0x000000009f900000| Untracked 
| 506|0x000000009fa00000, 0x000000009fb00000, 0x000000009fb00000|100%| O|  |TAMS 0x000000009fa00000, 0x000000009fa00000| Untracked 
| 507|0x000000009fb00000, 0x000000009fc00000, 0x000000009fc00000|100%| O|  |TAMS 0x000000009fb00000, 0x000000009fb00000| Untracked 
| 508|0x000000009fc00000, 0x000000009fc00000, 0x000000009fd00000|  0%| F|  |TAMS 0x000000009fc00000, 0x000000009fc00000| Untracked 
| 509|0x000000009fd00000, 0x000000009fd00000, 0x000000009fe00000|  0%| F|  |TAMS 0x000000009fd00000, 0x000000009fd00000| Untracked 
| 510|0x000000009fe00000, 0x000000009fe00000, 0x000000009ff00000|  0%| F|  |TAMS 0x000000009fe00000, 0x000000009fe00000| Untracked 
| 511|0x000000009ff00000, 0x000000009ff00000, 0x00000000a0000000|  0%| F|  |TAMS 0x000000009ff00000, 0x000000009ff00000| Untracked 
| 512|0x00000000a0000000, 0x00000000a0000000, 0x00000000a0100000|  0%| F|  |TAMS 0x00000000a0000000, 0x00000000a0000000| Untracked 
| 513|0x00000000a0100000, 0x00000000a0100000, 0x00000000a0200000|  0%| F|  |TAMS 0x00000000a0100000, 0x00000000a0100000| Untracked 
| 514|0x00000000a0200000, 0x00000000a0200000, 0x00000000a0300000|  0%| F|  |TAMS 0x00000000a0200000, 0x00000000a0200000| Untracked 
| 515|0x00000000a0300000, 0x00000000a0300000, 0x00000000a0400000|  0%| F|  |TAMS 0x00000000a0300000, 0x00000000a0300000| Untracked 
| 516|0x00000000a0400000, 0x00000000a0400000, 0x00000000a0500000|  0%| F|  |TAMS 0x00000000a0400000, 0x00000000a0400000| Untracked 
| 517|0x00000000a0500000, 0x00000000a0500000, 0x00000000a0600000|  0%| F|  |TAMS 0x00000000a0500000, 0x00000000a0500000| Untracked 
| 518|0x00000000a0600000, 0x00000000a0600000, 0x00000000a0700000|  0%| F|  |TAMS 0x00000000a0600000, 0x00000000a0600000| Untracked 
| 519|0x00000000a0700000, 0x00000000a0700000, 0x00000000a0800000|  0%| F|  |TAMS 0x00000000a0700000, 0x00000000a0700000| Untracked 
| 520|0x00000000a0800000, 0x00000000a0800000, 0x00000000a0900000|  0%| F|  |TAMS 0x00000000a0800000, 0x00000000a0800000| Untracked 
| 521|0x00000000a0900000, 0x00000000a0900000, 0x00000000a0a00000|  0%| F|  |TAMS 0x00000000a0900000, 0x00000000a0900000| Untracked 
| 522|0x00000000a0a00000, 0x00000000a0a00000, 0x00000000a0b00000|  0%| F|  |TAMS 0x00000000a0a00000, 0x00000000a0a00000| Untracked 
| 523|0x00000000a0b00000, 0x00000000a0b00000, 0x00000000a0c00000|  0%| F|  |TAMS 0x00000000a0b00000, 0x00000000a0b00000| Untracked 
| 524|0x00000000a0c00000, 0x00000000a0c00000, 0x00000000a0d00000|  0%| F|  |TAMS 0x00000000a0c00000, 0x00000000a0c00000| Untracked 
| 525|0x00000000a0d00000, 0x00000000a0d00000, 0x00000000a0e00000|  0%| F|  |TAMS 0x00000000a0d00000, 0x00000000a0d00000| Untracked 
| 526|0x00000000a0e00000, 0x00000000a0e00000, 0x00000000a0f00000|  0%| F|  |TAMS 0x00000000a0e00000, 0x00000000a0e00000| Untracked 
| 527|0x00000000a0f00000, 0x00000000a0f00000, 0x00000000a1000000|  0%| F|  |TAMS 0x00000000a0f00000, 0x00000000a0f00000| Untracked 
| 528|0x00000000a1000000, 0x00000000a1000000, 0x00000000a1100000|  0%| F|  |TAMS 0x00000000a1000000, 0x00000000a1000000| Untracked 
| 529|0x00000000a1100000, 0x00000000a1100000, 0x00000000a1200000|  0%| F|  |TAMS 0x00000000a1100000, 0x00000000a1100000| Untracked 
| 530|0x00000000a1200000, 0x00000000a1200000, 0x00000000a1300000|  0%| F|  |TAMS 0x00000000a1200000, 0x00000000a1200000| Untracked 
| 531|0x00000000a1300000, 0x00000000a1300000, 0x00000000a1400000|  0%| F|  |TAMS 0x00000000a1300000, 0x00000000a1300000| Untracked 
| 532|0x00000000a1400000, 0x00000000a1400000, 0x00000000a1500000|  0%| F|  |TAMS 0x00000000a1400000, 0x00000000a1400000| Untracked 
| 533|0x00000000a1500000, 0x00000000a1500000, 0x00000000a1600000|  0%| F|  |TAMS 0x00000000a1500000, 0x00000000a1500000| Untracked 
| 534|0x00000000a1600000, 0x00000000a1600000, 0x00000000a1700000|  0%| F|  |TAMS 0x00000000a1600000, 0x00000000a1600000| Untracked 
| 535|0x00000000a1700000, 0x00000000a1700000, 0x00000000a1800000|  0%| F|  |TAMS 0x00000000a1700000, 0x00000000a1700000| Untracked 
| 536|0x00000000a1800000, 0x00000000a1800000, 0x00000000a1900000|  0%| F|  |TAMS 0x00000000a1800000, 0x00000000a1800000| Untracked 
| 537|0x00000000a1900000, 0x00000000a1900000, 0x00000000a1a00000|  0%| F|  |TAMS 0x00000000a1900000, 0x00000000a1900000| Untracked 
| 538|0x00000000a1a00000, 0x00000000a1a00000, 0x00000000a1b00000|  0%| F|  |TAMS 0x00000000a1a00000, 0x00000000a1a00000| Untracked 
| 539|0x00000000a1b00000, 0x00000000a1b00000, 0x00000000a1c00000|  0%| F|  |TAMS 0x00000000a1b00000, 0x00000000a1b00000| Untracked 
| 540|0x00000000a1c00000, 0x00000000a1c00000, 0x00000000a1d00000|  0%| F|  |TAMS 0x00000000a1c00000, 0x00000000a1c00000| Untracked 
| 541|0x00000000a1d00000, 0x00000000a1d00000, 0x00000000a1e00000|  0%| F|  |TAMS 0x00000000a1d00000, 0x00000000a1d00000| Untracked 
| 542|0x00000000a1e00000, 0x00000000a1e00000, 0x00000000a1f00000|  0%| F|  |TAMS 0x00000000a1e00000, 0x00000000a1e00000| Untracked 
| 543|0x00000000a1f00000, 0x00000000a1f00000, 0x00000000a2000000|  0%| F|  |TAMS 0x00000000a1f00000, 0x00000000a1f00000| Untracked 
| 544|0x00000000a2000000, 0x00000000a2000000, 0x00000000a2100000|  0%| F|  |TAMS 0x00000000a2000000, 0x00000000a2000000| Untracked 
| 545|0x00000000a2100000, 0x00000000a2100000, 0x00000000a2200000|  0%| F|  |TAMS 0x00000000a2100000, 0x00000000a2100000| Untracked 
| 546|0x00000000a2200000, 0x00000000a2200000, 0x00000000a2300000|  0%| F|  |TAMS 0x00000000a2200000, 0x00000000a2200000| Untracked 
| 547|0x00000000a2300000, 0x00000000a2300000, 0x00000000a2400000|  0%| F|  |TAMS 0x00000000a2300000, 0x00000000a2300000| Untracked 
| 548|0x00000000a2400000, 0x00000000a2400000, 0x00000000a2500000|  0%| F|  |TAMS 0x00000000a2400000, 0x00000000a2400000| Untracked 
| 549|0x00000000a2500000, 0x00000000a2500000, 0x00000000a2600000|  0%| F|  |TAMS 0x00000000a2500000, 0x00000000a2500000| Untracked 
| 550|0x00000000a2600000, 0x00000000a2600000, 0x00000000a2700000|  0%| F|  |TAMS 0x00000000a2600000, 0x00000000a2600000| Untracked 
| 551|0x00000000a2700000, 0x00000000a2700000, 0x00000000a2800000|  0%| F|  |TAMS 0x00000000a2700000, 0x00000000a2700000| Untracked 
| 552|0x00000000a2800000, 0x00000000a2800000, 0x00000000a2900000|  0%| F|  |TAMS 0x00000000a2800000, 0x00000000a2800000| Untracked 
| 553|0x00000000a2900000, 0x00000000a2900000, 0x00000000a2a00000|  0%| F|  |TAMS 0x00000000a2900000, 0x00000000a2900000| Untracked 
| 554|0x00000000a2a00000, 0x00000000a2a00000, 0x00000000a2b00000|  0%| F|  |TAMS 0x00000000a2a00000, 0x00000000a2a00000| Untracked 
| 555|0x00000000a2b00000, 0x00000000a2b00000, 0x00000000a2c00000|  0%| F|  |TAMS 0x00000000a2b00000, 0x00000000a2b00000| Untracked 
| 556|0x00000000a2c00000, 0x00000000a2c00000, 0x00000000a2d00000|  0%| F|  |TAMS 0x00000000a2c00000, 0x00000000a2c00000| Untracked 
| 557|0x00000000a2d00000, 0x00000000a2d00000, 0x00000000a2e00000|  0%| F|  |TAMS 0x00000000a2d00000, 0x00000000a2d00000| Untracked 
| 558|0x00000000a2e00000, 0x00000000a2e00000, 0x00000000a2f00000|  0%| F|  |TAMS 0x00000000a2e00000, 0x00000000a2e00000| Untracked 
| 559|0x00000000a2f00000, 0x00000000a2f00000, 0x00000000a3000000|  0%| F|  |TAMS 0x00000000a2f00000, 0x00000000a2f00000| Untracked 
| 560|0x00000000a3000000, 0x00000000a3000000, 0x00000000a3100000|  0%| F|  |TAMS 0x00000000a3000000, 0x00000000a3000000| Untracked 
| 561|0x00000000a3100000, 0x00000000a3100000, 0x00000000a3200000|  0%| F|  |TAMS 0x00000000a3100000, 0x00000000a3100000| Untracked 
| 562|0x00000000a3200000, 0x00000000a3200000, 0x00000000a3300000|  0%| F|  |TAMS 0x00000000a3200000, 0x00000000a3200000| Untracked 
| 563|0x00000000a3300000, 0x00000000a3300000, 0x00000000a3400000|  0%| F|  |TAMS 0x00000000a3300000, 0x00000000a3300000| Untracked 
| 564|0x00000000a3400000, 0x00000000a3400000, 0x00000000a3500000|  0%| F|  |TAMS 0x00000000a3400000, 0x00000000a3400000| Untracked 
| 565|0x00000000a3500000, 0x00000000a3500000, 0x00000000a3600000|  0%| F|  |TAMS 0x00000000a3500000, 0x00000000a3500000| Untracked 
| 566|0x00000000a3600000, 0x00000000a3600000, 0x00000000a3700000|  0%| F|  |TAMS 0x00000000a3600000, 0x00000000a3600000| Untracked 
| 567|0x00000000a3700000, 0x00000000a3700000, 0x00000000a3800000|  0%| F|  |TAMS 0x00000000a3700000, 0x00000000a3700000| Untracked 
| 568|0x00000000a3800000, 0x00000000a3800000, 0x00000000a3900000|  0%| F|  |TAMS 0x00000000a3800000, 0x00000000a3800000| Untracked 
| 569|0x00000000a3900000, 0x00000000a3900000, 0x00000000a3a00000|  0%| F|  |TAMS 0x00000000a3900000, 0x00000000a3900000| Untracked 
| 570|0x00000000a3a00000, 0x00000000a3a00000, 0x00000000a3b00000|  0%| F|  |TAMS 0x00000000a3a00000, 0x00000000a3a00000| Untracked 
| 571|0x00000000a3b00000, 0x00000000a3b00000, 0x00000000a3c00000|  0%| F|  |TAMS 0x00000000a3b00000, 0x00000000a3b00000| Untracked 
| 572|0x00000000a3c00000, 0x00000000a3c00000, 0x00000000a3d00000|  0%| F|  |TAMS 0x00000000a3c00000, 0x00000000a3c00000| Untracked 
| 573|0x00000000a3d00000, 0x00000000a3d00000, 0x00000000a3e00000|  0%| F|  |TAMS 0x00000000a3d00000, 0x00000000a3d00000| Untracked 
| 574|0x00000000a3e00000, 0x00000000a3e00000, 0x00000000a3f00000|  0%| F|  |TAMS 0x00000000a3e00000, 0x00000000a3e00000| Untracked 
| 575|0x00000000a3f00000, 0x00000000a3f00000, 0x00000000a4000000|  0%| F|  |TAMS 0x00000000a3f00000, 0x00000000a3f00000| Untracked 
| 576|0x00000000a4000000, 0x00000000a4000000, 0x00000000a4100000|  0%| F|  |TAMS 0x00000000a4000000, 0x00000000a4000000| Untracked 
| 577|0x00000000a4100000, 0x00000000a4100000, 0x00000000a4200000|  0%| F|  |TAMS 0x00000000a4100000, 0x00000000a4100000| Untracked 
| 578|0x00000000a4200000, 0x00000000a4200000, 0x00000000a4300000|  0%| F|  |TAMS 0x00000000a4200000, 0x00000000a4200000| Untracked 
| 579|0x00000000a4300000, 0x00000000a4300000, 0x00000000a4400000|  0%| F|  |TAMS 0x00000000a4300000, 0x00000000a4300000| Untracked 
| 580|0x00000000a4400000, 0x00000000a4400000, 0x00000000a4500000|  0%| F|  |TAMS 0x00000000a4400000, 0x00000000a4400000| Untracked 
| 581|0x00000000a4500000, 0x00000000a4500000, 0x00000000a4600000|  0%| F|  |TAMS 0x00000000a4500000, 0x00000000a4500000| Untracked 
| 582|0x00000000a4600000, 0x00000000a4600000, 0x00000000a4700000|  0%| F|  |TAMS 0x00000000a4600000, 0x00000000a4600000| Untracked 
| 583|0x00000000a4700000, 0x00000000a4700000, 0x00000000a4800000|  0%| F|  |TAMS 0x00000000a4700000, 0x00000000a4700000| Untracked 
| 584|0x00000000a4800000, 0x00000000a4800000, 0x00000000a4900000|  0%| F|  |TAMS 0x00000000a4800000, 0x00000000a4800000| Untracked 
| 585|0x00000000a4900000, 0x00000000a4900000, 0x00000000a4a00000|  0%| F|  |TAMS 0x00000000a4900000, 0x00000000a4900000| Untracked 
| 586|0x00000000a4a00000, 0x00000000a4a00000, 0x00000000a4b00000|  0%| F|  |TAMS 0x00000000a4a00000, 0x00000000a4a00000| Untracked 
| 587|0x00000000a4b00000, 0x00000000a4b00000, 0x00000000a4c00000|  0%| F|  |TAMS 0x00000000a4b00000, 0x00000000a4b00000| Untracked 
| 588|0x00000000a4c00000, 0x00000000a4c00000, 0x00000000a4d00000|  0%| F|  |TAMS 0x00000000a4c00000, 0x00000000a4c00000| Untracked 
| 589|0x00000000a4d00000, 0x00000000a4d00000, 0x00000000a4e00000|  0%| F|  |TAMS 0x00000000a4d00000, 0x00000000a4d00000| Untracked 
| 590|0x00000000a4e00000, 0x00000000a4e00000, 0x00000000a4f00000|  0%| F|  |TAMS 0x00000000a4e00000, 0x00000000a4e00000| Untracked 
| 591|0x00000000a4f00000, 0x00000000a4f00000, 0x00000000a5000000|  0%| F|  |TAMS 0x00000000a4f00000, 0x00000000a4f00000| Untracked 
| 592|0x00000000a5000000, 0x00000000a5000000, 0x00000000a5100000|  0%| F|  |TAMS 0x00000000a5000000, 0x00000000a5000000| Untracked 
| 593|0x00000000a5100000, 0x00000000a5100000, 0x00000000a5200000|  0%| F|  |TAMS 0x00000000a5100000, 0x00000000a5100000| Untracked 
| 594|0x00000000a5200000, 0x00000000a5200000, 0x00000000a5300000|  0%| F|  |TAMS 0x00000000a5200000, 0x00000000a5200000| Untracked 
| 595|0x00000000a5300000, 0x00000000a5300000, 0x00000000a5400000|  0%| F|  |TAMS 0x00000000a5300000, 0x00000000a5300000| Untracked 
| 596|0x00000000a5400000, 0x00000000a5400000, 0x00000000a5500000|  0%| F|  |TAMS 0x00000000a5400000, 0x00000000a5400000| Untracked 
| 597|0x00000000a5500000, 0x00000000a5500000, 0x00000000a5600000|  0%| F|  |TAMS 0x00000000a5500000, 0x00000000a5500000| Untracked 
| 598|0x00000000a5600000, 0x00000000a5600000, 0x00000000a5700000|  0%| F|  |TAMS 0x00000000a5600000, 0x00000000a5600000| Untracked 
| 599|0x00000000a5700000, 0x00000000a5700000, 0x00000000a5800000|  0%| F|  |TAMS 0x00000000a5700000, 0x00000000a5700000| Untracked 
| 600|0x00000000a5800000, 0x00000000a5800000, 0x00000000a5900000|  0%| F|  |TAMS 0x00000000a5800000, 0x00000000a5800000| Untracked 
| 601|0x00000000a5900000, 0x00000000a5900000, 0x00000000a5a00000|  0%| F|  |TAMS 0x00000000a5900000, 0x00000000a5900000| Untracked 
| 602|0x00000000a5a00000, 0x00000000a5a00000, 0x00000000a5b00000|  0%| F|  |TAMS 0x00000000a5a00000, 0x00000000a5a00000| Untracked 
| 603|0x00000000a5b00000, 0x00000000a5b00000, 0x00000000a5c00000|  0%| F|  |TAMS 0x00000000a5b00000, 0x00000000a5b00000| Untracked 
| 604|0x00000000a5c00000, 0x00000000a5c00000, 0x00000000a5d00000|  0%| F|  |TAMS 0x00000000a5c00000, 0x00000000a5c00000| Untracked 
| 605|0x00000000a5d00000, 0x00000000a5d00000, 0x00000000a5e00000|  0%| F|  |TAMS 0x00000000a5d00000, 0x00000000a5d00000| Untracked 
| 606|0x00000000a5e00000, 0x00000000a5e00000, 0x00000000a5f00000|  0%| F|  |TAMS 0x00000000a5e00000, 0x00000000a5e00000| Untracked 
| 607|0x00000000a5f00000, 0x00000000a5f00000, 0x00000000a6000000|  0%| F|  |TAMS 0x00000000a5f00000, 0x00000000a5f00000| Untracked 
| 608|0x00000000a6000000, 0x00000000a6000000, 0x00000000a6100000|  0%| F|  |TAMS 0x00000000a6000000, 0x00000000a6000000| Untracked 
| 609|0x00000000a6100000, 0x00000000a6100000, 0x00000000a6200000|  0%| F|  |TAMS 0x00000000a6100000, 0x00000000a6100000| Untracked 
| 610|0x00000000a6200000, 0x00000000a6200000, 0x00000000a6300000|  0%| F|  |TAMS 0x00000000a6200000, 0x00000000a6200000| Untracked 
| 611|0x00000000a6300000, 0x00000000a6300000, 0x00000000a6400000|  0%| F|  |TAMS 0x00000000a6300000, 0x00000000a6300000| Untracked 
| 612|0x00000000a6400000, 0x00000000a6400000, 0x00000000a6500000|  0%| F|  |TAMS 0x00000000a6400000, 0x00000000a6400000| Untracked 
| 613|0x00000000a6500000, 0x00000000a6500000, 0x00000000a6600000|  0%| F|  |TAMS 0x00000000a6500000, 0x00000000a6500000| Untracked 
| 614|0x00000000a6600000, 0x00000000a6600000, 0x00000000a6700000|  0%| F|  |TAMS 0x00000000a6600000, 0x00000000a6600000| Untracked 
| 615|0x00000000a6700000, 0x00000000a6700000, 0x00000000a6800000|  0%| F|  |TAMS 0x00000000a6700000, 0x00000000a6700000| Untracked 
| 616|0x00000000a6800000, 0x00000000a6800000, 0x00000000a6900000|  0%| F|  |TAMS 0x00000000a6800000, 0x00000000a6800000| Untracked 
| 617|0x00000000a6900000, 0x00000000a6900000, 0x00000000a6a00000|  0%| F|  |TAMS 0x00000000a6900000, 0x00000000a6900000| Untracked 
| 618|0x00000000a6a00000, 0x00000000a6a00000, 0x00000000a6b00000|  0%| F|  |TAMS 0x00000000a6a00000, 0x00000000a6a00000| Untracked 
| 619|0x00000000a6b00000, 0x00000000a6b00000, 0x00000000a6c00000|  0%| F|  |TAMS 0x00000000a6b00000, 0x00000000a6b00000| Untracked 
| 620|0x00000000a6c00000, 0x00000000a6c00000, 0x00000000a6d00000|  0%| F|  |TAMS 0x00000000a6c00000, 0x00000000a6c00000| Untracked 
| 621|0x00000000a6d00000, 0x00000000a6d00000, 0x00000000a6e00000|  0%| F|  |TAMS 0x00000000a6d00000, 0x00000000a6d00000| Untracked 
| 622|0x00000000a6e00000, 0x00000000a6e00000, 0x00000000a6f00000|  0%| F|  |TAMS 0x00000000a6e00000, 0x00000000a6e00000| Untracked 
| 623|0x00000000a6f00000, 0x00000000a6f00000, 0x00000000a7000000|  0%| F|  |TAMS 0x00000000a6f00000, 0x00000000a6f00000| Untracked 
| 624|0x00000000a7000000, 0x00000000a7000000, 0x00000000a7100000|  0%| F|  |TAMS 0x00000000a7000000, 0x00000000a7000000| Untracked 
| 625|0x00000000a7100000, 0x00000000a7100000, 0x00000000a7200000|  0%| F|  |TAMS 0x00000000a7100000, 0x00000000a7100000| Untracked 
| 626|0x00000000a7200000, 0x00000000a7200000, 0x00000000a7300000|  0%| F|  |TAMS 0x00000000a7200000, 0x00000000a7200000| Untracked 
| 627|0x00000000a7300000, 0x00000000a7300000, 0x00000000a7400000|  0%| F|  |TAMS 0x00000000a7300000, 0x00000000a7300000| Untracked 
| 628|0x00000000a7400000, 0x00000000a7400000, 0x00000000a7500000|  0%| F|  |TAMS 0x00000000a7400000, 0x00000000a7400000| Untracked 
| 629|0x00000000a7500000, 0x00000000a7500000, 0x00000000a7600000|  0%| F|  |TAMS 0x00000000a7500000, 0x00000000a7500000| Untracked 
| 630|0x00000000a7600000, 0x00000000a7600000, 0x00000000a7700000|  0%| F|  |TAMS 0x00000000a7600000, 0x00000000a7600000| Untracked 
| 631|0x00000000a7700000, 0x00000000a7700000, 0x00000000a7800000|  0%| F|  |TAMS 0x00000000a7700000, 0x00000000a7700000| Untracked 
| 632|0x00000000a7800000, 0x00000000a7800000, 0x00000000a7900000|  0%| F|  |TAMS 0x00000000a7800000, 0x00000000a7800000| Untracked 
| 633|0x00000000a7900000, 0x00000000a7900000, 0x00000000a7a00000|  0%| F|  |TAMS 0x00000000a7900000, 0x00000000a7900000| Untracked 
| 634|0x00000000a7a00000, 0x00000000a7a00000, 0x00000000a7b00000|  0%| F|  |TAMS 0x00000000a7a00000, 0x00000000a7a00000| Untracked 
| 635|0x00000000a7b00000, 0x00000000a7b00000, 0x00000000a7c00000|  0%| F|  |TAMS 0x00000000a7b00000, 0x00000000a7b00000| Untracked 
| 636|0x00000000a7c00000, 0x00000000a7c00000, 0x00000000a7d00000|  0%| F|  |TAMS 0x00000000a7c00000, 0x00000000a7c00000| Untracked 
| 637|0x00000000a7d00000, 0x00000000a7d00000, 0x00000000a7e00000|  0%| F|  |TAMS 0x00000000a7d00000, 0x00000000a7d00000| Untracked 
| 638|0x00000000a7e00000, 0x00000000a7e00000, 0x00000000a7f00000|  0%| F|  |TAMS 0x00000000a7e00000, 0x00000000a7e00000| Untracked 
| 639|0x00000000a7f00000, 0x00000000a7f00000, 0x00000000a8000000|  0%| F|  |TAMS 0x00000000a7f00000, 0x00000000a7f00000| Untracked 
| 640|0x00000000a8000000, 0x00000000a8000000, 0x00000000a8100000|  0%| F|  |TAMS 0x00000000a8000000, 0x00000000a8000000| Untracked 
| 641|0x00000000a8100000, 0x00000000a8100000, 0x00000000a8200000|  0%| F|  |TAMS 0x00000000a8100000, 0x00000000a8100000| Untracked 
| 642|0x00000000a8200000, 0x00000000a8200000, 0x00000000a8300000|  0%| F|  |TAMS 0x00000000a8200000, 0x00000000a8200000| Untracked 
| 643|0x00000000a8300000, 0x00000000a8300000, 0x00000000a8400000|  0%| F|  |TAMS 0x00000000a8300000, 0x00000000a8300000| Untracked 
| 644|0x00000000a8400000, 0x00000000a8400000, 0x00000000a8500000|  0%| F|  |TAMS 0x00000000a8400000, 0x00000000a8400000| Untracked 
| 645|0x00000000a8500000, 0x00000000a8500000, 0x00000000a8600000|  0%| F|  |TAMS 0x00000000a8500000, 0x00000000a8500000| Untracked 
| 646|0x00000000a8600000, 0x00000000a8600000, 0x00000000a8700000|  0%| F|  |TAMS 0x00000000a8600000, 0x00000000a8600000| Untracked 
| 647|0x00000000a8700000, 0x00000000a8700000, 0x00000000a8800000|  0%| F|  |TAMS 0x00000000a8700000, 0x00000000a8700000| Untracked 
| 648|0x00000000a8800000, 0x00000000a8800000, 0x00000000a8900000|  0%| F|  |TAMS 0x00000000a8800000, 0x00000000a8800000| Untracked 
| 649|0x00000000a8900000, 0x00000000a8900000, 0x00000000a8a00000|  0%| F|  |TAMS 0x00000000a8900000, 0x00000000a8900000| Untracked 
| 650|0x00000000a8a00000, 0x00000000a8a00000, 0x00000000a8b00000|  0%| F|  |TAMS 0x00000000a8a00000, 0x00000000a8a00000| Untracked 
| 651|0x00000000a8b00000, 0x00000000a8b00000, 0x00000000a8c00000|  0%| F|  |TAMS 0x00000000a8b00000, 0x00000000a8b00000| Untracked 
| 652|0x00000000a8c00000, 0x00000000a8c00000, 0x00000000a8d00000|  0%| F|  |TAMS 0x00000000a8c00000, 0x00000000a8c00000| Untracked 
| 653|0x00000000a8d00000, 0x00000000a8d00000, 0x00000000a8e00000|  0%| F|  |TAMS 0x00000000a8d00000, 0x00000000a8d00000| Untracked 
| 654|0x00000000a8e00000, 0x00000000a8e00000, 0x00000000a8f00000|  0%| F|  |TAMS 0x00000000a8e00000, 0x00000000a8e00000| Untracked 
| 655|0x00000000a8f00000, 0x00000000a8f00000, 0x00000000a9000000|  0%| F|  |TAMS 0x00000000a8f00000, 0x00000000a8f00000| Untracked 
| 656|0x00000000a9000000, 0x00000000a9000000, 0x00000000a9100000|  0%| F|  |TAMS 0x00000000a9000000, 0x00000000a9000000| Untracked 
| 657|0x00000000a9100000, 0x00000000a9100000, 0x00000000a9200000|  0%| F|  |TAMS 0x00000000a9100000, 0x00000000a9100000| Untracked 
| 658|0x00000000a9200000, 0x00000000a9200000, 0x00000000a9300000|  0%| F|  |TAMS 0x00000000a9200000, 0x00000000a9200000| Untracked 
| 659|0x00000000a9300000, 0x00000000a9300000, 0x00000000a9400000|  0%| F|  |TAMS 0x00000000a9300000, 0x00000000a9300000| Untracked 
| 660|0x00000000a9400000, 0x00000000a9400000, 0x00000000a9500000|  0%| F|  |TAMS 0x00000000a9400000, 0x00000000a9400000| Untracked 
| 661|0x00000000a9500000, 0x00000000a9500000, 0x00000000a9600000|  0%| F|  |TAMS 0x00000000a9500000, 0x00000000a9500000| Untracked 
| 662|0x00000000a9600000, 0x00000000a9600000, 0x00000000a9700000|  0%| F|  |TAMS 0x00000000a9600000, 0x00000000a9600000| Untracked 
| 663|0x00000000a9700000, 0x00000000a9700000, 0x00000000a9800000|  0%| F|  |TAMS 0x00000000a9700000, 0x00000000a9700000| Untracked 
| 664|0x00000000a9800000, 0x00000000a9800000, 0x00000000a9900000|  0%| F|  |TAMS 0x00000000a9800000, 0x00000000a9800000| Untracked 
| 665|0x00000000a9900000, 0x00000000a9900000, 0x00000000a9a00000|  0%| F|  |TAMS 0x00000000a9900000, 0x00000000a9900000| Untracked 
| 666|0x00000000a9a00000, 0x00000000a9a00000, 0x00000000a9b00000|  0%| F|  |TAMS 0x00000000a9a00000, 0x00000000a9a00000| Untracked 
| 667|0x00000000a9b00000, 0x00000000a9b00000, 0x00000000a9c00000|  0%| F|  |TAMS 0x00000000a9b00000, 0x00000000a9b00000| Untracked 
| 668|0x00000000a9c00000, 0x00000000a9c00000, 0x00000000a9d00000|  0%| F|  |TAMS 0x00000000a9c00000, 0x00000000a9c00000| Untracked 
| 669|0x00000000a9d00000, 0x00000000a9d00000, 0x00000000a9e00000|  0%| F|  |TAMS 0x00000000a9d00000, 0x00000000a9d00000| Untracked 
| 670|0x00000000a9e00000, 0x00000000a9e00000, 0x00000000a9f00000|  0%| F|  |TAMS 0x00000000a9e00000, 0x00000000a9e00000| Untracked 
| 671|0x00000000a9f00000, 0x00000000a9f00000, 0x00000000aa000000|  0%| F|  |TAMS 0x00000000a9f00000, 0x00000000a9f00000| Untracked 
| 672|0x00000000aa000000, 0x00000000aa000000, 0x00000000aa100000|  0%| F|  |TAMS 0x00000000aa000000, 0x00000000aa000000| Untracked 
| 673|0x00000000aa100000, 0x00000000aa100000, 0x00000000aa200000|  0%| F|  |TAMS 0x00000000aa100000, 0x00000000aa100000| Untracked 
| 674|0x00000000aa200000, 0x00000000aa200000, 0x00000000aa300000|  0%| F|  |TAMS 0x00000000aa200000, 0x00000000aa200000| Untracked 
| 675|0x00000000aa300000, 0x00000000aa300000, 0x00000000aa400000|  0%| F|  |TAMS 0x00000000aa300000, 0x00000000aa300000| Untracked 
| 676|0x00000000aa400000, 0x00000000aa400000, 0x00000000aa500000|  0%| F|  |TAMS 0x00000000aa400000, 0x00000000aa400000| Untracked 
| 677|0x00000000aa500000, 0x00000000aa500000, 0x00000000aa600000|  0%| F|  |TAMS 0x00000000aa500000, 0x00000000aa500000| Untracked 
| 678|0x00000000aa600000, 0x00000000aa600000, 0x00000000aa700000|  0%| F|  |TAMS 0x00000000aa600000, 0x00000000aa600000| Untracked 
| 679|0x00000000aa700000, 0x00000000aa700000, 0x00000000aa800000|  0%| F|  |TAMS 0x00000000aa700000, 0x00000000aa700000| Untracked 
| 680|0x00000000aa800000, 0x00000000aa800000, 0x00000000aa900000|  0%| F|  |TAMS 0x00000000aa800000, 0x00000000aa800000| Untracked 
| 681|0x00000000aa900000, 0x00000000aa900000, 0x00000000aaa00000|  0%| F|  |TAMS 0x00000000aa900000, 0x00000000aa900000| Untracked 
| 682|0x00000000aaa00000, 0x00000000aaa00000, 0x00000000aab00000|  0%| F|  |TAMS 0x00000000aaa00000, 0x00000000aaa00000| Untracked 
| 683|0x00000000aab00000, 0x00000000aab00000, 0x00000000aac00000|  0%| F|  |TAMS 0x00000000aab00000, 0x00000000aab00000| Untracked 
| 684|0x00000000aac00000, 0x00000000aac00000, 0x00000000aad00000|  0%| F|  |TAMS 0x00000000aac00000, 0x00000000aac00000| Untracked 
| 685|0x00000000aad00000, 0x00000000aad00000, 0x00000000aae00000|  0%| F|  |TAMS 0x00000000aad00000, 0x00000000aad00000| Untracked 
| 686|0x00000000aae00000, 0x00000000aae00000, 0x00000000aaf00000|  0%| F|  |TAMS 0x00000000aae00000, 0x00000000aae00000| Untracked 
| 687|0x00000000aaf00000, 0x00000000aaf00000, 0x00000000ab000000|  0%| F|  |TAMS 0x00000000aaf00000, 0x00000000aaf00000| Untracked 
| 688|0x00000000ab000000, 0x00000000ab000000, 0x00000000ab100000|  0%| F|  |TAMS 0x00000000ab000000, 0x00000000ab000000| Untracked 
| 689|0x00000000ab100000, 0x00000000ab100000, 0x00000000ab200000|  0%| F|  |TAMS 0x00000000ab100000, 0x00000000ab100000| Untracked 
| 690|0x00000000ab200000, 0x00000000ab200000, 0x00000000ab300000|  0%| F|  |TAMS 0x00000000ab200000, 0x00000000ab200000| Untracked 
| 691|0x00000000ab300000, 0x00000000ab300000, 0x00000000ab400000|  0%| F|  |TAMS 0x00000000ab300000, 0x00000000ab300000| Untracked 
| 692|0x00000000ab400000, 0x00000000ab400000, 0x00000000ab500000|  0%| F|  |TAMS 0x00000000ab400000, 0x00000000ab400000| Untracked 
| 693|0x00000000ab500000, 0x00000000ab500000, 0x00000000ab600000|  0%| F|  |TAMS 0x00000000ab500000, 0x00000000ab500000| Untracked 
| 694|0x00000000ab600000, 0x00000000ab600000, 0x00000000ab700000|  0%| F|  |TAMS 0x00000000ab600000, 0x00000000ab600000| Untracked 
| 695|0x00000000ab700000, 0x00000000ab700000, 0x00000000ab800000|  0%| F|  |TAMS 0x00000000ab700000, 0x00000000ab700000| Untracked 
| 696|0x00000000ab800000, 0x00000000ab800000, 0x00000000ab900000|  0%| F|  |TAMS 0x00000000ab800000, 0x00000000ab800000| Untracked 
| 697|0x00000000ab900000, 0x00000000ab900000, 0x00000000aba00000|  0%| F|  |TAMS 0x00000000ab900000, 0x00000000ab900000| Untracked 
| 698|0x00000000aba00000, 0x00000000aba00000, 0x00000000abb00000|  0%| F|  |TAMS 0x00000000aba00000, 0x00000000aba00000| Untracked 
| 699|0x00000000abb00000, 0x00000000abb00000, 0x00000000abc00000|  0%| F|  |TAMS 0x00000000abb00000, 0x00000000abb00000| Untracked 
| 700|0x00000000abc00000, 0x00000000abc00000, 0x00000000abd00000|  0%| F|  |TAMS 0x00000000abc00000, 0x00000000abc00000| Untracked 
| 701|0x00000000abd00000, 0x00000000abd00000, 0x00000000abe00000|  0%| F|  |TAMS 0x00000000abd00000, 0x00000000abd00000| Untracked 
| 702|0x00000000abe00000, 0x00000000abe00000, 0x00000000abf00000|  0%| F|  |TAMS 0x00000000abe00000, 0x00000000abe00000| Untracked 
| 703|0x00000000abf00000, 0x00000000abf00000, 0x00000000ac000000|  0%| F|  |TAMS 0x00000000abf00000, 0x00000000abf00000| Untracked 
| 704|0x00000000ac000000, 0x00000000ac000000, 0x00000000ac100000|  0%| F|  |TAMS 0x00000000ac000000, 0x00000000ac000000| Untracked 
| 705|0x00000000ac100000, 0x00000000ac100000, 0x00000000ac200000|  0%| F|  |TAMS 0x00000000ac100000, 0x00000000ac100000| Untracked 
| 706|0x00000000ac200000, 0x00000000ac200000, 0x00000000ac300000|  0%| F|  |TAMS 0x00000000ac200000, 0x00000000ac200000| Untracked 
| 707|0x00000000ac300000, 0x00000000ac300000, 0x00000000ac400000|  0%| F|  |TAMS 0x00000000ac300000, 0x00000000ac300000| Untracked 
| 708|0x00000000ac400000, 0x00000000ac400000, 0x00000000ac500000|  0%| F|  |TAMS 0x00000000ac400000, 0x00000000ac400000| Untracked 
| 709|0x00000000ac500000, 0x00000000ac500000, 0x00000000ac600000|  0%| F|  |TAMS 0x00000000ac500000, 0x00000000ac500000| Untracked 
| 710|0x00000000ac600000, 0x00000000ac600000, 0x00000000ac700000|  0%| F|  |TAMS 0x00000000ac600000, 0x00000000ac600000| Untracked 
| 711|0x00000000ac700000, 0x00000000ac700000, 0x00000000ac800000|  0%| F|  |TAMS 0x00000000ac700000, 0x00000000ac700000| Untracked 
| 712|0x00000000ac800000, 0x00000000ac800000, 0x00000000ac900000|  0%| F|  |TAMS 0x00000000ac800000, 0x00000000ac800000| Untracked 
| 713|0x00000000ac900000, 0x00000000ac900000, 0x00000000aca00000|  0%| F|  |TAMS 0x00000000ac900000, 0x00000000ac900000| Untracked 
| 714|0x00000000aca00000, 0x00000000aca00000, 0x00000000acb00000|  0%| F|  |TAMS 0x00000000aca00000, 0x00000000aca00000| Untracked 
| 715|0x00000000acb00000, 0x00000000acb00000, 0x00000000acc00000|  0%| F|  |TAMS 0x00000000acb00000, 0x00000000acb00000| Untracked 
| 716|0x00000000acc00000, 0x00000000acc00000, 0x00000000acd00000|  0%| F|  |TAMS 0x00000000acc00000, 0x00000000acc00000| Untracked 
| 717|0x00000000acd00000, 0x00000000acd00000, 0x00000000ace00000|  0%| F|  |TAMS 0x00000000acd00000, 0x00000000acd00000| Untracked 
| 718|0x00000000ace00000, 0x00000000ace00000, 0x00000000acf00000|  0%| F|  |TAMS 0x00000000ace00000, 0x00000000ace00000| Untracked 
| 719|0x00000000acf00000, 0x00000000acf00000, 0x00000000ad000000|  0%| F|  |TAMS 0x00000000acf00000, 0x00000000acf00000| Untracked 
| 720|0x00000000ad000000, 0x00000000ad000000, 0x00000000ad100000|  0%| F|  |TAMS 0x00000000ad000000, 0x00000000ad000000| Untracked 
| 721|0x00000000ad100000, 0x00000000ad100000, 0x00000000ad200000|  0%| F|  |TAMS 0x00000000ad100000, 0x00000000ad100000| Untracked 
| 722|0x00000000ad200000, 0x00000000ad200000, 0x00000000ad300000|  0%| F|  |TAMS 0x00000000ad200000, 0x00000000ad200000| Untracked 
| 723|0x00000000ad300000, 0x00000000ad300000, 0x00000000ad400000|  0%| F|  |TAMS 0x00000000ad300000, 0x00000000ad300000| Untracked 
| 724|0x00000000ad400000, 0x00000000ad400000, 0x00000000ad500000|  0%| F|  |TAMS 0x00000000ad400000, 0x00000000ad400000| Untracked 
| 725|0x00000000ad500000, 0x00000000ad500000, 0x00000000ad600000|  0%| F|  |TAMS 0x00000000ad500000, 0x00000000ad500000| Untracked 
| 726|0x00000000ad600000, 0x00000000ad600000, 0x00000000ad700000|  0%| F|  |TAMS 0x00000000ad600000, 0x00000000ad600000| Untracked 
| 727|0x00000000ad700000, 0x00000000ad700000, 0x00000000ad800000|  0%| F|  |TAMS 0x00000000ad700000, 0x00000000ad700000| Untracked 
| 728|0x00000000ad800000, 0x00000000ad800000, 0x00000000ad900000|  0%| F|  |TAMS 0x00000000ad800000, 0x00000000ad800000| Untracked 
| 729|0x00000000ad900000, 0x00000000ad900000, 0x00000000ada00000|  0%| F|  |TAMS 0x00000000ad900000, 0x00000000ad900000| Untracked 
| 730|0x00000000ada00000, 0x00000000ada00000, 0x00000000adb00000|  0%| F|  |TAMS 0x00000000ada00000, 0x00000000ada00000| Untracked 
| 731|0x00000000adb00000, 0x00000000adb00000, 0x00000000adc00000|  0%| F|  |TAMS 0x00000000adb00000, 0x00000000adb00000| Untracked 
| 732|0x00000000adc00000, 0x00000000adc00000, 0x00000000add00000|  0%| F|  |TAMS 0x00000000adc00000, 0x00000000adc00000| Untracked 
| 733|0x00000000add00000, 0x00000000add00000, 0x00000000ade00000|  0%| F|  |TAMS 0x00000000add00000, 0x00000000add00000| Untracked 
| 734|0x00000000ade00000, 0x00000000ade00000, 0x00000000adf00000|  0%| F|  |TAMS 0x00000000ade00000, 0x00000000ade00000| Untracked 
| 735|0x00000000adf00000, 0x00000000adf00000, 0x00000000ae000000|  0%| F|  |TAMS 0x00000000adf00000, 0x00000000adf00000| Untracked 
| 736|0x00000000ae000000, 0x00000000ae000000, 0x00000000ae100000|  0%| F|  |TAMS 0x00000000ae000000, 0x00000000ae000000| Untracked 
| 737|0x00000000ae100000, 0x00000000ae100000, 0x00000000ae200000|  0%| F|  |TAMS 0x00000000ae100000, 0x00000000ae100000| Untracked 
| 738|0x00000000ae200000, 0x00000000ae200000, 0x00000000ae300000|  0%| F|  |TAMS 0x00000000ae200000, 0x00000000ae200000| Untracked 
| 739|0x00000000ae300000, 0x00000000ae300000, 0x00000000ae400000|  0%| F|  |TAMS 0x00000000ae300000, 0x00000000ae300000| Untracked 
| 740|0x00000000ae400000, 0x00000000ae400000, 0x00000000ae500000|  0%| F|  |TAMS 0x00000000ae400000, 0x00000000ae400000| Untracked 
| 741|0x00000000ae500000, 0x00000000ae500000, 0x00000000ae600000|  0%| F|  |TAMS 0x00000000ae500000, 0x00000000ae500000| Untracked 
| 742|0x00000000ae600000, 0x00000000ae600000, 0x00000000ae700000|  0%| F|  |TAMS 0x00000000ae600000, 0x00000000ae600000| Untracked 
| 743|0x00000000ae700000, 0x00000000ae700000, 0x00000000ae800000|  0%| F|  |TAMS 0x00000000ae700000, 0x00000000ae700000| Untracked 
| 744|0x00000000ae800000, 0x00000000ae800000, 0x00000000ae900000|  0%| F|  |TAMS 0x00000000ae800000, 0x00000000ae800000| Untracked 
| 745|0x00000000ae900000, 0x00000000ae900000, 0x00000000aea00000|  0%| F|  |TAMS 0x00000000ae900000, 0x00000000ae900000| Untracked 
| 746|0x00000000aea00000, 0x00000000aea00000, 0x00000000aeb00000|  0%| F|  |TAMS 0x00000000aea00000, 0x00000000aea00000| Untracked 
| 747|0x00000000aeb00000, 0x00000000aeb00000, 0x00000000aec00000|  0%| F|  |TAMS 0x00000000aeb00000, 0x00000000aeb00000| Untracked 
| 748|0x00000000aec00000, 0x00000000aec00000, 0x00000000aed00000|  0%| F|  |TAMS 0x00000000aec00000, 0x00000000aec00000| Untracked 
| 749|0x00000000aed00000, 0x00000000aed00000, 0x00000000aee00000|  0%| F|  |TAMS 0x00000000aed00000, 0x00000000aed00000| Untracked 
| 750|0x00000000aee00000, 0x00000000aee00000, 0x00000000aef00000|  0%| F|  |TAMS 0x00000000aee00000, 0x00000000aee00000| Untracked 
| 751|0x00000000aef00000, 0x00000000aef00000, 0x00000000af000000|  0%| F|  |TAMS 0x00000000aef00000, 0x00000000aef00000| Untracked 
| 752|0x00000000af000000, 0x00000000af000000, 0x00000000af100000|  0%| F|  |TAMS 0x00000000af000000, 0x00000000af000000| Untracked 
| 753|0x00000000af100000, 0x00000000af100000, 0x00000000af200000|  0%| F|  |TAMS 0x00000000af100000, 0x00000000af100000| Untracked 
| 754|0x00000000af200000, 0x00000000af200000, 0x00000000af300000|  0%| F|  |TAMS 0x00000000af200000, 0x00000000af200000| Untracked 
| 755|0x00000000af300000, 0x00000000af300000, 0x00000000af400000|  0%| F|  |TAMS 0x00000000af300000, 0x00000000af300000| Untracked 
| 756|0x00000000af400000, 0x00000000af400000, 0x00000000af500000|  0%| F|  |TAMS 0x00000000af400000, 0x00000000af400000| Untracked 
| 757|0x00000000af500000, 0x00000000af500000, 0x00000000af600000|  0%| F|  |TAMS 0x00000000af500000, 0x00000000af500000| Untracked 
| 758|0x00000000af600000, 0x00000000af600000, 0x00000000af700000|  0%| F|  |TAMS 0x00000000af600000, 0x00000000af600000| Untracked 
| 759|0x00000000af700000, 0x00000000af700000, 0x00000000af800000|  0%| F|  |TAMS 0x00000000af700000, 0x00000000af700000| Untracked 
| 760|0x00000000af800000, 0x00000000af800000, 0x00000000af900000|  0%| F|  |TAMS 0x00000000af800000, 0x00000000af800000| Untracked 
| 761|0x00000000af900000, 0x00000000af900000, 0x00000000afa00000|  0%| F|  |TAMS 0x00000000af900000, 0x00000000af900000| Untracked 
| 762|0x00000000afa00000, 0x00000000afa00000, 0x00000000afb00000|  0%| F|  |TAMS 0x00000000afa00000, 0x00000000afa00000| Untracked 
| 763|0x00000000afb00000, 0x00000000afb00000, 0x00000000afc00000|  0%| F|  |TAMS 0x00000000afb00000, 0x00000000afb00000| Untracked 
| 764|0x00000000afc00000, 0x00000000afc00000, 0x00000000afd00000|  0%| F|  |TAMS 0x00000000afc00000, 0x00000000afc00000| Untracked 
| 765|0x00000000afd00000, 0x00000000afd00000, 0x00000000afe00000|  0%| F|  |TAMS 0x00000000afd00000, 0x00000000afd00000| Untracked 
| 766|0x00000000afe00000, 0x00000000afe00000, 0x00000000aff00000|  0%| F|  |TAMS 0x00000000afe00000, 0x00000000afe00000| Untracked 
| 767|0x00000000aff00000, 0x00000000aff00000, 0x00000000b0000000|  0%| F|  |TAMS 0x00000000aff00000, 0x00000000aff00000| Untracked 
| 768|0x00000000b0000000, 0x00000000b0000000, 0x00000000b0100000|  0%| F|  |TAMS 0x00000000b0000000, 0x00000000b0000000| Untracked 
| 769|0x00000000b0100000, 0x00000000b0100000, 0x00000000b0200000|  0%| F|  |TAMS 0x00000000b0100000, 0x00000000b0100000| Untracked 
| 770|0x00000000b0200000, 0x00000000b0200000, 0x00000000b0300000|  0%| F|  |TAMS 0x00000000b0200000, 0x00000000b0200000| Untracked 
| 771|0x00000000b0300000, 0x00000000b0300000, 0x00000000b0400000|  0%| F|  |TAMS 0x00000000b0300000, 0x00000000b0300000| Untracked 
| 772|0x00000000b0400000, 0x00000000b0400000, 0x00000000b0500000|  0%| F|  |TAMS 0x00000000b0400000, 0x00000000b0400000| Untracked 
| 773|0x00000000b0500000, 0x00000000b0500000, 0x00000000b0600000|  0%| F|  |TAMS 0x00000000b0500000, 0x00000000b0500000| Untracked 
| 774|0x00000000b0600000, 0x00000000b0600000, 0x00000000b0700000|  0%| F|  |TAMS 0x00000000b0600000, 0x00000000b0600000| Untracked 
| 775|0x00000000b0700000, 0x00000000b0700000, 0x00000000b0800000|  0%| F|  |TAMS 0x00000000b0700000, 0x00000000b0700000| Untracked 
| 776|0x00000000b0800000, 0x00000000b0800000, 0x00000000b0900000|  0%| F|  |TAMS 0x00000000b0800000, 0x00000000b0800000| Untracked 
| 777|0x00000000b0900000, 0x00000000b0900000, 0x00000000b0a00000|  0%| F|  |TAMS 0x00000000b0900000, 0x00000000b0900000| Untracked 
| 778|0x00000000b0a00000, 0x00000000b0a00000, 0x00000000b0b00000|  0%| F|  |TAMS 0x00000000b0a00000, 0x00000000b0a00000| Untracked 
| 779|0x00000000b0b00000, 0x00000000b0b00000, 0x00000000b0c00000|  0%| F|  |TAMS 0x00000000b0b00000, 0x00000000b0b00000| Untracked 
| 780|0x00000000b0c00000, 0x00000000b0c00000, 0x00000000b0d00000|  0%| F|  |TAMS 0x00000000b0c00000, 0x00000000b0c00000| Untracked 
| 781|0x00000000b0d00000, 0x00000000b0d00000, 0x00000000b0e00000|  0%| F|  |TAMS 0x00000000b0d00000, 0x00000000b0d00000| Untracked 
| 782|0x00000000b0e00000, 0x00000000b0e00000, 0x00000000b0f00000|  0%| F|  |TAMS 0x00000000b0e00000, 0x00000000b0e00000| Untracked 
| 783|0x00000000b0f00000, 0x00000000b0f00000, 0x00000000b1000000|  0%| F|  |TAMS 0x00000000b0f00000, 0x00000000b0f00000| Untracked 
| 784|0x00000000b1000000, 0x00000000b1000000, 0x00000000b1100000|  0%| F|  |TAMS 0x00000000b1000000, 0x00000000b1000000| Untracked 
| 785|0x00000000b1100000, 0x00000000b1100000, 0x00000000b1200000|  0%| F|  |TAMS 0x00000000b1100000, 0x00000000b1100000| Untracked 
| 786|0x00000000b1200000, 0x00000000b1200000, 0x00000000b1300000|  0%| F|  |TAMS 0x00000000b1200000, 0x00000000b1200000| Untracked 
| 787|0x00000000b1300000, 0x00000000b1300000, 0x00000000b1400000|  0%| F|  |TAMS 0x00000000b1300000, 0x00000000b1300000| Untracked 
| 788|0x00000000b1400000, 0x00000000b1400000, 0x00000000b1500000|  0%| F|  |TAMS 0x00000000b1400000, 0x00000000b1400000| Untracked 
| 789|0x00000000b1500000, 0x00000000b1500000, 0x00000000b1600000|  0%| F|  |TAMS 0x00000000b1500000, 0x00000000b1500000| Untracked 
| 790|0x00000000b1600000, 0x00000000b1600000, 0x00000000b1700000|  0%| F|  |TAMS 0x00000000b1600000, 0x00000000b1600000| Untracked 
| 791|0x00000000b1700000, 0x00000000b1700000, 0x00000000b1800000|  0%| F|  |TAMS 0x00000000b1700000, 0x00000000b1700000| Untracked 
| 792|0x00000000b1800000, 0x00000000b1800000, 0x00000000b1900000|  0%| F|  |TAMS 0x00000000b1800000, 0x00000000b1800000| Untracked 
| 793|0x00000000b1900000, 0x00000000b1900000, 0x00000000b1a00000|  0%| F|  |TAMS 0x00000000b1900000, 0x00000000b1900000| Untracked 
| 794|0x00000000b1a00000, 0x00000000b1a00000, 0x00000000b1b00000|  0%| F|  |TAMS 0x00000000b1a00000, 0x00000000b1a00000| Untracked 
| 795|0x00000000b1b00000, 0x00000000b1b00000, 0x00000000b1c00000|  0%| F|  |TAMS 0x00000000b1b00000, 0x00000000b1b00000| Untracked 
| 796|0x00000000b1c00000, 0x00000000b1c00000, 0x00000000b1d00000|  0%| F|  |TAMS 0x00000000b1c00000, 0x00000000b1c00000| Untracked 
| 797|0x00000000b1d00000, 0x00000000b1d00000, 0x00000000b1e00000|  0%| F|  |TAMS 0x00000000b1d00000, 0x00000000b1d00000| Untracked 
| 798|0x00000000b1e00000, 0x00000000b1e00000, 0x00000000b1f00000|  0%| F|  |TAMS 0x00000000b1e00000, 0x00000000b1e00000| Untracked 
| 799|0x00000000b1f00000, 0x00000000b1f00000, 0x00000000b2000000|  0%| F|  |TAMS 0x00000000b1f00000, 0x00000000b1f00000| Untracked 
| 800|0x00000000b2000000, 0x00000000b2000000, 0x00000000b2100000|  0%| F|  |TAMS 0x00000000b2000000, 0x00000000b2000000| Untracked 
| 801|0x00000000b2100000, 0x00000000b2100000, 0x00000000b2200000|  0%| F|  |TAMS 0x00000000b2100000, 0x00000000b2100000| Untracked 
| 802|0x00000000b2200000, 0x00000000b2200000, 0x00000000b2300000|  0%| F|  |TAMS 0x00000000b2200000, 0x00000000b2200000| Untracked 
| 803|0x00000000b2300000, 0x00000000b2300000, 0x00000000b2400000|  0%| F|  |TAMS 0x00000000b2300000, 0x00000000b2300000| Untracked 
| 804|0x00000000b2400000, 0x00000000b2400000, 0x00000000b2500000|  0%| F|  |TAMS 0x00000000b2400000, 0x00000000b2400000| Untracked 
| 805|0x00000000b2500000, 0x00000000b2500000, 0x00000000b2600000|  0%| F|  |TAMS 0x00000000b2500000, 0x00000000b2500000| Untracked 
| 806|0x00000000b2600000, 0x00000000b2600000, 0x00000000b2700000|  0%| F|  |TAMS 0x00000000b2600000, 0x00000000b2600000| Untracked 
| 807|0x00000000b2700000, 0x00000000b2700000, 0x00000000b2800000|  0%| F|  |TAMS 0x00000000b2700000, 0x00000000b2700000| Untracked 
| 808|0x00000000b2800000, 0x00000000b2800000, 0x00000000b2900000|  0%| F|  |TAMS 0x00000000b2800000, 0x00000000b2800000| Untracked 
| 809|0x00000000b2900000, 0x00000000b2900000, 0x00000000b2a00000|  0%| F|  |TAMS 0x00000000b2900000, 0x00000000b2900000| Untracked 
| 810|0x00000000b2a00000, 0x00000000b2a00000, 0x00000000b2b00000|  0%| F|  |TAMS 0x00000000b2a00000, 0x00000000b2a00000| Untracked 
| 811|0x00000000b2b00000, 0x00000000b2b00000, 0x00000000b2c00000|  0%| F|  |TAMS 0x00000000b2b00000, 0x00000000b2b00000| Untracked 
| 812|0x00000000b2c00000, 0x00000000b2c00000, 0x00000000b2d00000|  0%| F|  |TAMS 0x00000000b2c00000, 0x00000000b2c00000| Untracked 
| 813|0x00000000b2d00000, 0x00000000b2d00000, 0x00000000b2e00000|  0%| F|  |TAMS 0x00000000b2d00000, 0x00000000b2d00000| Untracked 
| 814|0x00000000b2e00000, 0x00000000b2e00000, 0x00000000b2f00000|  0%| F|  |TAMS 0x00000000b2e00000, 0x00000000b2e00000| Untracked 
| 815|0x00000000b2f00000, 0x00000000b2f00000, 0x00000000b3000000|  0%| F|  |TAMS 0x00000000b2f00000, 0x00000000b2f00000| Untracked 
| 816|0x00000000b3000000, 0x00000000b3000000, 0x00000000b3100000|  0%| F|  |TAMS 0x00000000b3000000, 0x00000000b3000000| Untracked 
| 817|0x00000000b3100000, 0x00000000b3100000, 0x00000000b3200000|  0%| F|  |TAMS 0x00000000b3100000, 0x00000000b3100000| Untracked 
| 818|0x00000000b3200000, 0x00000000b3200000, 0x00000000b3300000|  0%| F|  |TAMS 0x00000000b3200000, 0x00000000b3200000| Untracked 
| 819|0x00000000b3300000, 0x00000000b3300000, 0x00000000b3400000|  0%| F|  |TAMS 0x00000000b3300000, 0x00000000b3300000| Untracked 
| 820|0x00000000b3400000, 0x00000000b3400000, 0x00000000b3500000|  0%| F|  |TAMS 0x00000000b3400000, 0x00000000b3400000| Untracked 
| 821|0x00000000b3500000, 0x00000000b3500000, 0x00000000b3600000|  0%| F|  |TAMS 0x00000000b3500000, 0x00000000b3500000| Untracked 
| 822|0x00000000b3600000, 0x00000000b3600000, 0x00000000b3700000|  0%| F|  |TAMS 0x00000000b3600000, 0x00000000b3600000| Untracked 
| 823|0x00000000b3700000, 0x00000000b3700000, 0x00000000b3800000|  0%| F|  |TAMS 0x00000000b3700000, 0x00000000b3700000| Untracked 
| 824|0x00000000b3800000, 0x00000000b3800000, 0x00000000b3900000|  0%| F|  |TAMS 0x00000000b3800000, 0x00000000b3800000| Untracked 
| 825|0x00000000b3900000, 0x00000000b3900000, 0x00000000b3a00000|  0%| F|  |TAMS 0x00000000b3900000, 0x00000000b3900000| Untracked 
| 826|0x00000000b3a00000, 0x00000000b3a00000, 0x00000000b3b00000|  0%| F|  |TAMS 0x00000000b3a00000, 0x00000000b3a00000| Untracked 
| 827|0x00000000b3b00000, 0x00000000b3b00000, 0x00000000b3c00000|  0%| F|  |TAMS 0x00000000b3b00000, 0x00000000b3b00000| Untracked 
| 828|0x00000000b3c00000, 0x00000000b3c00000, 0x00000000b3d00000|  0%| F|  |TAMS 0x00000000b3c00000, 0x00000000b3c00000| Untracked 
| 829|0x00000000b3d00000, 0x00000000b3d00000, 0x00000000b3e00000|  0%| F|  |TAMS 0x00000000b3d00000, 0x00000000b3d00000| Untracked 
| 830|0x00000000b3e00000, 0x00000000b3e00000, 0x00000000b3f00000|  0%| F|  |TAMS 0x00000000b3e00000, 0x00000000b3e00000| Untracked 
| 831|0x00000000b3f00000, 0x00000000b3f00000, 0x00000000b4000000|  0%| F|  |TAMS 0x00000000b3f00000, 0x00000000b3f00000| Untracked 
| 832|0x00000000b4000000, 0x00000000b4000000, 0x00000000b4100000|  0%| F|  |TAMS 0x00000000b4000000, 0x00000000b4000000| Untracked 
| 833|0x00000000b4100000, 0x00000000b4100000, 0x00000000b4200000|  0%| F|  |TAMS 0x00000000b4100000, 0x00000000b4100000| Untracked 
| 834|0x00000000b4200000, 0x00000000b4200000, 0x00000000b4300000|  0%| F|  |TAMS 0x00000000b4200000, 0x00000000b4200000| Untracked 
| 835|0x00000000b4300000, 0x00000000b4300000, 0x00000000b4400000|  0%| F|  |TAMS 0x00000000b4300000, 0x00000000b4300000| Untracked 
| 836|0x00000000b4400000, 0x00000000b4400000, 0x00000000b4500000|  0%| F|  |TAMS 0x00000000b4400000, 0x00000000b4400000| Untracked 
| 837|0x00000000b4500000, 0x00000000b4500000, 0x00000000b4600000|  0%| F|  |TAMS 0x00000000b4500000, 0x00000000b4500000| Untracked 
| 838|0x00000000b4600000, 0x00000000b4600000, 0x00000000b4700000|  0%| F|  |TAMS 0x00000000b4600000, 0x00000000b4600000| Untracked 
| 839|0x00000000b4700000, 0x00000000b4700000, 0x00000000b4800000|  0%| F|  |TAMS 0x00000000b4700000, 0x00000000b4700000| Untracked 
| 840|0x00000000b4800000, 0x00000000b4800000, 0x00000000b4900000|  0%| F|  |TAMS 0x00000000b4800000, 0x00000000b4800000| Untracked 
| 841|0x00000000b4900000, 0x00000000b4900000, 0x00000000b4a00000|  0%| F|  |TAMS 0x00000000b4900000, 0x00000000b4900000| Untracked 
| 842|0x00000000b4a00000, 0x00000000b4a00000, 0x00000000b4b00000|  0%| F|  |TAMS 0x00000000b4a00000, 0x00000000b4a00000| Untracked 
| 843|0x00000000b4b00000, 0x00000000b4b00000, 0x00000000b4c00000|  0%| F|  |TAMS 0x00000000b4b00000, 0x00000000b4b00000| Untracked 
| 844|0x00000000b4c00000, 0x00000000b4c00000, 0x00000000b4d00000|  0%| F|  |TAMS 0x00000000b4c00000, 0x00000000b4c00000| Untracked 
| 845|0x00000000b4d00000, 0x00000000b4d00000, 0x00000000b4e00000|  0%| F|  |TAMS 0x00000000b4d00000, 0x00000000b4d00000| Untracked 
| 846|0x00000000b4e00000, 0x00000000b4e00000, 0x00000000b4f00000|  0%| F|  |TAMS 0x00000000b4e00000, 0x00000000b4e00000| Untracked 
| 847|0x00000000b4f00000, 0x00000000b4f00000, 0x00000000b5000000|  0%| F|  |TAMS 0x00000000b4f00000, 0x00000000b4f00000| Untracked 
| 848|0x00000000b5000000, 0x00000000b5000000, 0x00000000b5100000|  0%| F|  |TAMS 0x00000000b5000000, 0x00000000b5000000| Untracked 
| 849|0x00000000b5100000, 0x00000000b5100000, 0x00000000b5200000|  0%| F|  |TAMS 0x00000000b5100000, 0x00000000b5100000| Untracked 
| 850|0x00000000b5200000, 0x00000000b5200000, 0x00000000b5300000|  0%| F|  |TAMS 0x00000000b5200000, 0x00000000b5200000| Untracked 
| 851|0x00000000b5300000, 0x00000000b5300000, 0x00000000b5400000|  0%| F|  |TAMS 0x00000000b5300000, 0x00000000b5300000| Untracked 
| 852|0x00000000b5400000, 0x00000000b5400000, 0x00000000b5500000|  0%| F|  |TAMS 0x00000000b5400000, 0x00000000b5400000| Untracked 
| 853|0x00000000b5500000, 0x00000000b5500000, 0x00000000b5600000|  0%| F|  |TAMS 0x00000000b5500000, 0x00000000b5500000| Untracked 
| 854|0x00000000b5600000, 0x00000000b5600000, 0x00000000b5700000|  0%| F|  |TAMS 0x00000000b5600000, 0x00000000b5600000| Untracked 
| 855|0x00000000b5700000, 0x00000000b5700000, 0x00000000b5800000|  0%| F|  |TAMS 0x00000000b5700000, 0x00000000b5700000| Untracked 
| 856|0x00000000b5800000, 0x00000000b5800000, 0x00000000b5900000|  0%| F|  |TAMS 0x00000000b5800000, 0x00000000b5800000| Untracked 
| 857|0x00000000b5900000, 0x00000000b5900000, 0x00000000b5a00000|  0%| F|  |TAMS 0x00000000b5900000, 0x00000000b5900000| Untracked 
| 858|0x00000000b5a00000, 0x00000000b5a00000, 0x00000000b5b00000|  0%| F|  |TAMS 0x00000000b5a00000, 0x00000000b5a00000| Untracked 
| 859|0x00000000b5b00000, 0x00000000b5b00000, 0x00000000b5c00000|  0%| F|  |TAMS 0x00000000b5b00000, 0x00000000b5b00000| Untracked 
| 860|0x00000000b5c00000, 0x00000000b5c00000, 0x00000000b5d00000|  0%| F|  |TAMS 0x00000000b5c00000, 0x00000000b5c00000| Untracked 
| 861|0x00000000b5d00000, 0x00000000b5d00000, 0x00000000b5e00000|  0%| F|  |TAMS 0x00000000b5d00000, 0x00000000b5d00000| Untracked 
| 862|0x00000000b5e00000, 0x00000000b5e00000, 0x00000000b5f00000|  0%| F|  |TAMS 0x00000000b5e00000, 0x00000000b5e00000| Untracked 
| 863|0x00000000b5f00000, 0x00000000b5f00000, 0x00000000b6000000|  0%| F|  |TAMS 0x00000000b5f00000, 0x00000000b5f00000| Untracked 
| 864|0x00000000b6000000, 0x00000000b6000000, 0x00000000b6100000|  0%| F|  |TAMS 0x00000000b6000000, 0x00000000b6000000| Untracked 
| 865|0x00000000b6100000, 0x00000000b6100000, 0x00000000b6200000|  0%| F|  |TAMS 0x00000000b6100000, 0x00000000b6100000| Untracked 
| 866|0x00000000b6200000, 0x00000000b6200000, 0x00000000b6300000|  0%| F|  |TAMS 0x00000000b6200000, 0x00000000b6200000| Untracked 
| 867|0x00000000b6300000, 0x00000000b6300000, 0x00000000b6400000|  0%| F|  |TAMS 0x00000000b6300000, 0x00000000b6300000| Untracked 
| 868|0x00000000b6400000, 0x00000000b6400000, 0x00000000b6500000|  0%| F|  |TAMS 0x00000000b6400000, 0x00000000b6400000| Untracked 
| 869|0x00000000b6500000, 0x00000000b6500000, 0x00000000b6600000|  0%| F|  |TAMS 0x00000000b6500000, 0x00000000b6500000| Untracked 
| 870|0x00000000b6600000, 0x00000000b6600000, 0x00000000b6700000|  0%| F|  |TAMS 0x00000000b6600000, 0x00000000b6600000| Untracked 
| 871|0x00000000b6700000, 0x00000000b6700000, 0x00000000b6800000|  0%| F|  |TAMS 0x00000000b6700000, 0x00000000b6700000| Untracked 
| 872|0x00000000b6800000, 0x00000000b6800000, 0x00000000b6900000|  0%| F|  |TAMS 0x00000000b6800000, 0x00000000b6800000| Untracked 
| 873|0x00000000b6900000, 0x00000000b6900000, 0x00000000b6a00000|  0%| F|  |TAMS 0x00000000b6900000, 0x00000000b6900000| Untracked 
| 874|0x00000000b6a00000, 0x00000000b6a00000, 0x00000000b6b00000|  0%| F|  |TAMS 0x00000000b6a00000, 0x00000000b6a00000| Untracked 
| 875|0x00000000b6b00000, 0x00000000b6b00000, 0x00000000b6c00000|  0%| F|  |TAMS 0x00000000b6b00000, 0x00000000b6b00000| Untracked 
| 876|0x00000000b6c00000, 0x00000000b6c00000, 0x00000000b6d00000|  0%| F|  |TAMS 0x00000000b6c00000, 0x00000000b6c00000| Untracked 
| 877|0x00000000b6d00000, 0x00000000b6d00000, 0x00000000b6e00000|  0%| F|  |TAMS 0x00000000b6d00000, 0x00000000b6d00000| Untracked 
| 878|0x00000000b6e00000, 0x00000000b6e00000, 0x00000000b6f00000|  0%| F|  |TAMS 0x00000000b6e00000, 0x00000000b6e00000| Untracked 
| 879|0x00000000b6f00000, 0x00000000b6f00000, 0x00000000b7000000|  0%| F|  |TAMS 0x00000000b6f00000, 0x00000000b6f00000| Untracked 
| 880|0x00000000b7000000, 0x00000000b7000000, 0x00000000b7100000|  0%| F|  |TAMS 0x00000000b7000000, 0x00000000b7000000| Untracked 
| 881|0x00000000b7100000, 0x00000000b7100000, 0x00000000b7200000|  0%| F|  |TAMS 0x00000000b7100000, 0x00000000b7100000| Untracked 
| 882|0x00000000b7200000, 0x00000000b7200000, 0x00000000b7300000|  0%| F|  |TAMS 0x00000000b7200000, 0x00000000b7200000| Untracked 
| 883|0x00000000b7300000, 0x00000000b7300000, 0x00000000b7400000|  0%| F|  |TAMS 0x00000000b7300000, 0x00000000b7300000| Untracked 
| 884|0x00000000b7400000, 0x00000000b7400000, 0x00000000b7500000|  0%| F|  |TAMS 0x00000000b7400000, 0x00000000b7400000| Untracked 
| 885|0x00000000b7500000, 0x00000000b7500000, 0x00000000b7600000|  0%| F|  |TAMS 0x00000000b7500000, 0x00000000b7500000| Untracked 
| 886|0x00000000b7600000, 0x00000000b7600000, 0x00000000b7700000|  0%| F|  |TAMS 0x00000000b7600000, 0x00000000b7600000| Untracked 
| 887|0x00000000b7700000, 0x00000000b7700000, 0x00000000b7800000|  0%| F|  |TAMS 0x00000000b7700000, 0x00000000b7700000| Untracked 
| 888|0x00000000b7800000, 0x00000000b7800000, 0x00000000b7900000|  0%| F|  |TAMS 0x00000000b7800000, 0x00000000b7800000| Untracked 
| 889|0x00000000b7900000, 0x00000000b7900000, 0x00000000b7a00000|  0%| F|  |TAMS 0x00000000b7900000, 0x00000000b7900000| Untracked 
| 890|0x00000000b7a00000, 0x00000000b7a00000, 0x00000000b7b00000|  0%| F|  |TAMS 0x00000000b7a00000, 0x00000000b7a00000| Untracked 
| 891|0x00000000b7b00000, 0x00000000b7b00000, 0x00000000b7c00000|  0%| F|  |TAMS 0x00000000b7b00000, 0x00000000b7b00000| Untracked 
| 892|0x00000000b7c00000, 0x00000000b7c00000, 0x00000000b7d00000|  0%| F|  |TAMS 0x00000000b7c00000, 0x00000000b7c00000| Untracked 
| 893|0x00000000b7d00000, 0x00000000b7d00000, 0x00000000b7e00000|  0%| F|  |TAMS 0x00000000b7d00000, 0x00000000b7d00000| Untracked 
| 894|0x00000000b7e00000, 0x00000000b7e00000, 0x00000000b7f00000|  0%| F|  |TAMS 0x00000000b7e00000, 0x00000000b7e00000| Untracked 
| 895|0x00000000b7f00000, 0x00000000b7f00000, 0x00000000b8000000|  0%| F|  |TAMS 0x00000000b7f00000, 0x00000000b7f00000| Untracked 
| 896|0x00000000b8000000, 0x00000000b8000000, 0x00000000b8100000|  0%| F|  |TAMS 0x00000000b8000000, 0x00000000b8000000| Untracked 
| 897|0x00000000b8100000, 0x00000000b8100000, 0x00000000b8200000|  0%| F|  |TAMS 0x00000000b8100000, 0x00000000b8100000| Untracked 
| 898|0x00000000b8200000, 0x00000000b8200000, 0x00000000b8300000|  0%| F|  |TAMS 0x00000000b8200000, 0x00000000b8200000| Untracked 
| 899|0x00000000b8300000, 0x00000000b8300000, 0x00000000b8400000|  0%| F|  |TAMS 0x00000000b8300000, 0x00000000b8300000| Untracked 
| 900|0x00000000b8400000, 0x00000000b8400000, 0x00000000b8500000|  0%| F|  |TAMS 0x00000000b8400000, 0x00000000b8400000| Untracked 
| 901|0x00000000b8500000, 0x00000000b8500000, 0x00000000b8600000|  0%| F|  |TAMS 0x00000000b8500000, 0x00000000b8500000| Untracked 
| 902|0x00000000b8600000, 0x00000000b8600000, 0x00000000b8700000|  0%| F|  |TAMS 0x00000000b8600000, 0x00000000b8600000| Untracked 
| 903|0x00000000b8700000, 0x00000000b8700000, 0x00000000b8800000|  0%| F|  |TAMS 0x00000000b8700000, 0x00000000b8700000| Untracked 
| 904|0x00000000b8800000, 0x00000000b8800000, 0x00000000b8900000|  0%| F|  |TAMS 0x00000000b8800000, 0x00000000b8800000| Untracked 
| 905|0x00000000b8900000, 0x00000000b8900000, 0x00000000b8a00000|  0%| F|  |TAMS 0x00000000b8900000, 0x00000000b8900000| Untracked 
| 906|0x00000000b8a00000, 0x00000000b8a00000, 0x00000000b8b00000|  0%| F|  |TAMS 0x00000000b8a00000, 0x00000000b8a00000| Untracked 
| 907|0x00000000b8b00000, 0x00000000b8b00000, 0x00000000b8c00000|  0%| F|  |TAMS 0x00000000b8b00000, 0x00000000b8b00000| Untracked 
| 908|0x00000000b8c00000, 0x00000000b8c00000, 0x00000000b8d00000|  0%| F|  |TAMS 0x00000000b8c00000, 0x00000000b8c00000| Untracked 
| 909|0x00000000b8d00000, 0x00000000b8d00000, 0x00000000b8e00000|  0%| F|  |TAMS 0x00000000b8d00000, 0x00000000b8d00000| Untracked 
| 910|0x00000000b8e00000, 0x00000000b8e00000, 0x00000000b8f00000|  0%| F|  |TAMS 0x00000000b8e00000, 0x00000000b8e00000| Untracked 
| 911|0x00000000b8f00000, 0x00000000b8f00000, 0x00000000b9000000|  0%| F|  |TAMS 0x00000000b8f00000, 0x00000000b8f00000| Untracked 
| 912|0x00000000b9000000, 0x00000000b9000000, 0x00000000b9100000|  0%| F|  |TAMS 0x00000000b9000000, 0x00000000b9000000| Untracked 
| 913|0x00000000b9100000, 0x00000000b9100000, 0x00000000b9200000|  0%| F|  |TAMS 0x00000000b9100000, 0x00000000b9100000| Untracked 
| 914|0x00000000b9200000, 0x00000000b9200000, 0x00000000b9300000|  0%| F|  |TAMS 0x00000000b9200000, 0x00000000b9200000| Untracked 
| 915|0x00000000b9300000, 0x00000000b9300000, 0x00000000b9400000|  0%| F|  |TAMS 0x00000000b9300000, 0x00000000b9300000| Untracked 
| 916|0x00000000b9400000, 0x00000000b9400000, 0x00000000b9500000|  0%| F|  |TAMS 0x00000000b9400000, 0x00000000b9400000| Untracked 
| 917|0x00000000b9500000, 0x00000000b9500000, 0x00000000b9600000|  0%| F|  |TAMS 0x00000000b9500000, 0x00000000b9500000| Untracked 
| 918|0x00000000b9600000, 0x00000000b9600000, 0x00000000b9700000|  0%| F|  |TAMS 0x00000000b9600000, 0x00000000b9600000| Untracked 
| 919|0x00000000b9700000, 0x00000000b9700000, 0x00000000b9800000|  0%| F|  |TAMS 0x00000000b9700000, 0x00000000b9700000| Untracked 
| 920|0x00000000b9800000, 0x00000000b9800000, 0x00000000b9900000|  0%| F|  |TAMS 0x00000000b9800000, 0x00000000b9800000| Untracked 
| 921|0x00000000b9900000, 0x00000000b9900000, 0x00000000b9a00000|  0%| F|  |TAMS 0x00000000b9900000, 0x00000000b9900000| Untracked 
| 922|0x00000000b9a00000, 0x00000000b9a00000, 0x00000000b9b00000|  0%| F|  |TAMS 0x00000000b9a00000, 0x00000000b9a00000| Untracked 
| 923|0x00000000b9b00000, 0x00000000b9b00000, 0x00000000b9c00000|  0%| F|  |TAMS 0x00000000b9b00000, 0x00000000b9b00000| Untracked 
| 924|0x00000000b9c00000, 0x00000000b9c00000, 0x00000000b9d00000|  0%| F|  |TAMS 0x00000000b9c00000, 0x00000000b9c00000| Untracked 
| 925|0x00000000b9d00000, 0x00000000b9d00000, 0x00000000b9e00000|  0%| F|  |TAMS 0x00000000b9d00000, 0x00000000b9d00000| Untracked 
| 926|0x00000000b9e00000, 0x00000000b9e00000, 0x00000000b9f00000|  0%| F|  |TAMS 0x00000000b9e00000, 0x00000000b9e00000| Untracked 
| 927|0x00000000b9f00000, 0x00000000b9f00000, 0x00000000ba000000|  0%| F|  |TAMS 0x00000000b9f00000, 0x00000000b9f00000| Untracked 
| 928|0x00000000ba000000, 0x00000000ba000000, 0x00000000ba100000|  0%| F|  |TAMS 0x00000000ba000000, 0x00000000ba000000| Untracked 
| 929|0x00000000ba100000, 0x00000000ba100000, 0x00000000ba200000|  0%| F|  |TAMS 0x00000000ba100000, 0x00000000ba100000| Untracked 
| 930|0x00000000ba200000, 0x00000000ba200000, 0x00000000ba300000|  0%| F|  |TAMS 0x00000000ba200000, 0x00000000ba200000| Untracked 
| 931|0x00000000ba300000, 0x00000000ba300000, 0x00000000ba400000|  0%| F|  |TAMS 0x00000000ba300000, 0x00000000ba300000| Untracked 
| 932|0x00000000ba400000, 0x00000000ba400000, 0x00000000ba500000|  0%| F|  |TAMS 0x00000000ba400000, 0x00000000ba400000| Untracked 
| 933|0x00000000ba500000, 0x00000000ba500000, 0x00000000ba600000|  0%| F|  |TAMS 0x00000000ba500000, 0x00000000ba500000| Untracked 
| 934|0x00000000ba600000, 0x00000000ba600000, 0x00000000ba700000|  0%| F|  |TAMS 0x00000000ba600000, 0x00000000ba600000| Untracked 
| 935|0x00000000ba700000, 0x00000000ba700000, 0x00000000ba800000|  0%| F|  |TAMS 0x00000000ba700000, 0x00000000ba700000| Untracked 
| 936|0x00000000ba800000, 0x00000000ba800000, 0x00000000ba900000|  0%| F|  |TAMS 0x00000000ba800000, 0x00000000ba800000| Untracked 
| 937|0x00000000ba900000, 0x00000000ba900000, 0x00000000baa00000|  0%| F|  |TAMS 0x00000000ba900000, 0x00000000ba900000| Untracked 
| 938|0x00000000baa00000, 0x00000000baa00000, 0x00000000bab00000|  0%| F|  |TAMS 0x00000000baa00000, 0x00000000baa00000| Untracked 
| 939|0x00000000bab00000, 0x00000000bab00000, 0x00000000bac00000|  0%| F|  |TAMS 0x00000000bab00000, 0x00000000bab00000| Untracked 
| 940|0x00000000bac00000, 0x00000000bac00000, 0x00000000bad00000|  0%| F|  |TAMS 0x00000000bac00000, 0x00000000bac00000| Untracked 
| 941|0x00000000bad00000, 0x00000000bad00000, 0x00000000bae00000|  0%| F|  |TAMS 0x00000000bad00000, 0x00000000bad00000| Untracked 
| 942|0x00000000bae00000, 0x00000000bae00000, 0x00000000baf00000|  0%| F|  |TAMS 0x00000000bae00000, 0x00000000bae00000| Untracked 
| 943|0x00000000baf00000, 0x00000000baf00000, 0x00000000bb000000|  0%| F|  |TAMS 0x00000000baf00000, 0x00000000baf00000| Untracked 
| 944|0x00000000bb000000, 0x00000000bb000000, 0x00000000bb100000|  0%| F|  |TAMS 0x00000000bb000000, 0x00000000bb000000| Untracked 
| 945|0x00000000bb100000, 0x00000000bb100000, 0x00000000bb200000|  0%| F|  |TAMS 0x00000000bb100000, 0x00000000bb100000| Untracked 
| 946|0x00000000bb200000, 0x00000000bb200000, 0x00000000bb300000|  0%| F|  |TAMS 0x00000000bb200000, 0x00000000bb200000| Untracked 
| 947|0x00000000bb300000, 0x00000000bb300000, 0x00000000bb400000|  0%| F|  |TAMS 0x00000000bb300000, 0x00000000bb300000| Untracked 
| 948|0x00000000bb400000, 0x00000000bb400000, 0x00000000bb500000|  0%| F|  |TAMS 0x00000000bb400000, 0x00000000bb400000| Untracked 
| 949|0x00000000bb500000, 0x00000000bb500000, 0x00000000bb600000|  0%| F|  |TAMS 0x00000000bb500000, 0x00000000bb500000| Untracked 
| 950|0x00000000bb600000, 0x00000000bb600000, 0x00000000bb700000|  0%| F|  |TAMS 0x00000000bb600000, 0x00000000bb600000| Untracked 
| 951|0x00000000bb700000, 0x00000000bb700000, 0x00000000bb800000|  0%| F|  |TAMS 0x00000000bb700000, 0x00000000bb700000| Untracked 
| 952|0x00000000bb800000, 0x00000000bb800000, 0x00000000bb900000|  0%| F|  |TAMS 0x00000000bb800000, 0x00000000bb800000| Untracked 
| 953|0x00000000bb900000, 0x00000000bb900000, 0x00000000bba00000|  0%| F|  |TAMS 0x00000000bb900000, 0x00000000bb900000| Untracked 
| 954|0x00000000bba00000, 0x00000000bba00000, 0x00000000bbb00000|  0%| F|  |TAMS 0x00000000bba00000, 0x00000000bba00000| Untracked 
| 955|0x00000000bbb00000, 0x00000000bbb00000, 0x00000000bbc00000|  0%| F|  |TAMS 0x00000000bbb00000, 0x00000000bbb00000| Untracked 
| 956|0x00000000bbc00000, 0x00000000bbc00000, 0x00000000bbd00000|  0%| F|  |TAMS 0x00000000bbc00000, 0x00000000bbc00000| Untracked 
| 957|0x00000000bbd00000, 0x00000000bbd00000, 0x00000000bbe00000|  0%| F|  |TAMS 0x00000000bbd00000, 0x00000000bbd00000| Untracked 
| 958|0x00000000bbe00000, 0x00000000bbe00000, 0x00000000bbf00000|  0%| F|  |TAMS 0x00000000bbe00000, 0x00000000bbe00000| Untracked 
| 959|0x00000000bbf00000, 0x00000000bbf00000, 0x00000000bc000000|  0%| F|  |TAMS 0x00000000bbf00000, 0x00000000bbf00000| Untracked 
| 960|0x00000000bc000000, 0x00000000bc000000, 0x00000000bc100000|  0%| F|  |TAMS 0x00000000bc000000, 0x00000000bc000000| Untracked 
| 961|0x00000000bc100000, 0x00000000bc100000, 0x00000000bc200000|  0%| F|  |TAMS 0x00000000bc100000, 0x00000000bc100000| Untracked 
| 962|0x00000000bc200000, 0x00000000bc200000, 0x00000000bc300000|  0%| F|  |TAMS 0x00000000bc200000, 0x00000000bc200000| Untracked 
| 963|0x00000000bc300000, 0x00000000bc300000, 0x00000000bc400000|  0%| F|  |TAMS 0x00000000bc300000, 0x00000000bc300000| Untracked 
| 964|0x00000000bc400000, 0x00000000bc400000, 0x00000000bc500000|  0%| F|  |TAMS 0x00000000bc400000, 0x00000000bc400000| Untracked 
| 965|0x00000000bc500000, 0x00000000bc500000, 0x00000000bc600000|  0%| F|  |TAMS 0x00000000bc500000, 0x00000000bc500000| Untracked 
| 966|0x00000000bc600000, 0x00000000bc600000, 0x00000000bc700000|  0%| F|  |TAMS 0x00000000bc600000, 0x00000000bc600000| Untracked 
| 967|0x00000000bc700000, 0x00000000bc700000, 0x00000000bc800000|  0%| F|  |TAMS 0x00000000bc700000, 0x00000000bc700000| Untracked 
| 968|0x00000000bc800000, 0x00000000bc800000, 0x00000000bc900000|  0%| F|  |TAMS 0x00000000bc800000, 0x00000000bc800000| Untracked 
| 969|0x00000000bc900000, 0x00000000bc900000, 0x00000000bca00000|  0%| F|  |TAMS 0x00000000bc900000, 0x00000000bc900000| Untracked 
| 970|0x00000000bca00000, 0x00000000bca00000, 0x00000000bcb00000|  0%| F|  |TAMS 0x00000000bca00000, 0x00000000bca00000| Untracked 
| 971|0x00000000bcb00000, 0x00000000bcb00000, 0x00000000bcc00000|  0%| F|  |TAMS 0x00000000bcb00000, 0x00000000bcb00000| Untracked 
| 972|0x00000000bcc00000, 0x00000000bcc00000, 0x00000000bcd00000|  0%| F|  |TAMS 0x00000000bcc00000, 0x00000000bcc00000| Untracked 
| 973|0x00000000bcd00000, 0x00000000bcd00000, 0x00000000bce00000|  0%| F|  |TAMS 0x00000000bcd00000, 0x00000000bcd00000| Untracked 
| 974|0x00000000bce00000, 0x00000000bce00000, 0x00000000bcf00000|  0%| F|  |TAMS 0x00000000bce00000, 0x00000000bce00000| Untracked 
| 975|0x00000000bcf00000, 0x00000000bcf00000, 0x00000000bd000000|  0%| F|  |TAMS 0x00000000bcf00000, 0x00000000bcf00000| Untracked 
| 976|0x00000000bd000000, 0x00000000bd000000, 0x00000000bd100000|  0%| F|  |TAMS 0x00000000bd000000, 0x00000000bd000000| Untracked 
| 977|0x00000000bd100000, 0x00000000bd100000, 0x00000000bd200000|  0%| F|  |TAMS 0x00000000bd100000, 0x00000000bd100000| Untracked 
| 978|0x00000000bd200000, 0x00000000bd200000, 0x00000000bd300000|  0%| F|  |TAMS 0x00000000bd200000, 0x00000000bd200000| Untracked 
| 979|0x00000000bd300000, 0x00000000bd300000, 0x00000000bd400000|  0%| F|  |TAMS 0x00000000bd300000, 0x00000000bd300000| Untracked 
| 980|0x00000000bd400000, 0x00000000bd400000, 0x00000000bd500000|  0%| F|  |TAMS 0x00000000bd400000, 0x00000000bd400000| Untracked 
| 981|0x00000000bd500000, 0x00000000bd500000, 0x00000000bd600000|  0%| F|  |TAMS 0x00000000bd500000, 0x00000000bd500000| Untracked 
| 982|0x00000000bd600000, 0x00000000bd600000, 0x00000000bd700000|  0%| F|  |TAMS 0x00000000bd600000, 0x00000000bd600000| Untracked 
| 983|0x00000000bd700000, 0x00000000bd700000, 0x00000000bd800000|  0%| F|  |TAMS 0x00000000bd700000, 0x00000000bd700000| Untracked 
| 984|0x00000000bd800000, 0x00000000bd800000, 0x00000000bd900000|  0%| F|  |TAMS 0x00000000bd800000, 0x00000000bd800000| Untracked 
| 985|0x00000000bd900000, 0x00000000bd900000, 0x00000000bda00000|  0%| F|  |TAMS 0x00000000bd900000, 0x00000000bd900000| Untracked 
| 986|0x00000000bda00000, 0x00000000bda00000, 0x00000000bdb00000|  0%| F|  |TAMS 0x00000000bda00000, 0x00000000bda00000| Untracked 
| 987|0x00000000bdb00000, 0x00000000bdb00000, 0x00000000bdc00000|  0%| F|  |TAMS 0x00000000bdb00000, 0x00000000bdb00000| Untracked 
| 988|0x00000000bdc00000, 0x00000000bdc00000, 0x00000000bdd00000|  0%| F|  |TAMS 0x00000000bdc00000, 0x00000000bdc00000| Untracked 
| 989|0x00000000bdd00000, 0x00000000bdd00000, 0x00000000bde00000|  0%| F|  |TAMS 0x00000000bdd00000, 0x00000000bdd00000| Untracked 
| 990|0x00000000bde00000, 0x00000000bde00000, 0x00000000bdf00000|  0%| F|  |TAMS 0x00000000bde00000, 0x00000000bde00000| Untracked 
| 991|0x00000000bdf00000, 0x00000000bdf00000, 0x00000000be000000|  0%| F|  |TAMS 0x00000000bdf00000, 0x00000000bdf00000| Untracked 
| 992|0x00000000be000000, 0x00000000be000000, 0x00000000be100000|  0%| F|  |TAMS 0x00000000be000000, 0x00000000be000000| Untracked 
| 993|0x00000000be100000, 0x00000000be100000, 0x00000000be200000|  0%| F|  |TAMS 0x00000000be100000, 0x00000000be100000| Untracked 
| 994|0x00000000be200000, 0x00000000be200000, 0x00000000be300000|  0%| F|  |TAMS 0x00000000be200000, 0x00000000be200000| Untracked 
| 995|0x00000000be300000, 0x00000000be300000, 0x00000000be400000|  0%| F|  |TAMS 0x00000000be300000, 0x00000000be300000| Untracked 
| 996|0x00000000be400000, 0x00000000be400000, 0x00000000be500000|  0%| F|  |TAMS 0x00000000be400000, 0x00000000be400000| Untracked 
| 997|0x00000000be500000, 0x00000000be500000, 0x00000000be600000|  0%| F|  |TAMS 0x00000000be500000, 0x00000000be500000| Untracked 
| 998|0x00000000be600000, 0x00000000be600000, 0x00000000be700000|  0%| F|  |TAMS 0x00000000be600000, 0x00000000be600000| Untracked 
| 999|0x00000000be700000, 0x00000000be700000, 0x00000000be800000|  0%| F|  |TAMS 0x00000000be700000, 0x00000000be700000| Untracked 
|1000|0x00000000be800000, 0x00000000be800000, 0x00000000be900000|  0%| F|  |TAMS 0x00000000be800000, 0x00000000be800000| Untracked 
|1001|0x00000000be900000, 0x00000000be900000, 0x00000000bea00000|  0%| F|  |TAMS 0x00000000be900000, 0x00000000be900000| Untracked 
|1002|0x00000000bea00000, 0x00000000bea00000, 0x00000000beb00000|  0%| F|  |TAMS 0x00000000bea00000, 0x00000000bea00000| Untracked 
|1003|0x00000000beb00000, 0x00000000beb00000, 0x00000000bec00000|  0%| F|  |TAMS 0x00000000beb00000, 0x00000000beb00000| Untracked 
|1004|0x00000000bec00000, 0x00000000bec00000, 0x00000000bed00000|  0%| F|  |TAMS 0x00000000bec00000, 0x00000000bec00000| Untracked 
|1005|0x00000000bed00000, 0x00000000bed00000, 0x00000000bee00000|  0%| F|  |TAMS 0x00000000bed00000, 0x00000000bed00000| Untracked 
|1006|0x00000000bee00000, 0x00000000bee00000, 0x00000000bef00000|  0%| F|  |TAMS 0x00000000bee00000, 0x00000000bee00000| Untracked 
|1007|0x00000000bef00000, 0x00000000bef00000, 0x00000000bf000000|  0%| F|  |TAMS 0x00000000bef00000, 0x00000000bef00000| Untracked 
|1008|0x00000000bf000000, 0x00000000bf000000, 0x00000000bf100000|  0%| F|  |TAMS 0x00000000bf000000, 0x00000000bf000000| Untracked 
|1009|0x00000000bf100000, 0x00000000bf100000, 0x00000000bf200000|  0%| F|  |TAMS 0x00000000bf100000, 0x00000000bf100000| Untracked 
|1010|0x00000000bf200000, 0x00000000bf200000, 0x00000000bf300000|  0%| F|  |TAMS 0x00000000bf200000, 0x00000000bf200000| Untracked 
|1011|0x00000000bf300000, 0x00000000bf300000, 0x00000000bf400000|  0%| F|  |TAMS 0x00000000bf300000, 0x00000000bf300000| Untracked 
|1012|0x00000000bf400000, 0x00000000bf400000, 0x00000000bf500000|  0%| F|  |TAMS 0x00000000bf400000, 0x00000000bf400000| Untracked 
|1013|0x00000000bf500000, 0x00000000bf500000, 0x00000000bf600000|  0%| F|  |TAMS 0x00000000bf500000, 0x00000000bf500000| Untracked 
|1014|0x00000000bf600000, 0x00000000bf600000, 0x00000000bf700000|  0%| F|  |TAMS 0x00000000bf600000, 0x00000000bf600000| Untracked 
|1015|0x00000000bf700000, 0x00000000bf700000, 0x00000000bf800000|  0%| F|  |TAMS 0x00000000bf700000, 0x00000000bf700000| Untracked 
|1016|0x00000000bf800000, 0x00000000bf800000, 0x00000000bf900000|  0%| F|  |TAMS 0x00000000bf800000, 0x00000000bf800000| Untracked 
|1017|0x00000000bf900000, 0x00000000bf900000, 0x00000000bfa00000|  0%| F|  |TAMS 0x00000000bf900000, 0x00000000bf900000| Untracked 
|1018|0x00000000bfa00000, 0x00000000bfa00000, 0x00000000bfb00000|  0%| F|  |TAMS 0x00000000bfa00000, 0x00000000bfa00000| Untracked 
|1019|0x00000000bfb00000, 0x00000000bfb00000, 0x00000000bfc00000|  0%| F|  |TAMS 0x00000000bfb00000, 0x00000000bfb00000| Untracked 
|1020|0x00000000bfc00000, 0x00000000bfc00000, 0x00000000bfd00000|  0%| F|  |TAMS 0x00000000bfc00000, 0x00000000bfc00000| Untracked 
|1021|0x00000000bfd00000, 0x00000000bfd00000, 0x00000000bfe00000|  0%| F|  |TAMS 0x00000000bfd00000, 0x00000000bfd00000| Untracked 
|1022|0x00000000bfe00000, 0x00000000bfe00000, 0x00000000bff00000|  0%| F|  |TAMS 0x00000000bfe00000, 0x00000000bfe00000| Untracked 
|1023|0x00000000bff00000, 0x00000000bff00000, 0x00000000c0000000|  0%| F|  |TAMS 0x00000000bff00000, 0x00000000bff00000| Untracked 
|1024|0x00000000c0000000, 0x00000000c0000000, 0x00000000c0100000|  0%| F|  |TAMS 0x00000000c0000000, 0x00000000c0000000| Untracked 
|1025|0x00000000c0100000, 0x00000000c0100000, 0x00000000c0200000|  0%| F|  |TAMS 0x00000000c0100000, 0x00000000c0100000| Untracked 
|1026|0x00000000c0200000, 0x00000000c0200000, 0x00000000c0300000|  0%| F|  |TAMS 0x00000000c0200000, 0x00000000c0200000| Untracked 
|1027|0x00000000c0300000, 0x00000000c0300000, 0x00000000c0400000|  0%| F|  |TAMS 0x00000000c0300000, 0x00000000c0300000| Untracked 
|1028|0x00000000c0400000, 0x00000000c0400000, 0x00000000c0500000|  0%| F|  |TAMS 0x00000000c0400000, 0x00000000c0400000| Untracked 
|1029|0x00000000c0500000, 0x00000000c0500000, 0x00000000c0600000|  0%| F|  |TAMS 0x00000000c0500000, 0x00000000c0500000| Untracked 
|1030|0x00000000c0600000, 0x00000000c0600000, 0x00000000c0700000|  0%| F|  |TAMS 0x00000000c0600000, 0x00000000c0600000| Untracked 
|1031|0x00000000c0700000, 0x00000000c0700000, 0x00000000c0800000|  0%| F|  |TAMS 0x00000000c0700000, 0x00000000c0700000| Untracked 
|1032|0x00000000c0800000, 0x00000000c0800000, 0x00000000c0900000|  0%| F|  |TAMS 0x00000000c0800000, 0x00000000c0800000| Untracked 
|1033|0x00000000c0900000, 0x00000000c0900000, 0x00000000c0a00000|  0%| F|  |TAMS 0x00000000c0900000, 0x00000000c0900000| Untracked 
|1034|0x00000000c0a00000, 0x00000000c0a00000, 0x00000000c0b00000|  0%| F|  |TAMS 0x00000000c0a00000, 0x00000000c0a00000| Untracked 
|1035|0x00000000c0b00000, 0x00000000c0c00000, 0x00000000c0c00000|100%| S|CS|TAMS 0x00000000c0b00000, 0x00000000c0b00000| Complete 
|1036|0x00000000c0c00000, 0x00000000c0d00000, 0x00000000c0d00000|100%| S|CS|TAMS 0x00000000c0c00000, 0x00000000c0c00000| Complete 
|1037|0x00000000c0d00000, 0x00000000c0e00000, 0x00000000c0e00000|100%| S|CS|TAMS 0x00000000c0d00000, 0x00000000c0d00000| Complete 
|1038|0x00000000c0e00000, 0x00000000c0f00000, 0x00000000c0f00000|100%| S|CS|TAMS 0x00000000c0e00000, 0x00000000c0e00000| Complete 
|1039|0x00000000c0f00000, 0x00000000c1000000, 0x00000000c1000000|100%| S|CS|TAMS 0x00000000c0f00000, 0x00000000c0f00000| Complete 
|1040|0x00000000c1000000, 0x00000000c1100000, 0x00000000c1100000|100%| S|CS|TAMS 0x00000000c1000000, 0x00000000c1000000| Complete 
|1041|0x00000000c1100000, 0x00000000c1200000, 0x00000000c1200000|100%| S|CS|TAMS 0x00000000c1100000, 0x00000000c1100000| Complete 
|1042|0x00000000c1200000, 0x00000000c1200000, 0x00000000c1300000|  0%| F|  |TAMS 0x00000000c1200000, 0x00000000c1200000| Untracked 
|1043|0x00000000c1300000, 0x00000000c1300000, 0x00000000c1400000|  0%| F|  |TAMS 0x00000000c1300000, 0x00000000c1300000| Untracked 
|1044|0x00000000c1400000, 0x00000000c1400000, 0x00000000c1500000|  0%| F|  |TAMS 0x00000000c1400000, 0x00000000c1400000| Untracked 
|1045|0x00000000c1500000, 0x00000000c1500000, 0x00000000c1600000|  0%| F|  |TAMS 0x00000000c1500000, 0x00000000c1500000| Untracked 
|1046|0x00000000c1600000, 0x00000000c1600000, 0x00000000c1700000|  0%| F|  |TAMS 0x00000000c1600000, 0x00000000c1600000| Untracked 
|1047|0x00000000c1700000, 0x00000000c1700000, 0x00000000c1800000|  0%| F|  |TAMS 0x00000000c1700000, 0x00000000c1700000| Untracked 
|1048|0x00000000c1800000, 0x00000000c1800000, 0x00000000c1900000|  0%| F|  |TAMS 0x00000000c1800000, 0x00000000c1800000| Untracked 
|1049|0x00000000c1900000, 0x00000000c1900000, 0x00000000c1a00000|  0%| F|  |TAMS 0x00000000c1900000, 0x00000000c1900000| Untracked 
|1050|0x00000000c1a00000, 0x00000000c1a00000, 0x00000000c1b00000|  0%| F|  |TAMS 0x00000000c1a00000, 0x00000000c1a00000| Untracked 
|1051|0x00000000c1b00000, 0x00000000c1b00000, 0x00000000c1c00000|  0%| F|  |TAMS 0x00000000c1b00000, 0x00000000c1b00000| Untracked 
|1052|0x00000000c1c00000, 0x00000000c1c00000, 0x00000000c1d00000|  0%| F|  |TAMS 0x00000000c1c00000, 0x00000000c1c00000| Untracked 
|1053|0x00000000c1d00000, 0x00000000c1d00000, 0x00000000c1e00000|  0%| F|  |TAMS 0x00000000c1d00000, 0x00000000c1d00000| Untracked 
|1054|0x00000000c1e00000, 0x00000000c1e00000, 0x00000000c1f00000|  0%| F|  |TAMS 0x00000000c1e00000, 0x00000000c1e00000| Untracked 
|1055|0x00000000c1f00000, 0x00000000c1f00000, 0x00000000c2000000|  0%| F|  |TAMS 0x00000000c1f00000, 0x00000000c1f00000| Untracked 
|1056|0x00000000c2000000, 0x00000000c2000000, 0x00000000c2100000|  0%| F|  |TAMS 0x00000000c2000000, 0x00000000c2000000| Untracked 
|1057|0x00000000c2100000, 0x00000000c2180800, 0x00000000c2200000| 50%| E|  |TAMS 0x00000000c2100000, 0x00000000c2100000| Complete 
|1058|0x00000000c2200000, 0x00000000c2300000, 0x00000000c2300000|100%| E|CS|TAMS 0x00000000c2200000, 0x00000000c2200000| Complete 
|1059|0x00000000c2300000, 0x00000000c2400000, 0x00000000c2400000|100%| E|CS|TAMS 0x00000000c2300000, 0x00000000c2300000| Complete 
|1060|0x00000000c2400000, 0x00000000c2500000, 0x00000000c2500000|100%| E|CS|TAMS 0x00000000c2400000, 0x00000000c2400000| Complete 
|1061|0x00000000c2500000, 0x00000000c2600000, 0x00000000c2600000|100%| E|CS|TAMS 0x00000000c2500000, 0x00000000c2500000| Complete 
|1062|0x00000000c2600000, 0x00000000c2700000, 0x00000000c2700000|100%| E|CS|TAMS 0x00000000c2600000, 0x00000000c2600000| Complete 
|1063|0x00000000c2700000, 0x00000000c2800000, 0x00000000c2800000|100%| E|CS|TAMS 0x00000000c2700000, 0x00000000c2700000| Complete 
|1064|0x00000000c2800000, 0x00000000c2900000, 0x00000000c2900000|100%| E|CS|TAMS 0x00000000c2800000, 0x00000000c2800000| Complete 

Card table byte_map: [0x000002784a8f0000,0x000002784acf0000] _byte_map_base: 0x000002784a4f0000

Marking Bits (Prev, Next): (CMBitMap*) 0x00000278331df3a0, (CMBitMap*) 0x00000278331df3e0
 Prev Bits: [0x000002784b0f0000, 0x000002784d0f0000)
 Next Bits: [0x000002784d0f0000, 0x000002784f0f0000)

Polling page: 0x00000278310c0000

Metaspace:

Usage:
  Non-class:    114.42 MB used.
      Class:     17.85 MB used.
       Both:    132.27 MB used.

Virtual space:
  Non-class space:      128.00 MB reserved,     116.00 MB ( 91%) committed,  2 nodes.
      Class space:      416.00 MB reserved,      19.19 MB (  5%) committed,  1 nodes.
             Both:      544.00 MB reserved,     135.19 MB ( 25%) committed. 

Chunk freelists:
   Non-Class:  11.62 MB
       Class:  12.66 MB
        Both:  24.27 MB

MaxMetaspaceSize: 512.00 MB
CompressedClassSpaceSize: 416.00 MB
Initial GC threshold: 21.00 MB
Current GC threshold: 221.81 MB
CDS: on
MetaspaceReclaimPolicy: balanced
 - commit_granule_bytes: 65536.
 - commit_granule_words: 8192.
 - virtual_space_node_default_size: 8388608.
 - enlarge_chunks_in_place: 1.
 - new_chunks_are_fully_committed: 0.
 - uncommit_free_chunks: 1.
 - use_allocation_guard: 0.
 - handle_deallocations: 1.


Internal statistics:

num_allocs_failed_limit: 9.
num_arena_births: 4620.
num_arena_deaths: 0.
num_vsnodes_births: 3.
num_vsnodes_deaths: 0.
num_space_committed: 2162.
num_space_uncommitted: 0.
num_chunks_returned_to_freelist: 9.
num_chunks_taken_from_freelist: 11759.
num_chunk_merges: 9.
num_chunk_splits: 7047.
num_chunks_enlarged: 3652.
num_inconsistent_stats: 0.

CodeHeap 'non-profiled nmethods': size=119168Kb used=25181Kb max_used=25181Kb free=93986Kb
 bounds [0x00000278425f0000, 0x0000027843e90000, 0x0000027849a50000]
CodeHeap 'profiled nmethods': size=119104Kb used=51456Kb max_used=51456Kb free=67647Kb
 bounds [0x000002783aa50000, 0x000002783dca0000, 0x0000027841ea0000]
CodeHeap 'non-nmethods': size=7488Kb used=2519Kb max_used=4273Kb free=4968Kb
 bounds [0x0000027841ea0000, 0x00000278422d0000, 0x00000278425f0000]
 total_blobs=27400 nmethods=26330 adapters=981
 compilation: enabled
              stopped_count=0, restarted_count=0
 full_count=0

Compilation events (20 events):
Event: 3115.593 Thread 0x0000027851608820 32692       3       com.android.build.gradle.internal.cxx.json.AndroidBuildGradleJsons$MiniConfigBuildingVisitor::visitLibraryOutput (41 bytes)
Event: 3115.600 Thread 0x0000027851608820 nmethod 32692 0x000002783dc8d990 code [0x000002783dc8db60, 0x000002783dc8e018]
Event: 3115.811 Thread 0x0000027851608820 32693       3       org.gradle.internal.snapshot.SingletonChildMap::store (24 bytes)
Event: 3115.813 Thread 0x0000027851607b00 32694       4       org.gradle.internal.file.FilePathUtil::sizeOfCommonPrefix (142 bytes)
Event: 3115.822 Thread 0x0000027851608820 nmethod 32693 0x000002783dc8e210 code [0x000002783dc8e3e0, 0x000002783dc8e948]
Event: 3115.858 Thread 0x0000027851607b00 nmethod 32694 0x0000027843e86290 code [0x0000027843e86420, 0x0000027843e86d98]
Event: 3116.027 Thread 0x0000027851608820 32695       1       org.gradle.api.internal.provider.DefaultConfigurationTimeBarrier::isAtConfigurationTime (5 bytes)
Event: 3116.027 Thread 0x0000027851608820 nmethod 32695 0x0000027843e87090 code [0x0000027843e87220, 0x0000027843e872f8]
Event: 3124.452 Thread 0x0000027851608820 32696       3       org.gradle.internal.file.FileHierarchySet$PrefixFileSet::toAbsolutePath (26 bytes)
Event: 3124.487 Thread 0x0000027851608820 nmethod 32696 0x000002783dc8eb10 code [0x000002783dc8ecc0, 0x000002783dc8eee8]
Event: 3124.487 Thread 0x0000027851608820 32697       3       org.gradle.internal.execution.steps.InputChangesContext::<init> (16 bytes)
Event: 3124.617 Thread 0x0000027851608820 nmethod 32697 0x000002783dc8f010 code [0x000002783dc8f280, 0x000002783dc900b8]
Event: 3126.776 Thread 0x0000027851608820 32700       1       org.gradle.api.internal.tasks.TaskStateInternal::getDidWork (5 bytes)
Event: 3126.776 Thread 0x0000027851608820 nmethod 32700 0x0000027843e87390 code [0x0000027843e87520, 0x0000027843e875f8]
Event: 3126.776 Thread 0x0000027851608820 32706       3       org.gradle.internal.watch.vfs.impl.FileWatchingFilter::lambda$locationsWritten$0 (41 bytes)
Event: 3126.781 Thread 0x0000027851608820 nmethod 32706 0x000002783dc90590 code [0x000002783dc90780, 0x000002783dc90d58]
Event: 3126.781 Thread 0x0000027851608820 32703   !   3       jdk.proxy1.$Proxy34::invalidateCachesFor (34 bytes)
Event: 3126.789 Thread 0x0000027851608820 nmethod 32703 0x000002783dc90f10 code [0x000002783dc910e0, 0x000002783dc915f8]
Event: 3126.789 Thread 0x0000027851608820 32704       3       org.gradle.internal.service.scopes.VirtualFileSystemServices$BuildSessionServices$$Lambda$238/0x00000278543168b0::invalidateCachesFor (9 bytes)
Event: 3126.860 Thread 0x0000027851608820 nmethod 32704 0x000002783dc91810 code [0x000002783dc91b20, 0x000002783dc92f98]

GC Heap History (20 events):
Event: 397.662 GC heap before
{Heap before GC invocations=108 (full 0):
 garbage-first heap   total 558080K, used 522079K [0x0000000080000000, 0x0000000100000000)
  region size 1024K, 27 young (27648K), 4 survivors (4096K)
 Metaspace       used 133411K, committed 136256K, reserved 557056K
  class space    used 18184K, committed 19520K, reserved 425984K
}
Event: 397.666 GC heap after
{Heap after GC invocations=109 (full 0):
 garbage-first heap   total 558080K, used 500428K [0x0000000080000000, 0x0000000100000000)
  region size 1024K, 2 young (2048K), 2 survivors (2048K)
 Metaspace       used 133411K, committed 136256K, reserved 557056K
  class space    used 18184K, committed 19520K, reserved 425984K
}
Event: 398.681 GC heap before
{Heap before GC invocations=110 (full 0):
 garbage-first heap   total 838656K, used 538316K [0x0000000080000000, 0x0000000100000000)
  region size 1024K, 40 young (40960K), 2 survivors (2048K)
 Metaspace       used 133495K, committed 136320K, reserved 557056K
  class space    used 18190K, committed 19520K, reserved 425984K
}
Event: 398.690 GC heap after
{Heap after GC invocations=111 (full 0):
 garbage-first heap   total 838656K, used 505376K [0x0000000080000000, 0x0000000100000000)
  region size 1024K, 5 young (5120K), 5 survivors (5120K)
 Metaspace       used 133495K, committed 136320K, reserved 557056K
  class space    used 18190K, committed 19520K, reserved 425984K
}
Event: 399.085 GC heap before
{Heap before GC invocations=111 (full 0):
 garbage-first heap   total 838656K, used 541216K [0x0000000080000000, 0x0000000100000000)
  region size 1024K, 40 young (40960K), 5 survivors (5120K)
 Metaspace       used 133522K, committed 136320K, reserved 557056K
  class space    used 18191K, committed 19520K, reserved 425984K
}
Event: 399.100 GC heap after
{Heap after GC invocations=112 (full 0):
 garbage-first heap   total 838656K, used 440154K [0x0000000080000000, 0x0000000100000000)
  region size 1024K, 5 young (5120K), 5 survivors (5120K)
 Metaspace       used 133522K, committed 136320K, reserved 557056K
  class space    used 18191K, committed 19520K, reserved 425984K
}
Event: 399.310 GC heap before
{Heap before GC invocations=112 (full 0):
 garbage-first heap   total 838656K, used 474970K [0x0000000080000000, 0x0000000100000000)
  region size 1024K, 40 young (40960K), 5 survivors (5120K)
 Metaspace       used 133551K, committed 136384K, reserved 557056K
  class space    used 18191K, committed 19520K, reserved 425984K
}
Event: 399.345 GC heap after
{Heap after GC invocations=113 (full 0):
 garbage-first heap   total 838656K, used 392303K [0x0000000080000000, 0x0000000100000000)
  region size 1024K, 5 young (5120K), 5 survivors (5120K)
 Metaspace       used 133551K, committed 136384K, reserved 557056K
  class space    used 18191K, committed 19520K, reserved 425984K
}
Event: 399.763 GC heap before
{Heap before GC invocations=113 (full 0):
 garbage-first heap   total 838656K, used 428143K [0x0000000080000000, 0x0000000100000000)
  region size 1024K, 40 young (40960K), 5 survivors (5120K)
 Metaspace       used 133590K, committed 136448K, reserved 557056K
  class space    used 18191K, committed 19520K, reserved 425984K
}
Event: 399.831 GC heap after
{Heap after GC invocations=114 (full 0):
 garbage-first heap   total 838656K, used 366695K [0x0000000080000000, 0x0000000100000000)
  region size 1024K, 5 young (5120K), 5 survivors (5120K)
 Metaspace       used 133590K, committed 136448K, reserved 557056K
  class space    used 18191K, committed 19520K, reserved 425984K
}
Event: 403.706 GC heap before
{Heap before GC invocations=114 (full 0):
 garbage-first heap   total 838656K, used 648295K [0x0000000080000000, 0x0000000100000000)
  region size 1024K, 281 young (287744K), 5 survivors (5120K)
 Metaspace       used 134089K, committed 136896K, reserved 557056K
  class space    used 18208K, committed 19520K, reserved 425984K
}
Event: 403.753 GC heap after
{Heap after GC invocations=115 (full 0):
 garbage-first heap   total 1090560K, used 410310K [0x0000000080000000, 0x0000000100000000)
  region size 1024K, 36 young (36864K), 36 survivors (36864K)
 Metaspace       used 134089K, committed 136896K, reserved 557056K
  class space    used 18208K, committed 19520K, reserved 425984K
}
Event: 429.555 GC heap before
{Heap before GC invocations=115 (full 0):
 garbage-first heap   total 1090560K, used 749254K [0x0000000080000000, 0x0000000100000000)
  region size 1024K, 368 young (376832K), 36 survivors (36864K)
 Metaspace       used 134315K, committed 137152K, reserved 557056K
  class space    used 18224K, committed 19584K, reserved 425984K
}
Event: 429.675 GC heap after
{Heap after GC invocations=116 (full 0):
 garbage-first heap   total 1090560K, used 424049K [0x0000000080000000, 0x0000000100000000)
  region size 1024K, 13 young (13312K), 13 survivors (13312K)
 Metaspace       used 134315K, committed 137152K, reserved 557056K
  class space    used 18224K, committed 19584K, reserved 425984K
}
Event: 3071.772 GC heap before
{Heap before GC invocations=116 (full 0):
 garbage-first heap   total 1090560K, used 836721K [0x0000000080000000, 0x0000000100000000)
  region size 1024K, 417 young (427008K), 13 survivors (13312K)
 Metaspace       used 134967K, committed 137856K, reserved 557056K
  class space    used 18249K, committed 19584K, reserved 425984K
}
Event: 3071.901 GC heap after
{Heap after GC invocations=117 (full 0):
 garbage-first heap   total 1090560K, used 450221K [0x0000000080000000, 0x0000000100000000)
  region size 1024K, 38 young (38912K), 38 survivors (38912K)
 Metaspace       used 134967K, committed 137856K, reserved 557056K
  class space    used 18249K, committed 19584K, reserved 425984K
}
Event: 3113.530 GC heap before
{Heap before GC invocations=117 (full 0):
 garbage-first heap   total 1090560K, used 865965K [0x0000000080000000, 0x0000000100000000)
  region size 1024K, 445 young (455680K), 38 survivors (38912K)
 Metaspace       used 135443K, committed 138432K, reserved 557056K
  class space    used 18278K, committed 19648K, reserved 425984K
}
Event: 3114.248 GC heap after
{Heap after GC invocations=118 (full 0):
 garbage-first heap   total 1090560K, used 497198K [0x0000000080000000, 0x0000000100000000)
  region size 1024K, 49 young (50176K), 49 survivors (50176K)
 Metaspace       used 135443K, committed 138432K, reserved 557056K
  class space    used 18278K, committed 19648K, reserved 425984K
}
Event: 3125.711 GC heap before
{Heap before GC invocations=118 (full 0):
 garbage-first heap   total 1090560K, used 520750K [0x0000000080000000, 0x0000000100000000)
  region size 1024K, 72 young (73728K), 49 survivors (50176K)
 Metaspace       used 135444K, committed 138432K, reserved 557056K
  class space    used 18278K, committed 19648K, reserved 425984K
}
Event: 3125.774 GC heap after
{Heap after GC invocations=119 (full 0):
 garbage-first heap   total 1090560K, used 503537K [0x0000000080000000, 0x0000000100000000)
  region size 1024K, 7 young (7168K), 7 survivors (7168K)
 Metaspace       used 135444K, committed 138432K, reserved 557056K
  class space    used 18278K, committed 19648K, reserved 425984K
}

Deoptimization events (20 events):
Event: 3079.002 Thread 0x00000278769f80c0 Uncommon trap: trap_request=0xffffff45 fr.pc=0x0000027843709024 relative=0x00000000000010a4
Event: 3079.002 Thread 0x00000278769f80c0 Uncommon trap: reason=unstable_if action=reinterpret pc=0x0000027843709024 method=org.gradle.internal.snapshot.VfsRelativePath.lengthOfCommonPrefix(Ljava/lang/String;Lorg/gradle/internal/snapshot/CaseSensitivity;)I @ 117 c2
Event: 3079.002 Thread 0x00000278769f80c0 DEOPT PACKING pc=0x0000027843709024 sp=0x00000087b13fda10
Event: 3079.002 Thread 0x00000278769f80c0 DEOPT UNPACKING pc=0x0000027841ef23a3 sp=0x00000087b13fd8c8 mode 2
Event: 3079.005 Thread 0x00000278769f80c0 Uncommon trap: trap_request=0xffffff45 fr.pc=0x0000027842d493c8 relative=0x00000000000006a8
Event: 3079.005 Thread 0x00000278769f80c0 Uncommon trap: reason=unstable_if action=reinterpret pc=0x0000027842d493c8 method=org.gradle.internal.file.FilePathUtil.sizeOfCommonPrefix(Ljava/lang/String;Ljava/lang/String;IC)I @ 97 c2
Event: 3079.005 Thread 0x00000278769f80c0 DEOPT PACKING pc=0x0000027842d493c8 sp=0x00000087b13fb2a0
Event: 3079.005 Thread 0x00000278769f80c0 DEOPT UNPACKING pc=0x0000027841ef23a3 sp=0x00000087b13fb220 mode 2
Event: 3079.153 Thread 0x00000278769f80c0 Uncommon trap: trap_request=0xffffff45 fr.pc=0x0000027842612ff4 relative=0x0000000000000b54
Event: 3079.153 Thread 0x00000278769f80c0 Uncommon trap: reason=unstable_if action=reinterpret pc=0x0000027842612ff4 method=java.io.WinNTFileSystem.resolve(Ljava/lang/String;Ljava/lang/String;)Ljava/lang/String; @ 70 c2
Event: 3079.153 Thread 0x00000278769f80c0 DEOPT PACKING pc=0x0000027842612ff4 sp=0x00000087b13f9b00
Event: 3079.154 Thread 0x00000278769f80c0 DEOPT UNPACKING pc=0x0000027841ef23a3 sp=0x00000087b13f9a28 mode 2
Event: 3128.384 Thread 0x000002787e273800 Uncommon trap: trap_request=0x000000eb fr.pc=0x0000027843e78884 relative=0x0000000000001564
Event: 3128.385 Thread 0x000002787e273800 Uncommon trap: reason=unloaded action=reinterpret pc=0x0000027843e78884 method=sun.nio.fs.WindowsFileSystemProvider.implDelete(Ljava/nio/file/Path;Z)Z @ 115 c2
Event: 3128.385 Thread 0x000002787e273800 DEOPT PACKING pc=0x0000027843e78884 sp=0x00000087b26fb5e0
Event: 3128.386 Thread 0x000002787e273800 DEOPT UNPACKING pc=0x0000027841ef23a3 sp=0x00000087b26fb5b8 mode 2
Event: 3128.394 Thread 0x000002787e273800 Uncommon trap: trap_request=0xffffff45 fr.pc=0x0000027843e7a414 relative=0x0000000000000774
Event: 3128.394 Thread 0x000002787e273800 Uncommon trap: reason=unstable_if action=reinterpret pc=0x0000027843e7a414 method=org.gradle.internal.file.impl.DefaultDeleter.tryHardToDelete(Ljava/io/File;)Lorg/gradle/internal/file/impl/DefaultDeleter$FileDeletionResult; @ 10 c2
Event: 3128.394 Thread 0x000002787e273800 DEOPT PACKING pc=0x0000027843e7a414 sp=0x00000087b26fb670
Event: 3128.394 Thread 0x000002787e273800 DEOPT UNPACKING pc=0x0000027841ef23a3 sp=0x00000087b26fb628 mode 2

Classes unloaded (0 events):
No events

Classes redefined (0 events):
No events

Internal exceptions (20 events):
Event: 3069.308 Thread 0x00000278772619f0 Exception <a 'sun/nio/fs/WindowsException'{0x00000000b0c1f0b8}> (0x00000000b0c1f0b8) 
thrown [s\open\src\hotspot\share\prims\jni.cpp, line 516]
Event: 3069.308 Thread 0x00000278772619f0 Exception <a 'sun/nio/fs/WindowsException'{0x00000000b0c213d8}> (0x00000000b0c213d8) 
thrown [s\open\src\hotspot\share\prims\jni.cpp, line 516]
Event: 3069.308 Thread 0x00000278772619f0 Exception <a 'sun/nio/fs/WindowsException'{0x00000000b0c23638}> (0x00000000b0c23638) 
thrown [s\open\src\hotspot\share\prims\jni.cpp, line 516]
Event: 3069.309 Thread 0x00000278772619f0 Exception <a 'sun/nio/fs/WindowsException'{0x00000000b0c254e0}> (0x00000000b0c254e0) 
thrown [s\open\src\hotspot\share\prims\jni.cpp, line 516]
Event: 3069.583 Thread 0x0000027800375300 Exception <a 'sun/nio/fs/WindowsException'{0x00000000afa4a970}> (0x00000000afa4a970) 
thrown [s\open\src\hotspot\share\prims\jni.cpp, line 516]
Event: 3070.070 Thread 0x0000027800375300 Exception <a 'sun/nio/fs/WindowsException'{0x00000000aef5ac50}> (0x00000000aef5ac50) 
thrown [s\open\src\hotspot\share\prims\jni.cpp, line 516]
Event: 3076.941 Thread 0x0000027800375300 Exception <a 'java/lang/ClassNotFoundException'{0x00000000afba7888}: com/android/build/gradle/tasks/ExternalNativeCleanTask_DecoratedBeanInfo> (0x00000000afba7888) 
thrown [s\open\src\hotspot\share\classfile\systemDictionary.cpp, line 256]
Event: 3076.944 Thread 0x0000027800375300 Exception <a 'java/lang/ClassNotFoundException'{0x00000000afbb6808}: com/android/build/gradle/tasks/ExternalNativeCleanTaskBeanInfo> (0x00000000afbb6808) 
thrown [s\open\src\hotspot\share\classfile\systemDictionary.cpp, line 256]
Event: 3076.945 Thread 0x0000027800375300 Exception <a 'java/lang/ClassNotFoundException'{0x00000000afbc5878}: com/android/build/gradle/tasks/ExternalNativeCleanTaskCustomizer> (0x00000000afbc5878) 
thrown [s\open\src\hotspot\share\classfile\systemDictionary.cpp, line 256]
Event: 3076.950 Thread 0x0000027800375300 Exception <a 'java/lang/ClassNotFoundException'{0x00000000afbe7910}: com/android/build/gradle/tasks/ExternalNativeCleanTask_DecoratedCustomizer> (0x00000000afbe7910) 
thrown [s\open\src\hotspot\share\classfile\systemDictionary.cpp, line 256]
Event: 3076.959 Thread 0x0000027800375300 Exception <a 'java/lang/IncompatibleClassChangeError'{0x00000000afa2d2f0}: Found class java.lang.Object, but interface was expected> (0x00000000afa2d2f0) 
thrown [s\open\src\hotspot\share\interpreter\linkResolver.cpp, line 826]
Event: 3111.600 Thread 0x000002787e273800 Exception <a 'java/lang/ClassNotFoundException'{0x00000000a971bcf0}: FSService_DecoratedBeanInfo> (0x00000000a971bcf0) 
thrown [s\open\src\hotspot\share\classfile\systemDictionary.cpp, line 256]
Event: 3111.608 Thread 0x000002787e273800 Exception <a 'java/lang/ClassNotFoundException'{0x00000000a972cd80}: FSService_DecoratedCustomizer> (0x00000000a972cd80) 
thrown [s\open\src\hotspot\share\classfile\systemDictionary.cpp, line 256]
Event: 3111.706 Thread 0x000002787e273800 Exception <a 'java/lang/ClassNotFoundException'{0x00000000a9770308}: org/gradle/api/internal/file/DefaultFileSystemOperations_DecoratedBeanInfo> (0x00000000a9770308) 
thrown [s\open\src\hotspot\share\classfile\systemDictionary.cpp, line 256]
Event: 3111.711 Thread 0x000002787e273800 Exception <a 'java/lang/ClassNotFoundException'{0x00000000a9786968}: org/gradle/api/internal/file/DefaultFileSystemOperationsBeanInfo> (0x00000000a9786968) 
thrown [s\open\src\hotspot\share\classfile\systemDictionary.cpp, line 256]
Event: 3111.717 Thread 0x000002787e273800 Exception <a 'java/lang/ClassNotFoundException'{0x00000000a979d090}: org/gradle/api/internal/file/DefaultFileSystemOperationsCustomizer> (0x00000000a979d090) 
thrown [s\open\src\hotspot\share\classfile\systemDictionary.cpp, line 256]
Event: 3111.728 Thread 0x000002787e273800 Exception <a 'java/lang/ClassNotFoundException'{0x00000000a97c08a0}: org/gradle/api/internal/file/DefaultFileSystemOperations_DecoratedCustomizer> (0x00000000a97c08a0) 
thrown [s\open\src\hotspot\share\classfile\systemDictionary.cpp, line 256]
Event: 3111.778 Thread 0x000002787e273800 Exception <a 'java/lang/ClassNotFoundException'{0x00000000a9601ed8}: org/gradle/api/internal/file/delete/DefaultDeleteSpecBeanInfo> (0x00000000a9601ed8) 
thrown [s\open\src\hotspot\share\classfile\systemDictionary.cpp, line 256]
Event: 3111.782 Thread 0x000002787e273800 Exception <a 'java/lang/ClassNotFoundException'{0x00000000a9619958}: org/gradle/api/internal/file/delete/DefaultDeleteSpecCustomizer> (0x00000000a9619958) 
thrown [s\open\src\hotspot\share\classfile\systemDictionary.cpp, line 256]
Event: 3128.383 Thread 0x000002787e273800 Exception <a 'sun/nio/fs/WindowsException'{0x00000000c2156588}> (0x00000000c2156588) 
thrown [s\open\src\hotspot\share\prims\jni.cpp, line 516]

VM Operations (20 events):
Event: 3087.026 Executing VM operation: Cleanup done
Event: 3094.096 Executing VM operation: Cleanup
Event: 3094.096 Executing VM operation: Cleanup done
Event: 3097.124 Executing VM operation: Cleanup
Event: 3097.124 Executing VM operation: Cleanup done
Event: 3105.208 Executing VM operation: Cleanup
Event: 3105.210 Executing VM operation: Cleanup done
Event: 3106.223 Executing VM operation: Cleanup
Event: 3106.224 Executing VM operation: Cleanup done
Event: 3107.234 Executing VM operation: Cleanup
Event: 3107.234 Executing VM operation: Cleanup done
Event: 3112.287 Executing VM operation: Cleanup
Event: 3112.304 Executing VM operation: Cleanup done
Event: 3113.528 Executing VM operation: G1CollectForAllocation
Event: 3114.249 Executing VM operation: G1CollectForAllocation done
Event: 3125.709 Executing VM operation: G1CollectForAllocation
Event: 3125.774 Executing VM operation: G1CollectForAllocation done
Event: 3126.786 Executing VM operation: HandshakeAllThreads
Event: 3126.788 Executing VM operation: HandshakeAllThreads done
Event: 3128.396 Executing VM operation: G1CollectFull

Events (20 events):
Event: 3071.749 Thread 0x0000027874ade1f0 Thread added: 0x0000027874ade1f0
Event: 3071.749 Thread 0x0000027874ae0560 Thread added: 0x0000027874ae0560
Event: 3071.749 Thread 0x0000027874ae0a70 Thread added: 0x0000027874ae0a70
Event: 3072.210 Thread 0x00000278021e7370 Thread added: 0x00000278021e7370
Event: 3072.231 Thread 0x000002787ee0a7f0 Thread added: 0x000002787ee0a7f0
Event: 3072.231 Thread 0x000002787ee0ad00 Thread added: 0x000002787ee0ad00
Event: 3074.156 Thread 0x0000027801593e50 Thread added: 0x0000027801593e50
Event: 3074.383 Thread 0x0000027801593e50 Thread exited: 0x0000027801593e50
Event: 3075.235 Thread 0x00000278526bd5d0 Thread added: 0x00000278526bd5d0
Event: 3075.345 Thread 0x00000278750b4f70 Thread added: 0x00000278750b4f70
Event: 3075.794 Thread 0x00000278750b4f70 Thread exited: 0x00000278750b4f70
Event: 3075.797 Thread 0x00000278526bd5d0 Thread exited: 0x00000278526bd5d0
Event: 3076.836 Thread 0x00000278775d5060 Thread added: 0x00000278775d5060
Event: 3076.951 Thread 0x00000278775d5060 Thread exited: 0x00000278775d5060
Event: 3076.978 Thread 0x0000027830d12790 Thread added: 0x0000027830d12790
Event: 3078.622 Thread 0x000002787d97e3a0 Thread exited: 0x000002787d97e3a0
Event: 3078.622 Thread 0x000002787d97d900 Thread exited: 0x000002787d97d900
Event: 3079.805 Thread 0x000002780239e980 Thread exited: 0x000002780239e980
Event: 3080.036 Thread 0x00000278730d08c0 Thread added: 0x00000278730d08c0
Event: 3081.913 Thread 0x00000278730d08c0 Thread exited: 0x00000278730d08c0


Dynamic libraries:
0x00007ff6a7580000 - 0x00007ff6a7590000 	C:\Program Files\Java\jdk-17\bin\java.exe
0x00007ffb12b60000 - 0x00007ffb12dc7000 	C:\WINDOWS\SYSTEM32\ntdll.dll
0x00007ffb115b0000 - 0x00007ffb11679000 	C:\WINDOWS\System32\KERNEL32.DLL
0x00007ffb0fa80000 - 0x00007ffb0fe74000 	C:\WINDOWS\System32\KERNELBASE.dll
0x00007ffb0fe80000 - 0x00007ffb0ffcb000 	C:\WINDOWS\System32\ucrtbase.dll
0x00007ffab7900000 - 0x00007ffab791b000 	C:\Program Files\Java\jdk-17\bin\VCRUNTIME140.dll
0x00007ffabdb10000 - 0x00007ffabdb29000 	C:\Program Files\Java\jdk-17\bin\jli.dll
0x00007ffb10fa0000 - 0x00007ffb11056000 	C:\WINDOWS\System32\ADVAPI32.dll
0x00007ffb11900000 - 0x00007ffb119a9000 	C:\WINDOWS\System32\msvcrt.dll
0x00007ffb11840000 - 0x00007ffb118e7000 	C:\WINDOWS\System32\sechost.dll
0x00007ffb10a80000 - 0x00007ffb10b98000 	C:\WINDOWS\System32\RPCRT4.dll
0x00007ffb113e0000 - 0x00007ffb115a5000 	C:\WINDOWS\System32\USER32.dll
0x00007ffb0f4c0000 - 0x00007ffb0f4e7000 	C:\WINDOWS\System32\win32u.dll
0x00007ffaea300000 - 0x00007ffaea593000 	C:\WINDOWS\WinSxS\amd64_microsoft.windows.common-controls_6595b64144ccf1df_6.0.26100.8115_none_3e075c82e3354f9c\COMCTL32.dll
0x00007ffb11330000 - 0x00007ffb1135b000 	C:\WINDOWS\System32\GDI32.dll
0x00007ffb0f4f0000 - 0x00007ffb0f61b000 	C:\WINDOWS\System32\gdi32full.dll
0x00007ffb0ffd0000 - 0x00007ffb10073000 	C:\WINDOWS\System32\msvcp_win.dll
0x00007ffb08720000 - 0x00007ffb0872b000 	C:\WINDOWS\SYSTEM32\VERSION.dll
0x00007ffb10f60000 - 0x00007ffb10f92000 	C:\WINDOWS\System32\IMM32.DLL
0x00007ffb0c800000 - 0x00007ffb0c80c000 	C:\Program Files\Java\jdk-17\bin\vcruntime140_1.dll
0x00007ffab7870000 - 0x00007ffab78fe000 	C:\Program Files\Java\jdk-17\bin\msvcp140.dll
0x00007ffa43690000 - 0x00007ffa44271000 	C:\Program Files\Java\jdk-17\bin\server\jvm.dll
0x00007ffb12600000 - 0x00007ffb12608000 	C:\WINDOWS\System32\PSAPI.DLL
0x00007ffafce00000 - 0x00007ffafce36000 	C:\WINDOWS\SYSTEM32\WINMM.dll
0x00007ffade430000 - 0x00007ffade43a000 	C:\WINDOWS\SYSTEM32\WSOCK32.dll
0x00007ffb11c30000 - 0x00007ffb11cb0000 	C:\WINDOWS\System32\WS2_32.dll
0x00007ffb0e190000 - 0x00007ffb0e1ab000 	C:\WINDOWS\SYSTEM32\kernel.appcore.dll
0x00007ffad5a10000 - 0x00007ffad5a1a000 	C:\Program Files\Java\jdk-17\bin\jimage.dll
0x00007ffb0cf50000 - 0x00007ffb0d192000 	C:\WINDOWS\SYSTEM32\DBGHELP.DLL
0x00007ffb10ba0000 - 0x00007ffb10f22000 	C:\WINDOWS\System32\combase.dll
0x00007ffb11200000 - 0x00007ffb112d8000 	C:\WINDOWS\System32\OLEAUT32.dll
0x00007ffae5bf0000 - 0x00007ffae5c2b000 	C:\WINDOWS\SYSTEM32\dbgcore.DLL
0x00007ffb0f620000 - 0x00007ffb0f6c5000 	C:\WINDOWS\System32\bcryptPrimitives.dll
0x00007ffacae20000 - 0x00007ffacae2e000 	C:\Program Files\Java\jdk-17\bin\instrument.dll
0x00007ffa9ba80000 - 0x00007ffa9baa5000 	C:\Program Files\Java\jdk-17\bin\java.dll
0x00007ffa5b3b0000 - 0x00007ffa5b487000 	C:\Program Files\Java\jdk-17\bin\jsvml.dll
0x00007ffb11e20000 - 0x00007ffb12587000 	C:\WINDOWS\System32\SHELL32.dll
0x00007ffb0f6d0000 - 0x00007ffb0f83a000 	C:\WINDOWS\System32\wintypes.dll
0x00007ffb10080000 - 0x00007ffb108e8000 	C:\WINDOWS\System32\windows.storage.dll
0x00007ffb108f0000 - 0x00007ffb109e8000 	C:\WINDOWS\System32\SHCORE.dll
0x00007ffb12590000 - 0x00007ffb125f6000 	C:\WINDOWS\System32\shlwapi.dll
0x00007ffb0f350000 - 0x00007ffb0f379000 	C:\WINDOWS\SYSTEM32\profapi.dll
0x00007ffab42c0000 - 0x00007ffab42d8000 	C:\Program Files\Java\jdk-17\bin\zip.dll
0x00007ffab7850000 - 0x00007ffab7869000 	C:\Program Files\Java\jdk-17\bin\net.dll
0x00007ffb08210000 - 0x00007ffb0833d000 	C:\WINDOWS\SYSTEM32\WINHTTP.dll
0x00007ffb0e730000 - 0x00007ffb0e79c000 	C:\WINDOWS\system32\mswsock.dll
0x00007ffab4ab0000 - 0x00007ffab4ac6000 	C:\Program Files\Java\jdk-17\bin\nio.dll
0x00007ffacccf0000 - 0x00007ffaccd00000 	C:\Program Files\Java\jdk-17\bin\verify.dll
0x00007ffb06a10000 - 0x00007ffb06a37000 	C:\Users\jibri\.gradle\native\1def1411415f61bf3af743bc5b6707747c0891f09f0c88961ee8f79bc544acac\windows-amd64\native-platform.dll
0x00007ffb05000000 - 0x00007ffb05077000 	C:\Users\jibri\.gradle\native\0.2.8\x86_64-windows-gnu\gradle-fileevents.dll
0x00007ffacd070000 - 0x00007ffacd07a000 	C:\Program Files\Java\jdk-17\bin\management.dll
0x00007ffaccd70000 - 0x00007ffaccd7b000 	C:\Program Files\Java\jdk-17\bin\management_ext.dll
0x00007ffb0dbb0000 - 0x00007ffb0dbe2000 	C:\WINDOWS\SYSTEM32\IPHLPAPI.DLL
0x00007ffb119b0000 - 0x00007ffb119ba000 	C:\WINDOWS\System32\NSI.dll
0x00007ffb08760000 - 0x00007ffb0877d000 	C:\WINDOWS\SYSTEM32\dhcpcsvc6.DLL
0x00007ffb08730000 - 0x00007ffb08755000 	C:\WINDOWS\SYSTEM32\dhcpcsvc.DLL
0x00007ffb0dc50000 - 0x00007ffb0dd82000 	C:\WINDOWS\SYSTEM32\DNSAPI.dll
0x00007ffb0ea10000 - 0x00007ffb0ea2b000 	C:\WINDOWS\SYSTEM32\CRYPTSP.dll
0x00007ffb0e0f0000 - 0x00007ffb0e129000 	C:\WINDOWS\system32\rsaenh.dll
0x00007ffb0e7e0000 - 0x00007ffb0e813000 	C:\WINDOWS\SYSTEM32\USERENV.dll
0x00007ffb0f320000 - 0x00007ffb0f34a000 	C:\WINDOWS\SYSTEM32\bcrypt.dll
0x00007ffb0ea30000 - 0x00007ffb0ea3c000 	C:\WINDOWS\SYSTEM32\CRYPTBASE.dll
0x00007ffac59f0000 - 0x00007ffac59fe000 	C:\Program Files\Java\jdk-17\bin\sunmscapi.dll
0x00007ffb0f840000 - 0x00007ffb0f9b7000 	C:\WINDOWS\System32\CRYPT32.dll
0x00007ffb0ec30000 - 0x00007ffb0ec60000 	C:\WINDOWS\SYSTEM32\ncrypt.dll
0x00007ffb0ebe0000 - 0x00007ffb0ec1f000 	C:\WINDOWS\SYSTEM32\NTASN1.dll
0x00007ffae5960000 - 0x00007ffae5968000 	C:\WINDOWS\system32\wshunix.dll

dbghelp: loaded successfully - version: 4.0.5 - missing functions: none
symbol engine: initialized successfully - sym options: 0x614 - pdb path: .;C:\Program Files\Java\jdk-17\bin;C:\WINDOWS\SYSTEM32;C:\WINDOWS\WinSxS\amd64_microsoft.windows.common-controls_6595b64144ccf1df_6.0.26100.8115_none_3e075c82e3354f9c;C:\Program Files\Java\jdk-17\bin\server;C:\Users\jibri\.gradle\native\1def1411415f61bf3af743bc5b6707747c0891f09f0c88961ee8f79bc544acac\windows-amd64;C:\Users\jibri\.gradle\native\0.2.8\x86_64-windows-gnu

VM Arguments:
jvm_args: --add-opens=java.base/java.lang=ALL-UNNAMED --add-opens=java.base/java.lang.invoke=ALL-UNNAMED --add-opens=java.base/java.util=ALL-UNNAMED --add-opens=java.prefs/java.util.prefs=ALL-UNNAMED --add-exports=jdk.compiler/com.sun.tools.javac.api=ALL-UNNAMED --add-exports=jdk.compiler/com.sun.tools.javac.util=ALL-UNNAMED --add-opens=java.base/java.util=ALL-UNNAMED --add-opens=java.prefs/java.util.prefs=ALL-UNNAMED --add-opens=java.base/java.nio.charset=ALL-UNNAMED --add-opens=java.base/java.net=ALL-UNNAMED --add-opens=java.base/java.util.concurrent=ALL-UNNAMED --add-opens=java.base/java.util.concurrent.atomic=ALL-UNNAMED --add-opens=java.xml/javax.xml.namespace=ALL-UNNAMED -XX:MaxMetaspaceSize=512m -Xmx2048m -Dfile.encoding=windows-1252 -Duser.country=PH -Duser.language=en -Duser.variant -javaagent:C:\Users\jibri\.gradle\wrapper\dists\gradle-9.0.0-bin\d6wjpkvcgsg3oed0qlfss3wgl\gradle-9.0.0\lib\agents\gradle-instrumentation-agent-9.0.0.jar 
java_command: org.gradle.launcher.daemon.bootstrap.GradleDaemon 9.0.0
java_class_path (initial): C:\Users\jibri\.gradle\wrapper\dists\gradle-9.0.0-bin\d6wjpkvcgsg3oed0qlfss3wgl\gradle-9.0.0\lib\gradle-daemon-main-9.0.0.jar
Launcher Type: SUN_STANDARD

[Global flags]
     intx CICompilerCount                          = 12                                        {product} {ergonomic}
   size_t CompressedClassSpaceSize                 = 436207616                                 {product} {ergonomic}
     uint ConcGCThreads                            = 4                                         {product} {ergonomic}
     uint G1ConcRefinementThreads                  = 15                                        {product} {ergonomic}
   size_t G1HeapRegionSize                         = 1048576                                   {product} {ergonomic}
    uintx GCDrainStackTargetSize                   = 64                                        {product} {ergonomic}
   size_t InitialHeapSize                          = 130023424                                 {product} {ergonomic}
   size_t MarkStackSize                            = 4194304                                   {product} {ergonomic}
   size_t MaxHeapSize                              = 2147483648                                {product} {command line}
   size_t MaxMetaspaceSize                         = 536870912                                 {product} {command line}
   size_t MaxNewSize                               = 1287651328                                {product} {ergonomic}
   size_t MinHeapDeltaBytes                        = 1048576                                   {product} {ergonomic}
   size_t MinHeapSize                              = 8388608                                   {product} {ergonomic}
    uintx NonNMethodCodeHeapSize                   = 7602480                                {pd product} {ergonomic}
    uintx NonProfiledCodeHeapSize                  = 122027880                              {pd product} {ergonomic}
    uintx ProfiledCodeHeapSize                     = 122027880                              {pd product} {ergonomic}
    uintx ReservedCodeCacheSize                    = 251658240                              {pd product} {ergonomic}
     bool SegmentedCodeCache                       = true                                      {product} {ergonomic}
   size_t SoftMaxHeapSize                          = 2147483648                             {manageable} {ergonomic}
     bool UseCompressedClassPointers               = true                           {product lp64_product} {ergonomic}
     bool UseCompressedOops                        = true                           {product lp64_product} {ergonomic}
     bool UseG1GC                                  = true                                      {product} {ergonomic}
     bool UseLargePagesIndividualAllocation        = false                                  {pd product} {ergonomic}

Logging:
Log output configuration:
 #0: stdout all=warning uptime,level,tags
 #1: stderr all=off uptime,level,tags

Environment Variables:
JAVA_HOME=C:\Program Files\Java\jdk-17
PATH=C:\rubi_web\CISC_Capstone\MiscueReading\node_modules\.bin;C:\rubi_web\CISC_Capstone\node_modules\.bin;C:\rubi_web\node_modules\.bin;C:\node_modules\.bin;C:\Users\jibri\CONFIG~1\herd\bin\nvm\v22.9.0\node_modules\npm\node_modules\@npmcli\run-script\lib\node-gyp-bin;C:\Users\jibri\bin;C:\Program Files\Git\mingw64\bin;C:\Program Files\Git\usr\local\bin;C:\Program Files\Git\usr\bin;C:\Program Files\Git\usr\bin;C:\Program Files\Git\mingw64\bin;C:\Program Files\Git\usr\bin;C:\Users\jibri\bin;C:\Program Files\Microsoft\jdk-17.0.16.8-hotspot\bin;C:\ProgramData\Oracle\Java\javapath;C:\Program Files\NVIDIA GPU Computing Toolkit\CUDA\v12.8\bin;C:\Program Files\NVIDIA GPU Computing Toolkit\CUDA\v12.8\libnvvp;C:\Program Files\Common Files\Oracle\Java\javapath;C:\PHP\phpoldversion;C:\Windows\system32;C:\Windows;C:\Windows\System32\Wbem;C:\Windows\System32\WindowsPowerShell\v1.0;C:\Windows\System32\OpenSSH;C:\Program Files (x86)\NVIDIA Corporation\PhysX\Common;C:\Program Files\Microsoft SQL Server\150\Tools\Binn;C:\Program Files\Microsoft SQL Server\Client SDK\ODBC\170\Tools\Binn;C:\ProgramData\ComposerSetup\bin;C:\Users\jibri\.config\herd\bin\nvm;C:\Program Files\nodejs;C:\Program Files\Java\jdk-17\bin;C:\xampp\php;C:\WINDOWS\system32;C:\WINDOWS;C:\WINDOWS\System32\Wbem;C:\WINDOWS\System32\WindowsPowerShell\v1.0;C:\WINDOWS\System32\OpenSSH;C:\Program Files\nodejs;C:\Program Files\Git\cmd;C:\Program Files\Git\usr\bin;C:\Users\jibri\AppData\Local\Pub\Cache\bin;C:\Program Files\NVIDIA Corporation\NVIDIA app\NvDLISR;C:\Program Files\heroku\bin;C:\Program Files\NVIDIA Corporation\Nsight Compute 2025.1.1;C:\ProgramData\chocolatey\bin;C:\Users\jibri\AppData\Local\Programs\Python\Python310\Scripts;C:\Program Files\dotnet;C:\Program Files (x86)\Windows Kits\10\Windows Performance Toolkit;C:\Users\jibri\AppData\Local\Android\Sdk\platform-tools;C:\Program Files\Docker\Docker\resources\bin;C:\Program Files\MySQL\MySQL Shell 8.0\bin;C:\Users\jibri\AppData\Local\Programs\Python\Python310\Scri
USERNAME=jibri
SHELL=C:\Program Files\Git\usr\bin\bash.exe
DISPLAY=needs-to-be-defined
LANG=en_US.UTF-8
OS=Windows_NT
PROCESSOR_IDENTIFIER=Intel64 Family 6 Model 191 Stepping 2, GenuineIntel



---------------  S Y S T E M  ---------------

OS:
 Windows 11 , 64 bit Build 26100 (10.0.26100.8246)
OS uptime: 0 days 2:44 hours
Hyper-V role detected

CPU: total 20 (initial active 20) (10 cores per cpu, 2 threads per core) family 6 model 191 stepping 2 microcode 0x2c, cx8, cmov, fxsr, ht, mmx, 3dnowpref, sse, sse2, sse3, ssse3, sse4.1, sse4.2, popcnt, lzcnt, tsc, tscinvbit, avx, avx2, aes, erms, clmul, bmi1, bmi2, adx, sha, fma, vzeroupper, clflush, clflushopt, clwb, hv

Memory: 4k page, system-wide physical 7911M (1224M free)
TotalPageFile size 32487M (AvailPageFile size 0M)
current process WorkingSet (physical memory assigned to process): 428M, peak: 953M
current process commit charge ("private bytes"): 1634M, peak: 1637M

vm_info: Java HotSpot(TM) 64-Bit Server VM (17.0.14+8-LTS-191) for windows-amd64 JRE (17.0.14+8-LTS-191), built on Dec  3 2024 11:07:59 by "mach5one" with MS VC++ 17.6 (VS2022)

END.
