#
# There is insufficient memory for the Java Runtime Environment to continue.
# Native memory allocation (malloc) failed to allocate 1048576 bytes for AllocateHeap
# Possible reasons:
#   The system is out of physical RAM or swap space
#   The process is running with CompressedOops enabled, and the Java Heap may be blocking the growth of the native heap
# Possible solutions:
#   Reduce memory load on the system
#   Increase physical memory or swap space
#   Check if swap backing store is full
#   Decrease Java heap size (-Xmx/-Xms)
#   Decrease number of Java threads
#   Decrease Java thread stack sizes (-Xss)
#   Set larger code cache with -XX:ReservedCodeCacheSize=
#   JVM is running with Unscaled Compressed Oops mode in which the Java heap is
#     placed in the first 4GB address space. The Java Heap base address is the
#     maximum limit for the native heap growth. Please use -XX:HeapBaseMinAddress
#     to set the Java Heap base and to place the Java Heap above 4GB virtual address.
# This output file may be truncated or incomplete.
#
#  Out of Memory Error (allocation.cpp:44), pid=8804, tid=30364
#
# JRE version: Java(TM) SE Runtime Environment (17.0.14+8) (build 17.0.14+8-LTS-191)
# Java VM: Java HotSpot(TM) 64-Bit Server VM (17.0.14+8-LTS-191, mixed mode, sharing, tiered, compressed oops, compressed class ptrs, g1 gc, windows-amd64)
# No core dump will be written. Minidumps are not enabled by default on client versions of Windows
#

---------------  S U M M A R Y ------------

Command Line: --add-opens=java.base/java.lang=ALL-UNNAMED --add-opens=java.base/java.lang.invoke=ALL-UNNAMED --add-opens=java.base/java.util=ALL-UNNAMED --add-opens=java.prefs/java.util.prefs=ALL-UNNAMED --add-exports=jdk.compiler/com.sun.tools.javac.api=ALL-UNNAMED --add-exports=jdk.compiler/com.sun.tools.javac.util=ALL-UNNAMED --add-opens=java.base/java.util=ALL-UNNAMED --add-opens=java.prefs/java.util.prefs=ALL-UNNAMED --add-opens=java.base/java.nio.charset=ALL-UNNAMED --add-opens=java.base/java.net=ALL-UNNAMED --add-opens=java.base/java.util.concurrent=ALL-UNNAMED --add-opens=java.base/java.util.concurrent.atomic=ALL-UNNAMED --add-opens=java.xml/javax.xml.namespace=ALL-UNNAMED -XX:MaxMetaspaceSize=512m -Xmx2048m -Dfile.encoding=windows-1252 -Duser.country=PH -Duser.language=en -Duser.variant -javaagent:C:\Users\jibri\.gradle\wrapper\dists\gradle-9.0.0-bin\d6wjpkvcgsg3oed0qlfss3wgl\gradle-9.0.0\lib\agents\gradle-instrumentation-agent-9.0.0.jar org.gradle.launcher.daemon.bootstrap.GradleDaemon 9.0.0

Host: 13th Gen Intel(R) Core(TM) i5-13500HX, 20 cores, 7G,  Windows 11 , 64 bit Build 26100 (10.0.26100.8246)
Time: Tue May  5 11:45:30 2026 Malay Peninsula Standard Time elapsed time: 87.006777 seconds (0d 0h 1m 27s)

---------------  T H R E A D  ---------------

Current thread (0x00000257fe688e10):  VMThread "VM Thread" [stack: 0x0000007a9ac00000,0x0000007a9ad00000] [id=30364]

Stack: [0x0000007a9ac00000,0x0000007a9ad00000]
Native frames: (J=compiled Java code, j=interpreted, Vv=VM code, C=native code)
V  [jvm.dll+0x67a38a]
V  [jvm.dll+0x7da7ed]
V  [jvm.dll+0x7dc133]
V  [jvm.dll+0x7dc7a3]
V  [jvm.dll+0x24517f]
V  [jvm.dll+0xa5e2b]
V  [jvm.dll+0x2f32b3]
V  [jvm.dll+0x2ef230]
V  [jvm.dll+0x2d79c7]
V  [jvm.dll+0x31a7e7]
V  [jvm.dll+0x7e109b]
V  [jvm.dll+0x7e1dd4]
V  [jvm.dll+0x7e22ed]
V  [jvm.dll+0x7e26c4]
V  [jvm.dll+0x7e2790]
V  [jvm.dll+0x78b04a]
V  [jvm.dll+0x679275]
C  [ucrtbase.dll+0x37b0]
C  [KERNEL32.DLL+0x2e8d7]
C  [ntdll.dll+0x8c3fc]

VM_Operation (0x0000007aa43fad70): G1CollectFull, mode: safepoint, requested by thread 0x00000257b317f130


---------------  P R O C E S S  ---------------

Threads class SMR info:
_java_thread_list=0x00000257b2b7c220, length=300, elements={
0x00000257ec70f720, 0x00000257fe68bea0, 0x00000257fe68e980, 0x00000257fe7c88c0,
0x00000257fe7c9190, 0x00000257fe7c9a60, 0x00000257fe7ca330, 0x00000257fe7d2ff0,
0x00000257fe7d6b30, 0x00000257fe7db3c0, 0x00000257fe910cd0, 0x00000257fe90fda0,
0x00000257fe90f380, 0x00000257fe9111e0, 0x00000257fe90df40, 0x00000257fe90f890,
0x00000257fe9116f0, 0x00000257fe90e450, 0x00000257fe9107c0, 0x00000257fe90ee70,
0x00000257fe9102b0, 0x00000257aef7f370, 0x00000257aef7e440, 0x00000257aef816e0,
0x00000257aef81bf0, 0x00000257aef7fd90, 0x00000257aef802a0, 0x00000257aef807b0,
0x00000257aef7e950, 0x00000257aef7ee60, 0x00000257aef80cc0, 0x00000257aef811d0,
0x00000257b17dd030, 0x00000257b17dd540, 0x00000257b17db1d0, 0x00000257b17ddf60,
0x00000257b17de470, 0x00000257b17dc100, 0x00000257b17dcb20, 0x00000257b17de980,
0x00000257b17dee90, 0x00000257b17dc610, 0x00000257b17df3a0, 0x00000257b17dbbf0,
0x00000257b17e1710, 0x00000257b17e0cf0, 0x00000257b17e1c20, 0x00000257b17e1200,
0x00000257b17e2640, 0x00000257b17e02d0, 0x00000257b17df8b0, 0x00000257b17dfdc0,
0x00000257b17e2130, 0x00000257b17e2b50, 0x00000257b17e07e0, 0x00000257b278d6a0,
0x00000257b2790e50, 0x00000257b278dbb0, 0x00000257b2791360, 0x00000257b278e5d0,
0x00000257b278eae0, 0x00000257b2790940, 0x00000257b2791870, 0x00000257b278e0c0,
0x00000257b278ff20, 0x00000257b2791d80, 0x00000257b2792290, 0x00000257b278f500,
0x00000257b27927a0, 0x00000257b2790430, 0x00000257b278eff0, 0x00000257b2792cb0,
0x00000257b27931c0, 0x00000257b278fa10, 0x00000257b27936d0, 0x00000257b27940f0,
0x00000257b2793be0, 0x00000257b2794600, 0x00000257b2794b10, 0x00000257b2795020,
0x00000257b1ec1980, 0x00000257b1ebf100, 0x00000257b1ec1470, 0x00000257b1ebf610,
0x00000257b1ebebf0, 0x00000257b1ec1e90, 0x00000257b1ec23a0, 0x00000257b1ec28b0,
0x00000257b1ec2dc0, 0x00000257b1ebfb20, 0x00000257b1ec32d0, 0x00000257b1ec0f60,
0x00000257b1ec0030, 0x00000257b1ec37e0, 0x00000257b1ec3cf0, 0x00000257b1ec0540,
0x00000257b1ec4200, 0x00000257b1ec0a50, 0x00000257b1ec5130, 0x00000257b1ec4c20,
0x00000257b1ec6060, 0x00000257b30fca60, 0x00000257b30fb110, 0x00000257b30f9cd0,
0x00000257b30fcf70, 0x00000257b30fa6f0, 0x00000257b30f97c0, 0x00000257b30fc040,
0x00000257b30fb620, 0x00000257b30fa1e0, 0x00000257b30fbb30, 0x00000257b30fdea0,
0x00000257b30fe3b0, 0x00000257b30fac00, 0x00000257b30fedd0, 0x00000257b30ffd00,
0x00000257b3100210, 0x00000257b30fe8c0, 0x00000257b30ff2e0, 0x00000257b3100720,
0x00000257b3101140, 0x00000257b30ff7f0, 0x00000257b3100c30, 0x00000257b317ec20,
0x00000257b317dcf0, 0x00000257b317cdc0, 0x00000257b317f130, 0x00000257b317e200,
0x00000257b317e710, 0x00000257b317f640, 0x00000257b317fb50, 0x00000257b317c8b0,
0x00000257b3180060, 0x00000257b317d2d0, 0x00000257b317d7e0, 0x00000257b337c7d0,
0x00000257b337f050, 0x00000257b337d1f0, 0x00000257b337fa70, 0x00000257b337c2c0,
0x00000257b337d700, 0x00000257b337cce0, 0x00000257b337dc10, 0x00000257b337e120,
0x00000257b337f560, 0x00000257b337eb40, 0x00000257b337ff80, 0x00000257b3380490,
0x00000257b33818d0, 0x00000257b33809a0, 0x00000257b3380eb0, 0x00000257b33813c0,
0x00000257b3381de0, 0x00000257b337e630, 0x00000257b3383730, 0x00000257b33822f0,
0x00000257b3382800, 0x00000257b3382d10, 0x00000257b3383220, 0x00000257b3383c40,
0x00000257b2feb970, 0x00000257b2fea530, 0x00000257b2fe9600, 0x00000257b2fe81c0,
0x00000257b2febe80, 0x00000257b2fe86d0, 0x00000257b2fe9b10, 0x00000257b2fe90f0,
0x00000257b2feb460, 0x00000257b2fe8be0, 0x00000257b2fec390, 0x00000257b2fec8a0,
0x00000257b2feaf50, 0x00000257b2fed2c0, 0x00000257b2fecdb0, 0x00000257b2fed7d0,
0x00000257b2fea020, 0x00000257b2fedce0, 0x00000257b2fee1f0, 0x00000257b2feaa40,
0x00000257b2fee700, 0x00000257b2feec10, 0x00000257b2fef120, 0x00000257b2fef630,
0x00000257b2fefb40, 0x00000257b34d0320, 0x00000257b34cf900, 0x00000257b34ccb70,
0x00000257b34cfe10, 0x00000257b34cd080, 0x00000257b34d0830, 0x00000257b34d0d40,
0x00000257b34ceee0, 0x00000257b34cd590, 0x00000257b34cf3f0, 0x00000257b34ce9d0,
0x00000257b34d1250, 0x00000257b34cdaa0, 0x00000257b34d1760, 0x00000257b34cdfb0,
0x00000257b34d1c70, 0x00000257b34ce4c0, 0x00000257b34d2ba0, 0x00000257b34d3ad0,
0x00000257b34d30b0, 0x00000257b34d3fe0, 0x00000257b34d2180, 0x00000257b34d2690,
0x00000257b34d44f0, 0x00000257b34d35c0, 0x00000257b2c19380, 0x00000257b2c17f40,
0x00000257b2c18450, 0x00000257b2c19da0, 0x00000257b2c18e70, 0x00000257b2c18960,
0x00000257b2c19890, 0x00000257b2c1a2b0, 0x00000257b2c1a7c0, 0x00000257b2c17010,
0x00000257b2c1acd0, 0x00000257b2c17520, 0x00000257b2c1b1e0, 0x00000257b2c17a30,
0x00000257b2c1e990, 0x00000257b2c1b6f0, 0x00000257b2c1d550, 0x00000257b2c1d040,
0x00000257b2c1da60, 0x00000257b2c1df70, 0x00000257b2c1c110, 0x00000257b2c1cb30,
0x00000257b2c1e480, 0x00000257b2c1eea0, 0x00000257b2c1f3b0, 0x00000257b2c1bc00,
0x00000257b2c1fdd0, 0x00000257b2c1f8c0, 0x00000257b2c1c620, 0x00000257b2c23a90,
0x00000257b2c23070, 0x00000257b2c21720, 0x00000257b2c22b60, 0x00000257b2c22650,
0x00000257b2c22140, 0x00000257b2c23580, 0x00000257b2c202e0, 0x00000257b2c23fa0,
0x00000257b2c207f0, 0x00000257b2c21c30, 0x00000257b2c244b0, 0x00000257b2c20d00,
0x00000257b2c249c0, 0x00000257b2c21210, 0x00000257b2c24ed0, 0x00000257b2c253e0,
0x00000257b2c258f0, 0x00000257b2c25e00, 0x00000257b2c26310, 0x00000257b2c26820,
0x00000257fe90e960, 0x00000257b12562c0, 0x00000257b1254970, 0x00000257b1256ce0,
0x00000257b12567d0, 0x00000257b12571f0, 0x00000257b1253a40, 0x00000257b1254460,
0x00000257b1257700, 0x00000257b1253f50, 0x00000257b1255db0, 0x00000257b1257c10,
0x00000257b1258120, 0x00000257b1258630, 0x00000257b1254e80, 0x00000257b12558a0,
0x00000257b1258b40, 0x00000257b1255390, 0x00000257b125a490, 0x00000257b125a9a0,
0x00000257b1259050, 0x00000257b125c800, 0x00000257b125b3c0, 0x00000257b125c2f0,
0x00000257b125cd10, 0x00000257b1259560, 0x00000257b125d220, 0x00000257b1259a70,
0x00000257b12604c0, 0x00000257b125faa0, 0x00000257b125f080, 0x00000257b125e660,
0x00000257b125dc40, 0x00000257b12613f0, 0x00000257b1261900, 0x00000257b125e150,
0x00000257b1262320, 0x00000257b125eb70, 0x00000257b1262830, 0x00000257bc95afa0
}

Java Threads: ( => current thread )
  0x00000257ec70f720 JavaThread "main" [_thread_blocked, id=27592, stack(0x0000007a9a600000,0x0000007a9a700000)]
  0x00000257fe68bea0 JavaThread "Reference Handler" daemon [_thread_blocked, id=32404, stack(0x0000007a9ad00000,0x0000007a9ae00000)]
  0x00000257fe68e980 JavaThread "Finalizer" daemon [_thread_blocked, id=19908, stack(0x0000007a9ae00000,0x0000007a9af00000)]
  0x00000257fe7c88c0 JavaThread "Signal Dispatcher" daemon [_thread_blocked, id=6000, stack(0x0000007a9af00000,0x0000007a9b000000)]
  0x00000257fe7c9190 JavaThread "Attach Listener" daemon [_thread_blocked, id=36748, stack(0x0000007a9b000000,0x0000007a9b100000)]
  0x00000257fe7c9a60 JavaThread "Service Thread" daemon [_thread_blocked, id=23716, stack(0x0000007a9b100000,0x0000007a9b200000)]
  0x00000257fe7ca330 JavaThread "Monitor Deflation Thread" daemon [_thread_blocked, id=4404, stack(0x0000007a9b200000,0x0000007a9b300000)]
  0x00000257fe7d2ff0 JavaThread "C2 CompilerThread0" daemon [_thread_blocked, id=32128, stack(0x0000007a9b300000,0x0000007a9b400000)]
  0x00000257fe7d6b30 JavaThread "C1 CompilerThread0" daemon [_thread_blocked, id=33236, stack(0x0000007a9b400000,0x0000007a9b500000)]
  0x00000257fe7db3c0 JavaThread "Sweeper thread" daemon [_thread_blocked, id=33200, stack(0x0000007a9b500000,0x0000007a9b600000)]
  0x00000257fe910cd0 JavaThread "Common-Cleaner" daemon [_thread_blocked, id=13488, stack(0x0000007a9b600000,0x0000007a9b700000)]
  0x00000257fe90fda0 JavaThread "Notification Thread" daemon [_thread_blocked, id=14576, stack(0x0000007a9b900000,0x0000007a9ba00000)]
  0x00000257fe90f380 JavaThread "Daemon health stats" [_thread_blocked, id=20844, stack(0x0000007a9bf00000,0x0000007a9c000000)]
  0x00000257fe9111e0 JavaThread "Incoming local TCP Connector on port 50170" [_thread_in_native, id=30232, stack(0x0000007a9c000000,0x0000007a9c100000)]
  0x00000257fe90df40 JavaThread "Daemon periodic checks" [_thread_blocked, id=30904, stack(0x0000007a9c100000,0x0000007a9c200000)]
  0x00000257fe90f890 JavaThread "Daemon" [_thread_blocked, id=5156, stack(0x0000007a9c200000,0x0000007a9c300000)]
  0x00000257fe9116f0 JavaThread "Handler for socket connection from /127.0.0.1:50170 to /127.0.0.1:50171" [_thread_in_native, id=35524, stack(0x0000007a9c300000,0x0000007a9c400000)]
  0x00000257fe90e450 JavaThread "Cancel handler" [_thread_blocked, id=19016, stack(0x0000007a9c400000,0x0000007a9c500000)]
  0x00000257fe9107c0 JavaThread "Daemon worker" [_thread_blocked, id=30600, stack(0x0000007a9c500000,0x0000007a9c600000)]
  0x00000257fe90ee70 JavaThread "Asynchronous log dispatcher for DefaultDaemonConnection: socket connection from /127.0.0.1:50170 to /127.0.0.1:50171" [_thread_blocked, id=37300, stack(0x0000007a9c600000,0x0000007a9c700000)]
  0x00000257fe9102b0 JavaThread "Stdin handler" [_thread_blocked, id=14616, stack(0x0000007a9c700000,0x0000007a9c800000)]
  0x00000257aef7f370 JavaThread "Daemon client event forwarder" [_thread_blocked, id=9396, stack(0x0000007a9c800000,0x0000007a9c900000)]
  0x00000257aef7e440 JavaThread "Cache worker for journal cache (C:\Users\jibri\.gradle\caches\journal-1)" [_thread_blocked, id=14608, stack(0x0000007a9c900000,0x0000007a9ca00000)]
  0x00000257aef816e0 JavaThread "File lock request listener" [_thread_in_native, id=25432, stack(0x0000007a9ca00000,0x0000007a9cb00000)]
  0x00000257aef81bf0 JavaThread "Cache worker for file hash cache (C:\Users\jibri\.gradle\caches\9.0.0\fileHashes)" [_thread_blocked, id=34440, stack(0x0000007a9cb00000,0x0000007a9cc00000)]
  0x00000257aef7fd90 JavaThread "Cache worker for file hash cache (C:\rubi_web\CISC_Capstone\MiscueReading\android\.gradle\9.0.0\fileHashes)" [_thread_blocked, id=27692, stack(0x0000007a9db00000,0x0000007a9dc00000)]
  0x00000257aef802a0 JavaThread "Cache worker for Build Output Cleanup Cache (C:\rubi_web\CISC_Capstone\MiscueReading\android\.gradle\buildOutputCleanup)" [_thread_blocked, id=37240, stack(0x0000007a9dc00000,0x0000007a9dd00000)]
  0x00000257aef807b0 JavaThread "File watcher server" daemon [_thread_in_native, id=24928, stack(0x0000007a9dd00000,0x0000007a9de00000)]
  0x00000257aef7e950 JavaThread "File watcher consumer" daemon [_thread_blocked, id=19832, stack(0x0000007a9de00000,0x0000007a9df00000)]
  0x00000257aef7ee60 JavaThread "Cache worker for checksums cache (C:\rubi_web\CISC_Capstone\MiscueReading\android\.gradle\9.0.0\checksums)" [_thread_blocked, id=16280, stack(0x0000007a9df00000,0x0000007a9e000000)]
  0x00000257aef80cc0 JavaThread "Cache worker for file content cache (C:\Users\jibri\.gradle\caches\9.0.0\fileContent)" [_thread_blocked, id=7712, stack(0x0000007a9e000000,0x0000007a9e100000)]
  0x00000257aef811d0 JavaThread "Cache worker for cache directory md-supplier (C:\Users\jibri\.gradle\caches\9.0.0\md-supplier)" [_thread_blocked, id=25268, stack(0x0000007a9e100000,0x0000007a9e200000)]
  0x00000257b17dd030 JavaThread "Cache worker for cache directory md-rule (C:\Users\jibri\.gradle\caches\9.0.0\md-rule)" [_thread_blocked, id=13564, stack(0x0000007a9e200000,0x0000007a9e300000)]
  0x00000257b17dd540 JavaThread "jar transforms" [_thread_blocked, id=35116, stack(0x0000007a9e300000,0x0000007a9e400000)]
  0x00000257b17db1d0 JavaThread "Cache worker for Build Output Cleanup Cache (C:\rubi_web\CISC_Capstone\MiscueReading\node_modules\@react-native\gradle-plugin\.gradle\buildOutputCleanup)" [_thread_blocked, id=9848, stack(0x0000007a9e400000,0x0000007a9e500000)]
  0x00000257b17ddf60 JavaThread "Unconstrained build operations" [_thread_blocked, id=16920, stack(0x0000007a9e500000,0x0000007a9e600000)]
  0x00000257b17de470 JavaThread "Unconstrained build operations Thread 2" [_thread_blocked, id=27948, stack(0x0000007a9e600000,0x0000007a9e700000)]
  0x00000257b17dc100 JavaThread "Unconstrained build operations Thread 3" [_thread_blocked, id=1336, stack(0x0000007a9e700000,0x0000007a9e800000)]
  0x00000257b17dcb20 JavaThread "Unconstrained build operations Thread 4" [_thread_blocked, id=34976, stack(0x0000007a9e800000,0x0000007a9e900000)]
  0x00000257b17de980 JavaThread "Unconstrained build operations Thread 5" [_thread_blocked, id=7280, stack(0x0000007a9e900000,0x0000007a9ea00000)]
  0x00000257b17dee90 JavaThread "Unconstrained build operations Thread 6" [_thread_blocked, id=31096, stack(0x0000007a9ea00000,0x0000007a9eb00000)]
  0x00000257b17dc610 JavaThread "Unconstrained build operations Thread 7" [_thread_blocked, id=2060, stack(0x0000007a9eb00000,0x0000007a9ec00000)]
  0x00000257b17df3a0 JavaThread "Unconstrained build operations Thread 8" [_thread_blocked, id=27324, stack(0x0000007a9ec00000,0x0000007a9ed00000)]
  0x00000257b17dbbf0 JavaThread "Unconstrained build operations Thread 9" [_thread_blocked, id=25084, stack(0x0000007a9ed00000,0x0000007a9ee00000)]
  0x00000257b17e1710 JavaThread "Unconstrained build operations Thread 10" [_thread_blocked, id=35012, stack(0x0000007a9ee00000,0x0000007a9ef00000)]
  0x00000257b17e0cf0 JavaThread "Unconstrained build operations Thread 11" [_thread_blocked, id=36916, stack(0x0000007a9ef00000,0x0000007a9f000000)]
  0x00000257b17e1c20 JavaThread "Unconstrained build operations Thread 12" [_thread_blocked, id=16792, stack(0x0000007a9f000000,0x0000007a9f100000)]
  0x00000257b17e1200 JavaThread "Unconstrained build operations Thread 13" [_thread_blocked, id=2388, stack(0x0000007a9f100000,0x0000007a9f200000)]
  0x00000257b17e2640 JavaThread "Unconstrained build operations Thread 14" [_thread_blocked, id=32748, stack(0x0000007a9f200000,0x0000007a9f300000)]
  0x00000257b17e02d0 JavaThread "Unconstrained build operations Thread 15" [_thread_blocked, id=24700, stack(0x0000007a9f300000,0x0000007a9f400000)]
  0x00000257b17df8b0 JavaThread "Unconstrained build operations Thread 16" [_thread_blocked, id=14528, stack(0x0000007a9f400000,0x0000007a9f500000)]
  0x00000257b17dfdc0 JavaThread "Unconstrained build operations Thread 17" [_thread_blocked, id=33152, stack(0x0000007a9f500000,0x0000007a9f600000)]
  0x00000257b17e2130 JavaThread "Unconstrained build operations Thread 18" [_thread_blocked, id=14908, stack(0x0000007a9f600000,0x0000007a9f700000)]
  0x00000257b17e2b50 JavaThread "Unconstrained build operations Thread 19" [_thread_blocked, id=30208, stack(0x0000007a9f700000,0x0000007a9f800000)]
  0x00000257b17e07e0 JavaThread "Unconstrained build operations Thread 20" [_thread_blocked, id=29724, stack(0x0000007a9f800000,0x0000007a9f900000)]
  0x00000257b278d6a0 JavaThread "Unconstrained build operations Thread 21" [_thread_blocked, id=37368, stack(0x0000007a9f900000,0x0000007a9fa00000)]
  0x00000257b2790e50 JavaThread "Unconstrained build operations Thread 22" [_thread_blocked, id=28536, stack(0x0000007a9fa00000,0x0000007a9fb00000)]
  0x00000257b278dbb0 JavaThread "Unconstrained build operations Thread 23" [_thread_blocked, id=2464, stack(0x0000007a9fb00000,0x0000007a9fc00000)]
  0x00000257b2791360 JavaThread "Unconstrained build operations Thread 24" [_thread_blocked, id=1172, stack(0x0000007a9fc00000,0x0000007a9fd00000)]
  0x00000257b278e5d0 JavaThread "Unconstrained build operations Thread 25" [_thread_blocked, id=29144, stack(0x0000007a9fd00000,0x0000007a9fe00000)]
  0x00000257b278eae0 JavaThread "Unconstrained build operations Thread 26" [_thread_blocked, id=29100, stack(0x0000007a9fe00000,0x0000007a9ff00000)]
  0x00000257b2790940 JavaThread "Unconstrained build operations Thread 27" [_thread_blocked, id=32296, stack(0x0000007a9ff00000,0x0000007aa0000000)]
  0x00000257b2791870 JavaThread "Unconstrained build operations Thread 28" [_thread_blocked, id=31148, stack(0x0000007aa0000000,0x0000007aa0100000)]
  0x00000257b278e0c0 JavaThread "Unconstrained build operations Thread 29" [_thread_blocked, id=36884, stack(0x0000007aa0100000,0x0000007aa0200000)]
  0x00000257b278ff20 JavaThread "Unconstrained build operations Thread 30" [_thread_blocked, id=24752, stack(0x0000007aa0200000,0x0000007aa0300000)]
  0x00000257b2791d80 JavaThread "Unconstrained build operations Thread 31" [_thread_blocked, id=29544, stack(0x0000007aa0300000,0x0000007aa0400000)]
  0x00000257b2792290 JavaThread "Unconstrained build operations Thread 32" [_thread_blocked, id=6964, stack(0x0000007aa0400000,0x0000007aa0500000)]
  0x00000257b278f500 JavaThread "Unconstrained build operations Thread 33" [_thread_blocked, id=24512, stack(0x0000007aa0500000,0x0000007aa0600000)]
  0x00000257b27927a0 JavaThread "Unconstrained build operations Thread 34" [_thread_blocked, id=4776, stack(0x0000007aa0600000,0x0000007aa0700000)]
  0x00000257b2790430 JavaThread "Unconstrained build operations Thread 35" [_thread_blocked, id=15516, stack(0x0000007aa0700000,0x0000007aa0800000)]
  0x00000257b278eff0 JavaThread "Unconstrained build operations Thread 36" [_thread_blocked, id=32272, stack(0x0000007aa0800000,0x0000007aa0900000)]
  0x00000257b2792cb0 JavaThread "Unconstrained build operations Thread 37" [_thread_blocked, id=6536, stack(0x0000007aa0900000,0x0000007aa0a00000)]
  0x00000257b27931c0 JavaThread "Unconstrained build operations Thread 38" [_thread_blocked, id=19760, stack(0x0000007aa0a00000,0x0000007aa0b00000)]
  0x00000257b278fa10 JavaThread "Unconstrained build operations Thread 39" [_thread_blocked, id=32904, stack(0x0000007aa0b00000,0x0000007aa0c00000)]
  0x00000257b27936d0 JavaThread "Unconstrained build operations Thread 40" [_thread_blocked, id=27280, stack(0x0000007aa0c00000,0x0000007aa0d00000)]
  0x00000257b27940f0 JavaThread "Unconstrained build operations Thread 41" [_thread_blocked, id=34264, stack(0x0000007aa0d00000,0x0000007aa0e00000)]
  0x00000257b2793be0 JavaThread "Unconstrained build operations Thread 42" [_thread_blocked, id=18876, stack(0x0000007aa0e00000,0x0000007aa0f00000)]
  0x00000257b2794600 JavaThread "Unconstrained build operations Thread 43" [_thread_blocked, id=27464, stack(0x0000007aa0f00000,0x0000007aa1000000)]
  0x00000257b2794b10 JavaThread "Unconstrained build operations Thread 44" [_thread_blocked, id=9308, stack(0x0000007aa1000000,0x0000007aa1100000)]
  0x00000257b2795020 JavaThread "Unconstrained build operations Thread 45" [_thread_blocked, id=30744, stack(0x0000007aa1100000,0x0000007aa1200000)]
  0x00000257b1ec1980 JavaThread "Unconstrained build operations Thread 46" [_thread_blocked, id=14996, stack(0x0000007aa1200000,0x0000007aa1300000)]
  0x00000257b1ebf100 JavaThread "Unconstrained build operations Thread 47" [_thread_blocked, id=36904, stack(0x0000007aa1300000,0x0000007aa1400000)]
  0x00000257b1ec1470 JavaThread "Unconstrained build operations Thread 48" [_thread_blocked, id=8032, stack(0x0000007aa1400000,0x0000007aa1500000)]
  0x00000257b1ebf610 JavaThread "Unconstrained build operations Thread 49" [_thread_blocked, id=23964, stack(0x0000007aa1500000,0x0000007aa1600000)]
  0x00000257b1ebebf0 JavaThread "Unconstrained build operations Thread 50" [_thread_blocked, id=21996, stack(0x0000007aa1600000,0x0000007aa1700000)]
  0x00000257b1ec1e90 JavaThread "Unconstrained build operations Thread 51" [_thread_blocked, id=20052, stack(0x0000007aa1700000,0x0000007aa1800000)]
  0x00000257b1ec23a0 JavaThread "Unconstrained build operations Thread 52" [_thread_blocked, id=2176, stack(0x0000007aa1800000,0x0000007aa1900000)]
  0x00000257b1ec28b0 JavaThread "Unconstrained build operations Thread 53" [_thread_blocked, id=29392, stack(0x0000007aa1900000,0x0000007aa1a00000)]
  0x00000257b1ec2dc0 JavaThread "Unconstrained build operations Thread 54" [_thread_blocked, id=33932, stack(0x0000007aa1a00000,0x0000007aa1b00000)]
  0x00000257b1ebfb20 JavaThread "Unconstrained build operations Thread 55" [_thread_blocked, id=5896, stack(0x0000007aa1b00000,0x0000007aa1c00000)]
  0x00000257b1ec32d0 JavaThread "Unconstrained build operations Thread 56" [_thread_blocked, id=8516, stack(0x0000007aa1c00000,0x0000007aa1d00000)]
  0x00000257b1ec0f60 JavaThread "Unconstrained build operations Thread 57" [_thread_blocked, id=37476, stack(0x0000007aa1d00000,0x0000007aa1e00000)]
  0x00000257b1ec0030 JavaThread "Unconstrained build operations Thread 58" [_thread_blocked, id=34572, stack(0x0000007aa1e00000,0x0000007aa1f00000)]
  0x00000257b1ec37e0 JavaThread "Unconstrained build operations Thread 59" [_thread_blocked, id=1056, stack(0x0000007aa1f00000,0x0000007aa2000000)]
  0x00000257b1ec3cf0 JavaThread "Unconstrained build operations Thread 60" [_thread_blocked, id=8524, stack(0x0000007aa2000000,0x0000007aa2100000)]
  0x00000257b1ec0540 JavaThread "Unconstrained build operations Thread 61" [_thread_blocked, id=8132, stack(0x0000007aa2100000,0x0000007aa2200000)]
  0x00000257b1ec4200 JavaThread "Unconstrained build operations Thread 62" [_thread_blocked, id=37244, stack(0x0000007aa2200000,0x0000007aa2300000)]
  0x00000257b1ec0a50 JavaThread "Unconstrained build operations Thread 63" [_thread_blocked, id=18384, stack(0x0000007aa2300000,0x0000007aa2400000)]
  0x00000257b1ec5130 JavaThread "build event listener" [_thread_blocked, id=35784, stack(0x0000007aa2400000,0x0000007aa2500000)]
  0x00000257b1ec4c20 JavaThread "Memory manager" [_thread_blocked, id=17352, stack(0x0000007aa2500000,0x0000007aa2600000)]
  0x00000257b1ec6060 JavaThread "ForkJoinPool.commonPool-worker-1" daemon [_thread_blocked, id=33264, stack(0x0000007aa2600000,0x0000007aa2700000)]
  0x00000257b30fca60 JavaThread "ForkJoinPool.commonPool-worker-3" daemon [_thread_blocked, id=35280, stack(0x0000007aa2800000,0x0000007aa2900000)]
  0x00000257b30fb110 JavaThread "ForkJoinPool.commonPool-worker-4" daemon [_thread_blocked, id=1728, stack(0x0000007aa2900000,0x0000007aa2a00000)]
  0x00000257b30f9cd0 JavaThread "ForkJoinPool.commonPool-worker-5" daemon [_thread_blocked, id=23440, stack(0x0000007aa2a00000,0x0000007aa2b00000)]
  0x00000257b30fcf70 JavaThread "ForkJoinPool.commonPool-worker-6" daemon [_thread_blocked, id=26412, stack(0x0000007aa2b00000,0x0000007aa2c00000)]
  0x00000257b30fa6f0 JavaThread "ForkJoinPool.commonPool-worker-7" daemon [_thread_blocked, id=31688, stack(0x0000007aa2c00000,0x0000007aa2d00000)]
  0x00000257b30f97c0 JavaThread "ForkJoinPool.commonPool-worker-8" daemon [_thread_blocked, id=34612, stack(0x0000007aa2d00000,0x0000007aa2e00000)]
  0x00000257b30fc040 JavaThread "ForkJoinPool.commonPool-worker-9" daemon [_thread_blocked, id=33396, stack(0x0000007aa2e00000,0x0000007aa2f00000)]
  0x00000257b30fb620 JavaThread "ForkJoinPool.commonPool-worker-10" daemon [_thread_blocked, id=36264, stack(0x0000007aa2f00000,0x0000007aa3000000)]
  0x00000257b30fa1e0 JavaThread "ForkJoinPool.commonPool-worker-11" daemon [_thread_blocked, id=16236, stack(0x0000007aa3000000,0x0000007aa3100000)]
  0x00000257b30fbb30 JavaThread "ForkJoinPool.commonPool-worker-12" daemon [_thread_blocked, id=33276, stack(0x0000007aa3100000,0x0000007aa3200000)]
  0x00000257b30fdea0 JavaThread "ForkJoinPool.commonPool-worker-13" daemon [_thread_blocked, id=33344, stack(0x0000007aa3500000,0x0000007aa3600000)]
  0x00000257b30fe3b0 JavaThread "ForkJoinPool.commonPool-worker-14" daemon [_thread_blocked, id=37680, stack(0x0000007aa3600000,0x0000007aa3700000)]
  0x00000257b30fac00 JavaThread "ForkJoinPool.commonPool-worker-15" daemon [_thread_blocked, id=27276, stack(0x0000007aa3700000,0x0000007aa3800000)]
  0x00000257b30fedd0 JavaThread "ForkJoinPool.commonPool-worker-16" daemon [_thread_blocked, id=7236, stack(0x0000007aa3800000,0x0000007aa3900000)]
  0x00000257b30ffd00 JavaThread "ForkJoinPool.commonPool-worker-17" daemon [_thread_blocked, id=28972, stack(0x0000007aa3900000,0x0000007aa3a00000)]
  0x00000257b3100210 JavaThread "ForkJoinPool.commonPool-worker-18" daemon [_thread_blocked, id=37488, stack(0x0000007aa3a00000,0x0000007aa3b00000)]
  0x00000257b30fe8c0 JavaThread "included builds" [_thread_blocked, id=32408, stack(0x0000007a9d600000,0x0000007a9d700000)]
  0x00000257b30ff2e0 JavaThread "Execution worker" [_thread_blocked, id=15052, stack(0x0000007aa3b00000,0x0000007aa3c00000)]
  0x00000257b3100720 JavaThread "Execution worker Thread 2" [_thread_blocked, id=28656, stack(0x0000007aa3c00000,0x0000007aa3d00000)]
  0x00000257b3101140 JavaThread "Execution worker Thread 3" [_thread_blocked, id=17728, stack(0x0000007aa3d00000,0x0000007aa3e00000)]
  0x00000257b30ff7f0 JavaThread "Execution worker Thread 4" [_thread_blocked, id=468, stack(0x0000007aa3e00000,0x0000007aa3f00000)]
  0x00000257b3100c30 JavaThread "Execution worker Thread 5" [_thread_blocked, id=18228, stack(0x0000007aa3f00000,0x0000007aa4000000)]
  0x00000257b317ec20 JavaThread "Execution worker Thread 6" [_thread_blocked, id=9496, stack(0x0000007aa4000000,0x0000007aa4100000)]
  0x00000257b317dcf0 JavaThread "Execution worker Thread 7" [_thread_blocked, id=15308, stack(0x0000007aa4100000,0x0000007aa4200000)]
  0x00000257b317cdc0 JavaThread "Execution worker Thread 8" [_thread_blocked, id=19860, stack(0x0000007aa4200000,0x0000007aa4300000)]
  0x00000257b317f130 JavaThread "Execution worker Thread 9" [_thread_blocked, id=28076, stack(0x0000007aa4300000,0x0000007aa4400000)]
  0x00000257b317e200 JavaThread "Execution worker Thread 10" [_thread_blocked, id=34488, stack(0x0000007aa4400000,0x0000007aa4500000)]
  0x00000257b317e710 JavaThread "Execution worker Thread 11" [_thread_blocked, id=12764, stack(0x0000007aa4500000,0x0000007aa4600000)]
  0x00000257b317f640 JavaThread "Execution worker Thread 12" [_thread_blocked, id=35888, stack(0x0000007aa4600000,0x0000007aa4700000)]
  0x00000257b317fb50 JavaThread "Execution worker Thread 13" [_thread_blocked, id=35120, stack(0x0000007aa4700000,0x0000007aa4800000)]
  0x00000257b317c8b0 JavaThread "Execution worker Thread 14" [_thread_blocked, id=35052, stack(0x0000007aa4800000,0x0000007aa4900000)]
  0x00000257b3180060 JavaThread "Execution worker Thread 15" [_thread_blocked, id=28304, stack(0x0000007aa4900000,0x0000007aa4a00000)]
  0x00000257b317d2d0 JavaThread "Execution worker Thread 16" [_thread_blocked, id=23460, stack(0x0000007aa4a00000,0x0000007aa4b00000)]
  0x00000257b317d7e0 JavaThread "Execution worker Thread 17" [_thread_blocked, id=21612, stack(0x0000007aa4b00000,0x0000007aa4c00000)]
  0x00000257b337c7d0 JavaThread "Execution worker Thread 18" [_thread_blocked, id=27968, stack(0x0000007aa4c00000,0x0000007aa4d00000)]
  0x00000257b337f050 JavaThread "Execution worker Thread 19" [_thread_blocked, id=15552, stack(0x0000007aa4d00000,0x0000007aa4e00000)]
  0x00000257b337d1f0 JavaThread "Cache worker for execution history cache (C:\rubi_web\CISC_Capstone\MiscueReading\node_modules\@react-native\gradle-plugin\.gradle\9.0.0\executionHistory)" [_thread_blocked, id=17840, stack(0x0000007aa4e00000,0x0000007aa4f00000)]
  0x00000257b337fa70 JavaThread "Unconstrained build operations Thread 64" [_thread_blocked, id=19448, stack(0x0000007aa4f00000,0x0000007aa5000000)]
  0x00000257b337c2c0 JavaThread "Unconstrained build operations Thread 65" [_thread_blocked, id=26560, stack(0x0000007aa5000000,0x0000007aa5100000)]
  0x00000257b337d700 JavaThread "Unconstrained build operations Thread 66" [_thread_blocked, id=9016, stack(0x0000007aa5100000,0x0000007aa5200000)]
  0x00000257b337cce0 JavaThread "Unconstrained build operations Thread 67" [_thread_blocked, id=34296, stack(0x0000007aa5200000,0x0000007aa5300000)]
  0x00000257b337dc10 JavaThread "Unconstrained build operations Thread 68" [_thread_blocked, id=18356, stack(0x0000007aa5300000,0x0000007aa5400000)]
  0x00000257b337e120 JavaThread "Unconstrained build operations Thread 69" [_thread_blocked, id=35616, stack(0x0000007aa5400000,0x0000007aa5500000)]
  0x00000257b337f560 JavaThread "Unconstrained build operations Thread 70" [_thread_blocked, id=12880, stack(0x0000007aa5500000,0x0000007aa5600000)]
  0x00000257b337eb40 JavaThread "Unconstrained build operations Thread 71" [_thread_blocked, id=23620, stack(0x0000007aa5600000,0x0000007aa5700000)]
  0x00000257b337ff80 JavaThread "Unconstrained build operations Thread 72" [_thread_blocked, id=35768, stack(0x0000007aa5700000,0x0000007aa5800000)]
  0x00000257b3380490 JavaThread "Unconstrained build operations Thread 73" [_thread_blocked, id=34980, stack(0x0000007aa5800000,0x0000007aa5900000)]
  0x00000257b33818d0 JavaThread "Unconstrained build operations Thread 74" [_thread_blocked, id=10120, stack(0x0000007aa5900000,0x0000007aa5a00000)]
  0x00000257b33809a0 JavaThread "Unconstrained build operations Thread 75" [_thread_blocked, id=28372, stack(0x0000007aa5a00000,0x0000007aa5b00000)]
  0x00000257b3380eb0 JavaThread "Unconstrained build operations Thread 76" [_thread_blocked, id=32964, stack(0x0000007aa5b00000,0x0000007aa5c00000)]
  0x00000257b33813c0 JavaThread "Unconstrained build operations Thread 77" [_thread_blocked, id=3796, stack(0x0000007aa5c00000,0x0000007aa5d00000)]
  0x00000257b3381de0 JavaThread "Unconstrained build operations Thread 78" [_thread_blocked, id=21608, stack(0x0000007aa5d00000,0x0000007aa5e00000)]
  0x00000257b337e630 JavaThread "Unconstrained build operations Thread 79" [_thread_blocked, id=17320, stack(0x0000007aa5e00000,0x0000007aa5f00000)]
  0x00000257b3383730 JavaThread "Unconstrained build operations Thread 80" [_thread_blocked, id=13584, stack(0x0000007aa5f00000,0x0000007aa6000000)]
  0x00000257b33822f0 JavaThread "Unconstrained build operations Thread 81" [_thread_blocked, id=34472, stack(0x0000007aa6000000,0x0000007aa6100000)]
  0x00000257b3382800 JavaThread "Unconstrained build operations Thread 82" [_thread_blocked, id=36708, stack(0x0000007aa6100000,0x0000007aa6200000)]
  0x00000257b3382d10 JavaThread "Unconstrained build operations Thread 83" [_thread_blocked, id=35044, stack(0x0000007aa6200000,0x0000007aa6300000)]
  0x00000257b3383220 JavaThread "Unconstrained build operations Thread 84" [_thread_blocked, id=21332, stack(0x0000007aa6300000,0x0000007aa6400000)]
  0x00000257b3383c40 JavaThread "Unconstrained build operations Thread 85" [_thread_blocked, id=26556, stack(0x0000007aa6400000,0x0000007aa6500000)]
  0x00000257b2feb970 JavaThread "Unconstrained build operations Thread 86" [_thread_blocked, id=30756, stack(0x0000007aa6500000,0x0000007aa6600000)]
  0x00000257b2fea530 JavaThread "Unconstrained build operations Thread 87" [_thread_blocked, id=27528, stack(0x0000007aa6600000,0x0000007aa6700000)]
  0x00000257b2fe9600 JavaThread "Unconstrained build operations Thread 88" [_thread_blocked, id=36508, stack(0x0000007aa6700000,0x0000007aa6800000)]
  0x00000257b2fe81c0 JavaThread "Unconstrained build operations Thread 89" [_thread_blocked, id=28396, stack(0x0000007aa6800000,0x0000007aa6900000)]
  0x00000257b2febe80 JavaThread "Unconstrained build operations Thread 90" [_thread_blocked, id=10180, stack(0x0000007aa6900000,0x0000007aa6a00000)]
  0x00000257b2fe86d0 JavaThread "Unconstrained build operations Thread 91" [_thread_blocked, id=37468, stack(0x0000007aa6a00000,0x0000007aa6b00000)]
  0x00000257b2fe9b10 JavaThread "Unconstrained build operations Thread 92" [_thread_blocked, id=21648, stack(0x0000007aa6b00000,0x0000007aa6c00000)]
  0x00000257b2fe90f0 JavaThread "Unconstrained build operations Thread 93" [_thread_blocked, id=33020, stack(0x0000007aa6c00000,0x0000007aa6d00000)]
  0x00000257b2feb460 JavaThread "Unconstrained build operations Thread 94" [_thread_blocked, id=5588, stack(0x0000007aa6d00000,0x0000007aa6e00000)]
  0x00000257b2fe8be0 JavaThread "Unconstrained build operations Thread 95" [_thread_blocked, id=25004, stack(0x0000007aa6e00000,0x0000007aa6f00000)]
  0x00000257b2fec390 JavaThread "Unconstrained build operations Thread 96" [_thread_blocked, id=3048, stack(0x0000007aa6f00000,0x0000007aa7000000)]
  0x00000257b2fec8a0 JavaThread "Unconstrained build operations Thread 97" [_thread_blocked, id=32460, stack(0x0000007aa7000000,0x0000007aa7100000)]
  0x00000257b2feaf50 JavaThread "Unconstrained build operations Thread 98" [_thread_blocked, id=33088, stack(0x0000007aa7100000,0x0000007aa7200000)]
  0x00000257b2fed2c0 JavaThread "Unconstrained build operations Thread 99" [_thread_blocked, id=16760, stack(0x0000007aa7200000,0x0000007aa7300000)]
  0x00000257b2fecdb0 JavaThread "Unconstrained build operations Thread 100" [_thread_blocked, id=32952, stack(0x0000007aa7300000,0x0000007aa7400000)]
  0x00000257b2fed7d0 JavaThread "Unconstrained build operations Thread 101" [_thread_blocked, id=35232, stack(0x0000007aa7400000,0x0000007aa7500000)]
  0x00000257b2fea020 JavaThread "Unconstrained build operations Thread 102" [_thread_blocked, id=27232, stack(0x0000007aa7500000,0x0000007aa7600000)]
  0x00000257b2fedce0 JavaThread "Unconstrained build operations Thread 103" [_thread_blocked, id=33280, stack(0x0000007aa7600000,0x0000007aa7700000)]
  0x00000257b2fee1f0 JavaThread "Unconstrained build operations Thread 104" [_thread_blocked, id=31520, stack(0x0000007aa7700000,0x0000007aa7800000)]
  0x00000257b2feaa40 JavaThread "Unconstrained build operations Thread 105" [_thread_blocked, id=32584, stack(0x0000007aa7800000,0x0000007aa7900000)]
  0x00000257b2fee700 JavaThread "Unconstrained build operations Thread 106" [_thread_blocked, id=27168, stack(0x0000007aa7900000,0x0000007aa7a00000)]
  0x00000257b2feec10 JavaThread "Unconstrained build operations Thread 107" [_thread_blocked, id=14364, stack(0x0000007aa7a00000,0x0000007aa7b00000)]
  0x00000257b2fef120 JavaThread "Unconstrained build operations Thread 108" [_thread_blocked, id=34924, stack(0x0000007aa7b00000,0x0000007aa7c00000)]
  0x00000257b2fef630 JavaThread "Unconstrained build operations Thread 109" [_thread_blocked, id=23840, stack(0x0000007aa7c00000,0x0000007aa7d00000)]
  0x00000257b2fefb40 JavaThread "Unconstrained build operations Thread 110" [_thread_blocked, id=16712, stack(0x0000007aa7d00000,0x0000007aa7e00000)]
  0x00000257b34d0320 JavaThread "Unconstrained build operations Thread 111" [_thread_blocked, id=3836, stack(0x0000007aa7e00000,0x0000007aa7f00000)]
  0x00000257b34cf900 JavaThread "Unconstrained build operations Thread 112" [_thread_blocked, id=32308, stack(0x0000007aa7f00000,0x0000007aa8000000)]
  0x00000257b34ccb70 JavaThread "Unconstrained build operations Thread 113" [_thread_blocked, id=32676, stack(0x0000007aa8000000,0x0000007aa8100000)]
  0x00000257b34cfe10 JavaThread "Unconstrained build operations Thread 114" [_thread_blocked, id=17972, stack(0x0000007aa8100000,0x0000007aa8200000)]
  0x00000257b34cd080 JavaThread "Unconstrained build operations Thread 115" [_thread_blocked, id=17464, stack(0x0000007aa8200000,0x0000007aa8300000)]
  0x00000257b34d0830 JavaThread "Unconstrained build operations Thread 116" [_thread_blocked, id=7976, stack(0x0000007aa8300000,0x0000007aa8400000)]
  0x00000257b34d0d40 JavaThread "Unconstrained build operations Thread 117" [_thread_blocked, id=9728, stack(0x0000007aa8400000,0x0000007aa8500000)]
  0x00000257b34ceee0 JavaThread "Unconstrained build operations Thread 118" [_thread_blocked, id=31728, stack(0x0000007aa8500000,0x0000007aa8600000)]
  0x00000257b34cd590 JavaThread "Unconstrained build operations Thread 119" [_thread_blocked, id=21708, stack(0x0000007aa8600000,0x0000007aa8700000)]
  0x00000257b34cf3f0 JavaThread "Unconstrained build operations Thread 120" [_thread_blocked, id=32536, stack(0x0000007aa8700000,0x0000007aa8800000)]
  0x00000257b34ce9d0 JavaThread "Unconstrained build operations Thread 121" [_thread_blocked, id=30824, stack(0x0000007aa8800000,0x0000007aa8900000)]
  0x00000257b34d1250 JavaThread "Unconstrained build operations Thread 122" [_thread_blocked, id=32428, stack(0x0000007aa8900000,0x0000007aa8a00000)]
  0x00000257b34cdaa0 JavaThread "Unconstrained build operations Thread 123" [_thread_blocked, id=35660, stack(0x0000007aa8a00000,0x0000007aa8b00000)]
  0x00000257b34d1760 JavaThread "Unconstrained build operations Thread 124" [_thread_blocked, id=22080, stack(0x0000007aa8b00000,0x0000007aa8c00000)]
  0x00000257b34cdfb0 JavaThread "Unconstrained build operations Thread 125" [_thread_blocked, id=30568, stack(0x0000007aa8c00000,0x0000007aa8d00000)]
  0x00000257b34d1c70 JavaThread "Unconstrained build operations Thread 126" [_thread_blocked, id=19244, stack(0x0000007aa8d00000,0x0000007aa8e00000)]
  0x00000257b34ce4c0 JavaThread "Unconstrained build operations Thread 127" [_thread_blocked, id=31072, stack(0x0000007aa8e00000,0x0000007aa8f00000)]
  0x00000257b34d2ba0 JavaThread "Unconstrained build operations Thread 128" [_thread_blocked, id=37652, stack(0x0000007aa8f00000,0x0000007aa9000000)]
  0x00000257b34d3ad0 JavaThread "Unconstrained build operations Thread 129" [_thread_blocked, id=23608, stack(0x0000007aa9000000,0x0000007aa9100000)]
  0x00000257b34d30b0 JavaThread "Unconstrained build operations Thread 130" [_thread_blocked, id=2124, stack(0x0000007aa9100000,0x0000007aa9200000)]
  0x00000257b34d3fe0 JavaThread "Unconstrained build operations Thread 131" [_thread_blocked, id=33612, stack(0x0000007aa9200000,0x0000007aa9300000)]
  0x00000257b34d2180 JavaThread "Unconstrained build operations Thread 132" [_thread_blocked, id=3840, stack(0x0000007aa9300000,0x0000007aa9400000)]
  0x00000257b34d2690 JavaThread "Unconstrained build operations Thread 133" [_thread_blocked, id=24260, stack(0x0000007aa9400000,0x0000007aa9500000)]
  0x00000257b34d44f0 JavaThread "Unconstrained build operations Thread 134" [_thread_blocked, id=32468, stack(0x0000007aa9500000,0x0000007aa9600000)]
  0x00000257b34d35c0 JavaThread "Unconstrained build operations Thread 135" [_thread_blocked, id=30724, stack(0x0000007aa9600000,0x0000007aa9700000)]
  0x00000257b2c19380 JavaThread "Unconstrained build operations Thread 136" [_thread_blocked, id=35512, stack(0x0000007aa9700000,0x0000007aa9800000)]
  0x00000257b2c17f40 JavaThread "Unconstrained build operations Thread 137" [_thread_blocked, id=8540, stack(0x0000007aa9800000,0x0000007aa9900000)]
  0x00000257b2c18450 JavaThread "Unconstrained build operations Thread 138" [_thread_blocked, id=22632, stack(0x0000007aa9900000,0x0000007aa9a00000)]
  0x00000257b2c19da0 JavaThread "Unconstrained build operations Thread 139" [_thread_blocked, id=10960, stack(0x0000007aa9a00000,0x0000007aa9b00000)]
  0x00000257b2c18e70 JavaThread "Unconstrained build operations Thread 140" [_thread_blocked, id=1588, stack(0x0000007aa9b00000,0x0000007aa9c00000)]
  0x00000257b2c18960 JavaThread "Unconstrained build operations Thread 141" [_thread_blocked, id=22444, stack(0x0000007aa9c00000,0x0000007aa9d00000)]
  0x00000257b2c19890 JavaThread "Unconstrained build operations Thread 142" [_thread_blocked, id=22116, stack(0x0000007aa9d00000,0x0000007aa9e00000)]
  0x00000257b2c1a2b0 JavaThread "jar transforms Thread 2" [_thread_blocked, id=19184, stack(0x0000007aa9e00000,0x0000007aa9f00000)]
  0x00000257b2c1a7c0 JavaThread "jar transforms Thread 3" [_thread_blocked, id=812, stack(0x0000007aa9f00000,0x0000007aaa000000)]
  0x00000257b2c17010 JavaThread "Unconstrained build operations Thread 143" [_thread_blocked, id=16400, stack(0x0000007aaa000000,0x0000007aaa100000)]
  0x00000257b2c1acd0 JavaThread "Unconstrained build operations Thread 144" [_thread_blocked, id=1064, stack(0x0000007aaa100000,0x0000007aaa200000)]
  0x00000257b2c17520 JavaThread "Unconstrained build operations Thread 145" [_thread_blocked, id=27496, stack(0x0000007aaa400000,0x0000007aaa500000)]
  0x00000257b2c1b1e0 JavaThread "Unconstrained build operations Thread 146" [_thread_blocked, id=14112, stack(0x0000007aaa500000,0x0000007aaa600000)]
  0x00000257b2c17a30 JavaThread "Unconstrained build operations Thread 147" [_thread_blocked, id=25436, stack(0x0000007aaa600000,0x0000007aaa700000)]
  0x00000257b2c1e990 JavaThread "Unconstrained build operations Thread 148" [_thread_blocked, id=24508, stack(0x0000007aaa700000,0x0000007aaa800000)]
  0x00000257b2c1b6f0 JavaThread "Unconstrained build operations Thread 149" [_thread_blocked, id=18608, stack(0x0000007aaa800000,0x0000007aaa900000)]
  0x00000257b2c1d550 JavaThread "Unconstrained build operations Thread 150" [_thread_blocked, id=31084, stack(0x0000007aaa900000,0x0000007aaaa00000)]
  0x00000257b2c1d040 JavaThread "Unconstrained build operations Thread 151" [_thread_blocked, id=25928, stack(0x0000007aaaa00000,0x0000007aaab00000)]
  0x00000257b2c1da60 JavaThread "Unconstrained build operations Thread 152" [_thread_blocked, id=35076, stack(0x0000007aaab00000,0x0000007aaac00000)]
  0x00000257b2c1df70 JavaThread "Unconstrained build operations Thread 153" [_thread_blocked, id=36036, stack(0x0000007aaac00000,0x0000007aaad00000)]
  0x00000257b2c1c110 JavaThread "Unconstrained build operations Thread 154" [_thread_blocked, id=27188, stack(0x0000007aaad00000,0x0000007aaae00000)]
  0x00000257b2c1cb30 JavaThread "Unconstrained build operations Thread 155" [_thread_blocked, id=5424, stack(0x0000007aaae00000,0x0000007aaaf00000)]
  0x00000257b2c1e480 JavaThread "Unconstrained build operations Thread 156" [_thread_blocked, id=23032, stack(0x0000007aaaf00000,0x0000007aab000000)]
  0x00000257b2c1eea0 JavaThread "Unconstrained build operations Thread 157" [_thread_blocked, id=12668, stack(0x0000007aab000000,0x0000007aab100000)]
  0x00000257b2c1f3b0 JavaThread "Unconstrained build operations Thread 158" [_thread_blocked, id=32572, stack(0x0000007aab100000,0x0000007aab200000)]
  0x00000257b2c1bc00 JavaThread "Unconstrained build operations Thread 159" [_thread_blocked, id=1152, stack(0x0000007aab200000,0x0000007aab300000)]
  0x00000257b2c1fdd0 JavaThread "Unconstrained build operations Thread 160" [_thread_blocked, id=9688, stack(0x0000007aab300000,0x0000007aab400000)]
  0x00000257b2c1f8c0 JavaThread "Unconstrained build operations Thread 161" [_thread_blocked, id=27392, stack(0x0000007aab400000,0x0000007aab500000)]
  0x00000257b2c1c620 JavaThread "Unconstrained build operations Thread 162" [_thread_blocked, id=8676, stack(0x0000007aab500000,0x0000007aab600000)]
  0x00000257b2c23a90 JavaThread "Unconstrained build operations Thread 163" [_thread_blocked, id=3756, stack(0x0000007aab600000,0x0000007aab700000)]
  0x00000257b2c23070 JavaThread "Unconstrained build operations Thread 164" [_thread_blocked, id=32028, stack(0x0000007aab700000,0x0000007aab800000)]
  0x00000257b2c21720 JavaThread "Unconstrained build operations Thread 165" [_thread_blocked, id=30928, stack(0x0000007aab800000,0x0000007aab900000)]
  0x00000257b2c22b60 JavaThread "Unconstrained build operations Thread 166" [_thread_blocked, id=31284, stack(0x0000007aab900000,0x0000007aaba00000)]
  0x00000257b2c22650 JavaThread "Unconstrained build operations Thread 167" [_thread_blocked, id=16528, stack(0x0000007aaba00000,0x0000007aabb00000)]
  0x00000257b2c22140 JavaThread "Unconstrained build operations Thread 168" [_thread_blocked, id=14384, stack(0x0000007aabb00000,0x0000007aabc00000)]
  0x00000257b2c23580 JavaThread "Unconstrained build operations Thread 169" [_thread_blocked, id=27048, stack(0x0000007aabc00000,0x0000007aabd00000)]
  0x00000257b2c202e0 JavaThread "Unconstrained build operations Thread 170" [_thread_blocked, id=2872, stack(0x0000007aabd00000,0x0000007aabe00000)]
  0x00000257b2c23fa0 JavaThread "Unconstrained build operations Thread 171" [_thread_blocked, id=12484, stack(0x0000007aabe00000,0x0000007aabf00000)]
  0x00000257b2c207f0 JavaThread "Unconstrained build operations Thread 172" [_thread_blocked, id=13964, stack(0x0000007aabf00000,0x0000007aac000000)]
  0x00000257b2c21c30 JavaThread "Unconstrained build operations Thread 173" [_thread_blocked, id=35228, stack(0x0000007aac000000,0x0000007aac100000)]
  0x00000257b2c244b0 JavaThread "Unconstrained build operations Thread 174" [_thread_blocked, id=31020, stack(0x0000007aac100000,0x0000007aac200000)]
  0x00000257b2c20d00 JavaThread "Unconstrained build operations Thread 175" [_thread_blocked, id=25648, stack(0x0000007aac200000,0x0000007aac300000)]
  0x00000257b2c249c0 JavaThread "Unconstrained build operations Thread 176" [_thread_blocked, id=34148, stack(0x0000007aac300000,0x0000007aac400000)]
  0x00000257b2c21210 JavaThread "Unconstrained build operations Thread 177" [_thread_blocked, id=19576, stack(0x0000007aac400000,0x0000007aac500000)]
  0x00000257b2c24ed0 JavaThread "Unconstrained build operations Thread 178" [_thread_blocked, id=19692, stack(0x0000007aac500000,0x0000007aac600000)]
  0x00000257b2c253e0 JavaThread "Unconstrained build operations Thread 179" [_thread_blocked, id=32728, stack(0x0000007aac600000,0x0000007aac700000)]
  0x00000257b2c258f0 JavaThread "Unconstrained build operations Thread 180" [_thread_blocked, id=37100, stack(0x0000007aac700000,0x0000007aac800000)]
  0x00000257b2c25e00 JavaThread "Unconstrained build operations Thread 181" [_thread_blocked, id=22712, stack(0x0000007aac800000,0x0000007aac900000)]
  0x00000257b2c26310 JavaThread "Unconstrained build operations Thread 182" [_thread_blocked, id=34184, stack(0x0000007aac900000,0x0000007aaca00000)]
  0x00000257b2c26820 JavaThread "Unconstrained build operations Thread 183" [_thread_blocked, id=21756, stack(0x0000007aaca00000,0x0000007aacb00000)]
  0x00000257fe90e960 JavaThread "Unconstrained build operations Thread 184" [_thread_blocked, id=35880, stack(0x0000007aacb00000,0x0000007aacc00000)]
  0x00000257b12562c0 JavaThread "Unconstrained build operations Thread 185" [_thread_blocked, id=36700, stack(0x0000007aacc00000,0x0000007aacd00000)]
  0x00000257b1254970 JavaThread "Unconstrained build operations Thread 186" [_thread_blocked, id=16132, stack(0x0000007aacd00000,0x0000007aace00000)]
  0x00000257b1256ce0 JavaThread "Unconstrained build operations Thread 187" [_thread_blocked, id=23464, stack(0x0000007aace00000,0x0000007aacf00000)]
  0x00000257b12567d0 JavaThread "Unconstrained build operations Thread 188" [_thread_blocked, id=17468, stack(0x0000007aacf00000,0x0000007aad000000)]
  0x00000257b12571f0 JavaThread "Unconstrained build operations Thread 189" [_thread_blocked, id=19788, stack(0x0000007aad000000,0x0000007aad100000)]
  0x00000257b1253a40 JavaThread "Unconstrained build operations Thread 190" [_thread_blocked, id=34232, stack(0x0000007aad100000,0x0000007aad200000)]
  0x00000257b1254460 JavaThread "Unconstrained build operations Thread 191" [_thread_blocked, id=31940, stack(0x0000007aad300000,0x0000007aad400000)]
  0x00000257b1257700 JavaThread "Unconstrained build operations Thread 192" [_thread_blocked, id=27036, stack(0x0000007aad400000,0x0000007aad500000)]
  0x00000257b1253f50 JavaThread "Unconstrained build operations Thread 193" [_thread_blocked, id=8744, stack(0x0000007aad500000,0x0000007aad600000)]
  0x00000257b1255db0 JavaThread "Unconstrained build operations Thread 194" [_thread_blocked, id=25352, stack(0x0000007aad600000,0x0000007aad700000)]
  0x00000257b1257c10 JavaThread "Unconstrained build operations Thread 195" [_thread_blocked, id=21912, stack(0x0000007aad700000,0x0000007aad800000)]
  0x00000257b1258120 JavaThread "Unconstrained build operations Thread 196" [_thread_blocked, id=23732, stack(0x0000007aad800000,0x0000007aad900000)]
  0x00000257b1258630 JavaThread "Unconstrained build operations Thread 197" [_thread_blocked, id=29684, stack(0x0000007aad900000,0x0000007aada00000)]
  0x00000257b1254e80 JavaThread "Unconstrained build operations Thread 198" [_thread_blocked, id=20100, stack(0x0000007aada00000,0x0000007aadb00000)]
  0x00000257b12558a0 JavaThread "Unconstrained build operations Thread 199" [_thread_blocked, id=34048, stack(0x0000007aadb00000,0x0000007aadc00000)]
  0x00000257b1258b40 JavaThread "Unconstrained build operations Thread 200" [_thread_blocked, id=508, stack(0x0000007aadc00000,0x0000007aadd00000)]
  0x00000257b1255390 JavaThread "jar transforms Thread 4" [_thread_blocked, id=31432, stack(0x0000007aadd00000,0x0000007aade00000)]
  0x00000257b125a490 JavaThread "jar transforms Thread 5" [_thread_blocked, id=22452, stack(0x0000007aad200000,0x0000007aad300000)]
  0x00000257b125a9a0 JavaThread "jar transforms Thread 6" [_thread_blocked, id=36788, stack(0x0000007aade00000,0x0000007aadf00000)]
  0x00000257b1259050 JavaThread "build event listener" [_thread_blocked, id=36320, stack(0x0000007aae000000,0x0000007aae100000)]
  0x00000257b125c800 JavaThread "Problems report writer" [_thread_blocked, id=33240, stack(0x0000007aae100000,0x0000007aae200000)]
  0x00000257b125b3c0 JavaThread "jar transforms Thread 7" [_thread_blocked, id=3792, stack(0x0000007aae200000,0x0000007aae300000)]
  0x00000257b125c2f0 JavaThread "jar transforms Thread 8" [_thread_blocked, id=35372, stack(0x0000007aae300000,0x0000007aae400000)]
  0x00000257b125cd10 JavaThread "jar transforms Thread 9" [_thread_blocked, id=25752, stack(0x0000007aae400000,0x0000007aae500000)]
  0x00000257b1259560 JavaThread "jar transforms Thread 10" [_thread_blocked, id=30836, stack(0x0000007aae500000,0x0000007aae600000)]
  0x00000257b125d220 JavaThread "jar transforms Thread 11" [_thread_blocked, id=3336, stack(0x0000007aae600000,0x0000007aae700000)]
  0x00000257b1259a70 JavaThread "jar transforms Thread 12" [_thread_blocked, id=23752, stack(0x0000007aae700000,0x0000007aae800000)]
  0x00000257b12604c0 JavaThread "jar transforms Thread 13" [_thread_blocked, id=20760, stack(0x0000007aae800000,0x0000007aae900000)]
  0x00000257b125faa0 JavaThread "jar transforms Thread 14" [_thread_blocked, id=37720, stack(0x0000007aae900000,0x0000007aaea00000)]
  0x00000257b125f080 JavaThread "jar transforms Thread 15" [_thread_blocked, id=36532, stack(0x0000007aaea00000,0x0000007aaeb00000)]
  0x00000257b125e660 JavaThread "jar transforms Thread 16" [_thread_blocked, id=22544, stack(0x0000007aaeb00000,0x0000007aaec00000)]
  0x00000257b125dc40 JavaThread "jar transforms Thread 17" [_thread_blocked, id=3956, stack(0x0000007aaed00000,0x0000007aaee00000)]
  0x00000257b12613f0 JavaThread "jar transforms Thread 18" [_thread_blocked, id=30280, stack(0x0000007aaee00000,0x0000007aaef00000)]
  0x00000257b1261900 JavaThread "jar transforms Thread 19" [_thread_blocked, id=30272, stack(0x0000007aaef00000,0x0000007aaf000000)]
  0x00000257b125e150 JavaThread "jar transforms Thread 20" [_thread_blocked, id=13556, stack(0x0000007aaf000000,0x0000007aaf100000)]
  0x00000257b1262320 JavaThread "Exec process" [_thread_blocked, id=21076, stack(0x0000007aaec00000,0x0000007aaed00000)]
  0x00000257b125eb70 JavaThread "Exec process Thread 2" [_thread_blocked, id=31656, stack(0x0000007aaf100000,0x0000007aaf200000)]
  0x00000257b1262830 JavaThread "Exec process Thread 3" [_thread_blocked, id=37256, stack(0x0000007aaf200000,0x0000007aaf300000)]
  0x00000257bc95afa0 JavaThread "Cache worker for execution history cache (C:\rubi_web\CISC_Capstone\MiscueReading\android\.gradle\9.0.0\executionHistory)" [_thread_blocked, id=36724, stack(0x0000007aadf00000,0x0000007aae000000)]

Other Threads:
=>0x00000257fe688e10 VMThread "VM Thread" [stack: 0x0000007a9ac00000,0x0000007a9ad00000] [id=30364]
  0x00000257fea71d00 WatcherThread [stack: 0x0000007a9ba00000,0x0000007a9bb00000] [id=16572]
  0x00000257ec76d650 GCTaskThread "GC Thread#0" [stack: 0x0000007a9a700000,0x0000007a9a800000] [id=30444]
  0x00000257fed66670 GCTaskThread "GC Thread#1" [stack: 0x0000007a9bb00000,0x0000007a9bc00000] [id=13032]
  0x00000257fec81f40 GCTaskThread "GC Thread#2" [stack: 0x0000007a9bc00000,0x0000007a9bd00000] [id=27568]
  0x00000257ae33d840 GCTaskThread "GC Thread#3" [stack: 0x0000007a9bd00000,0x0000007a9be00000] [id=33156]
  0x00000257ae065f70 GCTaskThread "GC Thread#4" [stack: 0x0000007a9be00000,0x0000007a9bf00000] [id=19012]
  0x00000257aff7be20 GCTaskThread "GC Thread#5" [stack: 0x0000007a9cc00000,0x0000007a9cd00000] [id=31428]
  0x00000257b03c42a0 GCTaskThread "GC Thread#6" [stack: 0x0000007a9cd00000,0x0000007a9ce00000] [id=37660]
  0x00000257b03c4560 GCTaskThread "GC Thread#7" [stack: 0x0000007a9ce00000,0x0000007a9cf00000] [id=32832]
  0x00000257af561590 GCTaskThread "GC Thread#8" [stack: 0x0000007a9cf00000,0x0000007a9d000000] [id=4452]
  0x00000257af561850 GCTaskThread "GC Thread#9" [stack: 0x0000007a9d000000,0x0000007a9d100000] [id=9032]
  0x00000257af480ba0 GCTaskThread "GC Thread#10" [stack: 0x0000007a9d100000,0x0000007a9d200000] [id=4440]
  0x00000257af480e60 GCTaskThread "GC Thread#11" [stack: 0x0000007a9d200000,0x0000007a9d300000] [id=3644]
  0x00000257b038e2e0 GCTaskThread "GC Thread#12" [stack: 0x0000007a9d300000,0x0000007a9d400000] [id=22192]
  0x00000257b038cce0 GCTaskThread "GC Thread#13" [stack: 0x0000007a9d400000,0x0000007a9d500000] [id=7652]
  0x00000257b038dd60 GCTaskThread "GC Thread#14" [stack: 0x0000007a9d500000,0x0000007a9d600000] [id=25696]
  0x00000257ec77e4b0 ConcurrentGCThread "G1 Main Marker" [stack: 0x0000007a9a800000,0x0000007a9a900000] [id=26944]
  0x00000257ec77edd0 ConcurrentGCThread "G1 Conc#0" [stack: 0x0000007a9a900000,0x0000007a9aa00000] [id=10356]
  0x00000257b038cfa0 ConcurrentGCThread "G1 Conc#1" [stack: 0x0000007a9d700000,0x0000007a9d800000] [id=28192]
  0x00000257b038d260 ConcurrentGCThread "G1 Conc#2" [stack: 0x0000007a9d800000,0x0000007a9d900000] [id=36752]
  0x00000257b038d7e0 ConcurrentGCThread "G1 Conc#3" [stack: 0x0000007a9d900000,0x0000007a9da00000] [id=36128]
  0x00000257fe542060 ConcurrentGCThread "G1 Refine#0" [stack: 0x0000007a9aa00000,0x0000007a9ab00000] [id=28712]
  0x00000257fe542740 ConcurrentGCThread "G1 Service" [stack: 0x0000007a9ab00000,0x0000007a9ac00000] [id=25664]

Threads with active compile tasks:

VM state: at safepoint (normal execution)

VM Mutex/Monitor currently owned by a thread:  ([mutex/lock_event])
[0x00000257ec6fa740] Threads_lock - owner thread: 0x00000257fe688e10
[0x00000257ec70a310] Heap_lock - owner thread: 0x00000257b317f130

Heap address: 0x0000000080000000, size: 2048 MB, Compressed Oops mode: 32-bit

CDS archive(s) mapped at: [0x000002578f000000-0x000002578fbd0000-0x000002578fbd0000), size 12386304, SharedBaseAddress: 0x000002578f000000, ArchiveRelocationMode: 1.
Compressed class space mapped at: 0x0000025790000000-0x00000257aa000000, reserved size: 436207616
Narrow klass base: 0x000002578f000000, Narrow klass shift: 0, Narrow klass range: 0x100000000

GC Precious Log:
 CPUs: 20 total, 20 available
 Memory: 7911M
 Large Page Support: Disabled
 NUMA Support: Disabled
 Compressed Oops: Enabled (32-bit)
 Heap Region Size: 1M
 Heap Min Capacity: 8M
 Heap Initial Capacity: 124M
 Heap Max Capacity: 2G
 Pre-touch: Disabled
 Parallel Workers: 15
 Concurrent Workers: 4
 Concurrent Refinement Workers: 15
 Periodic GC: Disabled

Heap:
 garbage-first heap   total 738304K, used 377027K [0x0000000080000000, 0x0000000100000000)
  region size 1024K, 91 young (93184K), 31 survivors (31744K)
 Metaspace       used 114051K, committed 116288K, reserved 557056K
  class space    used 15896K, committed 16960K, reserved 425984K

Heap Regions: E=young(eden), S=young(survivor), O=old, HS=humongous(starts), HC=humongous(continues), CS=collection set, F=free, OA=open archive, CA=closed archive, TAMS=top-at-mark-start (previous, next)
|   0|0x0000000080000000, 0x0000000080100000, 0x0000000080100000|100%|HS|  |TAMS 0x0000000080100000, 0x0000000080000000| Complete 
|   1|0x0000000080100000, 0x0000000080200000, 0x0000000080200000|100%|HC|  |TAMS 0x0000000080200000, 0x0000000080100000| Complete 
|   2|0x0000000080200000, 0x0000000080300000, 0x0000000080300000|100%|HC|  |TAMS 0x0000000080300000, 0x0000000080200000| Complete 
|   3|0x0000000080300000, 0x0000000080400000, 0x0000000080400000|100%| O|  |TAMS 0x0000000080400000, 0x0000000080300000| Untracked 
|   4|0x0000000080400000, 0x0000000080500000, 0x0000000080500000|100%| O|  |TAMS 0x0000000080500000, 0x0000000080400000| Untracked 
|   5|0x0000000080500000, 0x0000000080600000, 0x0000000080600000|100%| O|  |TAMS 0x0000000080600000, 0x0000000080500000| Untracked 
|   6|0x0000000080600000, 0x0000000080700000, 0x0000000080700000|100%|HS|  |TAMS 0x0000000080700000, 0x0000000080600000| Complete 
|   7|0x0000000080700000, 0x0000000080800000, 0x0000000080800000|100%| O|  |TAMS 0x0000000080800000, 0x0000000080700000| Untracked 
|   8|0x0000000080800000, 0x0000000080900000, 0x0000000080900000|100%| O|  |TAMS 0x0000000080900000, 0x0000000080800000| Untracked 
|   9|0x0000000080900000, 0x0000000080a00000, 0x0000000080a00000|100%| O|  |TAMS 0x0000000080a00000, 0x0000000080900000| Untracked 
|  10|0x0000000080a00000, 0x0000000080b00000, 0x0000000080b00000|100%| O|  |TAMS 0x0000000080b00000, 0x0000000080a00000| Untracked 
|  11|0x0000000080b00000, 0x0000000080c00000, 0x0000000080c00000|100%| O|  |TAMS 0x0000000080c00000, 0x0000000080b00000| Untracked 
|  12|0x0000000080c00000, 0x0000000080d00000, 0x0000000080d00000|100%| O|  |TAMS 0x0000000080d00000, 0x0000000080c00000| Untracked 
|  13|0x0000000080d00000, 0x0000000080e00000, 0x0000000080e00000|100%| O|  |TAMS 0x0000000080e00000, 0x0000000080d00000| Untracked 
|  14|0x0000000080e00000, 0x0000000080f00000, 0x0000000080f00000|100%| O|  |TAMS 0x0000000080f00000, 0x0000000080e00000| Untracked 
|  15|0x0000000080f00000, 0x0000000081000000, 0x0000000081000000|100%| O|  |TAMS 0x0000000081000000, 0x0000000080f00000| Untracked 
|  16|0x0000000081000000, 0x0000000081100000, 0x0000000081100000|100%| O|  |TAMS 0x0000000081100000, 0x0000000081000000| Untracked 
|  17|0x0000000081100000, 0x0000000081200000, 0x0000000081200000|100%| O|  |TAMS 0x0000000081200000, 0x0000000081100000| Untracked 
|  18|0x0000000081200000, 0x0000000081300000, 0x0000000081300000|100%| O|  |TAMS 0x0000000081300000, 0x0000000081200000| Untracked 
|  19|0x0000000081300000, 0x0000000081400000, 0x0000000081400000|100%| O|  |TAMS 0x0000000081400000, 0x0000000081300000| Untracked 
|  20|0x0000000081400000, 0x0000000081500000, 0x0000000081500000|100%| O|  |TAMS 0x0000000081500000, 0x0000000081400000| Untracked 
|  21|0x0000000081500000, 0x0000000081600000, 0x0000000081600000|100%| O|  |TAMS 0x0000000081600000, 0x0000000081500000| Untracked 
|  22|0x0000000081600000, 0x0000000081700000, 0x0000000081700000|100%| O|  |TAMS 0x0000000081700000, 0x0000000081600000| Untracked 
|  23|0x0000000081700000, 0x0000000081800000, 0x0000000081800000|100%| O|  |TAMS 0x0000000081800000, 0x0000000081700000| Untracked 
|  24|0x0000000081800000, 0x0000000081900000, 0x0000000081900000|100%| O|  |TAMS 0x0000000081900000, 0x0000000081800000| Untracked 
|  25|0x0000000081900000, 0x0000000081a00000, 0x0000000081a00000|100%| O|  |TAMS 0x0000000081a00000, 0x0000000081900000| Untracked 
|  26|0x0000000081a00000, 0x0000000081b00000, 0x0000000081b00000|100%| O|  |TAMS 0x0000000081b00000, 0x0000000081a00000| Untracked 
|  27|0x0000000081b00000, 0x0000000081c00000, 0x0000000081c00000|100%| O|  |TAMS 0x0000000081c00000, 0x0000000081b00000| Untracked 
|  28|0x0000000081c00000, 0x0000000081d00000, 0x0000000081d00000|100%| O|  |TAMS 0x0000000081d00000, 0x0000000081c00000| Untracked 
|  29|0x0000000081d00000, 0x0000000081e00000, 0x0000000081e00000|100%| O|  |TAMS 0x0000000081e00000, 0x0000000081d00000| Untracked 
|  30|0x0000000081e00000, 0x0000000081f00000, 0x0000000081f00000|100%| O|  |TAMS 0x0000000081f00000, 0x0000000081e00000| Untracked 
|  31|0x0000000081f00000, 0x0000000082000000, 0x0000000082000000|100%| O|  |TAMS 0x0000000082000000, 0x0000000081f00000| Untracked 
|  32|0x0000000082000000, 0x0000000082100000, 0x0000000082100000|100%| O|  |TAMS 0x0000000082100000, 0x0000000082000000| Untracked 
|  33|0x0000000082100000, 0x0000000082200000, 0x0000000082200000|100%| O|  |TAMS 0x0000000082200000, 0x0000000082100000| Untracked 
|  34|0x0000000082200000, 0x0000000082300000, 0x0000000082300000|100%|HS|  |TAMS 0x0000000082300000, 0x0000000082200000| Complete 
|  35|0x0000000082300000, 0x0000000082400000, 0x0000000082400000|100%| O|  |TAMS 0x0000000082400000, 0x0000000082300000| Untracked 
|  36|0x0000000082400000, 0x0000000082500000, 0x0000000082500000|100%|HS|  |TAMS 0x0000000082500000, 0x0000000082400000| Complete 
|  37|0x0000000082500000, 0x0000000082600000, 0x0000000082600000|100%|HC|  |TAMS 0x0000000082600000, 0x0000000082500000| Complete 
|  38|0x0000000082600000, 0x0000000082700000, 0x0000000082700000|100%|HC|  |TAMS 0x0000000082700000, 0x0000000082600000| Complete 
|  39|0x0000000082700000, 0x0000000082800000, 0x0000000082800000|100%|HS|  |TAMS 0x0000000082800000, 0x0000000082700000| Complete 
|  40|0x0000000082800000, 0x0000000082900000, 0x0000000082900000|100%|HC|  |TAMS 0x0000000082900000, 0x0000000082800000| Complete 
|  41|0x0000000082900000, 0x0000000082a00000, 0x0000000082a00000|100%|HC|  |TAMS 0x0000000082a00000, 0x0000000082900000| Complete 
|  42|0x0000000082a00000, 0x0000000082b00000, 0x0000000082b00000|100%| O|  |TAMS 0x0000000082b00000, 0x0000000082a00000| Untracked 
|  43|0x0000000082b00000, 0x0000000082c00000, 0x0000000082c00000|100%| O|  |TAMS 0x0000000082c00000, 0x0000000082b00000| Untracked 
|  44|0x0000000082c00000, 0x0000000082d00000, 0x0000000082d00000|100%| O|  |TAMS 0x0000000082d00000, 0x0000000082c00000| Untracked 
|  45|0x0000000082d00000, 0x0000000082e00000, 0x0000000082e00000|100%| O|  |TAMS 0x0000000082e00000, 0x0000000082d00000| Untracked 
|  46|0x0000000082e00000, 0x0000000082f00000, 0x0000000082f00000|100%| O|  |TAMS 0x0000000082f00000, 0x0000000082e00000| Untracked 
|  47|0x0000000082f00000, 0x0000000083000000, 0x0000000083000000|100%| O|  |TAMS 0x0000000083000000, 0x0000000082f00000| Untracked 
|  48|0x0000000083000000, 0x0000000083100000, 0x0000000083100000|100%| O|  |TAMS 0x0000000083100000, 0x0000000083000000| Untracked 
|  49|0x0000000083100000, 0x0000000083200000, 0x0000000083200000|100%|HS|  |TAMS 0x0000000083200000, 0x0000000083100000| Complete 
|  50|0x0000000083200000, 0x0000000083300000, 0x0000000083300000|100%|HS|  |TAMS 0x0000000083300000, 0x0000000083200000| Complete 
|  51|0x0000000083300000, 0x0000000083400000, 0x0000000083400000|100%| O|  |TAMS 0x0000000083400000, 0x0000000083300000| Untracked 
|  52|0x0000000083400000, 0x0000000083500000, 0x0000000083500000|100%|HS|  |TAMS 0x0000000083500000, 0x0000000083400000| Complete 
|  53|0x0000000083500000, 0x0000000083600000, 0x0000000083600000|100%| O|  |TAMS 0x0000000083600000, 0x0000000083500000| Untracked 
|  54|0x0000000083600000, 0x0000000083700000, 0x0000000083700000|100%| O|  |TAMS 0x0000000083700000, 0x0000000083600000| Untracked 
|  55|0x0000000083700000, 0x0000000083800000, 0x0000000083800000|100%| O|  |TAMS 0x0000000083800000, 0x0000000083700000| Untracked 
|  56|0x0000000083800000, 0x0000000083900000, 0x0000000083900000|100%| O|  |TAMS 0x0000000083900000, 0x0000000083800000| Untracked 
|  57|0x0000000083900000, 0x0000000083a00000, 0x0000000083a00000|100%| O|  |TAMS 0x0000000083a00000, 0x0000000083900000| Untracked 
|  58|0x0000000083a00000, 0x0000000083b00000, 0x0000000083b00000|100%| O|  |TAMS 0x0000000083b00000, 0x0000000083a00000| Untracked 
|  59|0x0000000083b00000, 0x0000000083c00000, 0x0000000083c00000|100%| O|  |TAMS 0x0000000083c00000, 0x0000000083b00000| Untracked 
|  60|0x0000000083c00000, 0x0000000083d00000, 0x0000000083d00000|100%| O|  |TAMS 0x0000000083d00000, 0x0000000083c00000| Untracked 
|  61|0x0000000083d00000, 0x0000000083e00000, 0x0000000083e00000|100%| O|  |TAMS 0x0000000083e00000, 0x0000000083d00000| Untracked 
|  62|0x0000000083e00000, 0x0000000083f00000, 0x0000000083f00000|100%| O|  |TAMS 0x0000000083f00000, 0x0000000083e00000| Untracked 
|  63|0x0000000083f00000, 0x0000000084000000, 0x0000000084000000|100%| O|  |TAMS 0x0000000084000000, 0x0000000083f00000| Untracked 
|  64|0x0000000084000000, 0x0000000084100000, 0x0000000084100000|100%| O|  |TAMS 0x0000000084100000, 0x0000000084000000| Untracked 
|  65|0x0000000084100000, 0x0000000084200000, 0x0000000084200000|100%| O|  |TAMS 0x0000000084200000, 0x0000000084100000| Untracked 
|  66|0x0000000084200000, 0x0000000084300000, 0x0000000084300000|100%|HS|  |TAMS 0x0000000084300000, 0x0000000084200000| Complete 
|  67|0x0000000084300000, 0x0000000084400000, 0x0000000084400000|100%|HS|  |TAMS 0x0000000084400000, 0x0000000084300000| Complete 
|  68|0x0000000084400000, 0x0000000084500000, 0x0000000084500000|100%| O|  |TAMS 0x0000000084500000, 0x0000000084400000| Untracked 
|  69|0x0000000084500000, 0x0000000084600000, 0x0000000084600000|100%| O|  |TAMS 0x0000000084600000, 0x0000000084500000| Untracked 
|  70|0x0000000084600000, 0x0000000084700000, 0x0000000084700000|100%| O|  |TAMS 0x0000000084700000, 0x0000000084600000| Untracked 
|  71|0x0000000084700000, 0x0000000084800000, 0x0000000084800000|100%| O|  |TAMS 0x0000000084800000, 0x0000000084700000| Untracked 
|  72|0x0000000084800000, 0x0000000084900000, 0x0000000084900000|100%| O|  |TAMS 0x0000000084900000, 0x0000000084800000| Untracked 
|  73|0x0000000084900000, 0x0000000084a00000, 0x0000000084a00000|100%| O|  |TAMS 0x0000000084a00000, 0x0000000084900000| Untracked 
|  74|0x0000000084a00000, 0x0000000084b00000, 0x0000000084b00000|100%| O|  |TAMS 0x0000000084b00000, 0x0000000084a00000| Untracked 
|  75|0x0000000084b00000, 0x0000000084c00000, 0x0000000084c00000|100%| O|  |TAMS 0x0000000084c00000, 0x0000000084b00000| Untracked 
|  76|0x0000000084c00000, 0x0000000084d00000, 0x0000000084d00000|100%| O|  |TAMS 0x0000000084d00000, 0x0000000084c00000| Untracked 
|  77|0x0000000084d00000, 0x0000000084e00000, 0x0000000084e00000|100%| O|  |TAMS 0x0000000084e00000, 0x0000000084d00000| Untracked 
|  78|0x0000000084e00000, 0x0000000084f00000, 0x0000000084f00000|100%| O|  |TAMS 0x0000000084f00000, 0x0000000084e00000| Untracked 
|  79|0x0000000084f00000, 0x0000000085000000, 0x0000000085000000|100%| O|  |TAMS 0x0000000085000000, 0x0000000084f00000| Untracked 
|  80|0x0000000085000000, 0x0000000085100000, 0x0000000085100000|100%| O|  |TAMS 0x0000000085100000, 0x0000000085000000| Untracked 
|  81|0x0000000085100000, 0x0000000085200000, 0x0000000085200000|100%| O|  |TAMS 0x0000000085200000, 0x0000000085100000| Untracked 
|  82|0x0000000085200000, 0x0000000085300000, 0x0000000085300000|100%| O|  |TAMS 0x0000000085300000, 0x0000000085200000| Untracked 
|  83|0x0000000085300000, 0x0000000085400000, 0x0000000085400000|100%| O|  |TAMS 0x0000000085400000, 0x0000000085300000| Untracked 
|  84|0x0000000085400000, 0x0000000085500000, 0x0000000085500000|100%| O|  |TAMS 0x0000000085500000, 0x0000000085400000| Untracked 
|  85|0x0000000085500000, 0x0000000085600000, 0x0000000085600000|100%| O|  |TAMS 0x0000000085600000, 0x0000000085500000| Untracked 
|  86|0x0000000085600000, 0x0000000085700000, 0x0000000085700000|100%| O|  |TAMS 0x0000000085700000, 0x0000000085600000| Untracked 
|  87|0x0000000085700000, 0x0000000085800000, 0x0000000085800000|100%| O|  |TAMS 0x0000000085800000, 0x0000000085700000| Untracked 
|  88|0x0000000085800000, 0x0000000085900000, 0x0000000085900000|100%| O|  |TAMS 0x0000000085900000, 0x0000000085800000| Untracked 
|  89|0x0000000085900000, 0x0000000085a00000, 0x0000000085a00000|100%| O|  |TAMS 0x0000000085a00000, 0x0000000085900000| Untracked 
|  90|0x0000000085a00000, 0x0000000085b00000, 0x0000000085b00000|100%| O|  |TAMS 0x0000000085b00000, 0x0000000085a00000| Untracked 
|  91|0x0000000085b00000, 0x0000000085c00000, 0x0000000085c00000|100%| O|  |TAMS 0x0000000085c00000, 0x0000000085b00000| Untracked 
|  92|0x0000000085c00000, 0x0000000085d00000, 0x0000000085d00000|100%| O|  |TAMS 0x0000000085d00000, 0x0000000085c00000| Untracked 
|  93|0x0000000085d00000, 0x0000000085e00000, 0x0000000085e00000|100%| O|  |TAMS 0x0000000085e00000, 0x0000000085d00000| Untracked 
|  94|0x0000000085e00000, 0x0000000085f00000, 0x0000000085f00000|100%| O|  |TAMS 0x0000000085f00000, 0x0000000085e00000| Untracked 
|  95|0x0000000085f00000, 0x0000000086000000, 0x0000000086000000|100%| O|  |TAMS 0x0000000086000000, 0x0000000085f00000| Untracked 
|  96|0x0000000086000000, 0x0000000086100000, 0x0000000086100000|100%| O|  |TAMS 0x0000000086100000, 0x0000000086000000| Untracked 
|  97|0x0000000086100000, 0x0000000086200000, 0x0000000086200000|100%| O|  |TAMS 0x0000000086200000, 0x0000000086100000| Untracked 
|  98|0x0000000086200000, 0x0000000086300000, 0x0000000086300000|100%| O|  |TAMS 0x0000000086300000, 0x0000000086200000| Untracked 
|  99|0x0000000086300000, 0x0000000086400000, 0x0000000086400000|100%| O|  |TAMS 0x0000000086400000, 0x0000000086300000| Untracked 
| 100|0x0000000086400000, 0x0000000086500000, 0x0000000086500000|100%|HS|  |TAMS 0x0000000086400000, 0x0000000086400000| Complete 
| 101|0x0000000086500000, 0x0000000086600000, 0x0000000086600000|100%| O|  |TAMS 0x0000000086600000, 0x0000000086500000| Untracked 
| 102|0x0000000086600000, 0x0000000086700000, 0x0000000086700000|100%|HS|  |TAMS 0x0000000086700000, 0x0000000086600000| Complete 
| 103|0x0000000086700000, 0x0000000086800000, 0x0000000086800000|100%|HS|  |TAMS 0x0000000086800000, 0x0000000086700000| Complete 
| 104|0x0000000086800000, 0x0000000086900000, 0x0000000086900000|100%|HC|  |TAMS 0x0000000086900000, 0x0000000086800000| Complete 
| 105|0x0000000086900000, 0x0000000086a00000, 0x0000000086a00000|100%|HC|  |TAMS 0x0000000086a00000, 0x0000000086900000| Complete 
| 106|0x0000000086a00000, 0x0000000086b00000, 0x0000000086b00000|100%| O|  |TAMS 0x0000000086b00000, 0x0000000086a00000| Untracked 
| 107|0x0000000086b00000, 0x0000000086c00000, 0x0000000086c00000|100%| O|  |TAMS 0x0000000086c00000, 0x0000000086b00000| Untracked 
| 108|0x0000000086c00000, 0x0000000086d00000, 0x0000000086d00000|100%| O|  |TAMS 0x0000000086d00000, 0x0000000086c00000| Untracked 
| 109|0x0000000086d00000, 0x0000000086e00000, 0x0000000086e00000|100%| O|  |TAMS 0x0000000086e00000, 0x0000000086d00000| Untracked 
| 110|0x0000000086e00000, 0x0000000086f00000, 0x0000000086f00000|100%| O|  |TAMS 0x0000000086f00000, 0x0000000086e00000| Untracked 
| 111|0x0000000086f00000, 0x0000000087000000, 0x0000000087000000|100%| O|  |TAMS 0x0000000087000000, 0x0000000086f00000| Untracked 
| 112|0x0000000087000000, 0x0000000087100000, 0x0000000087100000|100%| O|  |TAMS 0x0000000087100000, 0x0000000087000000| Untracked 
| 113|0x0000000087100000, 0x0000000087200000, 0x0000000087200000|100%| O|  |TAMS 0x0000000087200000, 0x0000000087100000| Untracked 
| 114|0x0000000087200000, 0x0000000087300000, 0x0000000087300000|100%| O|  |TAMS 0x0000000087300000, 0x0000000087200000| Untracked 
| 115|0x0000000087300000, 0x0000000087400000, 0x0000000087400000|100%| O|  |TAMS 0x0000000087400000, 0x0000000087300000| Untracked 
| 116|0x0000000087400000, 0x0000000087500000, 0x0000000087500000|100%| O|  |TAMS 0x0000000087500000, 0x0000000087400000| Untracked 
| 117|0x0000000087500000, 0x0000000087600000, 0x0000000087600000|100%| O|  |TAMS 0x0000000087600000, 0x0000000087500000| Untracked 
| 118|0x0000000087600000, 0x0000000087700000, 0x0000000087700000|100%| O|  |TAMS 0x0000000087700000, 0x0000000087600000| Untracked 
| 119|0x0000000087700000, 0x0000000087800000, 0x0000000087800000|100%| O|  |TAMS 0x0000000087800000, 0x0000000087700000| Untracked 
| 120|0x0000000087800000, 0x0000000087900000, 0x0000000087900000|100%| O|  |TAMS 0x0000000087900000, 0x0000000087800000| Untracked 
| 121|0x0000000087900000, 0x0000000087a00000, 0x0000000087a00000|100%| O|  |TAMS 0x0000000087a00000, 0x0000000087900000| Untracked 
| 122|0x0000000087a00000, 0x0000000087b00000, 0x0000000087b00000|100%| O|  |TAMS 0x0000000087b00000, 0x0000000087a00000| Untracked 
| 123|0x0000000087b00000, 0x0000000087c00000, 0x0000000087c00000|100%| O|  |TAMS 0x0000000087c00000, 0x0000000087b00000| Untracked 
| 124|0x0000000087c00000, 0x0000000087d00000, 0x0000000087d00000|100%| O|  |TAMS 0x0000000087d00000, 0x0000000087c00000| Untracked 
| 125|0x0000000087d00000, 0x0000000087e00000, 0x0000000087e00000|100%| O|  |TAMS 0x0000000087e00000, 0x0000000087d00000| Untracked 
| 126|0x0000000087e00000, 0x0000000087f00000, 0x0000000087f00000|100%| O|  |TAMS 0x0000000087f00000, 0x0000000087e00000| Untracked 
| 127|0x0000000087f00000, 0x0000000088000000, 0x0000000088000000|100%| O|  |TAMS 0x0000000088000000, 0x0000000087f00000| Untracked 
| 128|0x0000000088000000, 0x0000000088100000, 0x0000000088100000|100%|HS|  |TAMS 0x0000000088100000, 0x0000000088000000| Complete 
| 129|0x0000000088100000, 0x0000000088200000, 0x0000000088200000|100%|HS|  |TAMS 0x0000000088200000, 0x0000000088100000| Complete 
| 130|0x0000000088200000, 0x0000000088300000, 0x0000000088300000|100%|HS|  |TAMS 0x0000000088300000, 0x0000000088200000| Complete 
| 131|0x0000000088300000, 0x0000000088400000, 0x0000000088400000|100%|HC|  |TAMS 0x0000000088400000, 0x0000000088300000| Complete 
| 132|0x0000000088400000, 0x0000000088500000, 0x0000000088500000|100%| O|  |TAMS 0x0000000088500000, 0x0000000088400000| Untracked 
| 133|0x0000000088500000, 0x0000000088600000, 0x0000000088600000|100%|HS|  |TAMS 0x0000000088500000, 0x0000000088500000| Complete 
| 134|0x0000000088600000, 0x0000000088700000, 0x0000000088700000|100%|HS|  |TAMS 0x0000000088600000, 0x0000000088600000| Complete 
| 135|0x0000000088700000, 0x0000000088800000, 0x0000000088800000|100%| O|  |TAMS 0x0000000088800000, 0x0000000088700000| Untracked 
| 136|0x0000000088800000, 0x0000000088800000, 0x0000000088900000|  0%| F|  |TAMS 0x0000000088800000, 0x0000000088800000| Untracked 
| 137|0x0000000088900000, 0x0000000088a00000, 0x0000000088a00000|100%|HS|  |TAMS 0x0000000088900000, 0x0000000088900000| Complete 
| 138|0x0000000088a00000, 0x0000000088a00000, 0x0000000088b00000|  0%| F|  |TAMS 0x0000000088a00000, 0x0000000088a00000| Untracked 
| 139|0x0000000088b00000, 0x0000000088b00000, 0x0000000088c00000|  0%| F|  |TAMS 0x0000000088b00000, 0x0000000088b00000| Untracked 
| 140|0x0000000088c00000, 0x0000000088d00000, 0x0000000088d00000|100%| O|  |TAMS 0x0000000088d00000, 0x0000000088c00000| Untracked 
| 141|0x0000000088d00000, 0x0000000088e00000, 0x0000000088e00000|100%| O|  |TAMS 0x0000000088e00000, 0x0000000088d00000| Untracked 
| 142|0x0000000088e00000, 0x0000000088f00000, 0x0000000088f00000|100%| O|  |TAMS 0x0000000088f00000, 0x0000000088e00000| Untracked 
| 143|0x0000000088f00000, 0x0000000089000000, 0x0000000089000000|100%| O|  |TAMS 0x0000000089000000, 0x0000000088f00000| Untracked 
| 144|0x0000000089000000, 0x0000000089100000, 0x0000000089100000|100%| O|  |TAMS 0x0000000089100000, 0x0000000089000000| Untracked 
| 145|0x0000000089100000, 0x0000000089200000, 0x0000000089200000|100%| O|  |TAMS 0x0000000089200000, 0x0000000089100000| Untracked 
| 146|0x0000000089200000, 0x0000000089300000, 0x0000000089300000|100%| O|  |TAMS 0x0000000089300000, 0x0000000089200000| Untracked 
| 147|0x0000000089300000, 0x0000000089400000, 0x0000000089400000|100%| O|  |TAMS 0x0000000089400000, 0x0000000089300000| Untracked 
| 148|0x0000000089400000, 0x0000000089500000, 0x0000000089500000|100%| O|  |TAMS 0x0000000089500000, 0x0000000089400000| Untracked 
| 149|0x0000000089500000, 0x0000000089600000, 0x0000000089600000|100%| O|  |TAMS 0x0000000089600000, 0x0000000089500000| Untracked 
| 150|0x0000000089600000, 0x0000000089700000, 0x0000000089700000|100%| O|  |TAMS 0x0000000089700000, 0x0000000089600000| Untracked 
| 151|0x0000000089700000, 0x0000000089800000, 0x0000000089800000|100%| O|  |TAMS 0x0000000089800000, 0x0000000089700000| Untracked 
| 152|0x0000000089800000, 0x0000000089900000, 0x0000000089900000|100%| O|  |TAMS 0x0000000089900000, 0x0000000089800000| Untracked 
| 153|0x0000000089900000, 0x0000000089a00000, 0x0000000089a00000|100%| O|  |TAMS 0x0000000089a00000, 0x0000000089900000| Untracked 
| 154|0x0000000089a00000, 0x0000000089b00000, 0x0000000089b00000|100%| O|  |TAMS 0x0000000089b00000, 0x0000000089a00000| Untracked 
| 155|0x0000000089b00000, 0x0000000089c00000, 0x0000000089c00000|100%| O|  |TAMS 0x0000000089c00000, 0x0000000089b00000| Untracked 
| 156|0x0000000089c00000, 0x0000000089d00000, 0x0000000089d00000|100%| O|  |TAMS 0x0000000089d00000, 0x0000000089c00000| Untracked 
| 157|0x0000000089d00000, 0x0000000089e00000, 0x0000000089e00000|100%| O|  |TAMS 0x0000000089e00000, 0x0000000089d00000| Untracked 
| 158|0x0000000089e00000, 0x0000000089f00000, 0x0000000089f00000|100%| O|  |TAMS 0x0000000089f00000, 0x0000000089e00000| Untracked 
| 159|0x0000000089f00000, 0x000000008a000000, 0x000000008a000000|100%| O|  |TAMS 0x000000008a000000, 0x0000000089f00000| Untracked 
| 160|0x000000008a000000, 0x000000008a100000, 0x000000008a100000|100%| O|  |TAMS 0x000000008a100000, 0x000000008a000000| Untracked 
| 161|0x000000008a100000, 0x000000008a200000, 0x000000008a200000|100%| O|  |TAMS 0x000000008a200000, 0x000000008a100000| Untracked 
| 162|0x000000008a200000, 0x000000008a300000, 0x000000008a300000|100%| O|  |TAMS 0x000000008a300000, 0x000000008a200000| Untracked 
| 163|0x000000008a300000, 0x000000008a400000, 0x000000008a400000|100%| O|  |TAMS 0x000000008a400000, 0x000000008a300000| Untracked 
| 164|0x000000008a400000, 0x000000008a500000, 0x000000008a500000|100%| O|  |TAMS 0x000000008a500000, 0x000000008a400000| Untracked 
| 165|0x000000008a500000, 0x000000008a600000, 0x000000008a600000|100%| O|  |TAMS 0x000000008a600000, 0x000000008a500000| Untracked 
| 166|0x000000008a600000, 0x000000008a700000, 0x000000008a700000|100%| O|  |TAMS 0x000000008a700000, 0x000000008a600000| Untracked 
| 167|0x000000008a700000, 0x000000008a700000, 0x000000008a800000|  0%| F|  |TAMS 0x000000008a700000, 0x000000008a700000| Untracked 
| 168|0x000000008a800000, 0x000000008a900000, 0x000000008a900000|100%| O|  |TAMS 0x000000008a900000, 0x000000008a800000| Untracked 
| 169|0x000000008a900000, 0x000000008aa00000, 0x000000008aa00000|100%| O|  |TAMS 0x000000008aa00000, 0x000000008a900000| Untracked 
| 170|0x000000008aa00000, 0x000000008ab00000, 0x000000008ab00000|100%| O|  |TAMS 0x000000008ab00000, 0x000000008aa00000| Untracked 
| 171|0x000000008ab00000, 0x000000008ac00000, 0x000000008ac00000|100%| O|  |TAMS 0x000000008ac00000, 0x000000008ab00000| Untracked 
| 172|0x000000008ac00000, 0x000000008ac00000, 0x000000008ad00000|  0%| F|  |TAMS 0x000000008ac00000, 0x000000008ac00000| Untracked 
| 173|0x000000008ad00000, 0x000000008ae00000, 0x000000008ae00000|100%| O|  |TAMS 0x000000008ae00000, 0x000000008ad00000| Untracked 
| 174|0x000000008ae00000, 0x000000008af00000, 0x000000008af00000|100%| O|  |TAMS 0x000000008af00000, 0x000000008ae00000| Untracked 
| 175|0x000000008af00000, 0x000000008b000000, 0x000000008b000000|100%| O|  |TAMS 0x000000008b000000, 0x000000008af00000| Untracked 
| 176|0x000000008b000000, 0x000000008b000000, 0x000000008b100000|  0%| F|  |TAMS 0x000000008b000000, 0x000000008b000000| Untracked 
| 177|0x000000008b100000, 0x000000008b200000, 0x000000008b200000|100%|HS|  |TAMS 0x000000008b200000, 0x000000008b100000| Complete 
| 178|0x000000008b200000, 0x000000008b300000, 0x000000008b300000|100%|HS|  |TAMS 0x000000008b300000, 0x000000008b200000| Complete 
| 179|0x000000008b300000, 0x000000008b400000, 0x000000008b400000|100%|HS|  |TAMS 0x000000008b400000, 0x000000008b300000| Complete 
| 180|0x000000008b400000, 0x000000008b500000, 0x000000008b500000|100%| O|  |TAMS 0x000000008b500000, 0x000000008b400000| Untracked 
| 181|0x000000008b500000, 0x000000008b500000, 0x000000008b600000|  0%| F|  |TAMS 0x000000008b500000, 0x000000008b500000| Untracked 
| 182|0x000000008b600000, 0x000000008b600000, 0x000000008b700000|  0%| F|  |TAMS 0x000000008b600000, 0x000000008b600000| Untracked 
| 183|0x000000008b700000, 0x000000008b800000, 0x000000008b800000|100%| O|  |TAMS 0x000000008b800000, 0x000000008b700000| Untracked 
| 184|0x000000008b800000, 0x000000008b900000, 0x000000008b900000|100%| O|  |TAMS 0x000000008b900000, 0x000000008b800000| Untracked 
| 185|0x000000008b900000, 0x000000008ba00000, 0x000000008ba00000|100%| O|  |TAMS 0x000000008ba00000, 0x000000008b900000| Untracked 
| 186|0x000000008ba00000, 0x000000008bb00000, 0x000000008bb00000|100%| O|  |TAMS 0x000000008bb00000, 0x000000008ba00000| Untracked 
| 187|0x000000008bb00000, 0x000000008bb00000, 0x000000008bc00000|  0%| F|  |TAMS 0x000000008bb00000, 0x000000008bb00000| Untracked 
| 188|0x000000008bc00000, 0x000000008bc00000, 0x000000008bd00000|  0%| F|  |TAMS 0x000000008bc00000, 0x000000008bc00000| Untracked 
| 189|0x000000008bd00000, 0x000000008be00000, 0x000000008be00000|100%| O|  |TAMS 0x000000008be00000, 0x000000008bd00000| Untracked 
| 190|0x000000008be00000, 0x000000008bf00000, 0x000000008bf00000|100%| O|  |TAMS 0x000000008bf00000, 0x000000008be00000| Untracked 
| 191|0x000000008bf00000, 0x000000008c000000, 0x000000008c000000|100%| O|  |TAMS 0x000000008c000000, 0x000000008bf00000| Untracked 
| 192|0x000000008c000000, 0x000000008c100000, 0x000000008c100000|100%| O|  |TAMS 0x000000008c100000, 0x000000008c000000| Untracked 
| 193|0x000000008c100000, 0x000000008c200000, 0x000000008c200000|100%| O|  |TAMS 0x000000008c200000, 0x000000008c100000| Untracked 
| 194|0x000000008c200000, 0x000000008c300000, 0x000000008c300000|100%| O|  |TAMS 0x000000008c300000, 0x000000008c200000| Untracked 
| 195|0x000000008c300000, 0x000000008c400000, 0x000000008c400000|100%| O|  |TAMS 0x000000008c400000, 0x000000008c300000| Untracked 
| 196|0x000000008c400000, 0x000000008c500000, 0x000000008c500000|100%| O|  |TAMS 0x000000008c500000, 0x000000008c400000| Untracked 
| 197|0x000000008c500000, 0x000000008c600000, 0x000000008c600000|100%| O|  |TAMS 0x000000008c600000, 0x000000008c500000| Untracked 
| 198|0x000000008c600000, 0x000000008c600000, 0x000000008c700000|  0%| F|  |TAMS 0x000000008c600000, 0x000000008c600000| Untracked 
| 199|0x000000008c700000, 0x000000008c800000, 0x000000008c800000|100%| O|  |TAMS 0x000000008c800000, 0x000000008c700000| Untracked 
| 200|0x000000008c800000, 0x000000008c800000, 0x000000008c900000|  0%| F|  |TAMS 0x000000008c800000, 0x000000008c800000| Untracked 
| 201|0x000000008c900000, 0x000000008c900000, 0x000000008ca00000|  0%| F|  |TAMS 0x000000008c900000, 0x000000008c900000| Untracked 
| 202|0x000000008ca00000, 0x000000008ca00000, 0x000000008cb00000|  0%| F|  |TAMS 0x000000008ca00000, 0x000000008ca00000| Untracked 
| 203|0x000000008cb00000, 0x000000008cb00000, 0x000000008cc00000|  0%| F|  |TAMS 0x000000008cb00000, 0x000000008cb00000| Untracked 
| 204|0x000000008cc00000, 0x000000008cc00000, 0x000000008cd00000|  0%| F|  |TAMS 0x000000008cc00000, 0x000000008cc00000| Untracked 
| 205|0x000000008cd00000, 0x000000008cd00000, 0x000000008ce00000|  0%| F|  |TAMS 0x000000008cd00000, 0x000000008cd00000| Untracked 
| 206|0x000000008ce00000, 0x000000008ce00000, 0x000000008cf00000|  0%| F|  |TAMS 0x000000008ce00000, 0x000000008ce00000| Untracked 
| 207|0x000000008cf00000, 0x000000008cf00000, 0x000000008d000000|  0%| F|  |TAMS 0x000000008cf00000, 0x000000008cf00000| Untracked 
| 208|0x000000008d000000, 0x000000008d100000, 0x000000008d100000|100%| O|  |TAMS 0x000000008d100000, 0x000000008d000000| Untracked 
| 209|0x000000008d100000, 0x000000008d200000, 0x000000008d200000|100%|HS|  |TAMS 0x000000008d200000, 0x000000008d100000| Complete 
| 210|0x000000008d200000, 0x000000008d300000, 0x000000008d300000|100%|HS|  |TAMS 0x000000008d300000, 0x000000008d200000| Complete 
| 211|0x000000008d300000, 0x000000008d400000, 0x000000008d400000|100%|HS|  |TAMS 0x000000008d400000, 0x000000008d300000| Complete 
| 212|0x000000008d400000, 0x000000008d500000, 0x000000008d500000|100%|HS|  |TAMS 0x000000008d500000, 0x000000008d400000| Complete 
| 213|0x000000008d500000, 0x000000008d600000, 0x000000008d600000|100%| O|  |TAMS 0x000000008d600000, 0x000000008d500000| Untracked 
| 214|0x000000008d600000, 0x000000008d700000, 0x000000008d700000|100%| O|  |TAMS 0x000000008d700000, 0x000000008d600000| Untracked 
| 215|0x000000008d700000, 0x000000008d800000, 0x000000008d800000|100%| O|  |TAMS 0x000000008d800000, 0x000000008d700000| Untracked 
| 216|0x000000008d800000, 0x000000008d900000, 0x000000008d900000|100%| O|  |TAMS 0x000000008d900000, 0x000000008d800000| Untracked 
| 217|0x000000008d900000, 0x000000008da00000, 0x000000008da00000|100%| O|  |TAMS 0x000000008da00000, 0x000000008d900000| Untracked 
| 218|0x000000008da00000, 0x000000008db00000, 0x000000008db00000|100%| O|  |TAMS 0x000000008db00000, 0x000000008da00000| Untracked 
| 219|0x000000008db00000, 0x000000008dc00000, 0x000000008dc00000|100%| O|  |TAMS 0x000000008dc00000, 0x000000008db00000| Untracked 
| 220|0x000000008dc00000, 0x000000008dd00000, 0x000000008dd00000|100%| O|  |TAMS 0x000000008dd00000, 0x000000008dc00000| Untracked 
| 221|0x000000008dd00000, 0x000000008de00000, 0x000000008de00000|100%| O|  |TAMS 0x000000008de00000, 0x000000008dd00000| Untracked 
| 222|0x000000008de00000, 0x000000008de00000, 0x000000008df00000|  0%| F|  |TAMS 0x000000008de00000, 0x000000008de00000| Untracked 
| 223|0x000000008df00000, 0x000000008e000000, 0x000000008e000000|100%| O|  |TAMS 0x000000008e000000, 0x000000008df00000| Untracked 
| 224|0x000000008e000000, 0x000000008e100000, 0x000000008e100000|100%| O|  |TAMS 0x000000008e100000, 0x000000008e000000| Untracked 
| 225|0x000000008e100000, 0x000000008e200000, 0x000000008e200000|100%| O|  |TAMS 0x000000008e200000, 0x000000008e100000| Untracked 
| 226|0x000000008e200000, 0x000000008e300000, 0x000000008e300000|100%| O|  |TAMS 0x000000008e300000, 0x000000008e200000| Untracked 
| 227|0x000000008e300000, 0x000000008e400000, 0x000000008e400000|100%| O|  |TAMS 0x000000008e400000, 0x000000008e300000| Untracked 
| 228|0x000000008e400000, 0x000000008e500000, 0x000000008e500000|100%| O|  |TAMS 0x000000008e500000, 0x000000008e400000| Untracked 
| 229|0x000000008e500000, 0x000000008e600000, 0x000000008e600000|100%| O|  |TAMS 0x000000008e600000, 0x000000008e500000| Untracked 
| 230|0x000000008e600000, 0x000000008e700000, 0x000000008e700000|100%| O|  |TAMS 0x000000008e700000, 0x000000008e600000| Untracked 
| 231|0x000000008e700000, 0x000000008e700000, 0x000000008e800000|  0%| F|  |TAMS 0x000000008e700000, 0x000000008e700000| Untracked 
| 232|0x000000008e800000, 0x000000008e900000, 0x000000008e900000|100%|HS|  |TAMS 0x000000008e900000, 0x000000008e800000| Complete 
| 233|0x000000008e900000, 0x000000008ea00000, 0x000000008ea00000|100%|HS|  |TAMS 0x000000008ea00000, 0x000000008e900000| Complete 
| 234|0x000000008ea00000, 0x000000008eb00000, 0x000000008eb00000|100%| O|  |TAMS 0x000000008eb00000, 0x000000008ea00000| Untracked 
| 235|0x000000008eb00000, 0x000000008eb00000, 0x000000008ec00000|  0%| F|  |TAMS 0x000000008eb00000, 0x000000008eb00000| Untracked 
| 236|0x000000008ec00000, 0x000000008ec00000, 0x000000008ed00000|  0%| F|  |TAMS 0x000000008ec00000, 0x000000008ec00000| Untracked 
| 237|0x000000008ed00000, 0x000000008ee00000, 0x000000008ee00000|100%| O|  |TAMS 0x000000008ee00000, 0x000000008ed00000| Untracked 
| 238|0x000000008ee00000, 0x000000008ef00000, 0x000000008ef00000|100%| O|  |TAMS 0x000000008ef00000, 0x000000008ee00000| Untracked 
| 239|0x000000008ef00000, 0x000000008f000000, 0x000000008f000000|100%| O|  |TAMS 0x000000008f000000, 0x000000008ef00000| Untracked 
| 240|0x000000008f000000, 0x000000008f100000, 0x000000008f100000|100%| O|  |TAMS 0x000000008f100000, 0x000000008f000000| Untracked 
| 241|0x000000008f100000, 0x000000008f100000, 0x000000008f200000|  0%| F|  |TAMS 0x000000008f100000, 0x000000008f100000| Untracked 
| 242|0x000000008f200000, 0x000000008f300000, 0x000000008f300000|100%| O|  |TAMS 0x000000008f300000, 0x000000008f200000| Untracked 
| 243|0x000000008f300000, 0x000000008f400000, 0x000000008f400000|100%| O|  |TAMS 0x000000008f400000, 0x000000008f300000| Untracked 
| 244|0x000000008f400000, 0x000000008f500000, 0x000000008f500000|100%| O|  |TAMS 0x000000008f500000, 0x000000008f400000| Untracked 
| 245|0x000000008f500000, 0x000000008f500000, 0x000000008f600000|  0%| F|  |TAMS 0x000000008f500000, 0x000000008f500000| Untracked 
| 246|0x000000008f600000, 0x000000008f600000, 0x000000008f700000|  0%| F|  |TAMS 0x000000008f600000, 0x000000008f600000| Untracked 
| 247|0x000000008f700000, 0x000000008f800000, 0x000000008f800000|100%|HS|  |TAMS 0x000000008f800000, 0x000000008f700000| Complete 
| 248|0x000000008f800000, 0x000000008f900000, 0x000000008f900000|100%|HS|  |TAMS 0x000000008f900000, 0x000000008f800000| Complete 
| 249|0x000000008f900000, 0x000000008fa00000, 0x000000008fa00000|100%| O|  |TAMS 0x000000008fa00000, 0x000000008f900000| Untracked 
| 250|0x000000008fa00000, 0x000000008fa00000, 0x000000008fb00000|  0%| F|  |TAMS 0x000000008fa00000, 0x000000008fa00000| Untracked 
| 251|0x000000008fb00000, 0x000000008fb00000, 0x000000008fc00000|  0%| F|  |TAMS 0x000000008fb00000, 0x000000008fb00000| Untracked 
| 252|0x000000008fc00000, 0x000000008fc00000, 0x000000008fd00000|  0%| F|  |TAMS 0x000000008fc00000, 0x000000008fc00000| Untracked 
| 253|0x000000008fd00000, 0x000000008fe00000, 0x000000008fe00000|100%| O|  |TAMS 0x000000008fe00000, 0x000000008fd00000| Untracked 
| 254|0x000000008fe00000, 0x000000008ff00000, 0x000000008ff00000|100%| O|  |TAMS 0x000000008ff00000, 0x000000008fe00000| Untracked 
| 255|0x000000008ff00000, 0x0000000090000000, 0x0000000090000000|100%| O|  |TAMS 0x0000000090000000, 0x000000008ff00000| Untracked 
| 256|0x0000000090000000, 0x0000000090100000, 0x0000000090100000|100%| O|  |TAMS 0x0000000090100000, 0x0000000090000000| Untracked 
| 257|0x0000000090100000, 0x0000000090200000, 0x0000000090200000|100%| O|  |TAMS 0x0000000090200000, 0x0000000090100000| Untracked 
| 258|0x0000000090200000, 0x0000000090300000, 0x0000000090300000|100%| O|  |TAMS 0x0000000090300000, 0x0000000090200000| Untracked 
| 259|0x0000000090300000, 0x0000000090300000, 0x0000000090400000|  0%| F|  |TAMS 0x0000000090300000, 0x0000000090300000| Untracked 
| 260|0x0000000090400000, 0x0000000090400000, 0x0000000090500000|  0%| F|  |TAMS 0x0000000090400000, 0x0000000090400000| Untracked 
| 261|0x0000000090500000, 0x0000000090500000, 0x0000000090600000|  0%| F|  |TAMS 0x0000000090500000, 0x0000000090500000| Untracked 
| 262|0x0000000090600000, 0x0000000090600000, 0x0000000090700000|  0%| F|  |TAMS 0x0000000090600000, 0x0000000090600000| Untracked 
| 263|0x0000000090700000, 0x0000000090700000, 0x0000000090800000|  0%| F|  |TAMS 0x0000000090700000, 0x0000000090700000| Untracked 
| 264|0x0000000090800000, 0x0000000090800000, 0x0000000090900000|  0%| F|  |TAMS 0x0000000090800000, 0x0000000090800000| Untracked 
| 265|0x0000000090900000, 0x0000000090a00000, 0x0000000090a00000|100%| O|  |TAMS 0x0000000090a00000, 0x0000000090900000| Untracked 
| 266|0x0000000090a00000, 0x0000000090a00000, 0x0000000090b00000|  0%| F|  |TAMS 0x0000000090a00000, 0x0000000090a00000| Untracked 
| 267|0x0000000090b00000, 0x0000000090b00000, 0x0000000090c00000|  0%| F|  |TAMS 0x0000000090b00000, 0x0000000090b00000| Untracked 
| 268|0x0000000090c00000, 0x0000000090d00000, 0x0000000090d00000|100%| O|  |TAMS 0x0000000090d00000, 0x0000000090c00000| Untracked 
| 269|0x0000000090d00000, 0x0000000090d00000, 0x0000000090e00000|  0%| F|  |TAMS 0x0000000090d00000, 0x0000000090d00000| Untracked 
| 270|0x0000000090e00000, 0x0000000090f00000, 0x0000000090f00000|100%| O|  |TAMS 0x0000000090f00000, 0x0000000090e00000| Untracked 
| 271|0x0000000090f00000, 0x0000000091000000, 0x0000000091000000|100%| O|  |TAMS 0x0000000091000000, 0x0000000090f00000| Untracked 
| 272|0x0000000091000000, 0x0000000091100000, 0x0000000091100000|100%| O|  |TAMS 0x0000000091100000, 0x0000000091000000| Untracked 
| 273|0x0000000091100000, 0x0000000091200000, 0x0000000091200000|100%| O|  |TAMS 0x0000000091200000, 0x0000000091100000| Untracked 
| 274|0x0000000091200000, 0x0000000091300000, 0x0000000091300000|100%| O|  |TAMS 0x0000000091300000, 0x0000000091200000| Untracked 
| 275|0x0000000091300000, 0x0000000091400000, 0x0000000091400000|100%| O|  |TAMS 0x0000000091400000, 0x0000000091300000| Untracked 
| 276|0x0000000091400000, 0x0000000091500000, 0x0000000091500000|100%| O|  |TAMS 0x0000000091500000, 0x0000000091400000| Untracked 
| 277|0x0000000091500000, 0x0000000091600000, 0x0000000091600000|100%| O|  |TAMS 0x0000000091600000, 0x0000000091500000| Untracked 
| 278|0x0000000091600000, 0x0000000091700000, 0x0000000091700000|100%| O|  |TAMS 0x0000000091700000, 0x0000000091600000| Untracked 
| 279|0x0000000091700000, 0x0000000091800000, 0x0000000091800000|100%| O|  |TAMS 0x0000000091800000, 0x0000000091700000| Untracked 
| 280|0x0000000091800000, 0x0000000091800000, 0x0000000091900000|  0%| F|  |TAMS 0x0000000091800000, 0x0000000091800000| Untracked 
| 281|0x0000000091900000, 0x0000000091900000, 0x0000000091a00000|  0%| F|  |TAMS 0x0000000091900000, 0x0000000091900000| Untracked 
| 282|0x0000000091a00000, 0x0000000091b00000, 0x0000000091b00000|100%| O|  |TAMS 0x0000000091b00000, 0x0000000091a00000| Untracked 
| 283|0x0000000091b00000, 0x0000000091b00000, 0x0000000091c00000|  0%| F|  |TAMS 0x0000000091b00000, 0x0000000091b00000| Untracked 
| 284|0x0000000091c00000, 0x0000000091c00000, 0x0000000091d00000|  0%| F|  |TAMS 0x0000000091c00000, 0x0000000091c00000| Untracked 
| 285|0x0000000091d00000, 0x0000000091d00000, 0x0000000091e00000|  0%| F|  |TAMS 0x0000000091d00000, 0x0000000091d00000| Untracked 
| 286|0x0000000091e00000, 0x0000000091f00000, 0x0000000091f00000|100%| O|  |TAMS 0x0000000091e66200, 0x0000000091e00000| Untracked 
| 287|0x0000000091f00000, 0x0000000092000000, 0x0000000092000000|100%| O|  |TAMS 0x0000000091f00000, 0x0000000091f00000| Untracked 
| 288|0x0000000092000000, 0x0000000092100000, 0x0000000092100000|100%| O|  |TAMS 0x0000000092000000, 0x0000000092000000| Untracked 
| 289|0x0000000092100000, 0x0000000092200000, 0x0000000092200000|100%| O|  |TAMS 0x0000000092100000, 0x0000000092100000| Untracked 
| 290|0x0000000092200000, 0x0000000092300000, 0x0000000092300000|100%| O|  |TAMS 0x0000000092200000, 0x0000000092200000| Untracked 
| 291|0x0000000092300000, 0x0000000092400000, 0x0000000092400000|100%| O|  |TAMS 0x0000000092300000, 0x0000000092300000| Untracked 
| 292|0x0000000092400000, 0x0000000092500000, 0x0000000092500000|100%|HS|  |TAMS 0x0000000092400000, 0x0000000092400000| Complete 
| 293|0x0000000092500000, 0x0000000092600000, 0x0000000092600000|100%|HS|  |TAMS 0x0000000092500000, 0x0000000092500000| Complete 
| 294|0x0000000092600000, 0x0000000092700000, 0x0000000092700000|100%| O|  |TAMS 0x0000000092600000, 0x0000000092600000| Untracked 
| 295|0x0000000092700000, 0x0000000092800000, 0x0000000092800000|100%| O|  |TAMS 0x0000000092700000, 0x0000000092700000| Untracked 
| 296|0x0000000092800000, 0x0000000092900000, 0x0000000092900000|100%| O|  |TAMS 0x0000000092800000, 0x0000000092800000| Untracked 
| 297|0x0000000092900000, 0x0000000092a00000, 0x0000000092a00000|100%| O|  |TAMS 0x0000000092900000, 0x0000000092900000| Untracked 
| 298|0x0000000092a00000, 0x0000000092b00000, 0x0000000092b00000|100%| O|  |TAMS 0x0000000092a00000, 0x0000000092a00000| Untracked 
| 299|0x0000000092b00000, 0x0000000092c00000, 0x0000000092c00000|100%| O|  |TAMS 0x0000000092b00000, 0x0000000092b00000| Untracked 
| 300|0x0000000092c00000, 0x0000000092d00000, 0x0000000092d00000|100%| O|  |TAMS 0x0000000092c00000, 0x0000000092c00000| Untracked 
| 301|0x0000000092d00000, 0x0000000092e00000, 0x0000000092e00000|100%| O|  |TAMS 0x0000000092d00000, 0x0000000092d00000| Untracked 
| 302|0x0000000092e00000, 0x0000000092f00000, 0x0000000092f00000|100%| O|  |TAMS 0x0000000092e00000, 0x0000000092e00000| Untracked 
| 303|0x0000000092f00000, 0x0000000093000000, 0x0000000093000000|100%| O|  |TAMS 0x0000000092f00000, 0x0000000092f00000| Untracked 
| 304|0x0000000093000000, 0x0000000093100000, 0x0000000093100000|100%| O|  |TAMS 0x0000000093000000, 0x0000000093000000| Untracked 
| 305|0x0000000093100000, 0x0000000093200000, 0x0000000093200000|100%| O|  |TAMS 0x0000000093100000, 0x0000000093100000| Untracked 
| 306|0x0000000093200000, 0x0000000093300000, 0x0000000093300000|100%| O|  |TAMS 0x0000000093200000, 0x0000000093200000| Untracked 
| 307|0x0000000093300000, 0x0000000093400000, 0x0000000093400000|100%| O|  |TAMS 0x0000000093300000, 0x0000000093300000| Untracked 
| 308|0x0000000093400000, 0x0000000093500000, 0x0000000093500000|100%| O|  |TAMS 0x0000000093400000, 0x0000000093400000| Untracked 
| 309|0x0000000093500000, 0x0000000093600000, 0x0000000093600000|100%| O|  |TAMS 0x0000000093500000, 0x0000000093500000| Untracked 
| 310|0x0000000093600000, 0x0000000093700000, 0x0000000093700000|100%| O|  |TAMS 0x0000000093600000, 0x0000000093600000| Untracked 
| 311|0x0000000093700000, 0x0000000093800000, 0x0000000093800000|100%| O|  |TAMS 0x0000000093700000, 0x0000000093700000| Untracked 
| 312|0x0000000093800000, 0x0000000093900000, 0x0000000093900000|100%| O|  |TAMS 0x0000000093800000, 0x0000000093800000| Untracked 
| 313|0x0000000093900000, 0x0000000093a00000, 0x0000000093a00000|100%| O|  |TAMS 0x0000000093900000, 0x0000000093900000| Untracked 
| 314|0x0000000093a00000, 0x0000000093b00000, 0x0000000093b00000|100%| O|  |TAMS 0x0000000093a00000, 0x0000000093a00000| Untracked 
| 315|0x0000000093b00000, 0x0000000093c00000, 0x0000000093c00000|100%| O|  |TAMS 0x0000000093b00000, 0x0000000093b00000| Untracked 
| 316|0x0000000093c00000, 0x0000000093d00000, 0x0000000093d00000|100%| O|  |TAMS 0x0000000093c00000, 0x0000000093c00000| Untracked 
| 317|0x0000000093d00000, 0x0000000093e00000, 0x0000000093e00000|100%| O|  |TAMS 0x0000000093d00000, 0x0000000093d00000| Untracked 
| 318|0x0000000093e00000, 0x0000000093f00000, 0x0000000093f00000|100%| O|  |TAMS 0x0000000093e00000, 0x0000000093e00000| Untracked 
| 319|0x0000000093f00000, 0x0000000094000000, 0x0000000094000000|100%| O|  |TAMS 0x0000000093f00000, 0x0000000093f00000| Untracked 
| 320|0x0000000094000000, 0x0000000094100000, 0x0000000094100000|100%| O|  |TAMS 0x0000000094000000, 0x0000000094000000| Untracked 
| 321|0x0000000094100000, 0x0000000094190200, 0x0000000094200000| 56%| O|  |TAMS 0x0000000094100000, 0x0000000094100000| Untracked 
| 322|0x0000000094200000, 0x0000000094200000, 0x0000000094300000|  0%| F|  |TAMS 0x0000000094200000, 0x0000000094200000| Untracked 
| 323|0x0000000094300000, 0x0000000094300000, 0x0000000094400000|  0%| F|  |TAMS 0x0000000094300000, 0x0000000094300000| Untracked 
| 324|0x0000000094400000, 0x0000000094400000, 0x0000000094500000|  0%| F|  |TAMS 0x0000000094400000, 0x0000000094400000| Untracked 
| 325|0x0000000094500000, 0x0000000094500000, 0x0000000094600000|  0%| F|  |TAMS 0x0000000094500000, 0x0000000094500000| Untracked 
| 326|0x0000000094600000, 0x0000000094600000, 0x0000000094700000|  0%| F|  |TAMS 0x0000000094600000, 0x0000000094600000| Untracked 
| 327|0x0000000094700000, 0x0000000094700000, 0x0000000094800000|  0%| F|  |TAMS 0x0000000094700000, 0x0000000094700000| Untracked 
| 328|0x0000000094800000, 0x0000000094800000, 0x0000000094900000|  0%| F|  |TAMS 0x0000000094800000, 0x0000000094800000| Untracked 
| 329|0x0000000094900000, 0x0000000094900000, 0x0000000094a00000|  0%| F|  |TAMS 0x0000000094900000, 0x0000000094900000| Untracked 
| 330|0x0000000094a00000, 0x0000000094a00000, 0x0000000094b00000|  0%| F|  |TAMS 0x0000000094a00000, 0x0000000094a00000| Untracked 
| 331|0x0000000094b00000, 0x0000000094b00000, 0x0000000094c00000|  0%| F|  |TAMS 0x0000000094b00000, 0x0000000094b00000| Untracked 
| 332|0x0000000094c00000, 0x0000000094c00000, 0x0000000094d00000|  0%| F|  |TAMS 0x0000000094c00000, 0x0000000094c00000| Untracked 
| 333|0x0000000094d00000, 0x0000000094d00000, 0x0000000094e00000|  0%| F|  |TAMS 0x0000000094d00000, 0x0000000094d00000| Untracked 
| 334|0x0000000094e00000, 0x0000000094e00000, 0x0000000094f00000|  0%| F|  |TAMS 0x0000000094e00000, 0x0000000094e00000| Untracked 
| 335|0x0000000094f00000, 0x0000000094f00000, 0x0000000095000000|  0%| F|  |TAMS 0x0000000094f00000, 0x0000000094f00000| Untracked 
| 336|0x0000000095000000, 0x0000000095000000, 0x0000000095100000|  0%| F|  |TAMS 0x0000000095000000, 0x0000000095000000| Untracked 
| 337|0x0000000095100000, 0x0000000095100000, 0x0000000095200000|  0%| F|  |TAMS 0x0000000095100000, 0x0000000095100000| Untracked 
| 338|0x0000000095200000, 0x0000000095200000, 0x0000000095300000|  0%| F|  |TAMS 0x0000000095200000, 0x0000000095200000| Untracked 
| 339|0x0000000095300000, 0x0000000095300000, 0x0000000095400000|  0%| F|  |TAMS 0x0000000095300000, 0x0000000095300000| Untracked 
| 340|0x0000000095400000, 0x0000000095400000, 0x0000000095500000|  0%| F|  |TAMS 0x0000000095400000, 0x0000000095400000| Untracked 
| 341|0x0000000095500000, 0x0000000095500000, 0x0000000095600000|  0%| F|  |TAMS 0x0000000095500000, 0x0000000095500000| Untracked 
| 342|0x0000000095600000, 0x0000000095600000, 0x0000000095700000|  0%| F|  |TAMS 0x0000000095600000, 0x0000000095600000| Untracked 
| 343|0x0000000095700000, 0x0000000095700000, 0x0000000095800000|  0%| F|  |TAMS 0x0000000095700000, 0x0000000095700000| Untracked 
| 344|0x0000000095800000, 0x0000000095800000, 0x0000000095900000|  0%| F|  |TAMS 0x0000000095800000, 0x0000000095800000| Untracked 
| 345|0x0000000095900000, 0x0000000095900000, 0x0000000095a00000|  0%| F|  |TAMS 0x0000000095900000, 0x0000000095900000| Untracked 
| 346|0x0000000095a00000, 0x0000000095a00000, 0x0000000095b00000|  0%| F|  |TAMS 0x0000000095a00000, 0x0000000095a00000| Untracked 
| 347|0x0000000095b00000, 0x0000000095b00000, 0x0000000095c00000|  0%| F|  |TAMS 0x0000000095b00000, 0x0000000095b00000| Untracked 
| 348|0x0000000095c00000, 0x0000000095c00000, 0x0000000095d00000|  0%| F|  |TAMS 0x0000000095c00000, 0x0000000095c00000| Untracked 
| 349|0x0000000095d00000, 0x0000000095d00000, 0x0000000095e00000|  0%| F|  |TAMS 0x0000000095d00000, 0x0000000095d00000| Untracked 
| 350|0x0000000095e00000, 0x0000000095e00000, 0x0000000095f00000|  0%| F|  |TAMS 0x0000000095e00000, 0x0000000095e00000| Untracked 
| 351|0x0000000095f00000, 0x0000000095f00000, 0x0000000096000000|  0%| F|  |TAMS 0x0000000095f00000, 0x0000000095f00000| Untracked 
| 352|0x0000000096000000, 0x0000000096000000, 0x0000000096100000|  0%| F|  |TAMS 0x0000000096000000, 0x0000000096000000| Untracked 
| 353|0x0000000096100000, 0x0000000096100000, 0x0000000096200000|  0%| F|  |TAMS 0x0000000096100000, 0x0000000096100000| Untracked 
| 354|0x0000000096200000, 0x0000000096200000, 0x0000000096300000|  0%| F|  |TAMS 0x0000000096200000, 0x0000000096200000| Untracked 
| 355|0x0000000096300000, 0x0000000096300000, 0x0000000096400000|  0%| F|  |TAMS 0x0000000096300000, 0x0000000096300000| Untracked 
| 356|0x0000000096400000, 0x0000000096400000, 0x0000000096500000|  0%| F|  |TAMS 0x0000000096400000, 0x0000000096400000| Untracked 
| 357|0x0000000096500000, 0x0000000096500000, 0x0000000096600000|  0%| F|  |TAMS 0x0000000096500000, 0x0000000096500000| Untracked 
| 358|0x0000000096600000, 0x0000000096600000, 0x0000000096700000|  0%| F|  |TAMS 0x0000000096600000, 0x0000000096600000| Untracked 
| 359|0x0000000096700000, 0x0000000096700000, 0x0000000096800000|  0%| F|  |TAMS 0x0000000096700000, 0x0000000096700000| Untracked 
| 360|0x0000000096800000, 0x0000000096800000, 0x0000000096900000|  0%| F|  |TAMS 0x0000000096800000, 0x0000000096800000| Untracked 
| 361|0x0000000096900000, 0x0000000096900000, 0x0000000096a00000|  0%| F|  |TAMS 0x0000000096900000, 0x0000000096900000| Untracked 
| 362|0x0000000096a00000, 0x0000000096a00000, 0x0000000096b00000|  0%| F|  |TAMS 0x0000000096a00000, 0x0000000096a00000| Untracked 
| 363|0x0000000096b00000, 0x0000000096b00000, 0x0000000096c00000|  0%| F|  |TAMS 0x0000000096b00000, 0x0000000096b00000| Untracked 
| 364|0x0000000096c00000, 0x0000000096c00000, 0x0000000096d00000|  0%| F|  |TAMS 0x0000000096c00000, 0x0000000096c00000| Untracked 
| 365|0x0000000096d00000, 0x0000000096d00000, 0x0000000096e00000|  0%| F|  |TAMS 0x0000000096d00000, 0x0000000096d00000| Untracked 
| 366|0x0000000096e00000, 0x0000000096e00000, 0x0000000096f00000|  0%| F|  |TAMS 0x0000000096e00000, 0x0000000096e00000| Untracked 
| 367|0x0000000096f00000, 0x0000000096f00000, 0x0000000097000000|  0%| F|  |TAMS 0x0000000096f00000, 0x0000000096f00000| Untracked 
| 368|0x0000000097000000, 0x0000000097000000, 0x0000000097100000|  0%| F|  |TAMS 0x0000000097000000, 0x0000000097000000| Untracked 
| 369|0x0000000097100000, 0x0000000097100000, 0x0000000097200000|  0%| F|  |TAMS 0x0000000097100000, 0x0000000097100000| Untracked 
| 370|0x0000000097200000, 0x0000000097200000, 0x0000000097300000|  0%| F|  |TAMS 0x0000000097200000, 0x0000000097200000| Untracked 
| 371|0x0000000097300000, 0x0000000097300000, 0x0000000097400000|  0%| F|  |TAMS 0x0000000097300000, 0x0000000097300000| Untracked 
| 372|0x0000000097400000, 0x0000000097400000, 0x0000000097500000|  0%| F|  |TAMS 0x0000000097400000, 0x0000000097400000| Untracked 
| 373|0x0000000097500000, 0x0000000097500000, 0x0000000097600000|  0%| F|  |TAMS 0x0000000097500000, 0x0000000097500000| Untracked 
| 374|0x0000000097600000, 0x0000000097600000, 0x0000000097700000|  0%| F|  |TAMS 0x0000000097600000, 0x0000000097600000| Untracked 
| 375|0x0000000097700000, 0x0000000097700000, 0x0000000097800000|  0%| F|  |TAMS 0x0000000097700000, 0x0000000097700000| Untracked 
| 376|0x0000000097800000, 0x0000000097800000, 0x0000000097900000|  0%| F|  |TAMS 0x0000000097800000, 0x0000000097800000| Untracked 
| 377|0x0000000097900000, 0x0000000097900000, 0x0000000097a00000|  0%| F|  |TAMS 0x0000000097900000, 0x0000000097900000| Untracked 
| 378|0x0000000097a00000, 0x0000000097a00000, 0x0000000097b00000|  0%| F|  |TAMS 0x0000000097a00000, 0x0000000097a00000| Untracked 
| 379|0x0000000097b00000, 0x0000000097b00000, 0x0000000097c00000|  0%| F|  |TAMS 0x0000000097b00000, 0x0000000097b00000| Untracked 
| 380|0x0000000097c00000, 0x0000000097c00000, 0x0000000097d00000|  0%| F|  |TAMS 0x0000000097c00000, 0x0000000097c00000| Untracked 
| 381|0x0000000097d00000, 0x0000000097d00000, 0x0000000097e00000|  0%| F|  |TAMS 0x0000000097d00000, 0x0000000097d00000| Untracked 
| 382|0x0000000097e00000, 0x0000000097e00000, 0x0000000097f00000|  0%| F|  |TAMS 0x0000000097e00000, 0x0000000097e00000| Untracked 
| 383|0x0000000097f00000, 0x0000000097f00000, 0x0000000098000000|  0%| F|  |TAMS 0x0000000097f00000, 0x0000000097f00000| Untracked 
| 384|0x0000000098000000, 0x0000000098000000, 0x0000000098100000|  0%| F|  |TAMS 0x0000000098000000, 0x0000000098000000| Untracked 
| 385|0x0000000098100000, 0x0000000098100000, 0x0000000098200000|  0%| F|  |TAMS 0x0000000098100000, 0x0000000098100000| Untracked 
| 386|0x0000000098200000, 0x0000000098200000, 0x0000000098300000|  0%| F|  |TAMS 0x0000000098200000, 0x0000000098200000| Untracked 
| 387|0x0000000098300000, 0x0000000098300000, 0x0000000098400000|  0%| F|  |TAMS 0x0000000098300000, 0x0000000098300000| Untracked 
| 388|0x0000000098400000, 0x0000000098400000, 0x0000000098500000|  0%| F|  |TAMS 0x0000000098400000, 0x0000000098400000| Untracked 
| 389|0x0000000098500000, 0x0000000098500000, 0x0000000098600000|  0%| F|  |TAMS 0x0000000098500000, 0x0000000098500000| Untracked 
| 390|0x0000000098600000, 0x0000000098600000, 0x0000000098700000|  0%| F|  |TAMS 0x0000000098600000, 0x0000000098600000| Untracked 
| 391|0x0000000098700000, 0x0000000098700000, 0x0000000098800000|  0%| F|  |TAMS 0x0000000098700000, 0x0000000098700000| Untracked 
| 392|0x0000000098800000, 0x0000000098800000, 0x0000000098900000|  0%| F|  |TAMS 0x0000000098800000, 0x0000000098800000| Untracked 
| 393|0x0000000098900000, 0x0000000098900000, 0x0000000098a00000|  0%| F|  |TAMS 0x0000000098900000, 0x0000000098900000| Untracked 
| 394|0x0000000098a00000, 0x0000000098a00000, 0x0000000098b00000|  0%| F|  |TAMS 0x0000000098a00000, 0x0000000098a00000| Untracked 
| 395|0x0000000098b00000, 0x0000000098b00000, 0x0000000098c00000|  0%| F|  |TAMS 0x0000000098b00000, 0x0000000098b00000| Untracked 
| 396|0x0000000098c00000, 0x0000000098c00000, 0x0000000098d00000|  0%| F|  |TAMS 0x0000000098c00000, 0x0000000098c00000| Untracked 
| 397|0x0000000098d00000, 0x0000000098d00000, 0x0000000098e00000|  0%| F|  |TAMS 0x0000000098d00000, 0x0000000098d00000| Untracked 
| 398|0x0000000098e00000, 0x0000000098e00000, 0x0000000098f00000|  0%| F|  |TAMS 0x0000000098e00000, 0x0000000098e00000| Untracked 
| 399|0x0000000098f00000, 0x0000000098f00000, 0x0000000099000000|  0%| F|  |TAMS 0x0000000098f00000, 0x0000000098f00000| Untracked 
| 400|0x0000000099000000, 0x00000000990a0b50, 0x0000000099100000| 62%| S|CS|TAMS 0x0000000099000000, 0x0000000099000000| Complete 
| 401|0x0000000099100000, 0x0000000099200000, 0x0000000099200000|100%| S|CS|TAMS 0x0000000099100000, 0x0000000099100000| Complete 
| 402|0x0000000099200000, 0x0000000099300000, 0x0000000099300000|100%| S|CS|TAMS 0x0000000099200000, 0x0000000099200000| Complete 
| 403|0x0000000099300000, 0x0000000099400000, 0x0000000099400000|100%| S|CS|TAMS 0x0000000099300000, 0x0000000099300000| Complete 
| 404|0x0000000099400000, 0x0000000099500000, 0x0000000099500000|100%| S|CS|TAMS 0x0000000099400000, 0x0000000099400000| Complete 
| 405|0x0000000099500000, 0x0000000099600000, 0x0000000099600000|100%| S|CS|TAMS 0x0000000099500000, 0x0000000099500000| Complete 
| 406|0x0000000099600000, 0x0000000099700000, 0x0000000099700000|100%| S|CS|TAMS 0x0000000099600000, 0x0000000099600000| Complete 
| 407|0x0000000099700000, 0x0000000099800000, 0x0000000099800000|100%| S|CS|TAMS 0x0000000099700000, 0x0000000099700000| Complete 
| 408|0x0000000099800000, 0x0000000099900000, 0x0000000099900000|100%| S|CS|TAMS 0x0000000099800000, 0x0000000099800000| Complete 
| 409|0x0000000099900000, 0x0000000099a00000, 0x0000000099a00000|100%| S|CS|TAMS 0x0000000099900000, 0x0000000099900000| Complete 
| 410|0x0000000099a00000, 0x0000000099b00000, 0x0000000099b00000|100%| S|CS|TAMS 0x0000000099a00000, 0x0000000099a00000| Complete 
| 411|0x0000000099b00000, 0x0000000099c00000, 0x0000000099c00000|100%| S|CS|TAMS 0x0000000099b00000, 0x0000000099b00000| Complete 
| 412|0x0000000099c00000, 0x0000000099d00000, 0x0000000099d00000|100%| S|CS|TAMS 0x0000000099c00000, 0x0000000099c00000| Complete 
| 413|0x0000000099d00000, 0x0000000099e00000, 0x0000000099e00000|100%| S|CS|TAMS 0x0000000099d00000, 0x0000000099d00000| Complete 
| 414|0x0000000099e00000, 0x0000000099f00000, 0x0000000099f00000|100%| S|CS|TAMS 0x0000000099e00000, 0x0000000099e00000| Complete 
| 415|0x0000000099f00000, 0x000000009a000000, 0x000000009a000000|100%| S|CS|TAMS 0x0000000099f00000, 0x0000000099f00000| Complete 
| 416|0x000000009a000000, 0x000000009a100000, 0x000000009a100000|100%| S|CS|TAMS 0x000000009a000000, 0x000000009a000000| Complete 
| 417|0x000000009a100000, 0x000000009a200000, 0x000000009a200000|100%| S|CS|TAMS 0x000000009a100000, 0x000000009a100000| Complete 
| 418|0x000000009a200000, 0x000000009a300000, 0x000000009a300000|100%| S|CS|TAMS 0x000000009a200000, 0x000000009a200000| Complete 
| 419|0x000000009a300000, 0x000000009a400000, 0x000000009a400000|100%| S|CS|TAMS 0x000000009a300000, 0x000000009a300000| Complete 
| 420|0x000000009a400000, 0x000000009a500000, 0x000000009a500000|100%| S|CS|TAMS 0x000000009a400000, 0x000000009a400000| Complete 
| 421|0x000000009a500000, 0x000000009a600000, 0x000000009a600000|100%| S|CS|TAMS 0x000000009a500000, 0x000000009a500000| Complete 
| 422|0x000000009a600000, 0x000000009a700000, 0x000000009a700000|100%| S|CS|TAMS 0x000000009a600000, 0x000000009a600000| Complete 
| 423|0x000000009a700000, 0x000000009a800000, 0x000000009a800000|100%| S|CS|TAMS 0x000000009a700000, 0x000000009a700000| Complete 
| 424|0x000000009a800000, 0x000000009a900000, 0x000000009a900000|100%| S|CS|TAMS 0x000000009a800000, 0x000000009a800000| Complete 
| 425|0x000000009a900000, 0x000000009aa00000, 0x000000009aa00000|100%| S|CS|TAMS 0x000000009a900000, 0x000000009a900000| Complete 
| 426|0x000000009aa00000, 0x000000009ab00000, 0x000000009ab00000|100%| S|CS|TAMS 0x000000009aa00000, 0x000000009aa00000| Complete 
| 427|0x000000009ab00000, 0x000000009ac00000, 0x000000009ac00000|100%| S|CS|TAMS 0x000000009ab00000, 0x000000009ab00000| Complete 
| 428|0x000000009ac00000, 0x000000009ad00000, 0x000000009ad00000|100%| S|CS|TAMS 0x000000009ac00000, 0x000000009ac00000| Complete 
| 429|0x000000009ad00000, 0x000000009ae00000, 0x000000009ae00000|100%| S|CS|TAMS 0x000000009ad00000, 0x000000009ad00000| Complete 
| 430|0x000000009ae00000, 0x000000009af00000, 0x000000009af00000|100%| S|CS|TAMS 0x000000009ae00000, 0x000000009ae00000| Complete 
| 431|0x000000009af00000, 0x000000009af00000, 0x000000009b000000|  0%| F|  |TAMS 0x000000009af00000, 0x000000009af00000| Untracked 
| 432|0x000000009b000000, 0x000000009b000000, 0x000000009b100000|  0%| F|  |TAMS 0x000000009b000000, 0x000000009b000000| Untracked 
| 433|0x000000009b100000, 0x000000009b100000, 0x000000009b200000|  0%| F|  |TAMS 0x000000009b100000, 0x000000009b100000| Untracked 
| 434|0x000000009b200000, 0x000000009b200000, 0x000000009b300000|  0%| F|  |TAMS 0x000000009b200000, 0x000000009b200000| Untracked 
| 435|0x000000009b300000, 0x000000009b300000, 0x000000009b400000|  0%| F|  |TAMS 0x000000009b300000, 0x000000009b300000| Untracked 
| 436|0x000000009b400000, 0x000000009b400000, 0x000000009b500000|  0%| F|  |TAMS 0x000000009b400000, 0x000000009b400000| Untracked 
| 437|0x000000009b500000, 0x000000009b500000, 0x000000009b600000|  0%| F|  |TAMS 0x000000009b500000, 0x000000009b500000| Untracked 
| 438|0x000000009b600000, 0x000000009b600000, 0x000000009b700000|  0%| F|  |TAMS 0x000000009b600000, 0x000000009b600000| Untracked 
| 439|0x000000009b700000, 0x000000009b700000, 0x000000009b800000|  0%| F|  |TAMS 0x000000009b700000, 0x000000009b700000| Untracked 
| 440|0x000000009b800000, 0x000000009b800000, 0x000000009b900000|  0%| F|  |TAMS 0x000000009b800000, 0x000000009b800000| Untracked 
| 441|0x000000009b900000, 0x000000009b900000, 0x000000009ba00000|  0%| F|  |TAMS 0x000000009b900000, 0x000000009b900000| Untracked 
| 442|0x000000009ba00000, 0x000000009ba00000, 0x000000009bb00000|  0%| F|  |TAMS 0x000000009ba00000, 0x000000009ba00000| Untracked 
| 443|0x000000009bb00000, 0x000000009bb00000, 0x000000009bc00000|  0%| F|  |TAMS 0x000000009bb00000, 0x000000009bb00000| Untracked 
| 444|0x000000009bc00000, 0x000000009bc00000, 0x000000009bd00000|  0%| F|  |TAMS 0x000000009bc00000, 0x000000009bc00000| Untracked 
| 445|0x000000009bd00000, 0x000000009bd00000, 0x000000009be00000|  0%| F|  |TAMS 0x000000009bd00000, 0x000000009bd00000| Untracked 
| 446|0x000000009be00000, 0x000000009be00000, 0x000000009bf00000|  0%| F|  |TAMS 0x000000009be00000, 0x000000009be00000| Untracked 
| 447|0x000000009bf00000, 0x000000009bf00000, 0x000000009c000000|  0%| F|  |TAMS 0x000000009bf00000, 0x000000009bf00000| Untracked 
| 448|0x000000009c000000, 0x000000009c000000, 0x000000009c100000|  0%| F|  |TAMS 0x000000009c000000, 0x000000009c000000| Untracked 
| 449|0x000000009c100000, 0x000000009c100000, 0x000000009c200000|  0%| F|  |TAMS 0x000000009c100000, 0x000000009c100000| Untracked 
| 450|0x000000009c200000, 0x000000009c200000, 0x000000009c300000|  0%| F|  |TAMS 0x000000009c200000, 0x000000009c200000| Untracked 
| 451|0x000000009c300000, 0x000000009c300000, 0x000000009c400000|  0%| F|  |TAMS 0x000000009c300000, 0x000000009c300000| Untracked 
| 452|0x000000009c400000, 0x000000009c400000, 0x000000009c500000|  0%| F|  |TAMS 0x000000009c400000, 0x000000009c400000| Untracked 
| 453|0x000000009c500000, 0x000000009c500000, 0x000000009c600000|  0%| F|  |TAMS 0x000000009c500000, 0x000000009c500000| Untracked 
| 454|0x000000009c600000, 0x000000009c600000, 0x000000009c700000|  0%| F|  |TAMS 0x000000009c600000, 0x000000009c600000| Untracked 
| 455|0x000000009c700000, 0x000000009c700000, 0x000000009c800000|  0%| F|  |TAMS 0x000000009c700000, 0x000000009c700000| Untracked 
| 456|0x000000009c800000, 0x000000009c800000, 0x000000009c900000|  0%| F|  |TAMS 0x000000009c800000, 0x000000009c800000| Untracked 
| 457|0x000000009c900000, 0x000000009c900000, 0x000000009ca00000|  0%| F|  |TAMS 0x000000009c900000, 0x000000009c900000| Untracked 
| 458|0x000000009ca00000, 0x000000009ca00000, 0x000000009cb00000|  0%| F|  |TAMS 0x000000009ca00000, 0x000000009ca00000| Untracked 
| 459|0x000000009cb00000, 0x000000009cb00000, 0x000000009cc00000|  0%| F|  |TAMS 0x000000009cb00000, 0x000000009cb00000| Untracked 
| 460|0x000000009cc00000, 0x000000009cc00000, 0x000000009cd00000|  0%| F|  |TAMS 0x000000009cc00000, 0x000000009cc00000| Untracked 
| 461|0x000000009cd00000, 0x000000009cd00000, 0x000000009ce00000|  0%| F|  |TAMS 0x000000009cd00000, 0x000000009cd00000| Untracked 
| 462|0x000000009ce00000, 0x000000009ce00000, 0x000000009cf00000|  0%| F|  |TAMS 0x000000009ce00000, 0x000000009ce00000| Untracked 
| 463|0x000000009cf00000, 0x000000009cf00000, 0x000000009d000000|  0%| F|  |TAMS 0x000000009cf00000, 0x000000009cf00000| Untracked 
| 464|0x000000009d000000, 0x000000009d000000, 0x000000009d100000|  0%| F|  |TAMS 0x000000009d000000, 0x000000009d000000| Untracked 
| 465|0x000000009d100000, 0x000000009d100000, 0x000000009d200000|  0%| F|  |TAMS 0x000000009d100000, 0x000000009d100000| Untracked 
| 466|0x000000009d200000, 0x000000009d200000, 0x000000009d300000|  0%| F|  |TAMS 0x000000009d200000, 0x000000009d200000| Untracked 
| 467|0x000000009d300000, 0x000000009d300000, 0x000000009d400000|  0%| F|  |TAMS 0x000000009d300000, 0x000000009d300000| Untracked 
| 468|0x000000009d400000, 0x000000009d400000, 0x000000009d500000|  0%| F|  |TAMS 0x000000009d400000, 0x000000009d400000| Untracked 
| 469|0x000000009d500000, 0x000000009d500000, 0x000000009d600000|  0%| F|  |TAMS 0x000000009d500000, 0x000000009d500000| Untracked 
| 470|0x000000009d600000, 0x000000009d600000, 0x000000009d700000|  0%| F|  |TAMS 0x000000009d600000, 0x000000009d600000| Untracked 
| 471|0x000000009d700000, 0x000000009d700000, 0x000000009d800000|  0%| F|  |TAMS 0x000000009d700000, 0x000000009d700000| Untracked 
| 472|0x000000009d800000, 0x000000009d800000, 0x000000009d900000|  0%| F|  |TAMS 0x000000009d800000, 0x000000009d800000| Untracked 
| 473|0x000000009d900000, 0x000000009d900000, 0x000000009da00000|  0%| F|  |TAMS 0x000000009d900000, 0x000000009d900000| Untracked 
| 474|0x000000009da00000, 0x000000009da00000, 0x000000009db00000|  0%| F|  |TAMS 0x000000009da00000, 0x000000009da00000| Untracked 
| 475|0x000000009db00000, 0x000000009db00000, 0x000000009dc00000|  0%| F|  |TAMS 0x000000009db00000, 0x000000009db00000| Untracked 
| 476|0x000000009dc00000, 0x000000009dc00000, 0x000000009dd00000|  0%| F|  |TAMS 0x000000009dc00000, 0x000000009dc00000| Untracked 
| 477|0x000000009dd00000, 0x000000009dd00000, 0x000000009de00000|  0%| F|  |TAMS 0x000000009dd00000, 0x000000009dd00000| Untracked 
| 478|0x000000009de00000, 0x000000009de00000, 0x000000009df00000|  0%| F|  |TAMS 0x000000009de00000, 0x000000009de00000| Untracked 
| 479|0x000000009df00000, 0x000000009df00000, 0x000000009e000000|  0%| F|  |TAMS 0x000000009df00000, 0x000000009df00000| Untracked 
| 480|0x000000009e000000, 0x000000009e000000, 0x000000009e100000|  0%| F|  |TAMS 0x000000009e000000, 0x000000009e000000| Untracked 
| 481|0x000000009e100000, 0x000000009e100000, 0x000000009e200000|  0%| F|  |TAMS 0x000000009e100000, 0x000000009e100000| Untracked 
| 482|0x000000009e200000, 0x000000009e200000, 0x000000009e300000|  0%| F|  |TAMS 0x000000009e200000, 0x000000009e200000| Untracked 
| 483|0x000000009e300000, 0x000000009e300000, 0x000000009e400000|  0%| F|  |TAMS 0x000000009e300000, 0x000000009e300000| Untracked 
| 484|0x000000009e400000, 0x000000009e400000, 0x000000009e500000|  0%| F|  |TAMS 0x000000009e400000, 0x000000009e400000| Untracked 
| 485|0x000000009e500000, 0x000000009e500000, 0x000000009e600000|  0%| F|  |TAMS 0x000000009e500000, 0x000000009e500000| Untracked 
| 486|0x000000009e600000, 0x000000009e600000, 0x000000009e700000|  0%| F|  |TAMS 0x000000009e600000, 0x000000009e600000| Untracked 
| 487|0x000000009e700000, 0x000000009e700000, 0x000000009e800000|  0%| F|  |TAMS 0x000000009e700000, 0x000000009e700000| Untracked 
| 488|0x000000009e800000, 0x000000009e800000, 0x000000009e900000|  0%| F|  |TAMS 0x000000009e800000, 0x000000009e800000| Untracked 
| 489|0x000000009e900000, 0x000000009e900000, 0x000000009ea00000|  0%| F|  |TAMS 0x000000009e900000, 0x000000009e900000| Untracked 
| 490|0x000000009ea00000, 0x000000009ea00000, 0x000000009eb00000|  0%| F|  |TAMS 0x000000009ea00000, 0x000000009ea00000| Untracked 
| 491|0x000000009eb00000, 0x000000009eb00000, 0x000000009ec00000|  0%| F|  |TAMS 0x000000009eb00000, 0x000000009eb00000| Untracked 
| 492|0x000000009ec00000, 0x000000009ec00000, 0x000000009ed00000|  0%| F|  |TAMS 0x000000009ec00000, 0x000000009ec00000| Untracked 
| 493|0x000000009ed00000, 0x000000009ed00000, 0x000000009ee00000|  0%| F|  |TAMS 0x000000009ed00000, 0x000000009ed00000| Untracked 
| 494|0x000000009ee00000, 0x000000009ee00000, 0x000000009ef00000|  0%| F|  |TAMS 0x000000009ee00000, 0x000000009ee00000| Untracked 
| 495|0x000000009ef00000, 0x000000009ef00000, 0x000000009f000000|  0%| F|  |TAMS 0x000000009ef00000, 0x000000009ef00000| Untracked 
| 496|0x000000009f000000, 0x000000009f000000, 0x000000009f100000|  0%| F|  |TAMS 0x000000009f000000, 0x000000009f000000| Untracked 
| 497|0x000000009f100000, 0x000000009f100000, 0x000000009f200000|  0%| F|  |TAMS 0x000000009f100000, 0x000000009f100000| Untracked 
| 498|0x000000009f200000, 0x000000009f200000, 0x000000009f300000|  0%| F|  |TAMS 0x000000009f200000, 0x000000009f200000| Untracked 
| 499|0x000000009f300000, 0x000000009f300000, 0x000000009f400000|  0%| F|  |TAMS 0x000000009f300000, 0x000000009f300000| Untracked 
| 500|0x000000009f400000, 0x000000009f400000, 0x000000009f500000|  0%| F|  |TAMS 0x000000009f400000, 0x000000009f400000| Untracked 
| 501|0x000000009f500000, 0x000000009f500000, 0x000000009f600000|  0%| F|  |TAMS 0x000000009f500000, 0x000000009f500000| Untracked 
| 502|0x000000009f600000, 0x000000009f600000, 0x000000009f700000|  0%| F|  |TAMS 0x000000009f600000, 0x000000009f600000| Untracked 
| 503|0x000000009f700000, 0x000000009f700000, 0x000000009f800000|  0%| F|  |TAMS 0x000000009f700000, 0x000000009f700000| Untracked 
| 504|0x000000009f800000, 0x000000009f800000, 0x000000009f900000|  0%| F|  |TAMS 0x000000009f800000, 0x000000009f800000| Untracked 
| 505|0x000000009f900000, 0x000000009f900000, 0x000000009fa00000|  0%| F|  |TAMS 0x000000009f900000, 0x000000009f900000| Untracked 
| 506|0x000000009fa00000, 0x000000009fa00000, 0x000000009fb00000|  0%| F|  |TAMS 0x000000009fa00000, 0x000000009fa00000| Untracked 
| 507|0x000000009fb00000, 0x000000009fb00000, 0x000000009fc00000|  0%| F|  |TAMS 0x000000009fb00000, 0x000000009fb00000| Untracked 
| 508|0x000000009fc00000, 0x000000009fc00000, 0x000000009fd00000|  0%| F|  |TAMS 0x000000009fc00000, 0x000000009fc00000| Untracked 
| 509|0x000000009fd00000, 0x000000009fd00000, 0x000000009fe00000|  0%| F|  |TAMS 0x000000009fd00000, 0x000000009fd00000| Untracked 
| 510|0x000000009fe00000, 0x000000009fe00000, 0x000000009ff00000|  0%| F|  |TAMS 0x000000009fe00000, 0x000000009fe00000| Untracked 
| 511|0x000000009ff00000, 0x000000009ff00000, 0x00000000a0000000|  0%| F|  |TAMS 0x000000009ff00000, 0x000000009ff00000| Untracked 
| 512|0x00000000a0000000, 0x00000000a0000000, 0x00000000a0100000|  0%| F|  |TAMS 0x00000000a0000000, 0x00000000a0000000| Untracked 
| 513|0x00000000a0100000, 0x00000000a0100000, 0x00000000a0200000|  0%| F|  |TAMS 0x00000000a0100000, 0x00000000a0100000| Untracked 
| 514|0x00000000a0200000, 0x00000000a0200000, 0x00000000a0300000|  0%| F|  |TAMS 0x00000000a0200000, 0x00000000a0200000| Untracked 
| 515|0x00000000a0300000, 0x00000000a0300000, 0x00000000a0400000|  0%| F|  |TAMS 0x00000000a0300000, 0x00000000a0300000| Untracked 
| 516|0x00000000a0400000, 0x00000000a0400000, 0x00000000a0500000|  0%| F|  |TAMS 0x00000000a0400000, 0x00000000a0400000| Untracked 
| 517|0x00000000a0500000, 0x00000000a0500000, 0x00000000a0600000|  0%| F|  |TAMS 0x00000000a0500000, 0x00000000a0500000| Untracked 
| 518|0x00000000a0600000, 0x00000000a0600000, 0x00000000a0700000|  0%| F|  |TAMS 0x00000000a0600000, 0x00000000a0600000| Untracked 
| 519|0x00000000a0700000, 0x00000000a0700000, 0x00000000a0800000|  0%| F|  |TAMS 0x00000000a0700000, 0x00000000a0700000| Untracked 
| 520|0x00000000a0800000, 0x00000000a0800000, 0x00000000a0900000|  0%| F|  |TAMS 0x00000000a0800000, 0x00000000a0800000| Untracked 
| 521|0x00000000a0900000, 0x00000000a0900000, 0x00000000a0a00000|  0%| F|  |TAMS 0x00000000a0900000, 0x00000000a0900000| Untracked 
| 522|0x00000000a0a00000, 0x00000000a0a00000, 0x00000000a0b00000|  0%| F|  |TAMS 0x00000000a0a00000, 0x00000000a0a00000| Untracked 
| 523|0x00000000a0b00000, 0x00000000a0b00000, 0x00000000a0c00000|  0%| F|  |TAMS 0x00000000a0b00000, 0x00000000a0b00000| Untracked 
| 524|0x00000000a0c00000, 0x00000000a0c00000, 0x00000000a0d00000|  0%| F|  |TAMS 0x00000000a0c00000, 0x00000000a0c00000| Untracked 
| 525|0x00000000a0d00000, 0x00000000a0d00000, 0x00000000a0e00000|  0%| F|  |TAMS 0x00000000a0d00000, 0x00000000a0d00000| Untracked 
| 526|0x00000000a0e00000, 0x00000000a0e00000, 0x00000000a0f00000|  0%| F|  |TAMS 0x00000000a0e00000, 0x00000000a0e00000| Untracked 
| 527|0x00000000a0f00000, 0x00000000a0f00000, 0x00000000a1000000|  0%| F|  |TAMS 0x00000000a0f00000, 0x00000000a0f00000| Untracked 
| 528|0x00000000a1000000, 0x00000000a1000000, 0x00000000a1100000|  0%| F|  |TAMS 0x00000000a1000000, 0x00000000a1000000| Untracked 
| 529|0x00000000a1100000, 0x00000000a1100000, 0x00000000a1200000|  0%| F|  |TAMS 0x00000000a1100000, 0x00000000a1100000| Untracked 
| 530|0x00000000a1200000, 0x00000000a1200000, 0x00000000a1300000|  0%| F|  |TAMS 0x00000000a1200000, 0x00000000a1200000| Untracked 
| 531|0x00000000a1300000, 0x00000000a1300000, 0x00000000a1400000|  0%| F|  |TAMS 0x00000000a1300000, 0x00000000a1300000| Untracked 
| 532|0x00000000a1400000, 0x00000000a1400000, 0x00000000a1500000|  0%| F|  |TAMS 0x00000000a1400000, 0x00000000a1400000| Untracked 
| 533|0x00000000a1500000, 0x00000000a1500000, 0x00000000a1600000|  0%| F|  |TAMS 0x00000000a1500000, 0x00000000a1500000| Untracked 
| 534|0x00000000a1600000, 0x00000000a1600000, 0x00000000a1700000|  0%| F|  |TAMS 0x00000000a1600000, 0x00000000a1600000| Untracked 
| 535|0x00000000a1700000, 0x00000000a1700000, 0x00000000a1800000|  0%| F|  |TAMS 0x00000000a1700000, 0x00000000a1700000| Untracked 
| 536|0x00000000a1800000, 0x00000000a1800000, 0x00000000a1900000|  0%| F|  |TAMS 0x00000000a1800000, 0x00000000a1800000| Untracked 
| 537|0x00000000a1900000, 0x00000000a1900000, 0x00000000a1a00000|  0%| F|  |TAMS 0x00000000a1900000, 0x00000000a1900000| Untracked 
| 538|0x00000000a1a00000, 0x00000000a1a00000, 0x00000000a1b00000|  0%| F|  |TAMS 0x00000000a1a00000, 0x00000000a1a00000| Untracked 
| 539|0x00000000a1b00000, 0x00000000a1b00000, 0x00000000a1c00000|  0%| F|  |TAMS 0x00000000a1b00000, 0x00000000a1b00000| Untracked 
| 540|0x00000000a1c00000, 0x00000000a1c00000, 0x00000000a1d00000|  0%| F|  |TAMS 0x00000000a1c00000, 0x00000000a1c00000| Untracked 
| 541|0x00000000a1d00000, 0x00000000a1d00000, 0x00000000a1e00000|  0%| F|  |TAMS 0x00000000a1d00000, 0x00000000a1d00000| Untracked 
| 542|0x00000000a1e00000, 0x00000000a1e00000, 0x00000000a1f00000|  0%| F|  |TAMS 0x00000000a1e00000, 0x00000000a1e00000| Untracked 
| 543|0x00000000a1f00000, 0x00000000a1f00000, 0x00000000a2000000|  0%| F|  |TAMS 0x00000000a1f00000, 0x00000000a1f00000| Untracked 
| 544|0x00000000a2000000, 0x00000000a2000000, 0x00000000a2100000|  0%| F|  |TAMS 0x00000000a2000000, 0x00000000a2000000| Untracked 
| 545|0x00000000a2100000, 0x00000000a2100000, 0x00000000a2200000|  0%| F|  |TAMS 0x00000000a2100000, 0x00000000a2100000| Untracked 
| 546|0x00000000a2200000, 0x00000000a2200000, 0x00000000a2300000|  0%| F|  |TAMS 0x00000000a2200000, 0x00000000a2200000| Untracked 
| 547|0x00000000a2300000, 0x00000000a2300000, 0x00000000a2400000|  0%| F|  |TAMS 0x00000000a2300000, 0x00000000a2300000| Untracked 
| 548|0x00000000a2400000, 0x00000000a2400000, 0x00000000a2500000|  0%| F|  |TAMS 0x00000000a2400000, 0x00000000a2400000| Untracked 
| 549|0x00000000a2500000, 0x00000000a2500000, 0x00000000a2600000|  0%| F|  |TAMS 0x00000000a2500000, 0x00000000a2500000| Untracked 
| 550|0x00000000a2600000, 0x00000000a2600000, 0x00000000a2700000|  0%| F|  |TAMS 0x00000000a2600000, 0x00000000a2600000| Untracked 
| 551|0x00000000a2700000, 0x00000000a2700000, 0x00000000a2800000|  0%| F|  |TAMS 0x00000000a2700000, 0x00000000a2700000| Untracked 
| 552|0x00000000a2800000, 0x00000000a2800000, 0x00000000a2900000|  0%| F|  |TAMS 0x00000000a2800000, 0x00000000a2800000| Untracked 
| 553|0x00000000a2900000, 0x00000000a2900000, 0x00000000a2a00000|  0%| F|  |TAMS 0x00000000a2900000, 0x00000000a2900000| Untracked 
| 554|0x00000000a2a00000, 0x00000000a2a00000, 0x00000000a2b00000|  0%| F|  |TAMS 0x00000000a2a00000, 0x00000000a2a00000| Untracked 
| 555|0x00000000a2b00000, 0x00000000a2b00000, 0x00000000a2c00000|  0%| F|  |TAMS 0x00000000a2b00000, 0x00000000a2b00000| Untracked 
| 556|0x00000000a2c00000, 0x00000000a2c00000, 0x00000000a2d00000|  0%| F|  |TAMS 0x00000000a2c00000, 0x00000000a2c00000| Untracked 
| 557|0x00000000a2d00000, 0x00000000a2d00000, 0x00000000a2e00000|  0%| F|  |TAMS 0x00000000a2d00000, 0x00000000a2d00000| Untracked 
| 558|0x00000000a2e00000, 0x00000000a2e00000, 0x00000000a2f00000|  0%| F|  |TAMS 0x00000000a2e00000, 0x00000000a2e00000| Untracked 
| 559|0x00000000a2f00000, 0x00000000a2f00000, 0x00000000a3000000|  0%| F|  |TAMS 0x00000000a2f00000, 0x00000000a2f00000| Untracked 
| 560|0x00000000a3000000, 0x00000000a3000000, 0x00000000a3100000|  0%| F|  |TAMS 0x00000000a3000000, 0x00000000a3000000| Untracked 
| 561|0x00000000a3100000, 0x00000000a3100000, 0x00000000a3200000|  0%| F|  |TAMS 0x00000000a3100000, 0x00000000a3100000| Untracked 
| 562|0x00000000a3200000, 0x00000000a3200000, 0x00000000a3300000|  0%| F|  |TAMS 0x00000000a3200000, 0x00000000a3200000| Untracked 
| 563|0x00000000a3300000, 0x00000000a3300000, 0x00000000a3400000|  0%| F|  |TAMS 0x00000000a3300000, 0x00000000a3300000| Untracked 
| 564|0x00000000a3400000, 0x00000000a3400000, 0x00000000a3500000|  0%| F|  |TAMS 0x00000000a3400000, 0x00000000a3400000| Untracked 
| 565|0x00000000a3500000, 0x00000000a3500000, 0x00000000a3600000|  0%| F|  |TAMS 0x00000000a3500000, 0x00000000a3500000| Untracked 
| 566|0x00000000a3600000, 0x00000000a3600000, 0x00000000a3700000|  0%| F|  |TAMS 0x00000000a3600000, 0x00000000a3600000| Untracked 
| 567|0x00000000a3700000, 0x00000000a3700000, 0x00000000a3800000|  0%| F|  |TAMS 0x00000000a3700000, 0x00000000a3700000| Untracked 
| 568|0x00000000a3800000, 0x00000000a3800000, 0x00000000a3900000|  0%| F|  |TAMS 0x00000000a3800000, 0x00000000a3800000| Untracked 
| 569|0x00000000a3900000, 0x00000000a3900000, 0x00000000a3a00000|  0%| F|  |TAMS 0x00000000a3900000, 0x00000000a3900000| Untracked 
| 570|0x00000000a3a00000, 0x00000000a3a00000, 0x00000000a3b00000|  0%| F|  |TAMS 0x00000000a3a00000, 0x00000000a3a00000| Untracked 
| 571|0x00000000a3b00000, 0x00000000a3b00000, 0x00000000a3c00000|  0%| F|  |TAMS 0x00000000a3b00000, 0x00000000a3b00000| Untracked 
| 572|0x00000000a3c00000, 0x00000000a3c00000, 0x00000000a3d00000|  0%| F|  |TAMS 0x00000000a3c00000, 0x00000000a3c00000| Untracked 
| 573|0x00000000a3d00000, 0x00000000a3d00000, 0x00000000a3e00000|  0%| F|  |TAMS 0x00000000a3d00000, 0x00000000a3d00000| Untracked 
| 574|0x00000000a3e00000, 0x00000000a3e00000, 0x00000000a3f00000|  0%| F|  |TAMS 0x00000000a3e00000, 0x00000000a3e00000| Untracked 
| 575|0x00000000a3f00000, 0x00000000a3f00000, 0x00000000a4000000|  0%| F|  |TAMS 0x00000000a3f00000, 0x00000000a3f00000| Untracked 
| 576|0x00000000a4000000, 0x00000000a4000000, 0x00000000a4100000|  0%| F|  |TAMS 0x00000000a4000000, 0x00000000a4000000| Untracked 
| 577|0x00000000a4100000, 0x00000000a4100000, 0x00000000a4200000|  0%| F|  |TAMS 0x00000000a4100000, 0x00000000a4100000| Untracked 
| 578|0x00000000a4200000, 0x00000000a4200000, 0x00000000a4300000|  0%| F|  |TAMS 0x00000000a4200000, 0x00000000a4200000| Untracked 
| 579|0x00000000a4300000, 0x00000000a4300000, 0x00000000a4400000|  0%| F|  |TAMS 0x00000000a4300000, 0x00000000a4300000| Untracked 
| 580|0x00000000a4400000, 0x00000000a4400000, 0x00000000a4500000|  0%| F|  |TAMS 0x00000000a4400000, 0x00000000a4400000| Untracked 
| 581|0x00000000a4500000, 0x00000000a4500000, 0x00000000a4600000|  0%| F|  |TAMS 0x00000000a4500000, 0x00000000a4500000| Untracked 
| 582|0x00000000a4600000, 0x00000000a4600000, 0x00000000a4700000|  0%| F|  |TAMS 0x00000000a4600000, 0x00000000a4600000| Untracked 
| 583|0x00000000a4700000, 0x00000000a4700000, 0x00000000a4800000|  0%| F|  |TAMS 0x00000000a4700000, 0x00000000a4700000| Untracked 
| 584|0x00000000a4800000, 0x00000000a4800000, 0x00000000a4900000|  0%| F|  |TAMS 0x00000000a4800000, 0x00000000a4800000| Untracked 
| 585|0x00000000a4900000, 0x00000000a4900000, 0x00000000a4a00000|  0%| F|  |TAMS 0x00000000a4900000, 0x00000000a4900000| Untracked 
| 586|0x00000000a4a00000, 0x00000000a4a00000, 0x00000000a4b00000|  0%| F|  |TAMS 0x00000000a4a00000, 0x00000000a4a00000| Untracked 
| 587|0x00000000a4b00000, 0x00000000a4b00000, 0x00000000a4c00000|  0%| F|  |TAMS 0x00000000a4b00000, 0x00000000a4b00000| Untracked 
| 588|0x00000000a4c00000, 0x00000000a4c00000, 0x00000000a4d00000|  0%| F|  |TAMS 0x00000000a4c00000, 0x00000000a4c00000| Untracked 
| 589|0x00000000a4d00000, 0x00000000a4d00000, 0x00000000a4e00000|  0%| F|  |TAMS 0x00000000a4d00000, 0x00000000a4d00000| Untracked 
| 590|0x00000000a4e00000, 0x00000000a4e00000, 0x00000000a4f00000|  0%| F|  |TAMS 0x00000000a4e00000, 0x00000000a4e00000| Untracked 
| 591|0x00000000a4f00000, 0x00000000a4f00000, 0x00000000a5000000|  0%| F|  |TAMS 0x00000000a4f00000, 0x00000000a4f00000| Untracked 
| 592|0x00000000a5000000, 0x00000000a5000000, 0x00000000a5100000|  0%| F|  |TAMS 0x00000000a5000000, 0x00000000a5000000| Untracked 
| 593|0x00000000a5100000, 0x00000000a5100000, 0x00000000a5200000|  0%| F|  |TAMS 0x00000000a5100000, 0x00000000a5100000| Untracked 
| 594|0x00000000a5200000, 0x00000000a5200000, 0x00000000a5300000|  0%| F|  |TAMS 0x00000000a5200000, 0x00000000a5200000| Untracked 
| 595|0x00000000a5300000, 0x00000000a5300000, 0x00000000a5400000|  0%| F|  |TAMS 0x00000000a5300000, 0x00000000a5300000| Untracked 
| 596|0x00000000a5400000, 0x00000000a5400000, 0x00000000a5500000|  0%| F|  |TAMS 0x00000000a5400000, 0x00000000a5400000| Untracked 
| 597|0x00000000a5500000, 0x00000000a5500000, 0x00000000a5600000|  0%| F|  |TAMS 0x00000000a5500000, 0x00000000a5500000| Untracked 
| 598|0x00000000a5600000, 0x00000000a5600000, 0x00000000a5700000|  0%| F|  |TAMS 0x00000000a5600000, 0x00000000a5600000| Untracked 
| 599|0x00000000a5700000, 0x00000000a5700000, 0x00000000a5800000|  0%| F|  |TAMS 0x00000000a5700000, 0x00000000a5700000| Untracked 
| 600|0x00000000a5800000, 0x00000000a5800000, 0x00000000a5900000|  0%| F|  |TAMS 0x00000000a5800000, 0x00000000a5800000| Untracked 
| 601|0x00000000a5900000, 0x00000000a5900000, 0x00000000a5a00000|  0%| F|  |TAMS 0x00000000a5900000, 0x00000000a5900000| Untracked 
| 602|0x00000000a5a00000, 0x00000000a5a00000, 0x00000000a5b00000|  0%| F|  |TAMS 0x00000000a5a00000, 0x00000000a5a00000| Untracked 
| 603|0x00000000a5b00000, 0x00000000a5b00000, 0x00000000a5c00000|  0%| F|  |TAMS 0x00000000a5b00000, 0x00000000a5b00000| Untracked 
| 604|0x00000000a5c00000, 0x00000000a5c00000, 0x00000000a5d00000|  0%| F|  |TAMS 0x00000000a5c00000, 0x00000000a5c00000| Untracked 
| 605|0x00000000a5d00000, 0x00000000a5d00000, 0x00000000a5e00000|  0%| F|  |TAMS 0x00000000a5d00000, 0x00000000a5d00000| Untracked 
| 606|0x00000000a5e00000, 0x00000000a5e00000, 0x00000000a5f00000|  0%| F|  |TAMS 0x00000000a5e00000, 0x00000000a5e00000| Untracked 
| 607|0x00000000a5f00000, 0x00000000a5f00000, 0x00000000a6000000|  0%| F|  |TAMS 0x00000000a5f00000, 0x00000000a5f00000| Untracked 
| 608|0x00000000a6000000, 0x00000000a6000000, 0x00000000a6100000|  0%| F|  |TAMS 0x00000000a6000000, 0x00000000a6000000| Untracked 
| 609|0x00000000a6100000, 0x00000000a6100000, 0x00000000a6200000|  0%| F|  |TAMS 0x00000000a6100000, 0x00000000a6100000| Untracked 
| 610|0x00000000a6200000, 0x00000000a6200000, 0x00000000a6300000|  0%| F|  |TAMS 0x00000000a6200000, 0x00000000a6200000| Untracked 
| 611|0x00000000a6300000, 0x00000000a6300000, 0x00000000a6400000|  0%| F|  |TAMS 0x00000000a6300000, 0x00000000a6300000| Untracked 
| 612|0x00000000a6400000, 0x00000000a6400000, 0x00000000a6500000|  0%| F|  |TAMS 0x00000000a6400000, 0x00000000a6400000| Untracked 
| 613|0x00000000a6500000, 0x00000000a6500000, 0x00000000a6600000|  0%| F|  |TAMS 0x00000000a6500000, 0x00000000a6500000| Untracked 
| 614|0x00000000a6600000, 0x00000000a6600000, 0x00000000a6700000|  0%| F|  |TAMS 0x00000000a6600000, 0x00000000a6600000| Untracked 
| 615|0x00000000a6700000, 0x00000000a6700000, 0x00000000a6800000|  0%| F|  |TAMS 0x00000000a6700000, 0x00000000a6700000| Untracked 
| 616|0x00000000a6800000, 0x00000000a6800000, 0x00000000a6900000|  0%| F|  |TAMS 0x00000000a6800000, 0x00000000a6800000| Untracked 
| 617|0x00000000a6900000, 0x00000000a6900000, 0x00000000a6a00000|  0%| F|  |TAMS 0x00000000a6900000, 0x00000000a6900000| Untracked 
| 618|0x00000000a6a00000, 0x00000000a6a00000, 0x00000000a6b00000|  0%| F|  |TAMS 0x00000000a6a00000, 0x00000000a6a00000| Untracked 
| 619|0x00000000a6b00000, 0x00000000a6b00000, 0x00000000a6c00000|  0%| F|  |TAMS 0x00000000a6b00000, 0x00000000a6b00000| Untracked 
| 620|0x00000000a6c00000, 0x00000000a6c00000, 0x00000000a6d00000|  0%| F|  |TAMS 0x00000000a6c00000, 0x00000000a6c00000| Untracked 
| 621|0x00000000a6d00000, 0x00000000a6d00000, 0x00000000a6e00000|  0%| F|  |TAMS 0x00000000a6d00000, 0x00000000a6d00000| Untracked 
| 622|0x00000000a6e00000, 0x00000000a6e00000, 0x00000000a6f00000|  0%| F|  |TAMS 0x00000000a6e00000, 0x00000000a6e00000| Untracked 
| 623|0x00000000a6f00000, 0x00000000a6f00000, 0x00000000a7000000|  0%| F|  |TAMS 0x00000000a6f00000, 0x00000000a6f00000| Untracked 
| 624|0x00000000a7000000, 0x00000000a7000000, 0x00000000a7100000|  0%| F|  |TAMS 0x00000000a7000000, 0x00000000a7000000| Untracked 
| 625|0x00000000a7100000, 0x00000000a7100000, 0x00000000a7200000|  0%| F|  |TAMS 0x00000000a7100000, 0x00000000a7100000| Untracked 
| 626|0x00000000a7200000, 0x00000000a7200000, 0x00000000a7300000|  0%| F|  |TAMS 0x00000000a7200000, 0x00000000a7200000| Untracked 
| 627|0x00000000a7300000, 0x00000000a7300000, 0x00000000a7400000|  0%| F|  |TAMS 0x00000000a7300000, 0x00000000a7300000| Untracked 
| 628|0x00000000a7400000, 0x00000000a7400000, 0x00000000a7500000|  0%| F|  |TAMS 0x00000000a7400000, 0x00000000a7400000| Untracked 
| 629|0x00000000a7500000, 0x00000000a7500000, 0x00000000a7600000|  0%| F|  |TAMS 0x00000000a7500000, 0x00000000a7500000| Untracked 
| 630|0x00000000a7600000, 0x00000000a7600000, 0x00000000a7700000|  0%| F|  |TAMS 0x00000000a7600000, 0x00000000a7600000| Untracked 
| 631|0x00000000a7700000, 0x00000000a7700000, 0x00000000a7800000|  0%| F|  |TAMS 0x00000000a7700000, 0x00000000a7700000| Untracked 
| 632|0x00000000a7800000, 0x00000000a7800000, 0x00000000a7900000|  0%| F|  |TAMS 0x00000000a7800000, 0x00000000a7800000| Untracked 
| 633|0x00000000a7900000, 0x00000000a7900000, 0x00000000a7a00000|  0%| F|  |TAMS 0x00000000a7900000, 0x00000000a7900000| Untracked 
| 634|0x00000000a7a00000, 0x00000000a7a00000, 0x00000000a7b00000|  0%| F|  |TAMS 0x00000000a7a00000, 0x00000000a7a00000| Untracked 
| 635|0x00000000a7b00000, 0x00000000a7b00000, 0x00000000a7c00000|  0%| F|  |TAMS 0x00000000a7b00000, 0x00000000a7b00000| Untracked 
| 636|0x00000000a7c00000, 0x00000000a7c00000, 0x00000000a7d00000|  0%| F|  |TAMS 0x00000000a7c00000, 0x00000000a7c00000| Untracked 
| 637|0x00000000a7d00000, 0x00000000a7d00000, 0x00000000a7e00000|  0%| F|  |TAMS 0x00000000a7d00000, 0x00000000a7d00000| Untracked 
| 638|0x00000000a7e00000, 0x00000000a7e00000, 0x00000000a7f00000|  0%| F|  |TAMS 0x00000000a7e00000, 0x00000000a7e00000| Untracked 
| 639|0x00000000a7f00000, 0x00000000a7f00000, 0x00000000a8000000|  0%| F|  |TAMS 0x00000000a7f00000, 0x00000000a7f00000| Untracked 
| 640|0x00000000a8000000, 0x00000000a8000000, 0x00000000a8100000|  0%| F|  |TAMS 0x00000000a8000000, 0x00000000a8000000| Untracked 
| 641|0x00000000a8100000, 0x00000000a8100000, 0x00000000a8200000|  0%| F|  |TAMS 0x00000000a8100000, 0x00000000a8100000| Untracked 
| 642|0x00000000a8200000, 0x00000000a8200000, 0x00000000a8300000|  0%| F|  |TAMS 0x00000000a8200000, 0x00000000a8200000| Untracked 
| 643|0x00000000a8300000, 0x00000000a8300000, 0x00000000a8400000|  0%| F|  |TAMS 0x00000000a8300000, 0x00000000a8300000| Untracked 
| 644|0x00000000a8400000, 0x00000000a8400000, 0x00000000a8500000|  0%| F|  |TAMS 0x00000000a8400000, 0x00000000a8400000| Untracked 
| 645|0x00000000a8500000, 0x00000000a8500000, 0x00000000a8600000|  0%| F|  |TAMS 0x00000000a8500000, 0x00000000a8500000| Untracked 
| 646|0x00000000a8600000, 0x00000000a8600000, 0x00000000a8700000|  0%| F|  |TAMS 0x00000000a8600000, 0x00000000a8600000| Untracked 
| 647|0x00000000a8700000, 0x00000000a8700000, 0x00000000a8800000|  0%| F|  |TAMS 0x00000000a8700000, 0x00000000a8700000| Untracked 
| 648|0x00000000a8800000, 0x00000000a8800000, 0x00000000a8900000|  0%| F|  |TAMS 0x00000000a8800000, 0x00000000a8800000| Untracked 
| 649|0x00000000a8900000, 0x00000000a8900000, 0x00000000a8a00000|  0%| F|  |TAMS 0x00000000a8900000, 0x00000000a8900000| Untracked 
| 650|0x00000000a8a00000, 0x00000000a8a00000, 0x00000000a8b00000|  0%| F|  |TAMS 0x00000000a8a00000, 0x00000000a8a00000| Untracked 
| 651|0x00000000a8b00000, 0x00000000a8b00000, 0x00000000a8c00000|  0%| F|  |TAMS 0x00000000a8b00000, 0x00000000a8b00000| Untracked 
| 652|0x00000000a8c00000, 0x00000000a8c00000, 0x00000000a8d00000|  0%| F|  |TAMS 0x00000000a8c00000, 0x00000000a8c00000| Untracked 
| 653|0x00000000a8d00000, 0x00000000a8d00000, 0x00000000a8e00000|  0%| F|  |TAMS 0x00000000a8d00000, 0x00000000a8d00000| Untracked 
| 654|0x00000000a8e00000, 0x00000000a8e00000, 0x00000000a8f00000|  0%| F|  |TAMS 0x00000000a8e00000, 0x00000000a8e00000| Untracked 
| 655|0x00000000a8f00000, 0x00000000a8f00000, 0x00000000a9000000|  0%| F|  |TAMS 0x00000000a8f00000, 0x00000000a8f00000| Untracked 
| 656|0x00000000a9000000, 0x00000000a9000000, 0x00000000a9100000|  0%| F|  |TAMS 0x00000000a9000000, 0x00000000a9000000| Untracked 
| 657|0x00000000a9100000, 0x00000000a9100000, 0x00000000a9200000|  0%| F|  |TAMS 0x00000000a9100000, 0x00000000a9100000| Untracked 
| 658|0x00000000a9200000, 0x00000000a9200000, 0x00000000a9300000|  0%| F|  |TAMS 0x00000000a9200000, 0x00000000a9200000| Untracked 
| 659|0x00000000a9300000, 0x00000000a9300000, 0x00000000a9400000|  0%| F|  |TAMS 0x00000000a9300000, 0x00000000a9300000| Untracked 
| 660|0x00000000a9400000, 0x00000000a9400000, 0x00000000a9500000|  0%| F|  |TAMS 0x00000000a9400000, 0x00000000a9400000| Untracked 
| 661|0x00000000a9500000, 0x00000000a95a44e8, 0x00000000a9600000| 64%| E|  |TAMS 0x00000000a9500000, 0x00000000a9500000| Complete 
| 662|0x00000000a9600000, 0x00000000a9700000, 0x00000000a9700000|100%| E|CS|TAMS 0x00000000a9600000, 0x00000000a9600000| Complete 
| 663|0x00000000a9700000, 0x00000000a9800000, 0x00000000a9800000|100%| E|CS|TAMS 0x00000000a9700000, 0x00000000a9700000| Complete 
| 664|0x00000000a9800000, 0x00000000a9900000, 0x00000000a9900000|100%| E|CS|TAMS 0x00000000a9800000, 0x00000000a9800000| Complete 
| 665|0x00000000a9900000, 0x00000000a9a00000, 0x00000000a9a00000|100%| E|CS|TAMS 0x00000000a9900000, 0x00000000a9900000| Complete 
| 666|0x00000000a9a00000, 0x00000000a9b00000, 0x00000000a9b00000|100%| E|CS|TAMS 0x00000000a9a00000, 0x00000000a9a00000| Complete 
| 667|0x00000000a9b00000, 0x00000000a9c00000, 0x00000000a9c00000|100%| E|CS|TAMS 0x00000000a9b00000, 0x00000000a9b00000| Complete 
| 668|0x00000000a9c00000, 0x00000000a9d00000, 0x00000000a9d00000|100%| E|CS|TAMS 0x00000000a9c00000, 0x00000000a9c00000| Complete 
| 669|0x00000000a9d00000, 0x00000000a9e00000, 0x00000000a9e00000|100%| E|CS|TAMS 0x00000000a9d00000, 0x00000000a9d00000| Complete 
| 670|0x00000000a9e00000, 0x00000000a9f00000, 0x00000000a9f00000|100%| E|CS|TAMS 0x00000000a9e00000, 0x00000000a9e00000| Complete 
| 671|0x00000000a9f00000, 0x00000000aa000000, 0x00000000aa000000|100%| E|CS|TAMS 0x00000000a9f00000, 0x00000000a9f00000| Complete 
| 672|0x00000000aa000000, 0x00000000aa100000, 0x00000000aa100000|100%| E|CS|TAMS 0x00000000aa000000, 0x00000000aa000000| Complete 
| 673|0x00000000aa100000, 0x00000000aa200000, 0x00000000aa200000|100%| E|CS|TAMS 0x00000000aa100000, 0x00000000aa100000| Complete 
| 674|0x00000000aa200000, 0x00000000aa300000, 0x00000000aa300000|100%| E|CS|TAMS 0x00000000aa200000, 0x00000000aa200000| Complete 
| 675|0x00000000aa300000, 0x00000000aa400000, 0x00000000aa400000|100%| E|CS|TAMS 0x00000000aa300000, 0x00000000aa300000| Complete 
| 676|0x00000000aa400000, 0x00000000aa500000, 0x00000000aa500000|100%| E|CS|TAMS 0x00000000aa400000, 0x00000000aa400000| Complete 
| 677|0x00000000aa500000, 0x00000000aa600000, 0x00000000aa600000|100%| E|CS|TAMS 0x00000000aa500000, 0x00000000aa500000| Complete 
| 678|0x00000000aa600000, 0x00000000aa700000, 0x00000000aa700000|100%| E|CS|TAMS 0x00000000aa600000, 0x00000000aa600000| Complete 
| 679|0x00000000aa700000, 0x00000000aa800000, 0x00000000aa800000|100%| E|CS|TAMS 0x00000000aa700000, 0x00000000aa700000| Complete 
| 680|0x00000000aa800000, 0x00000000aa900000, 0x00000000aa900000|100%| E|CS|TAMS 0x00000000aa800000, 0x00000000aa800000| Complete 
| 681|0x00000000aa900000, 0x00000000aaa00000, 0x00000000aaa00000|100%| E|CS|TAMS 0x00000000aa900000, 0x00000000aa900000| Complete 
| 682|0x00000000aaa00000, 0x00000000aab00000, 0x00000000aab00000|100%| E|CS|TAMS 0x00000000aaa00000, 0x00000000aaa00000| Complete 
| 683|0x00000000aab00000, 0x00000000aac00000, 0x00000000aac00000|100%| E|CS|TAMS 0x00000000aab00000, 0x00000000aab00000| Complete 
| 684|0x00000000aac00000, 0x00000000aad00000, 0x00000000aad00000|100%| E|CS|TAMS 0x00000000aac00000, 0x00000000aac00000| Complete 
| 685|0x00000000aad00000, 0x00000000aae00000, 0x00000000aae00000|100%| E|CS|TAMS 0x00000000aad00000, 0x00000000aad00000| Complete 
| 686|0x00000000aae00000, 0x00000000aaf00000, 0x00000000aaf00000|100%| E|CS|TAMS 0x00000000aae00000, 0x00000000aae00000| Complete 
| 687|0x00000000aaf00000, 0x00000000ab000000, 0x00000000ab000000|100%| E|CS|TAMS 0x00000000aaf00000, 0x00000000aaf00000| Complete 
| 688|0x00000000ab000000, 0x00000000ab100000, 0x00000000ab100000|100%| E|CS|TAMS 0x00000000ab000000, 0x00000000ab000000| Complete 
| 689|0x00000000ab100000, 0x00000000ab200000, 0x00000000ab200000|100%| E|CS|TAMS 0x00000000ab100000, 0x00000000ab100000| Complete 
| 690|0x00000000ab200000, 0x00000000ab300000, 0x00000000ab300000|100%| E|CS|TAMS 0x00000000ab200000, 0x00000000ab200000| Complete 
| 691|0x00000000ab300000, 0x00000000ab400000, 0x00000000ab400000|100%| E|CS|TAMS 0x00000000ab300000, 0x00000000ab300000| Complete 
| 692|0x00000000ab400000, 0x00000000ab500000, 0x00000000ab500000|100%| E|CS|TAMS 0x00000000ab400000, 0x00000000ab400000| Complete 
| 693|0x00000000ab500000, 0x00000000ab600000, 0x00000000ab600000|100%| E|CS|TAMS 0x00000000ab500000, 0x00000000ab500000| Complete 
| 694|0x00000000ab600000, 0x00000000ab700000, 0x00000000ab700000|100%| E|CS|TAMS 0x00000000ab600000, 0x00000000ab600000| Complete 
| 695|0x00000000ab700000, 0x00000000ab800000, 0x00000000ab800000|100%| E|CS|TAMS 0x00000000ab700000, 0x00000000ab700000| Complete 
| 696|0x00000000ab800000, 0x00000000ab900000, 0x00000000ab900000|100%| E|CS|TAMS 0x00000000ab800000, 0x00000000ab800000| Complete 
| 697|0x00000000ab900000, 0x00000000aba00000, 0x00000000aba00000|100%| E|CS|TAMS 0x00000000ab900000, 0x00000000ab900000| Complete 
| 698|0x00000000aba00000, 0x00000000abb00000, 0x00000000abb00000|100%| E|CS|TAMS 0x00000000aba00000, 0x00000000aba00000| Complete 
| 699|0x00000000abb00000, 0x00000000abc00000, 0x00000000abc00000|100%| E|CS|TAMS 0x00000000abb00000, 0x00000000abb00000| Complete 
| 700|0x00000000abc00000, 0x00000000abd00000, 0x00000000abd00000|100%| E|CS|TAMS 0x00000000abc00000, 0x00000000abc00000| Complete 
| 701|0x00000000abd00000, 0x00000000abe00000, 0x00000000abe00000|100%| E|CS|TAMS 0x00000000abd00000, 0x00000000abd00000| Complete 
| 702|0x00000000abe00000, 0x00000000abf00000, 0x00000000abf00000|100%| E|CS|TAMS 0x00000000abe00000, 0x00000000abe00000| Complete 
| 703|0x00000000abf00000, 0x00000000ac000000, 0x00000000ac000000|100%| E|CS|TAMS 0x00000000abf00000, 0x00000000abf00000| Complete 
| 704|0x00000000ac000000, 0x00000000ac100000, 0x00000000ac100000|100%| E|CS|TAMS 0x00000000ac000000, 0x00000000ac000000| Complete 
| 705|0x00000000ac100000, 0x00000000ac200000, 0x00000000ac200000|100%| E|CS|TAMS 0x00000000ac100000, 0x00000000ac100000| Complete 
| 706|0x00000000ac200000, 0x00000000ac300000, 0x00000000ac300000|100%| E|CS|TAMS 0x00000000ac200000, 0x00000000ac200000| Complete 
| 707|0x00000000ac300000, 0x00000000ac400000, 0x00000000ac400000|100%| E|CS|TAMS 0x00000000ac300000, 0x00000000ac300000| Complete 
| 708|0x00000000ac400000, 0x00000000ac500000, 0x00000000ac500000|100%| E|CS|TAMS 0x00000000ac400000, 0x00000000ac400000| Complete 
| 709|0x00000000ac500000, 0x00000000ac600000, 0x00000000ac600000|100%| E|CS|TAMS 0x00000000ac500000, 0x00000000ac500000| Complete 
| 710|0x00000000ac600000, 0x00000000ac700000, 0x00000000ac700000|100%| E|CS|TAMS 0x00000000ac600000, 0x00000000ac600000| Complete 
| 711|0x00000000ac700000, 0x00000000ac800000, 0x00000000ac800000|100%| E|CS|TAMS 0x00000000ac700000, 0x00000000ac700000| Complete 
| 712|0x00000000ac800000, 0x00000000ac900000, 0x00000000ac900000|100%| E|CS|TAMS 0x00000000ac800000, 0x00000000ac800000| Complete 
| 713|0x00000000ac900000, 0x00000000aca00000, 0x00000000aca00000|100%| E|CS|TAMS 0x00000000ac900000, 0x00000000ac900000| Complete 
| 714|0x00000000aca00000, 0x00000000acb00000, 0x00000000acb00000|100%| E|CS|TAMS 0x00000000aca00000, 0x00000000aca00000| Complete 
| 715|0x00000000acb00000, 0x00000000acc00000, 0x00000000acc00000|100%| E|CS|TAMS 0x00000000acb00000, 0x00000000acb00000| Complete 
| 716|0x00000000acc00000, 0x00000000acd00000, 0x00000000acd00000|100%| E|CS|TAMS 0x00000000acc00000, 0x00000000acc00000| Complete 
| 717|0x00000000acd00000, 0x00000000ace00000, 0x00000000ace00000|100%| E|CS|TAMS 0x00000000acd00000, 0x00000000acd00000| Complete 
| 718|0x00000000ace00000, 0x00000000acf00000, 0x00000000acf00000|100%| E|CS|TAMS 0x00000000ace00000, 0x00000000ace00000| Complete 
| 719|0x00000000acf00000, 0x00000000ad000000, 0x00000000ad000000|100%| E|CS|TAMS 0x00000000acf00000, 0x00000000acf00000| Complete 
| 720|0x00000000ad000000, 0x00000000ad100000, 0x00000000ad100000|100%| E|CS|TAMS 0x00000000ad000000, 0x00000000ad000000| Complete 

Card table byte_map: [0x00000257f6b90000,0x00000257f6f90000] _byte_map_base: 0x00000257f6790000

Marking Bits (Prev, Next): (CMBitMap*) 0x00000257ec76dbc0, (CMBitMap*) 0x00000257ec76db80
 Prev Bits: [0x00000257f9390000, 0x00000257fb390000)
 Next Bits: [0x00000257f7390000, 0x00000257f9390000)

Polling page: 0x00000257f5590000

Metaspace:

Usage:
  Non-class:     95.85 MB used.
      Class:     15.52 MB used.
       Both:    111.38 MB used.

Virtual space:
  Non-class space:      128.00 MB reserved,      97.00 MB ( 76%) committed,  2 nodes.
      Class space:      416.00 MB reserved,      16.56 MB (  4%) committed,  1 nodes.
             Both:      544.00 MB reserved,     113.56 MB ( 21%) committed. 

Chunk freelists:
   Non-Class:  14.46 MB
       Class:  15.48 MB
        Both:  29.94 MB

MaxMetaspaceSize: 512.00 MB
CompressedClassSpaceSize: 416.00 MB
Initial GC threshold: 21.00 MB
Current GC threshold: 185.00 MB
CDS: on
MetaspaceReclaimPolicy: balanced
 - commit_granule_bytes: 65536.
 - commit_granule_words: 8192.
 - virtual_space_node_default_size: 8388608.
 - enlarge_chunks_in_place: 1.
 - new_chunks_are_fully_committed: 0.
 - uncommit_free_chunks: 1.
 - use_allocation_guard: 0.
 - handle_deallocations: 1.


Internal statistics:

num_allocs_failed_limit: 6.
num_arena_births: 3128.
num_arena_deaths: 0.
num_vsnodes_births: 3.
num_vsnodes_deaths: 0.
num_space_committed: 1816.
num_space_uncommitted: 0.
num_chunks_returned_to_freelist: 6.
num_chunks_taken_from_freelist: 8851.
num_chunk_merges: 6.
num_chunk_splits: 5499.
num_chunks_enlarged: 3165.
num_inconsistent_stats: 0.

CodeHeap 'non-profiled nmethods': size=119168Kb used=14076Kb max_used=14076Kb free=105091Kb
 bounds [0x0000025787ba0000, 0x0000025788960000, 0x000002578f000000]
CodeHeap 'profiled nmethods': size=119104Kb used=31908Kb max_used=32993Kb free=87195Kb
 bounds [0x0000025780000000, 0x0000025782050000, 0x0000025787450000]
CodeHeap 'non-nmethods': size=7488Kb used=2469Kb max_used=4207Kb free=5018Kb
 bounds [0x0000025787450000, 0x0000025787880000, 0x0000025787ba0000]
 total_blobs=17434 nmethods=16424 adapters=921
 compilation: enabled
              stopped_count=0, restarted_count=0
 full_count=0

Compilation events (20 events):
Event: 77.828 Thread 0x00000257fe7d6b30 20097       1       org.gradle.internal.service.DefaultServiceRegistry::asProvider (5 bytes)
Event: 77.831 Thread 0x00000257fe7d6b30 nmethod 20097 0x000002578895cd90 code [0x000002578895cf20, 0x000002578895cff8]
Event: 81.307 Thread 0x00000257fe7d2ff0 20101       4       org.gradle.api.internal.file.CompositeFileCollection$$Lambda$946/0x000002579060ee98::accept (12 bytes)
Event: 81.405 Thread 0x00000257fe7d2ff0 nmethod 20101 0x000002578895d090 code [0x000002578895d220, 0x000002578895d3b8]
Event: 81.621 Thread 0x00000257fe7d6b30 20102       3       org.gradle.internal.fingerprint.hashing.FileSystemLocationSnapshotHasher$1::appendConfigurationToHasher (14 bytes)
Event: 81.649 Thread 0x00000257fe7d6b30 nmethod 20102 0x000002578080de90 code [0x000002578080e120, 0x000002578080ee18]
Event: 81.796 Thread 0x00000257fe7d6b30 20103       3       org.gradle.api.internal.tasks.execution.ExecuteTaskBuildOperationDetails::getTask (8 bytes)
Event: 81.803 Thread 0x00000257fe7d6b30 nmethod 20103 0x0000025780eec390 code [0x0000025780eec520, 0x0000025780eec658]
Event: 81.803 Thread 0x00000257fe7d6b30 20104       1       org.gradle.api.internal.tasks.properties.DefaultTaskProperties::getInputFileProperties (5 bytes)
Event: 81.804 Thread 0x00000257fe7d6b30 nmethod 20104 0x000002578895d590 code [0x000002578895d720, 0x000002578895d7f8]
Event: 81.808 Thread 0x00000257fe7d2ff0 20105       4       java.util.concurrent.atomic.AtomicLong::compareAndSet (13 bytes)
Event: 81.809 Thread 0x00000257fe7d6b30 20106       3       org.gradle.internal.serialize.AbstractDecoder::readSmallInt (5 bytes)
Event: 81.810 Thread 0x00000257fe7d6b30 nmethod 20106 0x0000025781706710 code [0x00000257817068c0, 0x0000025781706a88]
Event: 81.811 Thread 0x00000257fe7d2ff0 nmethod 20105 0x000002578895d890 code [0x000002578895da00, 0x000002578895da98]
Event: 85.261 Thread 0x00000257fe7d2ff0 20107   !   4       java.util.concurrent.LinkedBlockingQueue::poll (128 bytes)
Event: 85.348 Thread 0x00000257fe7d2ff0 nmethod 20107 0x000002578895db90 code [0x000002578895dd80, 0x000002578895e630]
Event: 85.348 Thread 0x00000257fe7d2ff0 20108       4       org.gradle.launcher.daemon.server.exec.DaemonConnectionBackedEventConsumer$ForwardEvents::moreMessagesToSend (35 bytes)
Event: 85.352 Thread 0x00000257fe7d2ff0 nmethod 20108 0x000002578895ee10 code [0x000002578895ef80, 0x000002578895f038]
Event: 85.470 Thread 0x00000257fe7d6b30 20109       3       com.google.common.collect.ImmutableSortedMap::emptyMap (29 bytes)
Event: 85.480 Thread 0x00000257fe7d6b30 nmethod 20109 0x0000025780fc0690 code [0x0000025780fc08a0, 0x0000025780fc0f88]

GC Heap History (20 events):
Event: 26.879 GC heap before
{Heap before GC invocations=76 (full 0):
 garbage-first heap   total 335872K, used 299036K [0x0000000080000000, 0x0000000100000000)
  region size 1024K, 16 young (16384K), 2 survivors (2048K)
 Metaspace       used 111605K, committed 113664K, reserved 557056K
  class space    used 15592K, committed 16576K, reserved 425984K
}
Event: 26.881 GC heap after
{Heap after GC invocations=77 (full 0):
 garbage-first heap   total 335872K, used 287015K [0x0000000080000000, 0x0000000100000000)
  region size 1024K, 2 young (2048K), 2 survivors (2048K)
 Metaspace       used 111605K, committed 113664K, reserved 557056K
  class space    used 15592K, committed 16576K, reserved 425984K
}
Event: 27.028 GC heap before
{Heap before GC invocations=77 (full 0):
 garbage-first heap   total 335872K, used 300327K [0x0000000080000000, 0x0000000100000000)
  region size 1024K, 16 young (16384K), 2 survivors (2048K)
 Metaspace       used 111620K, committed 113664K, reserved 557056K
  class space    used 15593K, committed 16576K, reserved 425984K
}
Event: 27.031 GC heap after
{Heap after GC invocations=78 (full 0):
 garbage-first heap   total 335872K, used 290562K [0x0000000080000000, 0x0000000100000000)
  region size 1024K, 2 young (2048K), 2 survivors (2048K)
 Metaspace       used 111620K, committed 113664K, reserved 557056K
  class space    used 15593K, committed 16576K, reserved 425984K
}
Event: 27.076 GC heap before
{Heap before GC invocations=78 (full 0):
 garbage-first heap   total 335872K, used 303874K [0x0000000080000000, 0x0000000100000000)
  region size 1024K, 16 young (16384K), 2 survivors (2048K)
 Metaspace       used 111620K, committed 113664K, reserved 557056K
  class space    used 15593K, committed 16576K, reserved 425984K
}
Event: 27.079 GC heap after
{Heap after GC invocations=79 (full 0):
 garbage-first heap   total 335872K, used 293309K [0x0000000080000000, 0x0000000100000000)
  region size 1024K, 2 young (2048K), 2 survivors (2048K)
 Metaspace       used 111620K, committed 113664K, reserved 557056K
  class space    used 15593K, committed 16576K, reserved 425984K
}
Event: 27.122 GC heap before
{Heap before GC invocations=79 (full 0):
 garbage-first heap   total 335872K, used 306621K [0x0000000080000000, 0x0000000100000000)
  region size 1024K, 16 young (16384K), 2 survivors (2048K)
 Metaspace       used 111635K, committed 113664K, reserved 557056K
  class space    used 15596K, committed 16576K, reserved 425984K
}
Event: 27.124 GC heap after
{Heap after GC invocations=80 (full 0):
 garbage-first heap   total 335872K, used 295320K [0x0000000080000000, 0x0000000100000000)
  region size 1024K, 2 young (2048K), 2 survivors (2048K)
 Metaspace       used 111635K, committed 113664K, reserved 557056K
  class space    used 15596K, committed 16576K, reserved 425984K
}
Event: 27.170 GC heap before
{Heap before GC invocations=80 (full 0):
 garbage-first heap   total 335872K, used 308632K [0x0000000080000000, 0x0000000100000000)
  region size 1024K, 16 young (16384K), 2 survivors (2048K)
 Metaspace       used 111635K, committed 113664K, reserved 557056K
  class space    used 15596K, committed 16576K, reserved 425984K
}
Event: 27.174 GC heap after
{Heap after GC invocations=81 (full 0):
 garbage-first heap   total 335872K, used 297421K [0x0000000080000000, 0x0000000100000000)
  region size 1024K, 2 young (2048K), 2 survivors (2048K)
 Metaspace       used 111635K, committed 113664K, reserved 557056K
  class space    used 15596K, committed 16576K, reserved 425984K
}
Event: 27.231 GC heap before
{Heap before GC invocations=81 (full 0):
 garbage-first heap   total 335872K, used 310733K [0x0000000080000000, 0x0000000100000000)
  region size 1024K, 16 young (16384K), 2 survivors (2048K)
 Metaspace       used 111635K, committed 113664K, reserved 557056K
  class space    used 15596K, committed 16576K, reserved 425984K
}
Event: 27.233 GC heap after
{Heap after GC invocations=82 (full 0):
 garbage-first heap   total 335872K, used 299235K [0x0000000080000000, 0x0000000100000000)
  region size 1024K, 2 young (2048K), 2 survivors (2048K)
 Metaspace       used 111635K, committed 113664K, reserved 557056K
  class space    used 15596K, committed 16576K, reserved 425984K
}
Event: 27.294 GC heap before
{Heap before GC invocations=82 (full 0):
 garbage-first heap   total 514048K, used 312547K [0x0000000080000000, 0x0000000100000000)
  region size 1024K, 16 young (16384K), 2 survivors (2048K)
 Metaspace       used 111635K, committed 113664K, reserved 557056K
  class space    used 15596K, committed 16576K, reserved 425984K
}
Event: 27.299 GC heap after
{Heap after GC invocations=83 (full 0):
 garbage-first heap   total 738304K, used 301054K [0x0000000080000000, 0x0000000100000000)
  region size 1024K, 2 young (2048K), 2 survivors (2048K)
 Metaspace       used 111635K, committed 113664K, reserved 557056K
  class space    used 15596K, committed 16576K, reserved 425984K
}
Event: 28.607 GC heap before
{Heap before GC invocations=84 (full 0):
 garbage-first heap   total 738304K, used 572414K [0x0000000080000000, 0x0000000100000000)
  region size 1024K, 265 young (271360K), 2 survivors (2048K)
 Metaspace       used 111829K, committed 113920K, reserved 557056K
  class space    used 15626K, committed 16640K, reserved 425984K
}
Event: 28.628 GC heap after
{Heap after GC invocations=85 (full 0):
 garbage-first heap   total 738304K, used 319486K [0x0000000080000000, 0x0000000100000000)
  region size 1024K, 18 young (18432K), 18 survivors (18432K)
 Metaspace       used 111829K, committed 113920K, reserved 557056K
  class space    used 15626K, committed 16640K, reserved 425984K
}
Event: 28.721 GC heap before
{Heap before GC invocations=85 (full 0):
 garbage-first heap   total 738304K, used 336894K [0x0000000080000000, 0x0000000100000000)
  region size 1024K, 36 young (36864K), 18 survivors (18432K)
 Metaspace       used 111829K, committed 113920K, reserved 557056K
  class space    used 15626K, committed 16640K, reserved 425984K
}
Event: 28.822 GC heap after
{Heap after GC invocations=86 (full 0):
 garbage-first heap   total 738304K, used 285661K [0x0000000080000000, 0x0000000100000000)
  region size 1024K, 5 young (5120K), 5 survivors (5120K)
 Metaspace       used 111829K, committed 113920K, reserved 557056K
  class space    used 15626K, committed 16640K, reserved 425984K
}
Event: 45.142 GC heap before
{Heap before GC invocations=86 (full 0):
 garbage-first heap   total 738304K, used 586717K [0x0000000080000000, 0x0000000100000000)
  region size 1024K, 290 young (296960K), 5 survivors (5120K)
 Metaspace       used 113971K, committed 116224K, reserved 557056K
  class space    used 15885K, committed 16960K, reserved 425984K
}
Event: 45.166 GC heap after
{Heap after GC invocations=87 (full 0):
 garbage-first heap   total 738304K, used 316611K [0x0000000080000000, 0x0000000100000000)
  region size 1024K, 31 young (31744K), 31 survivors (31744K)
 Metaspace       used 113971K, committed 116224K, reserved 557056K
  class space    used 15885K, committed 16960K, reserved 425984K
}

Deoptimization events (20 events):
Event: 41.731 Thread 0x00000257b317f130 Uncommon trap: trap_request=0xffffff45 fr.pc=0x000002578892fb50 relative=0x0000000000001170
Event: 41.731 Thread 0x00000257b317f130 Uncommon trap: reason=unstable_if action=reinterpret pc=0x000002578892fb50 method=sun.nio.fs.WindowsPath.getPathForWin32Calls()Ljava/lang/String; @ 17 c2
Event: 41.731 Thread 0x00000257b317f130 DEOPT PACKING pc=0x000002578892fb50 sp=0x0000007aa43fad50
Event: 41.731 Thread 0x00000257b317f130 DEOPT UNPACKING pc=0x00000257874a23a3 sp=0x0000007aa43fa9d8 mode 2
Event: 41.732 Thread 0x00000257b317f130 Uncommon trap: trap_request=0xffffff45 fr.pc=0x0000025787e27e30 relative=0x0000000000000090
Event: 41.732 Thread 0x00000257b317f130 Uncommon trap: reason=unstable_if action=reinterpret pc=0x0000025787e27e30 method=sun.nio.fs.WindowsPath.getPathForWin32Calls()Ljava/lang/String; @ 17 c2
Event: 41.732 Thread 0x00000257b317f130 DEOPT PACKING pc=0x0000025787e27e30 sp=0x0000007aa43faa30
Event: 41.732 Thread 0x00000257b317f130 DEOPT UNPACKING pc=0x00000257874a23a3 sp=0x0000007aa43fa9a8 mode 2
Event: 41.732 Thread 0x00000257b317f130 Uncommon trap: trap_request=0xffffff45 fr.pc=0x0000025788934b3c relative=0x00000000000001dc
Event: 41.732 Thread 0x00000257b317f130 Uncommon trap: reason=unstable_if action=reinterpret pc=0x0000025788934b3c method=sun.nio.fs.WindowsPath.getPathForWin32Calls()Ljava/lang/String; @ 17 c2
Event: 41.732 Thread 0x00000257b317f130 DEOPT PACKING pc=0x0000025788934b3c sp=0x0000007aa43fab30
Event: 41.732 Thread 0x00000257b317f130 DEOPT UNPACKING pc=0x00000257874a23a3 sp=0x0000007aa43faa28 mode 2
Event: 67.059 Thread 0x00000257b3180060 Uncommon trap: trap_request=0xffffffc6 fr.pc=0x0000025787f2e800 relative=0x00000000000002c0
Event: 67.059 Thread 0x00000257b3180060 Uncommon trap: reason=bimorphic_or_optimized_type_check action=maybe_recompile pc=0x0000025787f2e800 method=org.gradle.internal.snapshot.ChildMapFactory.childMapFromSorted(Ljava/util/List;)Lorg/gradle/internal/snapshot/ChildMap; @ 1 c2
Event: 67.060 Thread 0x00000257b3180060 DEOPT PACKING pc=0x0000025787f2e800 sp=0x0000007aa49fdce0
Event: 67.061 Thread 0x00000257b3180060 DEOPT UNPACKING pc=0x00000257874a23a3 sp=0x0000007aa49fdca8 mode 2
Event: 85.968 Thread 0x00000257b317f130 Uncommon trap: trap_request=0x000000eb fr.pc=0x0000025788942c14 relative=0x0000000000001a94
Event: 85.969 Thread 0x00000257b317f130 Uncommon trap: reason=unloaded action=reinterpret pc=0x0000025788942c14 method=sun.nio.fs.WindowsFileSystemProvider.implDelete(Ljava/nio/file/Path;Z)Z @ 115 c2
Event: 85.970 Thread 0x00000257b317f130 DEOPT PACKING pc=0x0000025788942c14 sp=0x0000007aa43faf20
Event: 85.970 Thread 0x00000257b317f130 DEOPT UNPACKING pc=0x00000257874a23a3 sp=0x0000007aa43fad38 mode 2

Classes unloaded (0 events):
No events

Classes redefined (0 events):
No events

Internal exceptions (20 events):
Event: 30.644 Thread 0x00000257fe9107c0 Exception <a 'java/lang/IncompatibleClassChangeError'{0x000000009dfabc88}: Found class java.lang.Object, but interface was expected> (0x000000009dfabc88) 
thrown [s\open\src\hotspot\share\interpreter\linkResolver.cpp, line 826]
Event: 30.702 Thread 0x00000257fe9107c0 Exception <a 'java/lang/ClassNotFoundException'{0x000000009d627a50}: org/gradle/api/tasks/Delete_DecoratedBeanInfo> (0x000000009d627a50) 
thrown [s\open\src\hotspot\share\classfile\systemDictionary.cpp, line 256]
Event: 30.702 Thread 0x00000257fe9107c0 Exception <a 'java/lang/ClassNotFoundException'{0x000000009d633be8}: org/gradle/api/tasks/DeleteBeanInfo> (0x000000009d633be8) 
thrown [s\open\src\hotspot\share\classfile\systemDictionary.cpp, line 256]
Event: 30.702 Thread 0x00000257fe9107c0 Exception <a 'java/lang/ClassNotFoundException'{0x000000009d63fd48}: org/gradle/api/tasks/DeleteCustomizer> (0x000000009d63fd48) 
thrown [s\open\src\hotspot\share\classfile\systemDictionary.cpp, line 256]
Event: 30.703 Thread 0x00000257fe9107c0 Exception <a 'java/lang/ClassNotFoundException'{0x000000009d660310}: org/gradle/api/tasks/Delete_DecoratedCustomizer> (0x000000009d660310) 
thrown [s\open\src\hotspot\share\classfile\systemDictionary.cpp, line 256]
Event: 30.706 Thread 0x00000257fe9107c0 Exception <a 'java/lang/ClassNotFoundException'{0x000000009d6c09b8}: org/gradle/api/internal/model/DefaultObjectFactoryBeanInfo> (0x000000009d6c09b8) 
thrown [s\open\src\hotspot\share\classfile\systemDictionary.cpp, line 256]
Event: 30.706 Thread 0x00000257fe9107c0 Exception <a 'java/lang/ClassNotFoundException'{0x000000009d6cf778}: org/gradle/api/internal/model/DefaultObjectFactoryCustomizer> (0x000000009d6cf778) 
thrown [s\open\src\hotspot\share\classfile\systemDictionary.cpp, line 256]
Event: 30.721 Thread 0x00000257fe9107c0 Implicit null exception at 0x0000025788757390 to 0x0000025788757458
Event: 30.733 Thread 0x00000257fe9107c0 Exception <a 'java/lang/ClassNotFoundException'{0x000000009d3e3810}: com/android/build/gradle/tasks/ExternalNativeCleanTask_DecoratedBeanInfo> (0x000000009d3e3810) 
thrown [s\open\src\hotspot\share\classfile\systemDictionary.cpp, line 256]
Event: 30.734 Thread 0x00000257fe9107c0 Exception <a 'java/lang/ClassNotFoundException'{0x000000009d3f2760}: com/android/build/gradle/tasks/ExternalNativeCleanTaskBeanInfo> (0x000000009d3f2760) 
thrown [s\open\src\hotspot\share\classfile\systemDictionary.cpp, line 256]
Event: 30.734 Thread 0x00000257fe9107c0 Exception <a 'java/lang/ClassNotFoundException'{0x000000009d201db0}: com/android/build/gradle/internal/tasks/NonIncrementalTaskBeanInfo> (0x000000009d201db0) 
thrown [s\open\src\hotspot\share\classfile\systemDictionary.cpp, line 256]
Event: 30.734 Thread 0x00000257fe9107c0 Exception <a 'java/lang/ClassNotFoundException'{0x000000009d210f68}: com/android/build/gradle/internal/tasks/AndroidVariantTaskBeanInfo> (0x000000009d210f68) 
thrown [s\open\src\hotspot\share\classfile\systemDictionary.cpp, line 256]
Event: 30.734 Thread 0x00000257fe9107c0 Exception <a 'java/lang/ClassNotFoundException'{0x000000009d21fee8}: com/android/build/gradle/internal/tasks/BaseTaskBeanInfo> (0x000000009d21fee8) 
thrown [s\open\src\hotspot\share\classfile\systemDictionary.cpp, line 256]
Event: 30.735 Thread 0x00000257fe9107c0 Exception <a 'java/lang/ClassNotFoundException'{0x000000009d22ee88}: com/android/build/gradle/internal/tasks/BaseTaskCustomizer> (0x000000009d22ee88) 
thrown [s\open\src\hotspot\share\classfile\systemDictionary.cpp, line 256]
Event: 30.735 Thread 0x00000257fe9107c0 Exception <a 'java/lang/ClassNotFoundException'{0x000000009d24d578}: com/android/build/gradle/internal/tasks/AndroidVariantTaskCustomizer> (0x000000009d24d578) 
thrown [s\open\src\hotspot\share\classfile\systemDictionary.cpp, line 256]
Event: 30.736 Thread 0x00000257fe9107c0 Exception <a 'java/lang/ClassNotFoundException'{0x000000009d26b390}: com/android/build/gradle/internal/tasks/NonIncrementalTaskCustomizer> (0x000000009d26b390) 
thrown [s\open\src\hotspot\share\classfile\systemDictionary.cpp, line 256]
Event: 30.736 Thread 0x00000257fe9107c0 Exception <a 'java/lang/ClassNotFoundException'{0x000000009d288170}: com/android/build/gradle/tasks/ExternalNativeCleanTaskCustomizer> (0x000000009d288170) 
thrown [s\open\src\hotspot\share\classfile\systemDictionary.cpp, line 256]
Event: 30.737 Thread 0x00000257fe9107c0 Exception <a 'java/lang/ClassNotFoundException'{0x000000009d2aa4a8}: com/android/build/gradle/tasks/ExternalNativeCleanTask_DecoratedCustomizer> (0x000000009d2aa4a8) 
thrown [s\open\src\hotspot\share\classfile\systemDictionary.cpp, line 256]
Event: 30.739 Thread 0x00000257fe9107c0 Exception <a 'java/lang/IncompatibleClassChangeError'{0x000000009d2f4500}: Found class java.lang.Object, but interface was expected> (0x000000009d2f4500) 
thrown [s\open\src\hotspot\share\interpreter\linkResolver.cpp, line 826]
Event: 85.967 Thread 0x00000257b317f130 Exception <a 'sun/nio/fs/WindowsException'{0x00000000a95820d0}> (0x00000000a95820d0) 
thrown [s\open\src\hotspot\share\prims\jni.cpp, line 516]

VM Operations (20 events):
Event: 58.318 Executing VM operation: Cleanup done
Event: 60.167 Executing VM operation: HandshakeAllThreads
Event: 60.168 Executing VM operation: HandshakeAllThreads done
Event: 62.182 Executing VM operation: Cleanup
Event: 62.182 Executing VM operation: Cleanup done
Event: 66.215 Executing VM operation: Cleanup
Event: 66.215 Executing VM operation: Cleanup done
Event: 67.218 Executing VM operation: Cleanup
Event: 67.218 Executing VM operation: Cleanup done
Event: 72.263 Executing VM operation: Cleanup
Event: 72.264 Executing VM operation: Cleanup done
Event: 75.293 Executing VM operation: Cleanup
Event: 75.295 Executing VM operation: Cleanup done
Event: 78.317 Executing VM operation: Cleanup
Event: 78.318 Executing VM operation: Cleanup done
Event: 81.347 Executing VM operation: Cleanup
Event: 81.363 Executing VM operation: Cleanup done
Event: 85.393 Executing VM operation: Cleanup
Event: 85.393 Executing VM operation: Cleanup done
Event: 85.982 Executing VM operation: G1CollectFull

Events (20 events):
Event: 30.605 loading class java/io/OutputStreamCustomizer
Event: 30.605 loading class java/io/OutputStreamCustomizer done
Event: 30.605 loading class java/io/FilterOutputStreamCustomizer
Event: 30.605 loading class java/io/FilterOutputStreamCustomizer done
Event: 30.605 loading class java/io/FilterOutputStreamCustomizer
Event: 30.606 loading class java/io/FilterOutputStreamCustomizer done
Event: 30.606 loading class java/io/PrintStreamCustomizer
Event: 30.606 loading class java/io/PrintStreamCustomizer done
Event: 30.606 loading class java/io/PrintStreamCustomizer
Event: 30.606 loading class java/io/PrintStreamCustomizer done
Event: 30.752 Thread 0x00000257bc95afa0 Thread added: 0x00000257bc95afa0
Event: 30.932 Thread 0x00000257b9c8f210 Thread exited: 0x00000257b9c8f210
Event: 32.107 loading class java/time/Instant$1
Event: 32.107 loading class java/time/Instant$1 done
Event: 32.108 Thread 0x00000257b9c90750 Thread exited: 0x00000257b9c90750
Event: 32.961 Thread 0x00000257b9c8ecc0 Thread exited: 0x00000257b9c8ecc0
Event: 69.671 Thread 0x00000257b30fd480 Thread exited: 0x00000257b30fd480
Event: 69.671 Thread 0x00000257b30fd990 Thread exited: 0x00000257b30fd990
Event: 69.672 Thread 0x00000257b30fc550 Thread exited: 0x00000257b30fc550
Event: 69.708 Thread 0x00000257b1ec6570 Thread exited: 0x00000257b1ec6570


Dynamic libraries:
0x00007ff733900000 - 0x00007ff733910000 	C:\Program Files\Java\jdk-17\bin\java.exe
0x00007ff961580000 - 0x00007ff9617e7000 	C:\WINDOWS\SYSTEM32\ntdll.dll
0x00007ff960eb0000 - 0x00007ff960f79000 	C:\WINDOWS\System32\KERNEL32.DLL
0x00007ff95ee60000 - 0x00007ff95f254000 	C:\WINDOWS\System32\KERNELBASE.dll
0x00007ff95ed10000 - 0x00007ff95ee5b000 	C:\WINDOWS\System32\ucrtbase.dll
0x00007ff94fe60000 - 0x00007ff94fe7b000 	C:\Program Files\Java\jdk-17\bin\VCRUNTIME140.dll
0x00007ff94fc90000 - 0x00007ff94fca9000 	C:\Program Files\Java\jdk-17\bin\jli.dll
0x00007ff95fd10000 - 0x00007ff95fdc6000 	C:\WINDOWS\System32\ADVAPI32.dll
0x00007ff95f510000 - 0x00007ff95f5b9000 	C:\WINDOWS\System32\msvcrt.dll
0x00007ff9612f0000 - 0x00007ff961397000 	C:\WINDOWS\System32\sechost.dll
0x00007ff95ffd0000 - 0x00007ff9600e8000 	C:\WINDOWS\System32\RPCRT4.dll
0x00007ff95f7b0000 - 0x00007ff95f975000 	C:\WINDOWS\System32\USER32.dll
0x00007ff95ece0000 - 0x00007ff95ed07000 	C:\WINDOWS\System32\win32u.dll
0x00007ff960580000 - 0x00007ff9605ab000 	C:\WINDOWS\System32\GDI32.dll
0x00007ff95ebb0000 - 0x00007ff95ecdb000 	C:\WINDOWS\System32\gdi32full.dll
0x00007ff93a180000 - 0x00007ff93a413000 	C:\WINDOWS\WinSxS\amd64_microsoft.windows.common-controls_6595b64144ccf1df_6.0.26100.8115_none_3e075c82e3354f9c\COMCTL32.dll
0x00007ff95f260000 - 0x00007ff95f303000 	C:\WINDOWS\System32\msvcp_win.dll
0x00007ff956fe0000 - 0x00007ff956feb000 	C:\WINDOWS\SYSTEM32\VERSION.dll
0x00007ff9613a0000 - 0x00007ff9613d2000 	C:\WINDOWS\System32\IMM32.DLL
0x00007ff952640000 - 0x00007ff95264c000 	C:\Program Files\Java\jdk-17\bin\vcruntime140_1.dll
0x00007ff919440000 - 0x00007ff9194ce000 	C:\Program Files\Java\jdk-17\bin\msvcp140.dll
0x00007ff8b36b0000 - 0x00007ff8b4291000 	C:\Program Files\Java\jdk-17\bin\server\jvm.dll
0x00007ff960f80000 - 0x00007ff960f88000 	C:\WINDOWS\System32\PSAPI.DLL
0x00007ff948a80000 - 0x00007ff948ab6000 	C:\WINDOWS\SYSTEM32\WINMM.dll
0x00007ff92bae0000 - 0x00007ff92baea000 	C:\WINDOWS\SYSTEM32\WSOCK32.dll
0x00007ff9614b0000 - 0x00007ff961530000 	C:\WINDOWS\System32\WS2_32.dll
0x00007ff95cb10000 - 0x00007ff95cb2b000 	C:\WINDOWS\SYSTEM32\kernel.appcore.dll
0x00007ff950240000 - 0x00007ff95024a000 	C:\Program Files\Java\jdk-17\bin\jimage.dll
0x00007ff95be10000 - 0x00007ff95c052000 	C:\WINDOWS\SYSTEM32\DBGHELP.DLL
0x00007ff95f980000 - 0x00007ff95fd02000 	C:\WINDOWS\System32\combase.dll
0x00007ff9605b0000 - 0x00007ff960688000 	C:\WINDOWS\System32\OLEAUT32.dll
0x00007ff932a30000 - 0x00007ff932a6b000 	C:\WINDOWS\SYSTEM32\dbgcore.DLL
0x00007ff95e750000 - 0x00007ff95e7f5000 	C:\WINDOWS\System32\bcryptPrimitives.dll
0x00007ff9214f0000 - 0x00007ff9214fe000 	C:\Program Files\Java\jdk-17\bin\instrument.dll
0x00007ff94fab0000 - 0x00007ff94fad5000 	C:\Program Files\Java\jdk-17\bin\java.dll
0x00007ff9159d0000 - 0x00007ff915aa7000 	C:\Program Files\Java\jdk-17\bin\jsvml.dll
0x00007ff960740000 - 0x00007ff960ea7000 	C:\WINDOWS\System32\SHELL32.dll
0x00007ff95e800000 - 0x00007ff95e96a000 	C:\WINDOWS\System32\wintypes.dll
0x00007ff95dee0000 - 0x00007ff95e748000 	C:\WINDOWS\System32\windows.storage.dll
0x00007ff95f410000 - 0x00007ff95f508000 	C:\WINDOWS\System32\SHCORE.dll
0x00007ff961280000 - 0x00007ff9612e6000 	C:\WINDOWS\System32\shlwapi.dll
0x00007ff95dd70000 - 0x00007ff95dd99000 	C:\WINDOWS\SYSTEM32\profapi.dll
0x00007ff921fe0000 - 0x00007ff921ff8000 	C:\Program Files\Java\jdk-17\bin\zip.dll
0x00007ff94fb90000 - 0x00007ff94fba9000 	C:\Program Files\Java\jdk-17\bin\net.dll
0x00007ff956e80000 - 0x00007ff956fad000 	C:\WINDOWS\SYSTEM32\WINHTTP.dll
0x00007ff95d130000 - 0x00007ff95d19c000 	C:\WINDOWS\system32\mswsock.dll
0x00007ff93fd30000 - 0x00007ff93fd46000 	C:\Program Files\Java\jdk-17\bin\nio.dll
0x00007ff921fd0000 - 0x00007ff921fe0000 	C:\Program Files\Java\jdk-17\bin\verify.dll
0x00007ff8a37d0000 - 0x00007ff8a37f7000 	C:\Users\jibri\.gradle\native\1def1411415f61bf3af743bc5b6707747c0891f09f0c88961ee8f79bc544acac\windows-amd64\native-platform.dll
0x00007ff8a3750000 - 0x00007ff8a37c7000 	C:\Users\jibri\.gradle\native\0.2.8\x86_64-windows-gnu\gradle-fileevents.dll
0x00007ff952650000 - 0x00007ff95265a000 	C:\Program Files\Java\jdk-17\bin\management.dll
0x00007ff94fc40000 - 0x00007ff94fc4b000 	C:\Program Files\Java\jdk-17\bin\management_ext.dll
0x00007ff95c580000 - 0x00007ff95c5b2000 	C:\WINDOWS\SYSTEM32\IPHLPAPI.DLL
0x00007ff95ffc0000 - 0x00007ff95ffca000 	C:\WINDOWS\System32\NSI.dll
0x00007ff957020000 - 0x00007ff95703d000 	C:\WINDOWS\SYSTEM32\dhcpcsvc6.DLL
0x00007ff956ff0000 - 0x00007ff957015000 	C:\WINDOWS\SYSTEM32\dhcpcsvc.DLL
0x00007ff95c670000 - 0x00007ff95c7a2000 	C:\WINDOWS\SYSTEM32\DNSAPI.dll
0x00007ff95d430000 - 0x00007ff95d44b000 	C:\WINDOWS\SYSTEM32\CRYPTSP.dll
0x00007ff95cb30000 - 0x00007ff95cb69000 	C:\WINDOWS\system32\rsaenh.dll
0x00007ff95d200000 - 0x00007ff95d233000 	C:\WINDOWS\SYSTEM32\USERENV.dll
0x00007ff95dd40000 - 0x00007ff95dd6a000 	C:\WINDOWS\SYSTEM32\bcrypt.dll
0x00007ff95d450000 - 0x00007ff95d45c000 	C:\WINDOWS\SYSTEM32\CRYPTBASE.dll
0x00007ff91bbf0000 - 0x00007ff91bbfe000 	C:\Program Files\Java\jdk-17\bin\sunmscapi.dll
0x00007ff95e970000 - 0x00007ff95eae7000 	C:\WINDOWS\System32\CRYPT32.dll
0x00007ff95d650000 - 0x00007ff95d680000 	C:\WINDOWS\SYSTEM32\ncrypt.dll
0x00007ff95d600000 - 0x00007ff95d63f000 	C:\WINDOWS\SYSTEM32\NTASN1.dll
0x00007ff9329b0000 - 0x00007ff9329b8000 	C:\WINDOWS\system32\wshunix.dll

dbghelp: loaded successfully - version: 4.0.5 - missing functions: none
symbol engine: initialized successfully - sym options: 0x614 - pdb path: .;C:\Program Files\Java\jdk-17\bin;C:\WINDOWS\SYSTEM32;C:\WINDOWS\WinSxS\amd64_microsoft.windows.common-controls_6595b64144ccf1df_6.0.26100.8115_none_3e075c82e3354f9c;C:\Program Files\Java\jdk-17\bin\server;C:\Users\jibri\.gradle\native\1def1411415f61bf3af743bc5b6707747c0891f09f0c88961ee8f79bc544acac\windows-amd64;C:\Users\jibri\.gradle\native\0.2.8\x86_64-windows-gnu

VM Arguments:
jvm_args: --add-opens=java.base/java.lang=ALL-UNNAMED --add-opens=java.base/java.lang.invoke=ALL-UNNAMED --add-opens=java.base/java.util=ALL-UNNAMED --add-opens=java.prefs/java.util.prefs=ALL-UNNAMED --add-exports=jdk.compiler/com.sun.tools.javac.api=ALL-UNNAMED --add-exports=jdk.compiler/com.sun.tools.javac.util=ALL-UNNAMED --add-opens=java.base/java.util=ALL-UNNAMED --add-opens=java.prefs/java.util.prefs=ALL-UNNAMED --add-opens=java.base/java.nio.charset=ALL-UNNAMED --add-opens=java.base/java.net=ALL-UNNAMED --add-opens=java.base/java.util.concurrent=ALL-UNNAMED --add-opens=java.base/java.util.concurrent.atomic=ALL-UNNAMED --add-opens=java.xml/javax.xml.namespace=ALL-UNNAMED -XX:MaxMetaspaceSize=512m -Xmx2048m -Dfile.encoding=windows-1252 -Duser.country=PH -Duser.language=en -Duser.variant -javaagent:C:\Users\jibri\.gradle\wrapper\dists\gradle-9.0.0-bin\d6wjpkvcgsg3oed0qlfss3wgl\gradle-9.0.0\lib\agents\gradle-instrumentation-agent-9.0.0.jar 
java_command: org.gradle.launcher.daemon.bootstrap.GradleDaemon 9.0.0
java_class_path (initial): C:\Users\jibri\.gradle\wrapper\dists\gradle-9.0.0-bin\d6wjpkvcgsg3oed0qlfss3wgl\gradle-9.0.0\lib\gradle-daemon-main-9.0.0.jar
Launcher Type: SUN_STANDARD

[Global flags]
     intx CICompilerCount                          = 12                                        {product} {ergonomic}
   size_t CompressedClassSpaceSize                 = 436207616                                 {product} {ergonomic}
     uint ConcGCThreads                            = 4                                         {product} {ergonomic}
     uint G1ConcRefinementThreads                  = 15                                        {product} {ergonomic}
   size_t G1HeapRegionSize                         = 1048576                                   {product} {ergonomic}
    uintx GCDrainStackTargetSize                   = 64                                        {product} {ergonomic}
   size_t InitialHeapSize                          = 130023424                                 {product} {ergonomic}
   size_t MarkStackSize                            = 4194304                                   {product} {ergonomic}
   size_t MaxHeapSize                              = 2147483648                                {product} {command line}
   size_t MaxMetaspaceSize                         = 536870912                                 {product} {command line}
   size_t MaxNewSize                               = 1287651328                                {product} {ergonomic}
   size_t MinHeapDeltaBytes                        = 1048576                                   {product} {ergonomic}
   size_t MinHeapSize                              = 8388608                                   {product} {ergonomic}
    uintx NonNMethodCodeHeapSize                   = 7602480                                {pd product} {ergonomic}
    uintx NonProfiledCodeHeapSize                  = 122027880                              {pd product} {ergonomic}
    uintx ProfiledCodeHeapSize                     = 122027880                              {pd product} {ergonomic}
    uintx ReservedCodeCacheSize                    = 251658240                              {pd product} {ergonomic}
     bool SegmentedCodeCache                       = true                                      {product} {ergonomic}
   size_t SoftMaxHeapSize                          = 2147483648                             {manageable} {ergonomic}
     bool UseCompressedClassPointers               = true                           {product lp64_product} {ergonomic}
     bool UseCompressedOops                        = true                           {product lp64_product} {ergonomic}
     bool UseG1GC                                  = true                                      {product} {ergonomic}
     bool UseLargePagesIndividualAllocation        = false                                  {pd product} {ergonomic}

Logging:
Log output configuration:
 #0: stdout all=warning uptime,level,tags
 #1: stderr all=off uptime,level,tags

Environment Variables:
JAVA_HOME=C:\Program Files\Java\jdk-17
PATH=C:\Users\jibri\bin;C:\Program Files\Git\mingw64\bin;C:\Program Files\Git\usr\local\bin;C:\Program Files\Git\usr\bin;C:\Program Files\Git\usr\bin;C:\Program Files\Git\mingw64\bin;C:\Program Files\Git\usr\bin;C:\Users\jibri\bin;C:\Program Files\Microsoft\jdk-17.0.16.8-hotspot\bin;C:\ProgramData\Oracle\Java\javapath;C:\Program Files\NVIDIA GPU Computing Toolkit\CUDA\v12.8\bin;C:\Program Files\NVIDIA GPU Computing Toolkit\CUDA\v12.8\libnvvp;C:\Program Files\Common Files\Oracle\Java\javapath;C:\PHP\phpoldversion;C:\Windows\system32;C:\Windows;C:\Windows\System32\Wbem;C:\Windows\System32\WindowsPowerShell\v1.0;C:\Windows\System32\OpenSSH;C:\Program Files (x86)\NVIDIA Corporation\PhysX\Common;C:\Program Files\Microsoft SQL Server\150\Tools\Binn;C:\Program Files\Microsoft SQL Server\Client SDK\ODBC\170\Tools\Binn;C:\ProgramData\ComposerSetup\bin;C:\Users\jibri\.config\herd\bin\nvm;C:\Program Files\nodejs;C:\Program Files\Java\jdk-17\bin;C:\xampp\php;C:\WINDOWS\system32;C:\WINDOWS;C:\WINDOWS\System32\Wbem;C:\WINDOWS\System32\WindowsPowerShell\v1.0;C:\WINDOWS\System32\OpenSSH;C:\Program Files\nodejs;C:\Program Files\Git\cmd;C:\Program Files\Git\usr\bin;C:\Users\jibri\AppData\Local\Pub\Cache\bin;C:\Program Files\NVIDIA Corporation\NVIDIA app\NvDLISR;C:\Program Files\heroku\bin;C:\Program Files\NVIDIA Corporation\Nsight Compute 2025.1.1;C:\ProgramData\chocolatey\bin;C:\Users\jibri\AppData\Local\Programs\Python\Python310\Scripts;C:\Program Files\dotnet;C:\Program Files (x86)\Windows Kits\10\Windows Performance Toolkit;C:\Users\jibri\AppData\Local\Android\Sdk\platform-tools;C:\Program Files\Docker\Docker\resources\bin;C:\Program Files\MySQL\MySQL Shell 8.0\bin;C:\Users\jibri\AppData\Local\Programs\Python\Python310\Scripts;C:\Users\jibri\AppData\Local\Programs\Python\Python310;C:\Users\jibri\.config\herd\bin;C:\Users\jibri\AppData\Local\Microsoft\WindowsApps;C:\Users\jibri\AppData\Local\Programs\Microsoft VS Code\bin;C:\Users\jibri\AppData\Roaming\Composer\vendor\bin;C:\flutter\
USERNAME=jibri
SHELL=C:\Program Files\Git\usr\bin\bash.exe
DISPLAY=needs-to-be-defined
LANG=en_US.UTF-8
OS=Windows_NT
PROCESSOR_IDENTIFIER=Intel64 Family 6 Model 191 Stepping 2, GenuineIntel



---------------  S Y S T E M  ---------------

OS:
 Windows 11 , 64 bit Build 26100 (10.0.26100.8246)
OS uptime: 0 days 3:09 hours
Hyper-V role detected

CPU: total 20 (initial active 20) (10 cores per cpu, 2 threads per core) family 6 model 191 stepping 2 microcode 0x2c, cx8, cmov, fxsr, ht, mmx, 3dnowpref, sse, sse2, sse3, ssse3, sse4.1, sse4.2, popcnt, lzcnt, tsc, tscinvbit, avx, avx2, aes, erms, clmul, bmi1, bmi2, adx, sha, fma, vzeroupper, clflush, clflushopt, clwb, hv

Memory: 4k page, system-wide physical 7911M (1292M free)
TotalPageFile size 32487M (AvailPageFile size 12M)
current process WorkingSet (physical memory assigned to process): 75M, peak: 733M
current process commit charge ("private bytes"): 1171M, peak: 1208M

vm_info: Java HotSpot(TM) 64-Bit Server VM (17.0.14+8-LTS-191) for windows-amd64 JRE (17.0.14+8-LTS-191), built on Dec  3 2024 11:07:59 by "mach5one" with MS VC++ 17.6 (VS2022)

END.
