#
# There is insufficient memory for the Java Runtime Environment to continue.
# Native memory allocation (malloc) failed to allocate 1431856 bytes for Chunk::new
# Possible reasons:
#   The system is out of physical RAM or swap space
#   The process is running with CompressedOops enabled, and the Java Heap may be blocking the growth of the native heap
# Possible solutions:
#   Reduce memory load on the system
#   Increase physical memory or swap space
#   Check if swap backing store is full
#   Decrease Java heap size (-Xmx/-Xms)
#   Decrease number of Java threads
#   Decrease Java thread stack sizes (-Xss)
#   Set larger code cache with -XX:ReservedCodeCacheSize=
#   JVM is running with Unscaled Compressed Oops mode in which the Java heap is
#     placed in the first 4GB address space. The Java Heap base address is the
#     maximum limit for the native heap growth. Please use -XX:HeapBaseMinAddress
#     to set the Java Heap base and to place the Java Heap above 4GB virtual address.
# This output file may be truncated or incomplete.
#
#  Out of Memory Error (arena.cpp:189), pid=32708, tid=33968
#
# JRE version: Java(TM) SE Runtime Environment (17.0.14+8) (build 17.0.14+8-LTS-191)
# Java VM: Java HotSpot(TM) 64-Bit Server VM (17.0.14+8-LTS-191, mixed mode, sharing, tiered, compressed oops, compressed class ptrs, g1 gc, windows-amd64)
# No core dump will be written. Minidumps are not enabled by default on client versions of Windows
#

---------------  S U M M A R Y ------------

Command Line: --add-opens=java.base/java.lang=ALL-UNNAMED --add-opens=java.base/java.lang.invoke=ALL-UNNAMED --add-opens=java.base/java.util=ALL-UNNAMED --add-opens=java.prefs/java.util.prefs=ALL-UNNAMED --add-exports=jdk.compiler/com.sun.tools.javac.api=ALL-UNNAMED --add-exports=jdk.compiler/com.sun.tools.javac.util=ALL-UNNAMED --add-opens=java.base/java.util=ALL-UNNAMED --add-opens=java.prefs/java.util.prefs=ALL-UNNAMED --add-opens=java.base/java.nio.charset=ALL-UNNAMED --add-opens=java.base/java.net=ALL-UNNAMED --add-opens=java.base/java.util.concurrent=ALL-UNNAMED --add-opens=java.base/java.util.concurrent.atomic=ALL-UNNAMED --add-opens=java.xml/javax.xml.namespace=ALL-UNNAMED -XX:MaxMetaspaceSize=512m -Xmx2048m -Dfile.encoding=windows-1252 -Duser.country=PH -Duser.language=en -Duser.variant -javaagent:C:\Users\jibri\.gradle\wrapper\dists\gradle-9.0.0-bin\d6wjpkvcgsg3oed0qlfss3wgl\gradle-9.0.0\lib\agents\gradle-instrumentation-agent-9.0.0.jar org.gradle.launcher.daemon.bootstrap.GradleDaemon 9.0.0

Host: 13th Gen Intel(R) Core(TM) i5-13500HX, 20 cores, 7G,  Windows 11 , 64 bit Build 26100 (10.0.26100.7705)
Time: Tue Mar  3 12:35:14 2026 Malay Peninsula Standard Time elapsed time: 70.058280 seconds (0d 0h 1m 10s)

---------------  T H R E A D  ---------------

Current thread (0x0000029b7e01b5e0):  JavaThread "C2 CompilerThread2" daemon [_thread_in_native, id=33968, stack(0x000000e33b900000,0x000000e33ba00000)]


Current CompileTask:
C2:  70059 18152       4       org.gradle.internal.vfs.impl.DefaultFileSystemAccess$$Lambda$537/0x0000029b0148dfe0::get (12 bytes)

Stack: [0x000000e33b900000,0x000000e33ba00000]
Native frames: (J=compiled Java code, j=interpreted, Vv=VM code, C=native code)
V  [jvm.dll+0x67a38a]
V  [jvm.dll+0x7da7ed]
V  [jvm.dll+0x7dc133]
V  [jvm.dll+0x7dc7a3]
V  [jvm.dll+0x24517f]
V  [jvm.dll+0xab773]
V  [jvm.dll+0xabd3c]
V  [jvm.dll+0x361dff]
V  [jvm.dll+0x32c521]
V  [jvm.dll+0x32b9ba]
V  [jvm.dll+0x21693f]
V  [jvm.dll+0x215d6f]
V  [jvm.dll+0x1a2950]
V  [jvm.dll+0x22620b]
V  [jvm.dll+0x2243ab]
V  [jvm.dll+0x790bbc]
V  [jvm.dll+0x78b04a]
V  [jvm.dll+0x679275]
C  [ucrtbase.dll+0x37b0]
C  [KERNEL32.DLL+0x2e8d7]
C  [ntdll.dll+0x8c40c]


---------------  P R O C E S S  ---------------

Threads class SMR info:
_java_thread_list=0x0000029b7a6b0020, length=306, elements={
0x0000029b50a649d0, 0x0000029b70ad6a60, 0x0000029b719c54a0, 0x0000029b719d47f0,
0x0000029b719d50c0, 0x0000029b719d5990, 0x0000029b719d8270, 0x0000029b719e2e90,
0x0000029b719f6cb0, 0x0000029b719f95d0, 0x0000029b70ac5170, 0x0000029b71cbe6b0,
0x0000029b7751ff50, 0x0000029b71d55380, 0x0000029b7786fcf0, 0x0000029b783c5650,
0x0000029b783c5b30, 0x0000029b786bb9b0, 0x0000029b786ba570, 0x0000029b786bc3d0,
0x0000029b786bd300, 0x0000029b786bc8e0, 0x0000029b786bbec0, 0x0000029b786bcdf0,
0x0000029b786bb4a0, 0x0000029b786bd810, 0x0000029b786ba060, 0x0000029b786baa80,
0x0000029b786baf90, 0x0000029b79a96230, 0x0000029b79a94df0, 0x0000029b79a93ec0,
0x0000029b79a934a0, 0x0000029b79a92f90, 0x0000029b79a95300, 0x0000029b79a939b0,
0x0000029b79a98090, 0x0000029b79a96c50, 0x0000029b79a95810, 0x0000029b79a97160,
0x0000029b79a96740, 0x0000029b79a95d20, 0x0000029b79a97670, 0x0000029b79a97b80,
0x0000029b79a948e0, 0x0000029b79a985a0, 0x0000029b79a99ef0, 0x0000029b79a98ab0,
0x0000029b79a9a400, 0x0000029b79a9a910, 0x0000029b79a98fc0, 0x0000029b79a994d0,
0x0000029b79a999e0, 0x0000029b796eab10, 0x0000029b796e87a0, 0x0000029b796e9be0,
0x0000029b796eb020, 0x0000029b796eb530, 0x0000029b796e8290, 0x0000029b796e96d0,
0x0000029b796e8cb0, 0x0000029b796ea600, 0x0000029b796ea0f0, 0x0000029b796e7d80,
0x0000029b796ebf50, 0x0000029b796eba40, 0x0000029b796ec460, 0x0000029b796ec970,
0x0000029b796e91c0, 0x0000029b796ece80, 0x0000029b796ed390, 0x0000029b796ee2c0,
0x0000029b796ed8a0, 0x0000029b796ef1f0, 0x0000029b796eece0, 0x0000029b796eddb0,
0x0000029b796ee7d0, 0x0000029b796ef700, 0x0000029b79315140, 0x0000029b79315b60,
0x0000029b79315650, 0x0000029b79316fa0, 0x0000029b79314c30, 0x0000029b793174b0,
0x0000029b79316070, 0x0000029b79316580, 0x0000029b79313d00, 0x0000029b79314210,
0x0000029b79316a90, 0x0000029b793179c0, 0x0000029b79317ed0, 0x0000029b79314720,
0x0000029b7931ac60, 0x0000029b793188f0, 0x0000029b7931b170, 0x0000029b7931a240,
0x0000029b7931b680, 0x0000029b7931a750, 0x0000029b793183e0, 0x0000029b79319310,
0x0000029b79319d30, 0x0000029b7c30ef90, 0x0000029b7c30f9b0, 0x0000029b7c30f4a0,
0x0000029b7c310df0, 0x0000029b7c311300, 0x0000029b7c30e570, 0x0000029b7c311810,
0x0000029b7c312230, 0x0000029b7c30ea80, 0x0000029b7c313670, 0x0000029b7c314ab0,
0x0000029b7c314090, 0x0000029b7c313b80, 0x0000029b7c312c50, 0x0000029b7c313160,
0x0000029b7c314fc0, 0x0000029b7c3154d0, 0x0000029b7c3145a0, 0x0000029b7c3159e0,
0x0000029b7c312740, 0x0000029b7b190af0, 0x0000029b7b192950, 0x0000029b7b191000,
0x0000029b7b1905e0, 0x0000029b7b193370, 0x0000029b7b192440, 0x0000029b7b192e60,
0x0000029b7b193880, 0x0000029b7b1900d0, 0x0000029b7b193d90, 0x0000029b7b191510,
0x0000029b7b1942a0, 0x0000029b7b1947b0, 0x0000029b7b1956e0, 0x0000029b7b194cc0,
0x0000029b7b1951d0, 0x0000029b7b191f30, 0x0000029b7b197a50, 0x0000029b7b195bf0,
0x0000029b7b197540, 0x0000029b7b196100, 0x0000029b7b196610, 0x0000029b7b196b20,
0x0000029b7b197030, 0x0000029b794dd810, 0x0000029b794dc3d0, 0x0000029b794dc8e0,
0x0000029b794dcdf0, 0x0000029b794daf90, 0x0000029b794dd300, 0x0000029b794da570,
0x0000029b794db9b0, 0x0000029b794de230, 0x0000029b794da060, 0x0000029b794dbec0,
0x0000029b794dec50, 0x0000029b794ddd20, 0x0000029b794daa80, 0x0000029b794e0fc0,
0x0000029b794df160, 0x0000029b794e14d0, 0x0000029b794e0ab0, 0x0000029b794de740,
0x0000029b794df670, 0x0000029b794e19e0, 0x0000029b794dfb80, 0x0000029b794e0090,
0x0000029b794e05a0, 0x0000029b7755bb50, 0x0000029b775583a0, 0x0000029b7755c060,
0x0000029b775597e0, 0x0000029b7755a200, 0x0000029b7755ac20, 0x0000029b7755b130,
0x0000029b7755a710, 0x0000029b7755b640, 0x0000029b775588b0, 0x0000029b7755c570,
0x0000029b77558dc0, 0x0000029b7755ca80, 0x0000029b775592d0, 0x0000029b7755cf90,
0x0000029b7755d4a0, 0x0000029b77559cf0, 0x0000029b7755f300, 0x0000029b7755d9b0,
0x0000029b7755f810, 0x0000029b7755dec0, 0x0000029b7755e3d0, 0x0000029b7755e8e0,
0x0000029b7755fd20, 0x0000029b7755edf0, 0x0000029b71b4c810, 0x0000029b71b49570,
0x0000029b71b49a80, 0x0000029b71b4b8e0, 0x0000029b71b4a4a0, 0x0000029b71b4bdf0,
0x0000029b71b49f90, 0x0000029b71b4a9b0, 0x0000029b71b4b3d0, 0x0000029b71b4c300,
0x0000029b71b4aec0, 0x0000029b71b49060, 0x0000029b71b4dc50, 0x0000029b71b4e160,
0x0000029b71b4eb80, 0x0000029b71b4f090, 0x0000029b71b504d0, 0x0000029b71b4f5a0,
0x0000029b71b4ffc0, 0x0000029b71b4fab0, 0x0000029b71b4d740, 0x0000029b71b4e670,
0x0000029b71b4cd20, 0x0000029b71b509e0, 0x0000029b71b4d230, 0x0000029b77c16830,
0x0000029b77c17c70, 0x0000029b77c18690, 0x0000029b77c195c0, 0x0000029b77c17760,
0x0000029b77c1a4f0, 0x0000029b77c16d40, 0x0000029b77c17250, 0x0000029b77c190b0,
0x0000029b77c1aa00, 0x0000029b77c18ba0, 0x0000029b77c1af10, 0x0000029b77c1b420,
0x0000029b77c1b930, 0x0000029b77c18180, 0x0000029b77c1ebd0, 0x0000029b77c1be40,
0x0000029b77c1e6c0, 0x0000029b77c1fb00, 0x0000029b77c1c350, 0x0000029b77c20010,
0x0000029b77c20520, 0x0000029b77c1cd70, 0x0000029b77c1d790, 0x0000029b77c1e1b0,
0x0000029b77c1f0e0, 0x0000029b77c1f5f0, 0x0000029b77c20a30, 0x0000029b77c1d280,
0x0000029b77c20f40, 0x0000029b77c21450, 0x0000029b77c1dca0, 0x0000029b77c22da0,
0x0000029b77c246f0, 0x0000029b77c232b0, 0x0000029b77c241e0, 0x0000029b77c23cd0,
0x0000029b77c24c00, 0x0000029b77c22890, 0x0000029b77c25110, 0x0000029b77c21960,
0x0000029b77c25620, 0x0000029b77c21e70, 0x0000029b77c237c0, 0x0000029b77c25b30,
0x0000029b77c22380, 0x0000029b77c26040, 0x0000029b76689360, 0x0000029b7668a290,
0x0000029b7668a7a0, 0x0000029b76689d80, 0x0000029b7668acb0, 0x0000029b7668b1c0,
0x0000029b7668b6d0, 0x0000029b7668bbe0, 0x0000029b7668c0f0, 0x0000029b7668d020,
0x0000029b7668c600, 0x0000029b7668cb10, 0x0000029b76689870, 0x0000029b7668f390,
0x0000029b7668d530, 0x0000029b7668df50, 0x0000029b766911f0, 0x0000029b7668ee80,
0x0000029b766907d0, 0x0000029b7668da40, 0x0000029b76694eb0, 0x0000029b76693a70,
0x0000029b766953c0, 0x0000029b76691c10, 0x0000029b766958d0, 0x0000029b76695de0,
0x0000029b76692630, 0x0000029b76696d10, 0x0000029b76697220, 0x0000029b76697c40,
0x0000029b76698150, 0x0000029b76698660, 0x0000029b76698b70, 0x0000029b79318e00,
0x0000029b7b460dc0, 0x0000029b7b45e030, 0x0000029b7b461cf0, 0x0000029b7e01a5f0,
0x0000029b7e01b5e0, 0x0000029b7e01ab40
}

Java Threads: ( => current thread )
  0x0000029b50a649d0 JavaThread "main" [_thread_blocked, id=28480, stack(0x000000e332600000,0x000000e332700000)]
  0x0000029b70ad6a60 JavaThread "Reference Handler" daemon [_thread_blocked, id=32776, stack(0x000000e332d00000,0x000000e332e00000)]
  0x0000029b719c54a0 JavaThread "Finalizer" daemon [_thread_blocked, id=32780, stack(0x000000e332e00000,0x000000e332f00000)]
  0x0000029b719d47f0 JavaThread "Signal Dispatcher" daemon [_thread_blocked, id=32784, stack(0x000000e332f00000,0x000000e333000000)]
  0x0000029b719d50c0 JavaThread "Attach Listener" daemon [_thread_blocked, id=32788, stack(0x000000e333000000,0x000000e333100000)]
  0x0000029b719d5990 JavaThread "Service Thread" daemon [_thread_blocked, id=32792, stack(0x000000e333100000,0x000000e333200000)]
  0x0000029b719d8270 JavaThread "Monitor Deflation Thread" daemon [_thread_blocked, id=32796, stack(0x000000e333200000,0x000000e333300000)]
  0x0000029b719e2e90 JavaThread "C2 CompilerThread0" daemon [_thread_blocked, id=32800, stack(0x000000e333300000,0x000000e333400000)]
  0x0000029b719f6cb0 JavaThread "C1 CompilerThread0" daemon [_thread_blocked, id=32804, stack(0x000000e333400000,0x000000e333500000)]
  0x0000029b719f95d0 JavaThread "Sweeper thread" daemon [_thread_blocked, id=32808, stack(0x000000e333500000,0x000000e333600000)]
  0x0000029b70ac5170 JavaThread "Common-Cleaner" daemon [_thread_blocked, id=32812, stack(0x000000e333600000,0x000000e333700000)]
  0x0000029b71cbe6b0 JavaThread "Notification Thread" daemon [_thread_blocked, id=32832, stack(0x000000e333b00000,0x000000e333c00000)]
  0x0000029b7751ff50 JavaThread "Daemon health stats" [_thread_blocked, id=33048, stack(0x000000e333d00000,0x000000e333e00000)]
  0x0000029b71d55380 JavaThread "Incoming local TCP Connector on port 52006" [_thread_in_native, id=33088, stack(0x000000e333e00000,0x000000e333f00000)]
  0x0000029b7786fcf0 JavaThread "Daemon periodic checks" [_thread_blocked, id=33140, stack(0x000000e334300000,0x000000e334400000)]
  0x0000029b783c5650 JavaThread "Daemon" [_thread_blocked, id=33152, stack(0x000000e334400000,0x000000e334500000)]
  0x0000029b783c5b30 JavaThread "Handler for socket connection from /127.0.0.1:52006 to /127.0.0.1:52007" [_thread_in_native, id=33156, stack(0x000000e334500000,0x000000e334600000)]
  0x0000029b786bb9b0 JavaThread "Cancel handler" [_thread_blocked, id=33160, stack(0x000000e334600000,0x000000e334700000)]
  0x0000029b786ba570 JavaThread "Daemon worker" [_thread_in_native, id=33164, stack(0x000000e334700000,0x000000e334800000)]
  0x0000029b786bc3d0 JavaThread "Asynchronous log dispatcher for DefaultDaemonConnection: socket connection from /127.0.0.1:52006 to /127.0.0.1:52007" [_thread_blocked, id=33168, stack(0x000000e334800000,0x000000e334900000)]
  0x0000029b786bd300 JavaThread "Stdin handler" [_thread_blocked, id=33172, stack(0x000000e334900000,0x000000e334a00000)]
  0x0000029b786bc8e0 JavaThread "Daemon client event forwarder" [_thread_blocked, id=33176, stack(0x000000e334a00000,0x000000e334b00000)]
  0x0000029b786bbec0 JavaThread "Cache worker for journal cache (C:\Users\jibri\.gradle\caches\journal-1)" [_thread_blocked, id=33192, stack(0x000000e334b00000,0x000000e334c00000)]
  0x0000029b786bcdf0 JavaThread "File lock request listener" [_thread_in_native, id=33196, stack(0x000000e334c00000,0x000000e334d00000)]
  0x0000029b786bb4a0 JavaThread "Cache worker for file hash cache (C:\Users\jibri\.gradle\caches\9.0.0\fileHashes)" [_thread_blocked, id=33252, stack(0x000000e334d00000,0x000000e334e00000)]
  0x0000029b786bd810 JavaThread "Cache worker for file hash cache (C:\rubi_web\CISC_Capstone\MiscueReading\android\.gradle\9.0.0\fileHashes)" [_thread_blocked, id=33520, stack(0x000000e335c00000,0x000000e335d00000)]
  0x0000029b786ba060 JavaThread "Cache worker for Build Output Cleanup Cache (C:\rubi_web\CISC_Capstone\MiscueReading\android\.gradle\buildOutputCleanup)" [_thread_blocked, id=33524, stack(0x000000e335d00000,0x000000e335e00000)]
  0x0000029b786baa80 JavaThread "File watcher server" daemon [_thread_in_native, id=33668, stack(0x000000e335e00000,0x000000e335f00000)]
  0x0000029b786baf90 JavaThread "File watcher consumer" daemon [_thread_blocked, id=33672, stack(0x000000e335f00000,0x000000e336000000)]
  0x0000029b79a96230 JavaThread "File lock release action executor" [_thread_blocked, id=33684, stack(0x000000e336000000,0x000000e336100000)]
  0x0000029b79a94df0 JavaThread "Cache worker for checksums cache (C:\rubi_web\CISC_Capstone\MiscueReading\android\.gradle\9.0.0\checksums)" [_thread_blocked, id=33692, stack(0x000000e336100000,0x000000e336200000)]
  0x0000029b79a93ec0 JavaThread "Cache worker for file content cache (C:\Users\jibri\.gradle\caches\9.0.0\fileContent)" [_thread_blocked, id=33704, stack(0x000000e336200000,0x000000e336300000)]
  0x0000029b79a934a0 JavaThread "Cache worker for cache directory md-supplier (C:\Users\jibri\.gradle\caches\9.0.0\md-supplier)" [_thread_blocked, id=33728, stack(0x000000e336300000,0x000000e336400000)]
  0x0000029b79a92f90 JavaThread "Cache worker for cache directory md-rule (C:\Users\jibri\.gradle\caches\9.0.0\md-rule)" [_thread_blocked, id=33732, stack(0x000000e335800000,0x000000e335900000)]
  0x0000029b79a95300 JavaThread "jar transforms" [_thread_blocked, id=33116, stack(0x000000e336400000,0x000000e336500000)]
  0x0000029b79a939b0 JavaThread "Cache worker for Build Output Cleanup Cache (C:\rubi_web\CISC_Capstone\MiscueReading\node_modules\@react-native\gradle-plugin\.gradle\buildOutputCleanup)" [_thread_blocked, id=33056, stack(0x000000e336500000,0x000000e336600000)]
  0x0000029b79a98090 JavaThread "Unconstrained build operations" [_thread_blocked, id=33628, stack(0x000000e336600000,0x000000e336700000)]
  0x0000029b79a96c50 JavaThread "Unconstrained build operations Thread 2" [_thread_blocked, id=33604, stack(0x000000e336700000,0x000000e336800000)]
  0x0000029b79a95810 JavaThread "Unconstrained build operations Thread 3" [_thread_blocked, id=31916, stack(0x000000e335700000,0x000000e335800000)]
  0x0000029b79a97160 JavaThread "Unconstrained build operations Thread 4" [_thread_blocked, id=31908, stack(0x000000e336800000,0x000000e336900000)]
  0x0000029b79a96740 JavaThread "Unconstrained build operations Thread 5" [_thread_blocked, id=25276, stack(0x000000e336900000,0x000000e336a00000)]
  0x0000029b79a95d20 JavaThread "Unconstrained build operations Thread 6" [_thread_blocked, id=7508, stack(0x000000e336a00000,0x000000e336b00000)]
  0x0000029b79a97670 JavaThread "Unconstrained build operations Thread 7" [_thread_blocked, id=32964, stack(0x000000e336c00000,0x000000e336d00000)]
  0x0000029b79a97b80 JavaThread "Unconstrained build operations Thread 8" [_thread_blocked, id=32972, stack(0x000000e336d00000,0x000000e336e00000)]
  0x0000029b79a948e0 JavaThread "Unconstrained build operations Thread 9" [_thread_blocked, id=32460, stack(0x000000e336e00000,0x000000e336f00000)]
  0x0000029b79a985a0 JavaThread "Unconstrained build operations Thread 10" [_thread_blocked, id=5928, stack(0x000000e336f00000,0x000000e337000000)]
  0x0000029b79a99ef0 JavaThread "Unconstrained build operations Thread 11" [_thread_blocked, id=32960, stack(0x000000e337000000,0x000000e337100000)]
  0x0000029b79a98ab0 JavaThread "Unconstrained build operations Thread 12" [_thread_blocked, id=30724, stack(0x000000e337100000,0x000000e337200000)]
  0x0000029b79a9a400 JavaThread "Unconstrained build operations Thread 13" [_thread_blocked, id=32968, stack(0x000000e337200000,0x000000e337300000)]
  0x0000029b79a9a910 JavaThread "Unconstrained build operations Thread 14" [_thread_blocked, id=32952, stack(0x000000e337300000,0x000000e337400000)]
  0x0000029b79a98fc0 JavaThread "Unconstrained build operations Thread 15" [_thread_blocked, id=32464, stack(0x000000e337400000,0x000000e337500000)]
  0x0000029b79a994d0 JavaThread "Unconstrained build operations Thread 16" [_thread_blocked, id=32940, stack(0x000000e337500000,0x000000e337600000)]
  0x0000029b79a999e0 JavaThread "Unconstrained build operations Thread 17" [_thread_blocked, id=32948, stack(0x000000e337600000,0x000000e337700000)]
  0x0000029b796eab10 JavaThread "Unconstrained build operations Thread 18" [_thread_blocked, id=28756, stack(0x000000e337700000,0x000000e337800000)]
  0x0000029b796e87a0 JavaThread "Unconstrained build operations Thread 19" [_thread_blocked, id=31108, stack(0x000000e337800000,0x000000e337900000)]
  0x0000029b796e9be0 JavaThread "Unconstrained build operations Thread 20" [_thread_blocked, id=30820, stack(0x000000e337900000,0x000000e337a00000)]
  0x0000029b796eb020 JavaThread "Unconstrained build operations Thread 21" [_thread_blocked, id=33052, stack(0x000000e337a00000,0x000000e337b00000)]
  0x0000029b796eb530 JavaThread "Unconstrained build operations Thread 22" [_thread_blocked, id=32164, stack(0x000000e337b00000,0x000000e337c00000)]
  0x0000029b796e8290 JavaThread "Unconstrained build operations Thread 23" [_thread_blocked, id=31820, stack(0x000000e337c00000,0x000000e337d00000)]
  0x0000029b796e96d0 JavaThread "Unconstrained build operations Thread 24" [_thread_blocked, id=30200, stack(0x000000e337d00000,0x000000e337e00000)]
  0x0000029b796e8cb0 JavaThread "Unconstrained build operations Thread 25" [_thread_blocked, id=10772, stack(0x000000e337e00000,0x000000e337f00000)]
  0x0000029b796ea600 JavaThread "Unconstrained build operations Thread 26" [_thread_blocked, id=33384, stack(0x000000e336b00000,0x000000e336c00000)]
  0x0000029b796ea0f0 JavaThread "Unconstrained build operations Thread 27" [_thread_blocked, id=33136, stack(0x000000e337f00000,0x000000e338000000)]
  0x0000029b796e7d80 JavaThread "Unconstrained build operations Thread 28" [_thread_blocked, id=32020, stack(0x000000e338000000,0x000000e338100000)]
  0x0000029b796ebf50 JavaThread "Unconstrained build operations Thread 29" [_thread_blocked, id=22840, stack(0x000000e338100000,0x000000e338200000)]
  0x0000029b796eba40 JavaThread "Unconstrained build operations Thread 30" [_thread_blocked, id=4428, stack(0x000000e338200000,0x000000e338300000)]
  0x0000029b796ec460 JavaThread "Unconstrained build operations Thread 31" [_thread_blocked, id=31064, stack(0x000000e338300000,0x000000e338400000)]
  0x0000029b796ec970 JavaThread "Unconstrained build operations Thread 32" [_thread_blocked, id=33044, stack(0x000000e338400000,0x000000e338500000)]
  0x0000029b796e91c0 JavaThread "Unconstrained build operations Thread 33" [_thread_blocked, id=33076, stack(0x000000e338500000,0x000000e338600000)]
  0x0000029b796ece80 JavaThread "Unconstrained build operations Thread 34" [_thread_blocked, id=29580, stack(0x000000e338600000,0x000000e338700000)]
  0x0000029b796ed390 JavaThread "Unconstrained build operations Thread 35" [_thread_blocked, id=22612, stack(0x000000e338700000,0x000000e338800000)]
  0x0000029b796ee2c0 JavaThread "Unconstrained build operations Thread 36" [_thread_blocked, id=17064, stack(0x000000e338900000,0x000000e338a00000)]
  0x0000029b796ed8a0 JavaThread "Unconstrained build operations Thread 37" [_thread_blocked, id=32304, stack(0x000000e338a00000,0x000000e338b00000)]
  0x0000029b796ef1f0 JavaThread "Unconstrained build operations Thread 38" [_thread_blocked, id=27732, stack(0x000000e338b00000,0x000000e338c00000)]
  0x0000029b796eece0 JavaThread "Unconstrained build operations Thread 39" [_thread_blocked, id=1628, stack(0x000000e338c00000,0x000000e338d00000)]
  0x0000029b796eddb0 JavaThread "Unconstrained build operations Thread 40" [_thread_blocked, id=31424, stack(0x000000e338d00000,0x000000e338e00000)]
  0x0000029b796ee7d0 JavaThread "Unconstrained build operations Thread 41" [_thread_blocked, id=16328, stack(0x000000e338e00000,0x000000e338f00000)]
  0x0000029b796ef700 JavaThread "Unconstrained build operations Thread 42" [_thread_blocked, id=31388, stack(0x000000e338f00000,0x000000e339000000)]
  0x0000029b79315140 JavaThread "Unconstrained build operations Thread 43" [_thread_blocked, id=31208, stack(0x000000e339000000,0x000000e339100000)]
  0x0000029b79315b60 JavaThread "Unconstrained build operations Thread 44" [_thread_blocked, id=500, stack(0x000000e339100000,0x000000e339200000)]
  0x0000029b79315650 JavaThread "Unconstrained build operations Thread 45" [_thread_blocked, id=17260, stack(0x000000e339200000,0x000000e339300000)]
  0x0000029b79316fa0 JavaThread "Unconstrained build operations Thread 46" [_thread_blocked, id=30036, stack(0x000000e339300000,0x000000e339400000)]
  0x0000029b79314c30 JavaThread "Unconstrained build operations Thread 47" [_thread_blocked, id=13900, stack(0x000000e339400000,0x000000e339500000)]
  0x0000029b793174b0 JavaThread "Unconstrained build operations Thread 48" [_thread_blocked, id=30920, stack(0x000000e339500000,0x000000e339600000)]
  0x0000029b79316070 JavaThread "Unconstrained build operations Thread 49" [_thread_blocked, id=22020, stack(0x000000e339600000,0x000000e339700000)]
  0x0000029b79316580 JavaThread "Unconstrained build operations Thread 50" [_thread_blocked, id=30512, stack(0x000000e339700000,0x000000e339800000)]
  0x0000029b79313d00 JavaThread "Unconstrained build operations Thread 51" [_thread_blocked, id=15076, stack(0x000000e339800000,0x000000e339900000)]
  0x0000029b79314210 JavaThread "Unconstrained build operations Thread 52" [_thread_blocked, id=32936, stack(0x000000e339900000,0x000000e339a00000)]
  0x0000029b79316a90 JavaThread "Unconstrained build operations Thread 53" [_thread_blocked, id=31428, stack(0x000000e339a00000,0x000000e339b00000)]
  0x0000029b793179c0 JavaThread "Unconstrained build operations Thread 54" [_thread_blocked, id=19116, stack(0x000000e339b00000,0x000000e339c00000)]
  0x0000029b79317ed0 JavaThread "Unconstrained build operations Thread 55" [_thread_blocked, id=33080, stack(0x000000e339c00000,0x000000e339d00000)]
  0x0000029b79314720 JavaThread "Unconstrained build operations Thread 56" [_thread_blocked, id=31880, stack(0x000000e339d00000,0x000000e339e00000)]
  0x0000029b7931ac60 JavaThread "Unconstrained build operations Thread 57" [_thread_blocked, id=30688, stack(0x000000e339e00000,0x000000e339f00000)]
  0x0000029b793188f0 JavaThread "Unconstrained build operations Thread 58" [_thread_blocked, id=32604, stack(0x000000e339f00000,0x000000e33a000000)]
  0x0000029b7931b170 JavaThread "Unconstrained build operations Thread 59" [_thread_blocked, id=32072, stack(0x000000e33a000000,0x000000e33a100000)]
  0x0000029b7931a240 JavaThread "Unconstrained build operations Thread 60" [_thread_blocked, id=22052, stack(0x000000e33a100000,0x000000e33a200000)]
  0x0000029b7931b680 JavaThread "Unconstrained build operations Thread 61" [_thread_blocked, id=22132, stack(0x000000e33a200000,0x000000e33a300000)]
  0x0000029b7931a750 JavaThread "Unconstrained build operations Thread 62" [_thread_blocked, id=1396, stack(0x000000e33a300000,0x000000e33a400000)]
  0x0000029b793183e0 JavaThread "Unconstrained build operations Thread 63" [_thread_blocked, id=26836, stack(0x000000e33a400000,0x000000e33a500000)]
  0x0000029b79319310 JavaThread "build event listener" [_thread_blocked, id=32908, stack(0x000000e333900000,0x000000e333a00000)]
  0x0000029b79319d30 JavaThread "Memory manager" [_thread_blocked, id=5072, stack(0x000000e338800000,0x000000e338900000)]
  0x0000029b7c30ef90 JavaThread "ForkJoinPool.commonPool-worker-1" daemon [_thread_blocked, id=32900, stack(0x000000e33a600000,0x000000e33a700000)]
  0x0000029b7c30f9b0 JavaThread "ForkJoinPool.commonPool-worker-2" daemon [_thread_blocked, id=32896, stack(0x000000e33a700000,0x000000e33a800000)]
  0x0000029b7c30f4a0 JavaThread "ForkJoinPool.commonPool-worker-3" daemon [_thread_blocked, id=33416, stack(0x000000e33a800000,0x000000e33a900000)]
  0x0000029b7c310df0 JavaThread "ForkJoinPool.commonPool-worker-4" daemon [_thread_blocked, id=33420, stack(0x000000e33a900000,0x000000e33aa00000)]
  0x0000029b7c311300 JavaThread "ForkJoinPool.commonPool-worker-5" daemon [_thread_blocked, id=33480, stack(0x000000e33aa00000,0x000000e33ab00000)]
  0x0000029b7c30e570 JavaThread "ForkJoinPool.commonPool-worker-6" daemon [_thread_blocked, id=32576, stack(0x000000e33ab00000,0x000000e33ac00000)]
  0x0000029b7c311810 JavaThread "ForkJoinPool.commonPool-worker-7" daemon [_thread_blocked, id=31832, stack(0x000000e33ac00000,0x000000e33ad00000)]
  0x0000029b7c312230 JavaThread "ForkJoinPool.commonPool-worker-8" daemon [_thread_blocked, id=32748, stack(0x000000e33ad00000,0x000000e33ae00000)]
  0x0000029b7c30ea80 JavaThread "ForkJoinPool.commonPool-worker-9" daemon [_thread_blocked, id=27920, stack(0x000000e33ae00000,0x000000e33af00000)]
  0x0000029b7c313670 JavaThread "ForkJoinPool.commonPool-worker-10" daemon [_thread_blocked, id=17036, stack(0x000000e33af00000,0x000000e33b000000)]
  0x0000029b7c314ab0 JavaThread "ForkJoinPool.commonPool-worker-11" daemon [_thread_blocked, id=28604, stack(0x000000e33b000000,0x000000e33b100000)]
  0x0000029b7c314090 JavaThread "Exec process" daemon [_thread_blocked, id=20352, stack(0x000000e33b100000,0x000000e33b200000)]
  0x0000029b7c313b80 JavaThread "ForkJoinPool.commonPool-worker-12" daemon [_thread_blocked, id=21688, stack(0x000000e33b200000,0x000000e33b300000)]
  0x0000029b7c312c50 JavaThread "Exec process Thread 2" daemon [_thread_blocked, id=32912, stack(0x000000e33b400000,0x000000e33b500000)]
  0x0000029b7c313160 JavaThread "Exec process Thread 3" daemon [_thread_blocked, id=33756, stack(0x000000e33b500000,0x000000e33b600000)]
  0x0000029b7c314fc0 JavaThread "ForkJoinPool.commonPool-worker-13" daemon [_thread_blocked, id=33020, stack(0x000000e33b600000,0x000000e33b700000)]
  0x0000029b7c3154d0 JavaThread "ForkJoinPool.commonPool-worker-14" daemon [_thread_blocked, id=33844, stack(0x000000e33b300000,0x000000e33b400000)]
  0x0000029b7c3145a0 JavaThread "ForkJoinPool.commonPool-worker-15" daemon [_thread_blocked, id=33856, stack(0x000000e33b700000,0x000000e33b800000)]
  0x0000029b7c3159e0 JavaThread "ForkJoinPool.commonPool-worker-16" daemon [_thread_blocked, id=34236, stack(0x000000e33a500000,0x000000e33a600000)]
  0x0000029b7c312740 JavaThread "ForkJoinPool.commonPool-worker-17" daemon [_thread_blocked, id=34248, stack(0x000000e33b800000,0x000000e33b900000)]
  0x0000029b7b190af0 JavaThread "included builds" [_thread_blocked, id=34564, stack(0x000000e33bb00000,0x000000e33bc00000)]
  0x0000029b7b192950 JavaThread "Execution worker" [_thread_blocked, id=34568, stack(0x000000e33bc00000,0x000000e33bd00000)]
  0x0000029b7b191000 JavaThread "Execution worker Thread 2" [_thread_blocked, id=34572, stack(0x000000e33bd00000,0x000000e33be00000)]
  0x0000029b7b1905e0 JavaThread "Execution worker Thread 3" [_thread_blocked, id=34576, stack(0x000000e33be00000,0x000000e33bf00000)]
  0x0000029b7b193370 JavaThread "Execution worker Thread 4" [_thread_blocked, id=34580, stack(0x000000e33bf00000,0x000000e33c000000)]
  0x0000029b7b192440 JavaThread "Execution worker Thread 5" [_thread_blocked, id=34584, stack(0x000000e33c000000,0x000000e33c100000)]
  0x0000029b7b192e60 JavaThread "Execution worker Thread 6" [_thread_blocked, id=34588, stack(0x000000e33c100000,0x000000e33c200000)]
  0x0000029b7b193880 JavaThread "Execution worker Thread 7" [_thread_blocked, id=34592, stack(0x000000e33c200000,0x000000e33c300000)]
  0x0000029b7b1900d0 JavaThread "Execution worker Thread 8" [_thread_blocked, id=34596, stack(0x000000e33c300000,0x000000e33c400000)]
  0x0000029b7b193d90 JavaThread "Execution worker Thread 9" [_thread_blocked, id=34600, stack(0x000000e33c400000,0x000000e33c500000)]
  0x0000029b7b191510 JavaThread "Execution worker Thread 10" [_thread_blocked, id=34604, stack(0x000000e33c500000,0x000000e33c600000)]
  0x0000029b7b1942a0 JavaThread "Execution worker Thread 11" [_thread_blocked, id=34608, stack(0x000000e33c600000,0x000000e33c700000)]
  0x0000029b7b1947b0 JavaThread "Execution worker Thread 12" [_thread_blocked, id=34612, stack(0x000000e33c700000,0x000000e33c800000)]
  0x0000029b7b1956e0 JavaThread "Execution worker Thread 13" [_thread_blocked, id=34616, stack(0x000000e33c800000,0x000000e33c900000)]
  0x0000029b7b194cc0 JavaThread "Execution worker Thread 14" [_thread_blocked, id=34620, stack(0x000000e33c900000,0x000000e33ca00000)]
  0x0000029b7b1951d0 JavaThread "Execution worker Thread 15" [_thread_blocked, id=34624, stack(0x000000e33ca00000,0x000000e33cb00000)]
  0x0000029b7b191f30 JavaThread "Execution worker Thread 16" [_thread_blocked, id=34628, stack(0x000000e33cb00000,0x000000e33cc00000)]
  0x0000029b7b197a50 JavaThread "Execution worker Thread 17" [_thread_blocked, id=34632, stack(0x000000e33cc00000,0x000000e33cd00000)]
  0x0000029b7b195bf0 JavaThread "Execution worker Thread 18" [_thread_blocked, id=34636, stack(0x000000e33cd00000,0x000000e33ce00000)]
  0x0000029b7b197540 JavaThread "Execution worker Thread 19" [_thread_blocked, id=34640, stack(0x000000e33ce00000,0x000000e33cf00000)]
  0x0000029b7b196100 JavaThread "Cache worker for execution history cache (C:\rubi_web\CISC_Capstone\MiscueReading\node_modules\@react-native\gradle-plugin\.gradle\9.0.0\executionHistory)" [_thread_blocked, id=34644, stack(0x000000e33cf00000,0x000000e33d000000)]
  0x0000029b7b196610 JavaThread "Unconstrained build operations Thread 64" [_thread_blocked, id=34648, stack(0x000000e33d000000,0x000000e33d100000)]
  0x0000029b7b196b20 JavaThread "Unconstrained build operations Thread 65" [_thread_blocked, id=34652, stack(0x000000e33d100000,0x000000e33d200000)]
  0x0000029b7b197030 JavaThread "Unconstrained build operations Thread 66" [_thread_blocked, id=34656, stack(0x000000e33d200000,0x000000e33d300000)]
  0x0000029b794dd810 JavaThread "Unconstrained build operations Thread 67" [_thread_blocked, id=34660, stack(0x000000e33d300000,0x000000e33d400000)]
  0x0000029b794dc3d0 JavaThread "Unconstrained build operations Thread 68" [_thread_blocked, id=34664, stack(0x000000e33d400000,0x000000e33d500000)]
  0x0000029b794dc8e0 JavaThread "Unconstrained build operations Thread 69" [_thread_blocked, id=34668, stack(0x000000e33d500000,0x000000e33d600000)]
  0x0000029b794dcdf0 JavaThread "Unconstrained build operations Thread 70" [_thread_blocked, id=34672, stack(0x000000e33d600000,0x000000e33d700000)]
  0x0000029b794daf90 JavaThread "Unconstrained build operations Thread 71" [_thread_blocked, id=34676, stack(0x000000e33d700000,0x000000e33d800000)]
  0x0000029b794dd300 JavaThread "Unconstrained build operations Thread 72" [_thread_blocked, id=34680, stack(0x000000e33d800000,0x000000e33d900000)]
  0x0000029b794da570 JavaThread "Unconstrained build operations Thread 73" [_thread_blocked, id=34684, stack(0x000000e33d900000,0x000000e33da00000)]
  0x0000029b794db9b0 JavaThread "Unconstrained build operations Thread 74" [_thread_blocked, id=34688, stack(0x000000e33da00000,0x000000e33db00000)]
  0x0000029b794de230 JavaThread "Unconstrained build operations Thread 75" [_thread_blocked, id=34692, stack(0x000000e33db00000,0x000000e33dc00000)]
  0x0000029b794da060 JavaThread "Unconstrained build operations Thread 76" [_thread_blocked, id=34696, stack(0x000000e33dc00000,0x000000e33dd00000)]
  0x0000029b794dbec0 JavaThread "Unconstrained build operations Thread 77" [_thread_blocked, id=34700, stack(0x000000e33dd00000,0x000000e33de00000)]
  0x0000029b794dec50 JavaThread "Unconstrained build operations Thread 78" [_thread_blocked, id=34704, stack(0x000000e33de00000,0x000000e33df00000)]
  0x0000029b794ddd20 JavaThread "Unconstrained build operations Thread 79" [_thread_blocked, id=34708, stack(0x000000e33df00000,0x000000e33e000000)]
  0x0000029b794daa80 JavaThread "Unconstrained build operations Thread 80" [_thread_blocked, id=34712, stack(0x000000e33e000000,0x000000e33e100000)]
  0x0000029b794e0fc0 JavaThread "Unconstrained build operations Thread 81" [_thread_blocked, id=34716, stack(0x000000e33e100000,0x000000e33e200000)]
  0x0000029b794df160 JavaThread "Unconstrained build operations Thread 82" [_thread_blocked, id=34720, stack(0x000000e33e200000,0x000000e33e300000)]
  0x0000029b794e14d0 JavaThread "Unconstrained build operations Thread 83" [_thread_blocked, id=34724, stack(0x000000e33e300000,0x000000e33e400000)]
  0x0000029b794e0ab0 JavaThread "Unconstrained build operations Thread 84" [_thread_blocked, id=34728, stack(0x000000e33e400000,0x000000e33e500000)]
  0x0000029b794de740 JavaThread "Unconstrained build operations Thread 85" [_thread_blocked, id=34732, stack(0x000000e33e500000,0x000000e33e600000)]
  0x0000029b794df670 JavaThread "Unconstrained build operations Thread 86" [_thread_blocked, id=34736, stack(0x000000e33e600000,0x000000e33e700000)]
  0x0000029b794e19e0 JavaThread "Unconstrained build operations Thread 87" [_thread_blocked, id=34740, stack(0x000000e33e700000,0x000000e33e800000)]
  0x0000029b794dfb80 JavaThread "Unconstrained build operations Thread 88" [_thread_blocked, id=34744, stack(0x000000e33e800000,0x000000e33e900000)]
  0x0000029b794e0090 JavaThread "Unconstrained build operations Thread 89" [_thread_blocked, id=34748, stack(0x000000e33e900000,0x000000e33ea00000)]
  0x0000029b794e05a0 JavaThread "Unconstrained build operations Thread 90" [_thread_blocked, id=34752, stack(0x000000e33ea00000,0x000000e33eb00000)]
  0x0000029b7755bb50 JavaThread "Unconstrained build operations Thread 91" [_thread_blocked, id=34756, stack(0x000000e33eb00000,0x000000e33ec00000)]
  0x0000029b775583a0 JavaThread "Unconstrained build operations Thread 92" [_thread_blocked, id=34760, stack(0x000000e33ec00000,0x000000e33ed00000)]
  0x0000029b7755c060 JavaThread "Unconstrained build operations Thread 93" [_thread_blocked, id=34768, stack(0x000000e33ed00000,0x000000e33ee00000)]
  0x0000029b775597e0 JavaThread "Unconstrained build operations Thread 94" [_thread_blocked, id=34772, stack(0x000000e33ee00000,0x000000e33ef00000)]
  0x0000029b7755a200 JavaThread "Unconstrained build operations Thread 95" [_thread_blocked, id=34776, stack(0x000000e33ef00000,0x000000e33f000000)]
  0x0000029b7755ac20 JavaThread "Unconstrained build operations Thread 96" [_thread_blocked, id=34780, stack(0x000000e33f000000,0x000000e33f100000)]
  0x0000029b7755b130 JavaThread "Unconstrained build operations Thread 97" [_thread_blocked, id=34784, stack(0x000000e33f100000,0x000000e33f200000)]
  0x0000029b7755a710 JavaThread "Unconstrained build operations Thread 98" [_thread_blocked, id=34788, stack(0x000000e33f200000,0x000000e33f300000)]
  0x0000029b7755b640 JavaThread "Unconstrained build operations Thread 99" [_thread_blocked, id=34792, stack(0x000000e33f300000,0x000000e33f400000)]
  0x0000029b775588b0 JavaThread "Unconstrained build operations Thread 100" [_thread_blocked, id=34796, stack(0x000000e33f400000,0x000000e33f500000)]
  0x0000029b7755c570 JavaThread "Unconstrained build operations Thread 101" [_thread_blocked, id=34800, stack(0x000000e33f500000,0x000000e33f600000)]
  0x0000029b77558dc0 JavaThread "Unconstrained build operations Thread 102" [_thread_blocked, id=34804, stack(0x000000e33f600000,0x000000e33f700000)]
  0x0000029b7755ca80 JavaThread "Unconstrained build operations Thread 103" [_thread_blocked, id=34808, stack(0x000000e33f700000,0x000000e33f800000)]
  0x0000029b775592d0 JavaThread "Unconstrained build operations Thread 104" [_thread_blocked, id=34812, stack(0x000000e33f800000,0x000000e33f900000)]
  0x0000029b7755cf90 JavaThread "Unconstrained build operations Thread 105" [_thread_blocked, id=33424, stack(0x000000e33f900000,0x000000e33fa00000)]
  0x0000029b7755d4a0 JavaThread "Unconstrained build operations Thread 106" [_thread_blocked, id=32892, stack(0x000000e33fa00000,0x000000e33fb00000)]
  0x0000029b77559cf0 JavaThread "Unconstrained build operations Thread 107" [_thread_blocked, id=33408, stack(0x000000e33fb00000,0x000000e33fc00000)]
  0x0000029b7755f300 JavaThread "Unconstrained build operations Thread 108" [_thread_blocked, id=33400, stack(0x000000e33fc00000,0x000000e33fd00000)]
  0x0000029b7755d9b0 JavaThread "Unconstrained build operations Thread 109" [_thread_blocked, id=33380, stack(0x000000e33fd00000,0x000000e33fe00000)]
  0x0000029b7755f810 JavaThread "Unconstrained build operations Thread 110" [_thread_blocked, id=24360, stack(0x000000e33fe00000,0x000000e33ff00000)]
  0x0000029b7755dec0 JavaThread "Unconstrained build operations Thread 111" [_thread_blocked, id=33348, stack(0x000000e33ff00000,0x000000e340000000)]
  0x0000029b7755e3d0 JavaThread "Unconstrained build operations Thread 112" [_thread_blocked, id=33396, stack(0x000000e340000000,0x000000e340100000)]
  0x0000029b7755e8e0 JavaThread "Unconstrained build operations Thread 113" [_thread_blocked, id=33428, stack(0x000000e340100000,0x000000e340200000)]
  0x0000029b7755fd20 JavaThread "Unconstrained build operations Thread 114" [_thread_blocked, id=29496, stack(0x000000e340200000,0x000000e340300000)]
  0x0000029b7755edf0 JavaThread "Unconstrained build operations Thread 115" [_thread_blocked, id=33796, stack(0x000000e340300000,0x000000e340400000)]
  0x0000029b71b4c810 JavaThread "Unconstrained build operations Thread 116" [_thread_blocked, id=33800, stack(0x000000e340400000,0x000000e340500000)]
  0x0000029b71b49570 JavaThread "Unconstrained build operations Thread 117" [_thread_blocked, id=33804, stack(0x000000e340500000,0x000000e340600000)]
  0x0000029b71b49a80 JavaThread "Unconstrained build operations Thread 118" [_thread_blocked, id=33808, stack(0x000000e340600000,0x000000e340700000)]
  0x0000029b71b4b8e0 JavaThread "Unconstrained build operations Thread 119" [_thread_blocked, id=33812, stack(0x000000e340700000,0x000000e340800000)]
  0x0000029b71b4a4a0 JavaThread "Unconstrained build operations Thread 120" [_thread_blocked, id=33820, stack(0x000000e340800000,0x000000e340900000)]
  0x0000029b71b4bdf0 JavaThread "Unconstrained build operations Thread 121" [_thread_blocked, id=33824, stack(0x000000e340900000,0x000000e340a00000)]
  0x0000029b71b49f90 JavaThread "Unconstrained build operations Thread 122" [_thread_blocked, id=33828, stack(0x000000e340a00000,0x000000e340b00000)]
  0x0000029b71b4a9b0 JavaThread "Unconstrained build operations Thread 123" [_thread_blocked, id=33832, stack(0x000000e340b00000,0x000000e340c00000)]
  0x0000029b71b4b3d0 JavaThread "Unconstrained build operations Thread 124" [_thread_blocked, id=33836, stack(0x000000e340c00000,0x000000e340d00000)]
  0x0000029b71b4c300 JavaThread "Unconstrained build operations Thread 125" [_thread_blocked, id=33840, stack(0x000000e340d00000,0x000000e340e00000)]
  0x0000029b71b4aec0 JavaThread "Unconstrained build operations Thread 126" [_thread_blocked, id=32848, stack(0x000000e340e00000,0x000000e340f00000)]
  0x0000029b71b49060 JavaThread "Unconstrained build operations Thread 127" [_thread_blocked, id=31356, stack(0x000000e340f00000,0x000000e341000000)]
  0x0000029b71b4dc50 JavaThread "Unconstrained build operations Thread 128" [_thread_blocked, id=33184, stack(0x000000e341000000,0x000000e341100000)]
  0x0000029b71b4e160 JavaThread "Unconstrained build operations Thread 129" [_thread_blocked, id=5980, stack(0x000000e341100000,0x000000e341200000)]
  0x0000029b71b4eb80 JavaThread "Unconstrained build operations Thread 130" [_thread_blocked, id=33244, stack(0x000000e341200000,0x000000e341300000)]
  0x0000029b71b4f090 JavaThread "Unconstrained build operations Thread 131" [_thread_blocked, id=33484, stack(0x000000e341300000,0x000000e341400000)]
  0x0000029b71b504d0 JavaThread "Unconstrained build operations Thread 132" [_thread_blocked, id=33036, stack(0x000000e341400000,0x000000e341500000)]
  0x0000029b71b4f5a0 JavaThread "Unconstrained build operations Thread 133" [_thread_blocked, id=33404, stack(0x000000e341500000,0x000000e341600000)]
  0x0000029b71b4ffc0 JavaThread "Unconstrained build operations Thread 134" [_thread_blocked, id=33372, stack(0x000000e341600000,0x000000e341700000)]
  0x0000029b71b4fab0 JavaThread "Unconstrained build operations Thread 135" [_thread_blocked, id=33352, stack(0x000000e341700000,0x000000e341800000)]
  0x0000029b71b4d740 JavaThread "Unconstrained build operations Thread 136" [_thread_blocked, id=32956, stack(0x000000e341800000,0x000000e341900000)]
  0x0000029b71b4e670 JavaThread "Unconstrained build operations Thread 137" [_thread_blocked, id=33872, stack(0x000000e341900000,0x000000e341a00000)]
  0x0000029b71b4cd20 JavaThread "Unconstrained build operations Thread 138" [_thread_blocked, id=33868, stack(0x000000e341a00000,0x000000e341b00000)]
  0x0000029b71b509e0 JavaThread "Unconstrained build operations Thread 139" [_thread_blocked, id=33864, stack(0x000000e341b00000,0x000000e341c00000)]
  0x0000029b71b4d230 JavaThread "Unconstrained build operations Thread 140" [_thread_blocked, id=33900, stack(0x000000e341c00000,0x000000e341d00000)]
  0x0000029b77c16830 JavaThread "Unconstrained build operations Thread 141" [_thread_blocked, id=30068, stack(0x000000e341d00000,0x000000e341e00000)]
  0x0000029b77c17c70 JavaThread "Unconstrained build operations Thread 142" [_thread_blocked, id=20180, stack(0x000000e341e00000,0x000000e341f00000)]
  0x0000029b77c18690 JavaThread "jar transforms Thread 2" [_thread_blocked, id=33980, stack(0x000000e341f00000,0x000000e342000000)]
  0x0000029b77c195c0 JavaThread "jar transforms Thread 3" [_thread_blocked, id=34172, stack(0x000000e33ba00000,0x000000e33bb00000)]
  0x0000029b77c17760 JavaThread "Unconstrained build operations Thread 143" [_thread_blocked, id=31728, stack(0x000000e342100000,0x000000e342200000)]
  0x0000029b77c1a4f0 JavaThread "Unconstrained build operations Thread 144" [_thread_blocked, id=34144, stack(0x000000e342400000,0x000000e342500000)]
  0x0000029b77c16d40 JavaThread "Unconstrained build operations Thread 145" [_thread_blocked, id=32676, stack(0x000000e342500000,0x000000e342600000)]
  0x0000029b77c17250 JavaThread "Unconstrained build operations Thread 146" [_thread_blocked, id=22248, stack(0x000000e342600000,0x000000e342700000)]
  0x0000029b77c190b0 JavaThread "Unconstrained build operations Thread 147" [_thread_blocked, id=31048, stack(0x000000e342700000,0x000000e342800000)]
  0x0000029b77c1aa00 JavaThread "Unconstrained build operations Thread 148" [_thread_blocked, id=34220, stack(0x000000e342800000,0x000000e342900000)]
  0x0000029b77c18ba0 JavaThread "Unconstrained build operations Thread 149" [_thread_blocked, id=34120, stack(0x000000e342900000,0x000000e342a00000)]
  0x0000029b77c1af10 JavaThread "Unconstrained build operations Thread 150" [_thread_blocked, id=34108, stack(0x000000e342a00000,0x000000e342b00000)]
  0x0000029b77c1b420 JavaThread "Unconstrained build operations Thread 151" [_thread_blocked, id=34764, stack(0x000000e342b00000,0x000000e342c00000)]
  0x0000029b77c1b930 JavaThread "Unconstrained build operations Thread 152" [_thread_blocked, id=33988, stack(0x000000e342c00000,0x000000e342d00000)]
  0x0000029b77c18180 JavaThread "Unconstrained build operations Thread 153" [_thread_blocked, id=33852, stack(0x000000e342d00000,0x000000e342e00000)]
  0x0000029b77c1ebd0 JavaThread "Unconstrained build operations Thread 154" [_thread_blocked, id=33876, stack(0x000000e342e00000,0x000000e342f00000)]
  0x0000029b77c1be40 JavaThread "Unconstrained build operations Thread 155" [_thread_blocked, id=33860, stack(0x000000e342f00000,0x000000e343000000)]
  0x0000029b77c1e6c0 JavaThread "Unconstrained build operations Thread 156" [_thread_blocked, id=33984, stack(0x000000e343000000,0x000000e343100000)]
  0x0000029b77c1fb00 JavaThread "Unconstrained build operations Thread 157" [_thread_blocked, id=34040, stack(0x000000e343100000,0x000000e343200000)]
  0x0000029b77c1c350 JavaThread "Unconstrained build operations Thread 158" [_thread_blocked, id=34364, stack(0x000000e343200000,0x000000e343300000)]
  0x0000029b77c20010 JavaThread "Unconstrained build operations Thread 159" [_thread_blocked, id=34328, stack(0x000000e343300000,0x000000e343400000)]
  0x0000029b77c20520 JavaThread "Unconstrained build operations Thread 160" [_thread_blocked, id=34416, stack(0x000000e343400000,0x000000e343500000)]
  0x0000029b77c1cd70 JavaThread "Unconstrained build operations Thread 161" [_thread_blocked, id=34412, stack(0x000000e343500000,0x000000e343600000)]
  0x0000029b77c1d790 JavaThread "Unconstrained build operations Thread 162" [_thread_blocked, id=34368, stack(0x000000e343600000,0x000000e343700000)]
  0x0000029b77c1e1b0 JavaThread "Unconstrained build operations Thread 163" [_thread_blocked, id=32440, stack(0x000000e343700000,0x000000e343800000)]
  0x0000029b77c1f0e0 JavaThread "Unconstrained build operations Thread 164" [_thread_blocked, id=6508, stack(0x000000e343800000,0x000000e343900000)]
  0x0000029b77c1f5f0 JavaThread "Unconstrained build operations Thread 165" [_thread_blocked, id=34104, stack(0x000000e343900000,0x000000e343a00000)]
  0x0000029b77c20a30 JavaThread "Unconstrained build operations Thread 166" [_thread_blocked, id=34520, stack(0x000000e343a00000,0x000000e343b00000)]
  0x0000029b77c1d280 JavaThread "Unconstrained build operations Thread 167" [_thread_blocked, id=34324, stack(0x000000e343b00000,0x000000e343c00000)]
  0x0000029b77c20f40 JavaThread "Unconstrained build operations Thread 168" [_thread_blocked, id=34088, stack(0x000000e343c00000,0x000000e343d00000)]
  0x0000029b77c21450 JavaThread "Unconstrained build operations Thread 169" [_thread_blocked, id=33932, stack(0x000000e343d00000,0x000000e343e00000)]
  0x0000029b77c1dca0 JavaThread "Unconstrained build operations Thread 170" [_thread_blocked, id=34560, stack(0x000000e343e00000,0x000000e343f00000)]
  0x0000029b77c22da0 JavaThread "Unconstrained build operations Thread 171" [_thread_blocked, id=34556, stack(0x000000e343f00000,0x000000e344000000)]
  0x0000029b77c246f0 JavaThread "Unconstrained build operations Thread 172" [_thread_blocked, id=25896, stack(0x000000e344000000,0x000000e344100000)]
  0x0000029b77c232b0 JavaThread "Unconstrained build operations Thread 173" [_thread_blocked, id=17496, stack(0x000000e344100000,0x000000e344200000)]
  0x0000029b77c241e0 JavaThread "Unconstrained build operations Thread 174" [_thread_blocked, id=34012, stack(0x000000e344200000,0x000000e344300000)]
  0x0000029b77c23cd0 JavaThread "Unconstrained build operations Thread 175" [_thread_blocked, id=30212, stack(0x000000e344300000,0x000000e344400000)]
  0x0000029b77c24c00 JavaThread "Unconstrained build operations Thread 176" [_thread_blocked, id=30520, stack(0x000000e344400000,0x000000e344500000)]
  0x0000029b77c22890 JavaThread "Unconstrained build operations Thread 177" [_thread_blocked, id=34820, stack(0x000000e344500000,0x000000e344600000)]
  0x0000029b77c25110 JavaThread "Unconstrained build operations Thread 178" [_thread_blocked, id=34824, stack(0x000000e344600000,0x000000e344700000)]
  0x0000029b77c21960 JavaThread "Unconstrained build operations Thread 179" [_thread_blocked, id=34828, stack(0x000000e344700000,0x000000e344800000)]
  0x0000029b77c25620 JavaThread "Unconstrained build operations Thread 180" [_thread_blocked, id=34832, stack(0x000000e344800000,0x000000e344900000)]
  0x0000029b77c21e70 JavaThread "Unconstrained build operations Thread 181" [_thread_blocked, id=34836, stack(0x000000e344900000,0x000000e344a00000)]
  0x0000029b77c237c0 JavaThread "Unconstrained build operations Thread 182" [_thread_blocked, id=34840, stack(0x000000e344a00000,0x000000e344b00000)]
  0x0000029b77c25b30 JavaThread "Unconstrained build operations Thread 183" [_thread_blocked, id=34844, stack(0x000000e344b00000,0x000000e344c00000)]
  0x0000029b77c22380 JavaThread "Unconstrained build operations Thread 184" [_thread_blocked, id=34848, stack(0x000000e344c00000,0x000000e344d00000)]
  0x0000029b77c26040 JavaThread "Unconstrained build operations Thread 185" [_thread_blocked, id=34852, stack(0x000000e344d00000,0x000000e344e00000)]
  0x0000029b76689360 JavaThread "Unconstrained build operations Thread 186" [_thread_blocked, id=34856, stack(0x000000e344e00000,0x000000e344f00000)]
  0x0000029b7668a290 JavaThread "Unconstrained build operations Thread 187" [_thread_blocked, id=34860, stack(0x000000e344f00000,0x000000e345000000)]
  0x0000029b7668a7a0 JavaThread "Unconstrained build operations Thread 188" [_thread_blocked, id=34864, stack(0x000000e345000000,0x000000e345100000)]
  0x0000029b76689d80 JavaThread "Unconstrained build operations Thread 189" [_thread_blocked, id=34868, stack(0x000000e345100000,0x000000e345200000)]
  0x0000029b7668acb0 JavaThread "Unconstrained build operations Thread 190" [_thread_blocked, id=34872, stack(0x000000e345200000,0x000000e345300000)]
  0x0000029b7668b1c0 JavaThread "Unconstrained build operations Thread 191" [_thread_blocked, id=34984, stack(0x000000e345300000,0x000000e345400000)]
  0x0000029b7668b6d0 JavaThread "Unconstrained build operations Thread 192" [_thread_blocked, id=34988, stack(0x000000e345400000,0x000000e345500000)]
  0x0000029b7668bbe0 JavaThread "Unconstrained build operations Thread 193" [_thread_blocked, id=34992, stack(0x000000e345500000,0x000000e345600000)]
  0x0000029b7668c0f0 JavaThread "Unconstrained build operations Thread 194" [_thread_blocked, id=34996, stack(0x000000e345600000,0x000000e345700000)]
  0x0000029b7668d020 JavaThread "Unconstrained build operations Thread 195" [_thread_blocked, id=35000, stack(0x000000e345700000,0x000000e345800000)]
  0x0000029b7668c600 JavaThread "Unconstrained build operations Thread 196" [_thread_blocked, id=35004, stack(0x000000e345800000,0x000000e345900000)]
  0x0000029b7668cb10 JavaThread "Unconstrained build operations Thread 197" [_thread_blocked, id=35008, stack(0x000000e345900000,0x000000e345a00000)]
  0x0000029b76689870 JavaThread "Unconstrained build operations Thread 198" [_thread_blocked, id=35012, stack(0x000000e345a00000,0x000000e345b00000)]
  0x0000029b7668f390 JavaThread "Unconstrained build operations Thread 199" [_thread_blocked, id=35024, stack(0x000000e345b00000,0x000000e345c00000)]
  0x0000029b7668d530 JavaThread "Unconstrained build operations Thread 200" [_thread_blocked, id=35028, stack(0x000000e345c00000,0x000000e345d00000)]
  0x0000029b7668df50 JavaThread "jar transforms Thread 4" [_thread_blocked, id=35236, stack(0x000000e345d00000,0x000000e345e00000)]
  0x0000029b766911f0 JavaThread "jar transforms Thread 5" [_thread_blocked, id=35144, stack(0x000000e333700000,0x000000e333800000)]
  0x0000029b7668ee80 JavaThread "jar transforms Thread 6" [_thread_blocked, id=35176, stack(0x000000e333800000,0x000000e333900000)]
  0x0000029b766907d0 JavaThread "build event listener" [_thread_blocked, id=35760, stack(0x000000e332500000,0x000000e332600000)]
  0x0000029b7668da40 JavaThread "Problems report writer" [_thread_blocked, id=34952, stack(0x000000e346200000,0x000000e346300000)]
  0x0000029b76694eb0 JavaThread "jar transforms Thread 7" [_thread_blocked, id=35696, stack(0x000000e346300000,0x000000e346400000)]
  0x0000029b76693a70 JavaThread "jar transforms Thread 8" [_thread_blocked, id=35800, stack(0x000000e345f00000,0x000000e346000000)]
  0x0000029b766953c0 JavaThread "jar transforms Thread 9" [_thread_blocked, id=33944, stack(0x000000e342000000,0x000000e342100000)]
  0x0000029b76691c10 JavaThread "jar transforms Thread 10" [_thread_blocked, id=32872, stack(0x000000e345e00000,0x000000e345f00000)]
  0x0000029b766958d0 JavaThread "jar transforms Thread 11" [_thread_blocked, id=29720, stack(0x000000e346400000,0x000000e346500000)]
  0x0000029b76695de0 JavaThread "jar transforms Thread 12" [_thread_blocked, id=27324, stack(0x000000e346500000,0x000000e346600000)]
  0x0000029b76692630 JavaThread "jar transforms Thread 13" [_thread_blocked, id=33896, stack(0x000000e346600000,0x000000e346700000)]
  0x0000029b76696d10 JavaThread "jar transforms Thread 14" [_thread_blocked, id=32876, stack(0x000000e346800000,0x000000e346900000)]
  0x0000029b76697220 JavaThread "jar transforms Thread 15" [_thread_blocked, id=33904, stack(0x000000e346900000,0x000000e346a00000)]
  0x0000029b76697c40 JavaThread "jar transforms Thread 16" [_thread_blocked, id=33928, stack(0x000000e346a00000,0x000000e346b00000)]
  0x0000029b76698150 JavaThread "jar transforms Thread 17" [_thread_blocked, id=4904, stack(0x000000e346d00000,0x000000e346e00000)]
  0x0000029b76698660 JavaThread "jar transforms Thread 18" [_thread_blocked, id=34508, stack(0x000000e346e00000,0x000000e346f00000)]
  0x0000029b76698b70 JavaThread "jar transforms Thread 19" [_thread_blocked, id=33992, stack(0x000000e346f00000,0x000000e347000000)]
  0x0000029b79318e00 JavaThread "jar transforms Thread 20" [_thread_blocked, id=34004, stack(0x000000e347000000,0x000000e347100000)]
  0x0000029b7b460dc0 JavaThread "Exec process" [_thread_blocked, id=33912, stack(0x000000e346b00000,0x000000e346c00000)]
  0x0000029b7b45e030 JavaThread "Exec process Thread 2" [_thread_blocked, id=11552, stack(0x000000e346c00000,0x000000e346d00000)]
  0x0000029b7b461cf0 JavaThread "Exec process Thread 3" [_thread_blocked, id=32076, stack(0x000000e347100000,0x000000e347200000)]
  0x0000029b7e01a5f0 JavaThread "C2 CompilerThread1" daemon [_thread_blocked, id=35556, stack(0x000000e332400000,0x000000e332500000)]
=>0x0000029b7e01b5e0 JavaThread "C2 CompilerThread2" daemon [_thread_in_native, id=33968, stack(0x000000e33b900000,0x000000e33ba00000)]
  0x0000029b7e01ab40 Thread [stack: 0x000000e346700000,0x000000e346800000] [id=33320]

Other Threads:
  0x0000029b70ad5520 VMThread "VM Thread" [stack: 0x000000e332c00000,0x000000e332d00000] [id=32772]
  0x0000029b708e7c80 WatcherThread [stack: 0x000000e333c00000,0x000000e333d00000] [id=32836]
  0x0000029b50ac35b0 GCTaskThread "GC Thread#0" [stack: 0x000000e332700000,0x000000e332800000] [id=3828]
  0x0000029b7616ccf0 GCTaskThread "GC Thread#1" [stack: 0x000000e333f00000,0x000000e334000000] [id=32884]
  0x0000029b76510c10 GCTaskThread "GC Thread#2" [stack: 0x000000e334000000,0x000000e334100000] [id=32888]
  0x0000029b76599cf0 GCTaskThread "GC Thread#3" [stack: 0x000000e334100000,0x000000e334200000] [id=32928]
  0x0000029b7741c390 GCTaskThread "GC Thread#4" [stack: 0x000000e334200000,0x000000e334300000] [id=32932]
  0x0000029b78d69940 GCTaskThread "GC Thread#5" [stack: 0x000000e333a00000,0x000000e333b00000] [id=33432]
  0x0000029b78d68600 GCTaskThread "GC Thread#6" [stack: 0x000000e334e00000,0x000000e334f00000] [id=33436]
  0x0000029b78d68340 GCTaskThread "GC Thread#7" [stack: 0x000000e334f00000,0x000000e335000000] [id=33440]
  0x0000029b78d68b80 GCTaskThread "GC Thread#8" [stack: 0x000000e335000000,0x000000e335100000] [id=33444]
  0x0000029b78d688c0 GCTaskThread "GC Thread#9" [stack: 0x000000e335100000,0x000000e335200000] [id=33448]
  0x0000029b78d693c0 GCTaskThread "GC Thread#10" [stack: 0x000000e335200000,0x000000e335300000] [id=33452]
  0x0000029b78d69100 GCTaskThread "GC Thread#11" [stack: 0x000000e335300000,0x000000e335400000] [id=33456]
  0x0000029b78d69680 GCTaskThread "GC Thread#12" [stack: 0x000000e335400000,0x000000e335500000] [id=33460]
  0x0000029b78d69c00 GCTaskThread "GC Thread#13" [stack: 0x000000e335500000,0x000000e335600000] [id=33464]
  0x0000029b78d68080 GCTaskThread "GC Thread#14" [stack: 0x000000e335600000,0x000000e335700000] [id=33468]
  0x0000029b50b130e0 ConcurrentGCThread "G1 Main Marker" [stack: 0x000000e332800000,0x000000e332900000] [id=12104]
  0x0000029b50b13900 ConcurrentGCThread "G1 Conc#0" [stack: 0x000000e332900000,0x000000e332a00000] [id=24008]
  0x0000029b78d10180 ConcurrentGCThread "G1 Conc#1" [stack: 0x000000e335900000,0x000000e335a00000] [id=33504]
  0x0000029b78d12280 ConcurrentGCThread "G1 Conc#2" [stack: 0x000000e335a00000,0x000000e335b00000] [id=33508]
  0x0000029b78d10f40 ConcurrentGCThread "G1 Conc#3" [stack: 0x000000e335b00000,0x000000e335c00000] [id=33512]
  0x0000029b7098f6c0 ConcurrentGCThread "G1 Refine#0" [stack: 0x000000e332a00000,0x000000e332b00000] [id=30504]
  0x0000029b70990db0 ConcurrentGCThread "G1 Service" [stack: 0x000000e332b00000,0x000000e332c00000] [id=27972]

Threads with active compile tasks:
C2 CompilerThread2    70215 18152       4       org.gradle.internal.vfs.impl.DefaultFileSystemAccess$$Lambda$537/0x0000029b0148dfe0::get (12 bytes)

VM state: not at safepoint (normal execution)

VM Mutex/Monitor currently owned by a thread: None

Heap address: 0x0000000080000000, size: 2048 MB, Compressed Oops mode: 32-bit

CDS archive(s) mapped at: [0x0000029b00000000-0x0000029b00bd0000-0x0000029b00bd0000), size 12386304, SharedBaseAddress: 0x0000029b00000000, ArchiveRelocationMode: 1.
Compressed class space mapped at: 0x0000029b01000000-0x0000029b1b000000, reserved size: 436207616
Narrow klass base: 0x0000029b00000000, Narrow klass shift: 0, Narrow klass range: 0x100000000

GC Precious Log:
 CPUs: 20 total, 20 available
 Memory: 7911M
 Large Page Support: Disabled
 NUMA Support: Disabled
 Compressed Oops: Enabled (32-bit)
 Heap Region Size: 1M
 Heap Min Capacity: 8M
 Heap Initial Capacity: 124M
 Heap Max Capacity: 2G
 Pre-touch: Disabled
 Parallel Workers: 15
 Concurrent Workers: 4
 Concurrent Refinement Workers: 15
 Periodic GC: Disabled

Heap:
 garbage-first heap   total 360448K, used 259126K [0x0000000080000000, 0x0000000100000000)
  region size 1024K, 13 young (13312K), 5 survivors (5120K)
 Metaspace       used 108741K, committed 110464K, reserved 557056K
  class space    used 15097K, committed 15936K, reserved 425984K

Heap Regions: E=young(eden), S=young(survivor), O=old, HS=humongous(starts), HC=humongous(continues), CS=collection set, F=free, OA=open archive, CA=closed archive, TAMS=top-at-mark-start (previous, next)
|   0|0x0000000080000000, 0x0000000080100000, 0x0000000080100000|100%|HS|  |TAMS 0x0000000080100000, 0x0000000080000000| Complete 
|   1|0x0000000080100000, 0x0000000080200000, 0x0000000080200000|100%|HC|  |TAMS 0x0000000080200000, 0x0000000080100000| Complete 
|   2|0x0000000080200000, 0x0000000080300000, 0x0000000080300000|100%|HC|  |TAMS 0x0000000080300000, 0x0000000080200000| Complete 
|   3|0x0000000080300000, 0x0000000080400000, 0x0000000080400000|100%| O|  |TAMS 0x0000000080400000, 0x0000000080300000| Untracked 
|   4|0x0000000080400000, 0x0000000080500000, 0x0000000080500000|100%| O|  |TAMS 0x0000000080500000, 0x0000000080400000| Untracked 
|   5|0x0000000080500000, 0x0000000080600000, 0x0000000080600000|100%| O|  |TAMS 0x0000000080600000, 0x0000000080500000| Untracked 
|   6|0x0000000080600000, 0x0000000080700000, 0x0000000080700000|100%|HS|  |TAMS 0x0000000080700000, 0x0000000080600000| Complete 
|   7|0x0000000080700000, 0x0000000080800000, 0x0000000080800000|100%| O|  |TAMS 0x0000000080800000, 0x0000000080700000| Untracked 
|   8|0x0000000080800000, 0x0000000080900000, 0x0000000080900000|100%| O|  |TAMS 0x0000000080900000, 0x0000000080800000| Untracked 
|   9|0x0000000080900000, 0x0000000080a00000, 0x0000000080a00000|100%| O|  |TAMS 0x0000000080a00000, 0x0000000080900000| Untracked 
|  10|0x0000000080a00000, 0x0000000080b00000, 0x0000000080b00000|100%| O|  |TAMS 0x0000000080b00000, 0x0000000080a00000| Untracked 
|  11|0x0000000080b00000, 0x0000000080c00000, 0x0000000080c00000|100%| O|  |TAMS 0x0000000080c00000, 0x0000000080b00000| Untracked 
|  12|0x0000000080c00000, 0x0000000080d00000, 0x0000000080d00000|100%| O|  |TAMS 0x0000000080d00000, 0x0000000080c00000| Untracked 
|  13|0x0000000080d00000, 0x0000000080e00000, 0x0000000080e00000|100%| O|  |TAMS 0x0000000080e00000, 0x0000000080d00000| Untracked 
|  14|0x0000000080e00000, 0x0000000080f00000, 0x0000000080f00000|100%| O|  |TAMS 0x0000000080f00000, 0x0000000080e00000| Untracked 
|  15|0x0000000080f00000, 0x0000000081000000, 0x0000000081000000|100%| O|  |TAMS 0x0000000081000000, 0x0000000080f00000| Untracked 
|  16|0x0000000081000000, 0x0000000081100000, 0x0000000081100000|100%| O|  |TAMS 0x0000000081100000, 0x0000000081000000| Untracked 
|  17|0x0000000081100000, 0x0000000081200000, 0x0000000081200000|100%| O|  |TAMS 0x0000000081200000, 0x0000000081100000| Untracked 
|  18|0x0000000081200000, 0x0000000081300000, 0x0000000081300000|100%| O|  |TAMS 0x0000000081300000, 0x0000000081200000| Untracked 
|  19|0x0000000081300000, 0x0000000081400000, 0x0000000081400000|100%| O|  |TAMS 0x0000000081400000, 0x0000000081300000| Untracked 
|  20|0x0000000081400000, 0x0000000081500000, 0x0000000081500000|100%| O|  |TAMS 0x0000000081500000, 0x0000000081400000| Untracked 
|  21|0x0000000081500000, 0x0000000081600000, 0x0000000081600000|100%| O|  |TAMS 0x0000000081600000, 0x0000000081500000| Untracked 
|  22|0x0000000081600000, 0x0000000081700000, 0x0000000081700000|100%| O|  |TAMS 0x0000000081700000, 0x0000000081600000| Untracked 
|  23|0x0000000081700000, 0x0000000081800000, 0x0000000081800000|100%| O|  |TAMS 0x0000000081800000, 0x0000000081700000| Untracked 
|  24|0x0000000081800000, 0x0000000081900000, 0x0000000081900000|100%| O|  |TAMS 0x0000000081900000, 0x0000000081800000| Untracked 
|  25|0x0000000081900000, 0x0000000081a00000, 0x0000000081a00000|100%| O|  |TAMS 0x0000000081a00000, 0x0000000081900000| Untracked 
|  26|0x0000000081a00000, 0x0000000081b00000, 0x0000000081b00000|100%| O|  |TAMS 0x0000000081b00000, 0x0000000081a00000| Untracked 
|  27|0x0000000081b00000, 0x0000000081c00000, 0x0000000081c00000|100%| O|  |TAMS 0x0000000081c00000, 0x0000000081b00000| Untracked 
|  28|0x0000000081c00000, 0x0000000081d00000, 0x0000000081d00000|100%| O|  |TAMS 0x0000000081d00000, 0x0000000081c00000| Untracked 
|  29|0x0000000081d00000, 0x0000000081e00000, 0x0000000081e00000|100%| O|  |TAMS 0x0000000081e00000, 0x0000000081d00000| Untracked 
|  30|0x0000000081e00000, 0x0000000081f00000, 0x0000000081f00000|100%|HS|  |TAMS 0x0000000081f00000, 0x0000000081e00000| Complete 
|  31|0x0000000081f00000, 0x0000000082000000, 0x0000000082000000|100%|HC|  |TAMS 0x0000000082000000, 0x0000000081f00000| Complete 
|  32|0x0000000082000000, 0x0000000082100000, 0x0000000082100000|100%|HC|  |TAMS 0x0000000082100000, 0x0000000082000000| Complete 
|  33|0x0000000082100000, 0x0000000082200000, 0x0000000082200000|100%|HS|  |TAMS 0x0000000082200000, 0x0000000082100000| Complete 
|  34|0x0000000082200000, 0x0000000082300000, 0x0000000082300000|100%|HC|  |TAMS 0x0000000082300000, 0x0000000082200000| Complete 
|  35|0x0000000082300000, 0x0000000082400000, 0x0000000082400000|100%|HC|  |TAMS 0x0000000082400000, 0x0000000082300000| Complete 
|  36|0x0000000082400000, 0x0000000082500000, 0x0000000082500000|100%| O|  |TAMS 0x0000000082500000, 0x0000000082400000| Untracked 
|  37|0x0000000082500000, 0x0000000082600000, 0x0000000082600000|100%| O|  |TAMS 0x0000000082600000, 0x0000000082500000| Untracked 
|  38|0x0000000082600000, 0x0000000082700000, 0x0000000082700000|100%| O|  |TAMS 0x0000000082700000, 0x0000000082600000| Untracked 
|  39|0x0000000082700000, 0x0000000082800000, 0x0000000082800000|100%| O|  |TAMS 0x0000000082800000, 0x0000000082700000| Untracked 
|  40|0x0000000082800000, 0x0000000082900000, 0x0000000082900000|100%| O|  |TAMS 0x0000000082900000, 0x0000000082800000| Untracked 
|  41|0x0000000082900000, 0x0000000082a00000, 0x0000000082a00000|100%| O|  |TAMS 0x0000000082a00000, 0x0000000082900000| Untracked 
|  42|0x0000000082a00000, 0x0000000082b00000, 0x0000000082b00000|100%| O|  |TAMS 0x0000000082b00000, 0x0000000082a00000| Untracked 
|  43|0x0000000082b00000, 0x0000000082c00000, 0x0000000082c00000|100%| O|  |TAMS 0x0000000082c00000, 0x0000000082b00000| Untracked 
|  44|0x0000000082c00000, 0x0000000082d00000, 0x0000000082d00000|100%| O|  |TAMS 0x0000000082d00000, 0x0000000082c00000| Untracked 
|  45|0x0000000082d00000, 0x0000000082e00000, 0x0000000082e00000|100%| O|  |TAMS 0x0000000082e00000, 0x0000000082d00000| Untracked 
|  46|0x0000000082e00000, 0x0000000082f00000, 0x0000000082f00000|100%| O|  |TAMS 0x0000000082f00000, 0x0000000082e00000| Untracked 
|  47|0x0000000082f00000, 0x0000000083000000, 0x0000000083000000|100%| O|  |TAMS 0x0000000082f00000, 0x0000000082f00000| Untracked 
|  48|0x0000000083000000, 0x0000000083100000, 0x0000000083100000|100%| O|  |TAMS 0x0000000083100000, 0x0000000083000000| Untracked 
|  49|0x0000000083100000, 0x0000000083200000, 0x0000000083200000|100%| O|  |TAMS 0x0000000083200000, 0x0000000083100000| Untracked 
|  50|0x0000000083200000, 0x0000000083300000, 0x0000000083300000|100%| O|  |TAMS 0x0000000083300000, 0x0000000083200000| Untracked 
|  51|0x0000000083300000, 0x0000000083400000, 0x0000000083400000|100%| O|  |TAMS 0x0000000083300000, 0x0000000083300000| Untracked 
|  52|0x0000000083400000, 0x0000000083500000, 0x0000000083500000|100%| O|  |TAMS 0x0000000083500000, 0x0000000083400000| Untracked 
|  53|0x0000000083500000, 0x0000000083600000, 0x0000000083600000|100%| O|  |TAMS 0x0000000083600000, 0x0000000083500000| Untracked 
|  54|0x0000000083600000, 0x0000000083700000, 0x0000000083700000|100%| O|  |TAMS 0x0000000083700000, 0x0000000083600000| Untracked 
|  55|0x0000000083700000, 0x0000000083800000, 0x0000000083800000|100%| O|  |TAMS 0x0000000083800000, 0x0000000083700000| Untracked 
|  56|0x0000000083800000, 0x0000000083900000, 0x0000000083900000|100%| O|  |TAMS 0x0000000083900000, 0x0000000083800000| Untracked 
|  57|0x0000000083900000, 0x0000000083a00000, 0x0000000083a00000|100%| O|  |TAMS 0x0000000083a00000, 0x0000000083900000| Untracked 
|  58|0x0000000083a00000, 0x0000000083b00000, 0x0000000083b00000|100%| O|  |TAMS 0x0000000083b00000, 0x0000000083a00000| Untracked 
|  59|0x0000000083b00000, 0x0000000083c00000, 0x0000000083c00000|100%| O|  |TAMS 0x0000000083c00000, 0x0000000083b00000| Untracked 
|  60|0x0000000083c00000, 0x0000000083d00000, 0x0000000083d00000|100%| O|  |TAMS 0x0000000083d00000, 0x0000000083c00000| Untracked 
|  61|0x0000000083d00000, 0x0000000083e00000, 0x0000000083e00000|100%| O|  |TAMS 0x0000000083e00000, 0x0000000083d00000| Untracked 
|  62|0x0000000083e00000, 0x0000000083f00000, 0x0000000083f00000|100%| O|  |TAMS 0x0000000083e23200, 0x0000000083e00000| Untracked 
|  63|0x0000000083f00000, 0x0000000084000000, 0x0000000084000000|100%| O|  |TAMS 0x0000000083f00000, 0x0000000083f00000| Untracked 
|  64|0x0000000084000000, 0x0000000084100000, 0x0000000084100000|100%| O|  |TAMS 0x0000000084000000, 0x0000000084000000| Untracked 
|  65|0x0000000084100000, 0x0000000084200000, 0x0000000084200000|100%| O|  |TAMS 0x0000000084100000, 0x0000000084100000| Untracked 
|  66|0x0000000084200000, 0x0000000084300000, 0x0000000084300000|100%| O|  |TAMS 0x0000000084200000, 0x0000000084200000| Untracked 
|  67|0x0000000084300000, 0x0000000084400000, 0x0000000084400000|100%| O|  |TAMS 0x0000000084300000, 0x0000000084300000| Untracked 
|  68|0x0000000084400000, 0x0000000084500000, 0x0000000084500000|100%| O|  |TAMS 0x0000000084400000, 0x0000000084400000| Untracked 
|  69|0x0000000084500000, 0x0000000084600000, 0x0000000084600000|100%| O|  |TAMS 0x0000000084500000, 0x0000000084500000| Untracked 
|  70|0x0000000084600000, 0x0000000084700000, 0x0000000084700000|100%| O|  |TAMS 0x0000000084600000, 0x0000000084600000| Untracked 
|  71|0x0000000084700000, 0x0000000084800000, 0x0000000084800000|100%| O|  |TAMS 0x0000000084700000, 0x0000000084700000| Untracked 
|  72|0x0000000084800000, 0x0000000084900000, 0x0000000084900000|100%| O|  |TAMS 0x0000000084800000, 0x0000000084800000| Untracked 
|  73|0x0000000084900000, 0x0000000084a00000, 0x0000000084a00000|100%| O|  |TAMS 0x0000000084900000, 0x0000000084900000| Untracked 
|  74|0x0000000084a00000, 0x0000000084b00000, 0x0000000084b00000|100%| O|  |TAMS 0x0000000084a00000, 0x0000000084a00000| Untracked 
|  75|0x0000000084b00000, 0x0000000084c00000, 0x0000000084c00000|100%| O|  |TAMS 0x0000000084b00000, 0x0000000084b00000| Untracked 
|  76|0x0000000084c00000, 0x0000000084d00000, 0x0000000084d00000|100%| O|  |TAMS 0x0000000084c00000, 0x0000000084c00000| Untracked 
|  77|0x0000000084d00000, 0x0000000084e00000, 0x0000000084e00000|100%| O|  |TAMS 0x0000000084d00000, 0x0000000084d00000| Untracked 
|  78|0x0000000084e00000, 0x0000000084f00000, 0x0000000084f00000|100%| O|  |TAMS 0x0000000084e00000, 0x0000000084e00000| Untracked 
|  79|0x0000000084f00000, 0x0000000085000000, 0x0000000085000000|100%| O|  |TAMS 0x0000000084f00000, 0x0000000084f00000| Untracked 
|  80|0x0000000085000000, 0x0000000085100000, 0x0000000085100000|100%|HS|  |TAMS 0x0000000085000000, 0x0000000085000000| Complete 
|  81|0x0000000085100000, 0x0000000085200000, 0x0000000085200000|100%|HS|  |TAMS 0x0000000085100000, 0x0000000085100000| Complete 
|  82|0x0000000085200000, 0x0000000085300000, 0x0000000085300000|100%|HS|  |TAMS 0x0000000085200000, 0x0000000085200000| Complete 
|  83|0x0000000085300000, 0x0000000085400000, 0x0000000085400000|100%|HS|  |TAMS 0x0000000085300000, 0x0000000085300000| Complete 
|  84|0x0000000085400000, 0x0000000085500000, 0x0000000085500000|100%| O|  |TAMS 0x0000000085400000, 0x0000000085400000| Untracked 
|  85|0x0000000085500000, 0x0000000085600000, 0x0000000085600000|100%|HS|  |TAMS 0x0000000085500000, 0x0000000085500000| Complete 
|  86|0x0000000085600000, 0x0000000085700000, 0x0000000085700000|100%|HS|  |TAMS 0x0000000085600000, 0x0000000085600000| Complete 
|  87|0x0000000085700000, 0x0000000085800000, 0x0000000085800000|100%|HS|  |TAMS 0x0000000085700000, 0x0000000085700000| Complete 
|  88|0x0000000085800000, 0x0000000085900000, 0x0000000085900000|100%|HC|  |TAMS 0x0000000085800000, 0x0000000085800000| Complete 
|  89|0x0000000085900000, 0x0000000085a00000, 0x0000000085a00000|100%|HC|  |TAMS 0x0000000085900000, 0x0000000085900000| Complete 
|  90|0x0000000085a00000, 0x0000000085b00000, 0x0000000085b00000|100%|HS|  |TAMS 0x0000000085a00000, 0x0000000085a00000| Complete 
|  91|0x0000000085b00000, 0x0000000085c00000, 0x0000000085c00000|100%| O|  |TAMS 0x0000000085b00000, 0x0000000085b00000| Untracked 
|  92|0x0000000085c00000, 0x0000000085d00000, 0x0000000085d00000|100%| O|  |TAMS 0x0000000085c00000, 0x0000000085c00000| Untracked 
|  93|0x0000000085d00000, 0x0000000085e00000, 0x0000000085e00000|100%| O|  |TAMS 0x0000000085d00000, 0x0000000085d00000| Untracked 
|  94|0x0000000085e00000, 0x0000000085f00000, 0x0000000085f00000|100%| O|  |TAMS 0x0000000085e00000, 0x0000000085e00000| Untracked 
|  95|0x0000000085f00000, 0x0000000086000000, 0x0000000086000000|100%| O|  |TAMS 0x0000000085f00000, 0x0000000085f00000| Untracked 
|  96|0x0000000086000000, 0x0000000086100000, 0x0000000086100000|100%| O|  |TAMS 0x0000000086000000, 0x0000000086000000| Untracked 
|  97|0x0000000086100000, 0x0000000086200000, 0x0000000086200000|100%| O|  |TAMS 0x0000000086100000, 0x0000000086100000| Untracked 
|  98|0x0000000086200000, 0x0000000086300000, 0x0000000086300000|100%| O|  |TAMS 0x0000000086200000, 0x0000000086200000| Untracked 
|  99|0x0000000086300000, 0x0000000086400000, 0x0000000086400000|100%| O|  |TAMS 0x0000000086300000, 0x0000000086300000| Untracked 
| 100|0x0000000086400000, 0x0000000086500000, 0x0000000086500000|100%| O|  |TAMS 0x0000000086400000, 0x0000000086400000| Untracked 
| 101|0x0000000086500000, 0x0000000086600000, 0x0000000086600000|100%| O|  |TAMS 0x0000000086500000, 0x0000000086500000| Untracked 
| 102|0x0000000086600000, 0x0000000086700000, 0x0000000086700000|100%| O|  |TAMS 0x0000000086600000, 0x0000000086600000| Untracked 
| 103|0x0000000086700000, 0x0000000086800000, 0x0000000086800000|100%| O|  |TAMS 0x0000000086700000, 0x0000000086700000| Untracked 
| 104|0x0000000086800000, 0x0000000086900000, 0x0000000086900000|100%| O|  |TAMS 0x0000000086800000, 0x0000000086800000| Untracked 
| 105|0x0000000086900000, 0x0000000086a00000, 0x0000000086a00000|100%| O|  |TAMS 0x0000000086900000, 0x0000000086900000| Untracked 
| 106|0x0000000086a00000, 0x0000000086b00000, 0x0000000086b00000|100%| O|  |TAMS 0x0000000086a00000, 0x0000000086a00000| Untracked 
| 107|0x0000000086b00000, 0x0000000086c00000, 0x0000000086c00000|100%| O|  |TAMS 0x0000000086b00000, 0x0000000086b00000| Untracked 
| 108|0x0000000086c00000, 0x0000000086d00000, 0x0000000086d00000|100%| O|  |TAMS 0x0000000086c00000, 0x0000000086c00000| Untracked 
| 109|0x0000000086d00000, 0x0000000086e00000, 0x0000000086e00000|100%| O|  |TAMS 0x0000000086d00000, 0x0000000086d00000| Untracked 
| 110|0x0000000086e00000, 0x0000000086f00000, 0x0000000086f00000|100%| O|  |TAMS 0x0000000086e00000, 0x0000000086e00000| Untracked 
| 111|0x0000000086f00000, 0x0000000087000000, 0x0000000087000000|100%| O|  |TAMS 0x0000000086f00000, 0x0000000086f00000| Untracked 
| 112|0x0000000087000000, 0x0000000087100000, 0x0000000087100000|100%| O|  |TAMS 0x0000000087000000, 0x0000000087000000| Untracked 
| 113|0x0000000087100000, 0x0000000087200000, 0x0000000087200000|100%| O|  |TAMS 0x0000000087100000, 0x0000000087100000| Untracked 
| 114|0x0000000087200000, 0x0000000087300000, 0x0000000087300000|100%| O|  |TAMS 0x0000000087200000, 0x0000000087200000| Untracked 
| 115|0x0000000087300000, 0x0000000087400000, 0x0000000087400000|100%| O|  |TAMS 0x0000000087300000, 0x0000000087300000| Untracked 
| 116|0x0000000087400000, 0x0000000087500000, 0x0000000087500000|100%| O|  |TAMS 0x0000000087400000, 0x0000000087400000| Untracked 
| 117|0x0000000087500000, 0x0000000087600000, 0x0000000087600000|100%| O|  |TAMS 0x0000000087500000, 0x0000000087500000| Untracked 
| 118|0x0000000087600000, 0x0000000087700000, 0x0000000087700000|100%| O|  |TAMS 0x0000000087600000, 0x0000000087600000| Untracked 
| 119|0x0000000087700000, 0x0000000087800000, 0x0000000087800000|100%| O|  |TAMS 0x0000000087700000, 0x0000000087700000| Untracked 
| 120|0x0000000087800000, 0x0000000087900000, 0x0000000087900000|100%| O|  |TAMS 0x0000000087800000, 0x0000000087800000| Untracked 
| 121|0x0000000087900000, 0x0000000087a00000, 0x0000000087a00000|100%| O|  |TAMS 0x0000000087900000, 0x0000000087900000| Untracked 
| 122|0x0000000087a00000, 0x0000000087b00000, 0x0000000087b00000|100%| O|  |TAMS 0x0000000087a00000, 0x0000000087a00000| Untracked 
| 123|0x0000000087b00000, 0x0000000087c00000, 0x0000000087c00000|100%| O|  |TAMS 0x0000000087b00000, 0x0000000087b00000| Untracked 
| 124|0x0000000087c00000, 0x0000000087d00000, 0x0000000087d00000|100%| O|  |TAMS 0x0000000087c00000, 0x0000000087c00000| Untracked 
| 125|0x0000000087d00000, 0x0000000087e00000, 0x0000000087e00000|100%| O|  |TAMS 0x0000000087d00000, 0x0000000087d00000| Untracked 
| 126|0x0000000087e00000, 0x0000000087f00000, 0x0000000087f00000|100%| O|  |TAMS 0x0000000087e00000, 0x0000000087e00000| Untracked 
| 127|0x0000000087f00000, 0x0000000088000000, 0x0000000088000000|100%| O|  |TAMS 0x0000000087f00000, 0x0000000087f00000| Untracked 
| 128|0x0000000088000000, 0x0000000088100000, 0x0000000088100000|100%| O|  |TAMS 0x0000000088000000, 0x0000000088000000| Untracked 
| 129|0x0000000088100000, 0x0000000088200000, 0x0000000088200000|100%| O|  |TAMS 0x0000000088100000, 0x0000000088100000| Untracked 
| 130|0x0000000088200000, 0x0000000088300000, 0x0000000088300000|100%|HS|  |TAMS 0x0000000088200000, 0x0000000088200000| Complete 
| 131|0x0000000088300000, 0x0000000088400000, 0x0000000088400000|100%|HS|  |TAMS 0x0000000088300000, 0x0000000088300000| Complete 
| 132|0x0000000088400000, 0x0000000088500000, 0x0000000088500000|100%|HS|  |TAMS 0x0000000088400000, 0x0000000088400000| Complete 
| 133|0x0000000088500000, 0x0000000088600000, 0x0000000088600000|100%|HC|  |TAMS 0x0000000088500000, 0x0000000088500000| Complete 
| 134|0x0000000088600000, 0x0000000088700000, 0x0000000088700000|100%| O|  |TAMS 0x0000000088600000, 0x0000000088600000| Untracked 
| 135|0x0000000088700000, 0x0000000088800000, 0x0000000088800000|100%| O|  |TAMS 0x0000000088700000, 0x0000000088700000| Untracked 
| 136|0x0000000088800000, 0x0000000088900000, 0x0000000088900000|100%| O|  |TAMS 0x0000000088800000, 0x0000000088800000| Untracked 
| 137|0x0000000088900000, 0x0000000088a00000, 0x0000000088a00000|100%| O|  |TAMS 0x0000000088900000, 0x0000000088900000| Untracked 
| 138|0x0000000088a00000, 0x0000000088b00000, 0x0000000088b00000|100%| O|  |TAMS 0x0000000088a00000, 0x0000000088a00000| Untracked 
| 139|0x0000000088b00000, 0x0000000088c00000, 0x0000000088c00000|100%| O|  |TAMS 0x0000000088b00000, 0x0000000088b00000| Untracked 
| 140|0x0000000088c00000, 0x0000000088d00000, 0x0000000088d00000|100%| O|  |TAMS 0x0000000088c00000, 0x0000000088c00000| Untracked 
| 141|0x0000000088d00000, 0x0000000088e00000, 0x0000000088e00000|100%| O|  |TAMS 0x0000000088d00000, 0x0000000088d00000| Untracked 
| 142|0x0000000088e00000, 0x0000000088f00000, 0x0000000088f00000|100%| O|  |TAMS 0x0000000088e00000, 0x0000000088e00000| Untracked 
| 143|0x0000000088f00000, 0x0000000089000000, 0x0000000089000000|100%| O|  |TAMS 0x0000000088f00000, 0x0000000088f00000| Untracked 
| 144|0x0000000089000000, 0x0000000089100000, 0x0000000089100000|100%| O|  |TAMS 0x0000000089000000, 0x0000000089000000| Untracked 
| 145|0x0000000089100000, 0x0000000089200000, 0x0000000089200000|100%| O|  |TAMS 0x0000000089100000, 0x0000000089100000| Untracked 
| 146|0x0000000089200000, 0x0000000089300000, 0x0000000089300000|100%| O|  |TAMS 0x0000000089200000, 0x0000000089200000| Untracked 
| 147|0x0000000089300000, 0x0000000089400000, 0x0000000089400000|100%| O|  |TAMS 0x0000000089300000, 0x0000000089300000| Untracked 
| 148|0x0000000089400000, 0x0000000089500000, 0x0000000089500000|100%| O|  |TAMS 0x0000000089400000, 0x0000000089400000| Untracked 
| 149|0x0000000089500000, 0x0000000089600000, 0x0000000089600000|100%| O|  |TAMS 0x0000000089500000, 0x0000000089500000| Untracked 
| 150|0x0000000089600000, 0x0000000089700000, 0x0000000089700000|100%| O|  |TAMS 0x0000000089600000, 0x0000000089600000| Untracked 
| 151|0x0000000089700000, 0x0000000089800000, 0x0000000089800000|100%| O|  |TAMS 0x0000000089700000, 0x0000000089700000| Untracked 
| 152|0x0000000089800000, 0x0000000089900000, 0x0000000089900000|100%| O|  |TAMS 0x0000000089800000, 0x0000000089800000| Untracked 
| 153|0x0000000089900000, 0x0000000089a00000, 0x0000000089a00000|100%| O|  |TAMS 0x0000000089900000, 0x0000000089900000| Untracked 
| 154|0x0000000089a00000, 0x0000000089b00000, 0x0000000089b00000|100%| O|  |TAMS 0x0000000089a00000, 0x0000000089a00000| Untracked 
| 155|0x0000000089b00000, 0x0000000089c00000, 0x0000000089c00000|100%| O|  |TAMS 0x0000000089b00000, 0x0000000089b00000| Untracked 
| 156|0x0000000089c00000, 0x0000000089d00000, 0x0000000089d00000|100%| O|  |TAMS 0x0000000089c00000, 0x0000000089c00000| Untracked 
| 157|0x0000000089d00000, 0x0000000089e00000, 0x0000000089e00000|100%| O|  |TAMS 0x0000000089d00000, 0x0000000089d00000| Untracked 
| 158|0x0000000089e00000, 0x0000000089f00000, 0x0000000089f00000|100%| O|  |TAMS 0x0000000089e00000, 0x0000000089e00000| Untracked 
| 159|0x0000000089f00000, 0x000000008a000000, 0x000000008a000000|100%| O|  |TAMS 0x0000000089f00000, 0x0000000089f00000| Untracked 
| 160|0x000000008a000000, 0x000000008a100000, 0x000000008a100000|100%| O|  |TAMS 0x000000008a000000, 0x000000008a000000| Untracked 
| 161|0x000000008a100000, 0x000000008a200000, 0x000000008a200000|100%| O|  |TAMS 0x000000008a100000, 0x000000008a100000| Untracked 
| 162|0x000000008a200000, 0x000000008a300000, 0x000000008a300000|100%| O|  |TAMS 0x000000008a200000, 0x000000008a200000| Untracked 
| 163|0x000000008a300000, 0x000000008a400000, 0x000000008a400000|100%| O|  |TAMS 0x000000008a300000, 0x000000008a300000| Untracked 
| 164|0x000000008a400000, 0x000000008a500000, 0x000000008a500000|100%| O|  |TAMS 0x000000008a400000, 0x000000008a400000| Untracked 
| 165|0x000000008a500000, 0x000000008a600000, 0x000000008a600000|100%| O|  |TAMS 0x000000008a500000, 0x000000008a500000| Untracked 
| 166|0x000000008a600000, 0x000000008a700000, 0x000000008a700000|100%| O|  |TAMS 0x000000008a600000, 0x000000008a600000| Untracked 
| 167|0x000000008a700000, 0x000000008a800000, 0x000000008a800000|100%| O|  |TAMS 0x000000008a700000, 0x000000008a700000| Untracked 
| 168|0x000000008a800000, 0x000000008a900000, 0x000000008a900000|100%| O|  |TAMS 0x000000008a800000, 0x000000008a800000| Untracked 
| 169|0x000000008a900000, 0x000000008aa00000, 0x000000008aa00000|100%| O|  |TAMS 0x000000008a900000, 0x000000008a900000| Untracked 
| 170|0x000000008aa00000, 0x000000008ab00000, 0x000000008ab00000|100%| O|  |TAMS 0x000000008aa00000, 0x000000008aa00000| Untracked 
| 171|0x000000008ab00000, 0x000000008ac00000, 0x000000008ac00000|100%| O|  |TAMS 0x000000008ab00000, 0x000000008ab00000| Untracked 
| 172|0x000000008ac00000, 0x000000008ad00000, 0x000000008ad00000|100%| O|  |TAMS 0x000000008ac00000, 0x000000008ac00000| Untracked 
| 173|0x000000008ad00000, 0x000000008ae00000, 0x000000008ae00000|100%| O|  |TAMS 0x000000008ad00000, 0x000000008ad00000| Untracked 
| 174|0x000000008ae00000, 0x000000008af00000, 0x000000008af00000|100%| O|  |TAMS 0x000000008ae00000, 0x000000008ae00000| Untracked 
| 175|0x000000008af00000, 0x000000008b000000, 0x000000008b000000|100%| O|  |TAMS 0x000000008af00000, 0x000000008af00000| Untracked 
| 176|0x000000008b000000, 0x000000008b100000, 0x000000008b100000|100%| O|  |TAMS 0x000000008b000000, 0x000000008b000000| Untracked 
| 177|0x000000008b100000, 0x000000008b200000, 0x000000008b200000|100%| O|  |TAMS 0x000000008b100000, 0x000000008b100000| Untracked 
| 178|0x000000008b200000, 0x000000008b300000, 0x000000008b300000|100%| O|  |TAMS 0x000000008b200000, 0x000000008b200000| Untracked 
| 179|0x000000008b300000, 0x000000008b400000, 0x000000008b400000|100%| O|  |TAMS 0x000000008b300000, 0x000000008b300000| Untracked 
| 180|0x000000008b400000, 0x000000008b500000, 0x000000008b500000|100%| O|  |TAMS 0x000000008b400000, 0x000000008b400000| Untracked 
| 181|0x000000008b500000, 0x000000008b600000, 0x000000008b600000|100%|HS|  |TAMS 0x000000008b500000, 0x000000008b500000| Complete 
| 182|0x000000008b600000, 0x000000008b700000, 0x000000008b700000|100%|HS|  |TAMS 0x000000008b600000, 0x000000008b600000| Complete 
| 183|0x000000008b700000, 0x000000008b800000, 0x000000008b800000|100%|HS|  |TAMS 0x000000008b700000, 0x000000008b700000| Complete 
| 184|0x000000008b800000, 0x000000008b900000, 0x000000008b900000|100%| O|  |TAMS 0x000000008b800000, 0x000000008b800000| Untracked 
| 185|0x000000008b900000, 0x000000008ba00000, 0x000000008ba00000|100%| O|  |TAMS 0x000000008b900000, 0x000000008b900000| Untracked 
| 186|0x000000008ba00000, 0x000000008bb00000, 0x000000008bb00000|100%| O|  |TAMS 0x000000008ba00000, 0x000000008ba00000| Untracked 
| 187|0x000000008bb00000, 0x000000008bc00000, 0x000000008bc00000|100%| O|  |TAMS 0x000000008bb00000, 0x000000008bb00000| Untracked 
| 188|0x000000008bc00000, 0x000000008bd00000, 0x000000008bd00000|100%| O|  |TAMS 0x000000008bc00000, 0x000000008bc00000| Untracked 
| 189|0x000000008bd00000, 0x000000008be00000, 0x000000008be00000|100%| O|  |TAMS 0x000000008bd00000, 0x000000008bd00000| Untracked 
| 190|0x000000008be00000, 0x000000008bf00000, 0x000000008bf00000|100%| O|  |TAMS 0x000000008be00000, 0x000000008be00000| Untracked 
| 191|0x000000008bf00000, 0x000000008c000000, 0x000000008c000000|100%| O|  |TAMS 0x000000008bf00000, 0x000000008bf00000| Untracked 
| 192|0x000000008c000000, 0x000000008c100000, 0x000000008c100000|100%| O|  |TAMS 0x000000008c000000, 0x000000008c000000| Untracked 
| 193|0x000000008c100000, 0x000000008c200000, 0x000000008c200000|100%| O|  |TAMS 0x000000008c100000, 0x000000008c100000| Untracked 
| 194|0x000000008c200000, 0x000000008c300000, 0x000000008c300000|100%| O|  |TAMS 0x000000008c200000, 0x000000008c200000| Untracked 
| 195|0x000000008c300000, 0x000000008c400000, 0x000000008c400000|100%| O|  |TAMS 0x000000008c300000, 0x000000008c300000| Untracked 
| 196|0x000000008c400000, 0x000000008c500000, 0x000000008c500000|100%| O|  |TAMS 0x000000008c400000, 0x000000008c400000| Untracked 
| 197|0x000000008c500000, 0x000000008c600000, 0x000000008c600000|100%| O|  |TAMS 0x000000008c500000, 0x000000008c500000| Untracked 
| 198|0x000000008c600000, 0x000000008c700000, 0x000000008c700000|100%| O|  |TAMS 0x000000008c600000, 0x000000008c600000| Untracked 
| 199|0x000000008c700000, 0x000000008c800000, 0x000000008c800000|100%| O|  |TAMS 0x000000008c700000, 0x000000008c700000| Untracked 
| 200|0x000000008c800000, 0x000000008c900000, 0x000000008c900000|100%|HS|  |TAMS 0x000000008c800000, 0x000000008c800000| Complete 
| 201|0x000000008c900000, 0x000000008ca00000, 0x000000008ca00000|100%|HS|  |TAMS 0x000000008c900000, 0x000000008c900000| Complete 
| 202|0x000000008ca00000, 0x000000008cb00000, 0x000000008cb00000|100%|HS|  |TAMS 0x000000008ca00000, 0x000000008ca00000| Complete 
| 203|0x000000008cb00000, 0x000000008cc00000, 0x000000008cc00000|100%|HS|  |TAMS 0x000000008cb00000, 0x000000008cb00000| Complete 
| 204|0x000000008cc00000, 0x000000008cd00000, 0x000000008cd00000|100%| O|  |TAMS 0x000000008cc00000, 0x000000008cc00000| Untracked 
| 205|0x000000008cd00000, 0x000000008ce00000, 0x000000008ce00000|100%| O|  |TAMS 0x000000008cd00000, 0x000000008cd00000| Untracked 
| 206|0x000000008ce00000, 0x000000008cf00000, 0x000000008cf00000|100%| O|  |TAMS 0x000000008ce00000, 0x000000008ce00000| Untracked 
| 207|0x000000008cf00000, 0x000000008d000000, 0x000000008d000000|100%| O|  |TAMS 0x000000008cf00000, 0x000000008cf00000| Untracked 
| 208|0x000000008d000000, 0x000000008d100000, 0x000000008d100000|100%| O|  |TAMS 0x000000008d000000, 0x000000008d000000| Untracked 
| 209|0x000000008d100000, 0x000000008d200000, 0x000000008d200000|100%| O|  |TAMS 0x000000008d100000, 0x000000008d100000| Untracked 
| 210|0x000000008d200000, 0x000000008d300000, 0x000000008d300000|100%| O|  |TAMS 0x000000008d200000, 0x000000008d200000| Untracked 
| 211|0x000000008d300000, 0x000000008d400000, 0x000000008d400000|100%| O|  |TAMS 0x000000008d300000, 0x000000008d300000| Untracked 
| 212|0x000000008d400000, 0x000000008d500000, 0x000000008d500000|100%| O|  |TAMS 0x000000008d400000, 0x000000008d400000| Untracked 
| 213|0x000000008d500000, 0x000000008d600000, 0x000000008d600000|100%| O|  |TAMS 0x000000008d500000, 0x000000008d500000| Untracked 
| 214|0x000000008d600000, 0x000000008d700000, 0x000000008d700000|100%| O|  |TAMS 0x000000008d600000, 0x000000008d600000| Untracked 
| 215|0x000000008d700000, 0x000000008d800000, 0x000000008d800000|100%| O|  |TAMS 0x000000008d700000, 0x000000008d700000| Untracked 
| 216|0x000000008d800000, 0x000000008d900000, 0x000000008d900000|100%| O|  |TAMS 0x000000008d800000, 0x000000008d800000| Untracked 
| 217|0x000000008d900000, 0x000000008da00000, 0x000000008da00000|100%| O|  |TAMS 0x000000008d900000, 0x000000008d900000| Untracked 
| 218|0x000000008da00000, 0x000000008db00000, 0x000000008db00000|100%| O|  |TAMS 0x000000008da00000, 0x000000008da00000| Untracked 
| 219|0x000000008db00000, 0x000000008dc00000, 0x000000008dc00000|100%| O|  |TAMS 0x000000008db00000, 0x000000008db00000| Untracked 
| 220|0x000000008dc00000, 0x000000008dd00000, 0x000000008dd00000|100%| O|  |TAMS 0x000000008dc00000, 0x000000008dc00000| Untracked 
| 221|0x000000008dd00000, 0x000000008de00000, 0x000000008de00000|100%| O|  |TAMS 0x000000008dd00000, 0x000000008dd00000| Untracked 
| 222|0x000000008de00000, 0x000000008df00000, 0x000000008df00000|100%| O|  |TAMS 0x000000008de00000, 0x000000008de00000| Untracked 
| 223|0x000000008df00000, 0x000000008e000000, 0x000000008e000000|100%| O|  |TAMS 0x000000008df00000, 0x000000008df00000| Untracked 
| 224|0x000000008e000000, 0x000000008e100000, 0x000000008e100000|100%| O|  |TAMS 0x000000008e000000, 0x000000008e000000| Untracked 
| 225|0x000000008e100000, 0x000000008e200000, 0x000000008e200000|100%| O|  |TAMS 0x000000008e100000, 0x000000008e100000| Untracked 
| 226|0x000000008e200000, 0x000000008e300000, 0x000000008e300000|100%| O|  |TAMS 0x000000008e200000, 0x000000008e200000| Untracked 
| 227|0x000000008e300000, 0x000000008e400000, 0x000000008e400000|100%|HS|  |TAMS 0x000000008e300000, 0x000000008e300000| Complete 
| 228|0x000000008e400000, 0x000000008e500000, 0x000000008e500000|100%|HS|  |TAMS 0x000000008e400000, 0x000000008e400000| Complete 
| 229|0x000000008e500000, 0x000000008e600000, 0x000000008e600000|100%|HS|  |TAMS 0x000000008e500000, 0x000000008e500000| Complete 
| 230|0x000000008e600000, 0x000000008e700000, 0x000000008e700000|100%| O|  |TAMS 0x000000008e600000, 0x000000008e600000| Untracked 
| 231|0x000000008e700000, 0x000000008e800000, 0x000000008e800000|100%| O|  |TAMS 0x000000008e700000, 0x000000008e700000| Untracked 
| 232|0x000000008e800000, 0x000000008e900000, 0x000000008e900000|100%| O|  |TAMS 0x000000008e800000, 0x000000008e800000| Untracked 
| 233|0x000000008e900000, 0x000000008ea00000, 0x000000008ea00000|100%| O|  |TAMS 0x000000008e900000, 0x000000008e900000| Untracked 
| 234|0x000000008ea00000, 0x000000008eb00000, 0x000000008eb00000|100%| O|  |TAMS 0x000000008ea00000, 0x000000008ea00000| Untracked 
| 235|0x000000008eb00000, 0x000000008ec00000, 0x000000008ec00000|100%| O|  |TAMS 0x000000008eb00000, 0x000000008eb00000| Untracked 
| 236|0x000000008ec00000, 0x000000008ed00000, 0x000000008ed00000|100%| O|  |TAMS 0x000000008ec00000, 0x000000008ec00000| Untracked 
| 237|0x000000008ed00000, 0x000000008ee00000, 0x000000008ee00000|100%| O|  |TAMS 0x000000008ed00000, 0x000000008ed00000| Untracked 
| 238|0x000000008ee00000, 0x000000008ef00000, 0x000000008ef00000|100%| O|  |TAMS 0x000000008ee00000, 0x000000008ee00000| Untracked 
| 239|0x000000008ef00000, 0x000000008f000000, 0x000000008f000000|100%| O|  |TAMS 0x000000008ef00000, 0x000000008ef00000| Untracked 
| 240|0x000000008f000000, 0x000000008f100000, 0x000000008f100000|100%| O|  |TAMS 0x000000008f000000, 0x000000008f000000| Untracked 
| 241|0x000000008f100000, 0x000000008f1dee00, 0x000000008f200000| 87%| O|  |TAMS 0x000000008f100000, 0x000000008f100000| Untracked 
| 242|0x000000008f200000, 0x000000008f300000, 0x000000008f300000|100%|HS|  |TAMS 0x000000008f200000, 0x000000008f200000| Complete 
| 243|0x000000008f300000, 0x000000008f300000, 0x000000008f400000|  0%| F|  |TAMS 0x000000008f300000, 0x000000008f300000| Untracked 
| 244|0x000000008f400000, 0x000000008f400000, 0x000000008f500000|  0%| F|  |TAMS 0x000000008f400000, 0x000000008f400000| Untracked 
| 245|0x000000008f500000, 0x000000008f500000, 0x000000008f600000|  0%| F|  |TAMS 0x000000008f500000, 0x000000008f500000| Untracked 
| 246|0x000000008f600000, 0x000000008f600000, 0x000000008f700000|  0%| F|  |TAMS 0x000000008f600000, 0x000000008f600000| Untracked 
| 247|0x000000008f700000, 0x000000008f700000, 0x000000008f800000|  0%| F|  |TAMS 0x000000008f700000, 0x000000008f700000| Untracked 
| 248|0x000000008f800000, 0x000000008f800000, 0x000000008f900000|  0%| F|  |TAMS 0x000000008f800000, 0x000000008f800000| Untracked 
| 249|0x000000008f900000, 0x000000008f900000, 0x000000008fa00000|  0%| F|  |TAMS 0x000000008f900000, 0x000000008f900000| Untracked 
| 250|0x000000008fa00000, 0x000000008fa00000, 0x000000008fb00000|  0%| F|  |TAMS 0x000000008fa00000, 0x000000008fa00000| Untracked 
| 251|0x000000008fb00000, 0x000000008fb00000, 0x000000008fc00000|  0%| F|  |TAMS 0x000000008fb00000, 0x000000008fb00000| Untracked 
| 252|0x000000008fc00000, 0x000000008fc00000, 0x000000008fd00000|  0%| F|  |TAMS 0x000000008fc00000, 0x000000008fc00000| Untracked 
| 253|0x000000008fd00000, 0x000000008fd00000, 0x000000008fe00000|  0%| F|  |TAMS 0x000000008fd00000, 0x000000008fd00000| Untracked 
| 254|0x000000008fe00000, 0x000000008fe00000, 0x000000008ff00000|  0%| F|  |TAMS 0x000000008fe00000, 0x000000008fe00000| Untracked 
| 255|0x000000008ff00000, 0x000000008ff00000, 0x0000000090000000|  0%| F|  |TAMS 0x000000008ff00000, 0x000000008ff00000| Untracked 
| 256|0x0000000090000000, 0x0000000090000000, 0x0000000090100000|  0%| F|  |TAMS 0x0000000090000000, 0x0000000090000000| Untracked 
| 257|0x0000000090100000, 0x0000000090100000, 0x0000000090200000|  0%| F|  |TAMS 0x0000000090100000, 0x0000000090100000| Untracked 
| 258|0x0000000090200000, 0x0000000090200000, 0x0000000090300000|  0%| F|  |TAMS 0x0000000090200000, 0x0000000090200000| Untracked 
| 259|0x0000000090300000, 0x0000000090300000, 0x0000000090400000|  0%| F|  |TAMS 0x0000000090300000, 0x0000000090300000| Untracked 
| 260|0x0000000090400000, 0x0000000090400000, 0x0000000090500000|  0%| F|  |TAMS 0x0000000090400000, 0x0000000090400000| Untracked 
| 261|0x0000000090500000, 0x0000000090500000, 0x0000000090600000|  0%| F|  |TAMS 0x0000000090500000, 0x0000000090500000| Untracked 
| 262|0x0000000090600000, 0x0000000090600000, 0x0000000090700000|  0%| F|  |TAMS 0x0000000090600000, 0x0000000090600000| Untracked 
| 263|0x0000000090700000, 0x0000000090700000, 0x0000000090800000|  0%| F|  |TAMS 0x0000000090700000, 0x0000000090700000| Untracked 
| 264|0x0000000090800000, 0x0000000090800000, 0x0000000090900000|  0%| F|  |TAMS 0x0000000090800000, 0x0000000090800000| Untracked 
| 265|0x0000000090900000, 0x0000000090900000, 0x0000000090a00000|  0%| F|  |TAMS 0x0000000090900000, 0x0000000090900000| Untracked 
| 266|0x0000000090a00000, 0x0000000090a00000, 0x0000000090b00000|  0%| F|  |TAMS 0x0000000090a00000, 0x0000000090a00000| Untracked 
| 267|0x0000000090b00000, 0x0000000090b00000, 0x0000000090c00000|  0%| F|  |TAMS 0x0000000090b00000, 0x0000000090b00000| Untracked 
| 268|0x0000000090c00000, 0x0000000090c00000, 0x0000000090d00000|  0%| F|  |TAMS 0x0000000090c00000, 0x0000000090c00000| Untracked 
| 269|0x0000000090d00000, 0x0000000090d00000, 0x0000000090e00000|  0%| F|  |TAMS 0x0000000090d00000, 0x0000000090d00000| Untracked 
| 270|0x0000000090e00000, 0x0000000090e00000, 0x0000000090f00000|  0%| F|  |TAMS 0x0000000090e00000, 0x0000000090e00000| Untracked 
| 271|0x0000000090f00000, 0x0000000090f00000, 0x0000000091000000|  0%| F|  |TAMS 0x0000000090f00000, 0x0000000090f00000| Untracked 
| 272|0x0000000091000000, 0x0000000091000000, 0x0000000091100000|  0%| F|  |TAMS 0x0000000091000000, 0x0000000091000000| Untracked 
| 273|0x0000000091100000, 0x0000000091100000, 0x0000000091200000|  0%| F|  |TAMS 0x0000000091100000, 0x0000000091100000| Untracked 
| 274|0x0000000091200000, 0x0000000091200000, 0x0000000091300000|  0%| F|  |TAMS 0x0000000091200000, 0x0000000091200000| Untracked 
| 275|0x0000000091300000, 0x0000000091300000, 0x0000000091400000|  0%| F|  |TAMS 0x0000000091300000, 0x0000000091300000| Untracked 
| 276|0x0000000091400000, 0x0000000091400000, 0x0000000091500000|  0%| F|  |TAMS 0x0000000091400000, 0x0000000091400000| Untracked 
| 277|0x0000000091500000, 0x0000000091500000, 0x0000000091600000|  0%| F|  |TAMS 0x0000000091500000, 0x0000000091500000| Untracked 
| 278|0x0000000091600000, 0x0000000091600000, 0x0000000091700000|  0%| F|  |TAMS 0x0000000091600000, 0x0000000091600000| Untracked 
| 279|0x0000000091700000, 0x0000000091700000, 0x0000000091800000|  0%| F|  |TAMS 0x0000000091700000, 0x0000000091700000| Untracked 
| 280|0x0000000091800000, 0x0000000091800000, 0x0000000091900000|  0%| F|  |TAMS 0x0000000091800000, 0x0000000091800000| Untracked 
| 281|0x0000000091900000, 0x0000000091900000, 0x0000000091a00000|  0%| F|  |TAMS 0x0000000091900000, 0x0000000091900000| Untracked 
| 282|0x0000000091a00000, 0x0000000091a00000, 0x0000000091b00000|  0%| F|  |TAMS 0x0000000091a00000, 0x0000000091a00000| Untracked 
| 283|0x0000000091b00000, 0x0000000091b00000, 0x0000000091c00000|  0%| F|  |TAMS 0x0000000091b00000, 0x0000000091b00000| Untracked 
| 284|0x0000000091c00000, 0x0000000091c00000, 0x0000000091d00000|  0%| F|  |TAMS 0x0000000091c00000, 0x0000000091c00000| Untracked 
| 285|0x0000000091d00000, 0x0000000091d00000, 0x0000000091e00000|  0%| F|  |TAMS 0x0000000091d00000, 0x0000000091d00000| Untracked 
| 286|0x0000000091e00000, 0x0000000091e00000, 0x0000000091f00000|  0%| F|  |TAMS 0x0000000091e00000, 0x0000000091e00000| Untracked 
| 287|0x0000000091f00000, 0x0000000091f00000, 0x0000000092000000|  0%| F|  |TAMS 0x0000000091f00000, 0x0000000091f00000| Untracked 
| 288|0x0000000092000000, 0x0000000092000000, 0x0000000092100000|  0%| F|  |TAMS 0x0000000092000000, 0x0000000092000000| Untracked 
| 289|0x0000000092100000, 0x0000000092100000, 0x0000000092200000|  0%| F|  |TAMS 0x0000000092100000, 0x0000000092100000| Untracked 
| 290|0x0000000092200000, 0x000000009222eb90, 0x0000000092300000| 18%| S|CS|TAMS 0x0000000092200000, 0x0000000092200000| Complete 
| 291|0x0000000092300000, 0x0000000092400000, 0x0000000092400000|100%| S|CS|TAMS 0x0000000092300000, 0x0000000092300000| Complete 
| 292|0x0000000092400000, 0x0000000092500000, 0x0000000092500000|100%| S|CS|TAMS 0x0000000092400000, 0x0000000092400000| Complete 
| 293|0x0000000092500000, 0x0000000092600000, 0x0000000092600000|100%| S|CS|TAMS 0x0000000092500000, 0x0000000092500000| Complete 
| 294|0x0000000092600000, 0x0000000092700000, 0x0000000092700000|100%| S|CS|TAMS 0x0000000092600000, 0x0000000092600000| Complete 
| 295|0x0000000092700000, 0x0000000092700000, 0x0000000092800000|  0%| F|  |TAMS 0x0000000092700000, 0x0000000092700000| Untracked 
| 296|0x0000000092800000, 0x0000000092800000, 0x0000000092900000|  0%| F|  |TAMS 0x0000000092800000, 0x0000000092800000| Untracked 
| 297|0x0000000092900000, 0x0000000092900000, 0x0000000092a00000|  0%| F|  |TAMS 0x0000000092900000, 0x0000000092900000| Untracked 
| 298|0x0000000092a00000, 0x0000000092a00000, 0x0000000092b00000|  0%| F|  |TAMS 0x0000000092a00000, 0x0000000092a00000| Untracked 
| 299|0x0000000092b00000, 0x0000000092b00000, 0x0000000092c00000|  0%| F|  |TAMS 0x0000000092b00000, 0x0000000092b00000| Untracked 
| 300|0x0000000092c00000, 0x0000000092c00000, 0x0000000092d00000|  0%| F|  |TAMS 0x0000000092c00000, 0x0000000092c00000| Untracked 
| 301|0x0000000092d00000, 0x0000000092d00000, 0x0000000092e00000|  0%| F|  |TAMS 0x0000000092d00000, 0x0000000092d00000| Untracked 
| 302|0x0000000092e00000, 0x0000000092e00000, 0x0000000092f00000|  0%| F|  |TAMS 0x0000000092e00000, 0x0000000092e00000| Untracked 
| 303|0x0000000092f00000, 0x0000000092f00000, 0x0000000093000000|  0%| F|  |TAMS 0x0000000092f00000, 0x0000000092f00000| Untracked 
| 304|0x0000000093000000, 0x0000000093000000, 0x0000000093100000|  0%| F|  |TAMS 0x0000000093000000, 0x0000000093000000| Untracked 
| 305|0x0000000093100000, 0x0000000093100000, 0x0000000093200000|  0%| F|  |TAMS 0x0000000093100000, 0x0000000093100000| Untracked 
| 306|0x0000000093200000, 0x0000000093200000, 0x0000000093300000|  0%| F|  |TAMS 0x0000000093200000, 0x0000000093200000| Untracked 
| 307|0x0000000093300000, 0x0000000093300000, 0x0000000093400000|  0%| F|  |TAMS 0x0000000093300000, 0x0000000093300000| Untracked 
| 308|0x0000000093400000, 0x0000000093400000, 0x0000000093500000|  0%| F|  |TAMS 0x0000000093400000, 0x0000000093400000| Untracked 
| 309|0x0000000093500000, 0x0000000093500000, 0x0000000093600000|  0%| F|  |TAMS 0x0000000093500000, 0x0000000093500000| Untracked 
| 310|0x0000000093600000, 0x0000000093600000, 0x0000000093700000|  0%| F|  |TAMS 0x0000000093600000, 0x0000000093600000| Untracked 
| 311|0x0000000093700000, 0x0000000093700000, 0x0000000093800000|  0%| F|  |TAMS 0x0000000093700000, 0x0000000093700000| Untracked 
| 312|0x0000000093800000, 0x0000000093800000, 0x0000000093900000|  0%| F|  |TAMS 0x0000000093800000, 0x0000000093800000| Untracked 
| 313|0x0000000093900000, 0x0000000093900000, 0x0000000093a00000|  0%| F|  |TAMS 0x0000000093900000, 0x0000000093900000| Untracked 
| 314|0x0000000093a00000, 0x0000000093a00000, 0x0000000093b00000|  0%| F|  |TAMS 0x0000000093a00000, 0x0000000093a00000| Untracked 
| 315|0x0000000093b00000, 0x0000000093b00000, 0x0000000093c00000|  0%| F|  |TAMS 0x0000000093b00000, 0x0000000093b00000| Untracked 
| 316|0x0000000093c00000, 0x0000000093c00000, 0x0000000093d00000|  0%| F|  |TAMS 0x0000000093c00000, 0x0000000093c00000| Untracked 
| 317|0x0000000093d00000, 0x0000000093d00000, 0x0000000093e00000|  0%| F|  |TAMS 0x0000000093d00000, 0x0000000093d00000| Untracked 
| 318|0x0000000093e00000, 0x0000000093e00000, 0x0000000093f00000|  0%| F|  |TAMS 0x0000000093e00000, 0x0000000093e00000| Untracked 
| 319|0x0000000093f00000, 0x0000000093f00000, 0x0000000094000000|  0%| F|  |TAMS 0x0000000093f00000, 0x0000000093f00000| Untracked 
| 320|0x0000000094000000, 0x0000000094000000, 0x0000000094100000|  0%| F|  |TAMS 0x0000000094000000, 0x0000000094000000| Untracked 
| 321|0x0000000094100000, 0x0000000094100000, 0x0000000094200000|  0%| F|  |TAMS 0x0000000094100000, 0x0000000094100000| Untracked 
| 322|0x0000000094200000, 0x0000000094200000, 0x0000000094300000|  0%| F|  |TAMS 0x0000000094200000, 0x0000000094200000| Untracked 
| 323|0x0000000094300000, 0x0000000094300000, 0x0000000094400000|  0%| F|  |TAMS 0x0000000094300000, 0x0000000094300000| Untracked 
| 324|0x0000000094400000, 0x0000000094400000, 0x0000000094500000|  0%| F|  |TAMS 0x0000000094400000, 0x0000000094400000| Untracked 
| 325|0x0000000094500000, 0x0000000094500000, 0x0000000094600000|  0%| F|  |TAMS 0x0000000094500000, 0x0000000094500000| Untracked 
| 326|0x0000000094600000, 0x0000000094600000, 0x0000000094700000|  0%| F|  |TAMS 0x0000000094600000, 0x0000000094600000| Untracked 
| 327|0x0000000094700000, 0x0000000094700000, 0x0000000094800000|  0%| F|  |TAMS 0x0000000094700000, 0x0000000094700000| Untracked 
| 328|0x0000000094800000, 0x0000000094800000, 0x0000000094900000|  0%| F|  |TAMS 0x0000000094800000, 0x0000000094800000| Untracked 
| 329|0x0000000094900000, 0x0000000094900000, 0x0000000094a00000|  0%| F|  |TAMS 0x0000000094900000, 0x0000000094900000| Untracked 
| 330|0x0000000094a00000, 0x0000000094a00000, 0x0000000094b00000|  0%| F|  |TAMS 0x0000000094a00000, 0x0000000094a00000| Untracked 
| 331|0x0000000094b00000, 0x0000000094b00000, 0x0000000094c00000|  0%| F|  |TAMS 0x0000000094b00000, 0x0000000094b00000| Untracked 
| 332|0x0000000094c00000, 0x0000000094c00000, 0x0000000094d00000|  0%| F|  |TAMS 0x0000000094c00000, 0x0000000094c00000| Untracked 
| 333|0x0000000094d00000, 0x0000000094d00000, 0x0000000094e00000|  0%| F|  |TAMS 0x0000000094d00000, 0x0000000094d00000| Untracked 
| 334|0x0000000094e00000, 0x0000000094e00000, 0x0000000094f00000|  0%| F|  |TAMS 0x0000000094e00000, 0x0000000094e00000| Untracked 
| 335|0x0000000094f00000, 0x0000000094f00000, 0x0000000095000000|  0%| F|  |TAMS 0x0000000094f00000, 0x0000000094f00000| Untracked 
| 336|0x0000000095000000, 0x0000000095000000, 0x0000000095100000|  0%| F|  |TAMS 0x0000000095000000, 0x0000000095000000| Untracked 
| 337|0x0000000095100000, 0x0000000095100000, 0x0000000095200000|  0%| F|  |TAMS 0x0000000095100000, 0x0000000095100000| Untracked 
| 338|0x0000000095200000, 0x0000000095200000, 0x0000000095300000|  0%| F|  |TAMS 0x0000000095200000, 0x0000000095200000| Untracked 
| 339|0x0000000095300000, 0x0000000095300000, 0x0000000095400000|  0%| F|  |TAMS 0x0000000095300000, 0x0000000095300000| Untracked 
| 340|0x0000000095400000, 0x0000000095400000, 0x0000000095500000|  0%| F|  |TAMS 0x0000000095400000, 0x0000000095400000| Untracked 
| 341|0x0000000095500000, 0x0000000095500000, 0x0000000095600000|  0%| F|  |TAMS 0x0000000095500000, 0x0000000095500000| Untracked 
| 342|0x0000000095600000, 0x0000000095600000, 0x0000000095700000|  0%| F|  |TAMS 0x0000000095600000, 0x0000000095600000| Untracked 
| 343|0x0000000095700000, 0x0000000095700000, 0x0000000095800000|  0%| F|  |TAMS 0x0000000095700000, 0x0000000095700000| Untracked 
| 344|0x0000000095800000, 0x000000009586f028, 0x0000000095900000| 43%| E|  |TAMS 0x0000000095800000, 0x0000000095800000| Complete 
| 345|0x0000000095900000, 0x00000000959d2e20, 0x0000000095a00000| 82%| E|  |TAMS 0x0000000095900000, 0x0000000095900000| Complete 
| 346|0x0000000095a00000, 0x0000000095b00000, 0x0000000095b00000|100%| E|CS|TAMS 0x0000000095a00000, 0x0000000095a00000| Complete 
| 347|0x0000000095b00000, 0x0000000095c00000, 0x0000000095c00000|100%| E|CS|TAMS 0x0000000095b00000, 0x0000000095b00000| Complete 
| 348|0x0000000095c00000, 0x0000000095d00000, 0x0000000095d00000|100%| E|CS|TAMS 0x0000000095c00000, 0x0000000095c00000| Complete 
| 349|0x0000000095d00000, 0x0000000095e00000, 0x0000000095e00000|100%| E|CS|TAMS 0x0000000095d00000, 0x0000000095d00000| Complete 
| 350|0x0000000095e00000, 0x0000000095f00000, 0x0000000095f00000|100%| E|CS|TAMS 0x0000000095e00000, 0x0000000095e00000| Complete 
| 351|0x0000000095f00000, 0x0000000096000000, 0x0000000096000000|100%| E|CS|TAMS 0x0000000095f00000, 0x0000000095f00000| Complete 

Card table byte_map: [0x0000029b69ec0000,0x0000029b6a2c0000] _byte_map_base: 0x0000029b69ac0000

Marking Bits (Prev, Next): (CMBitMap*) 0x0000029b50ac39e0, (CMBitMap*) 0x0000029b50ac3a20
 Prev Bits: [0x0000029b6a6c0000, 0x0000029b6c6c0000)
 Next Bits: [0x0000029b6c6c0000, 0x0000029b6e6c0000)

Polling page: 0x0000029b50520000

Metaspace:

Usage:
  Non-class:     91.45 MB used.
      Class:     14.74 MB used.
       Both:    106.19 MB used.

Virtual space:
  Non-class space:      128.00 MB reserved,      92.31 MB ( 72%) committed,  2 nodes.
      Class space:      416.00 MB reserved,      15.56 MB (  4%) committed,  1 nodes.
             Both:      544.00 MB reserved,     107.88 MB ( 20%) committed. 

Chunk freelists:
   Non-Class:  2.94 MB
       Class:  280.00 KB
        Both:  3.21 MB

MaxMetaspaceSize: 512.00 MB
CompressedClassSpaceSize: 416.00 MB
Initial GC threshold: 21.00 MB
Current GC threshold: 116.38 MB
CDS: on
MetaspaceReclaimPolicy: balanced
 - commit_granule_bytes: 65536.
 - commit_granule_words: 8192.
 - virtual_space_node_default_size: 8388608.
 - enlarge_chunks_in_place: 1.
 - new_chunks_are_fully_committed: 0.
 - uncommit_free_chunks: 1.
 - use_allocation_guard: 0.
 - handle_deallocations: 1.


Internal statistics:

num_allocs_failed_limit: 9.
num_arena_births: 2456.
num_arena_deaths: 0.
num_vsnodes_births: 3.
num_vsnodes_deaths: 0.
num_space_committed: 1726.
num_space_uncommitted: 0.
num_chunks_returned_to_freelist: 9.
num_chunks_taken_from_freelist: 7636.
num_chunk_merges: 9.
num_chunk_splits: 4869.
num_chunks_enlarged: 2961.
num_inconsistent_stats: 0.

CodeHeap 'non-profiled nmethods': size=119168Kb used=11774Kb max_used=11774Kb free=107393Kb
 bounds [0x0000029b61480000, 0x0000029b62000000, 0x0000029b688e0000]
CodeHeap 'profiled nmethods': size=119104Kb used=29588Kb max_used=32004Kb free=89515Kb
 bounds [0x0000029b598e0000, 0x0000029b5b830000, 0x0000029b60d30000]
CodeHeap 'non-nmethods': size=7488Kb used=2459Kb max_used=4203Kb free=5028Kb
 bounds [0x0000029b60d30000, 0x0000029b611c0000, 0x0000029b61480000]
 total_blobs=16104 nmethods=15103 adapters=912
 compilation: enabled
              stopped_count=0, restarted_count=0
 full_count=0

Compilation events (20 events):
Event: 68.942 Thread 0x0000029b7e01ab40 18197       4       org.gradle.internal.problems.failure.CompositeStackTraceClassifier::classify (51 bytes)
Event: 68.945 Thread 0x0000029b719f6cb0 18199       3       org.codehaus.groovy.runtime.InvokerHelper::getProperty (75 bytes)
Event: 68.946 Thread 0x0000029b719f6cb0 nmethod 18199 0x0000029b59c5b610 code [0x0000029b59c5b900, 0x0000029b59c5cf28]
Event: 68.948 Thread 0x0000029b7e01b090 18201  s    3       java.lang.Throwable::getCause (17 bytes)
Event: 68.949 Thread 0x0000029b7e01b090 nmethod 18201 0x0000029b5aba3710 code [0x0000029b5aba38a0, 0x0000029b5aba3ab8]
Event: 68.952 Thread 0x0000029b719f6cb0 18203       3       java.lang.invoke.LambdaForm$DMH/0x0000029b014f8c00::invokeStatic (38 bytes)
Event: 68.952 Thread 0x0000029b7e01b090 18204       3       java.lang.invoke.BoundMethodHandle$Species_LLLLILLLLLL::make (30 bytes)
Event: 68.952 Thread 0x0000029b7e01b090 nmethod 18204 0x0000029b59fdec90 code [0x0000029b59fdee40, 0x0000029b59fdf088]
Event: 68.952 Thread 0x0000029b7e01b090 18205       3       java.lang.invoke.BoundMethodHandle$Species_LLLLILLLLLL::<init> (72 bytes)
Event: 68.952 Thread 0x0000029b719f6cb0 nmethod 18203 0x0000029b59b12590 code [0x0000029b59b12760, 0x0000029b59b12d38]
Event: 68.952 Thread 0x0000029b7e01b090 nmethod 18205 0x0000029b59db8a10 code [0x0000029b59db8be0, 0x0000029b59db91a8]
Event: 68.975 Thread 0x0000029b7e01ab40 nmethod 18197 0x0000029b61fe1210 code [0x0000029b61fe13e0, 0x0000029b61fe1e38]
Event: 68.977 Thread 0x0000029b7e01ab40 18202   !   4       jdk.internal.loader.Resource::getBytes (244 bytes)
Event: 68.999 Thread 0x0000029b719e2e90 nmethod 18143 0x0000029b61fe2690 code [0x0000029b61fe2c60, 0x0000029b61fe9658]
Event: 69.007 Thread 0x0000029b719e2e90 18198       4       org.gradle.internal.problems.failure.InternalStackTraceClassifier::classify (18 bytes)
Event: 69.034 Thread 0x0000029b7e01ab40 nmethod 18202 0x0000029b61fed610 code [0x0000029b61fed8c0, 0x0000029b61fef108]
Event: 69.036 Thread 0x0000029b7e01ab40 18200       4       org.gradle.internal.problems.failure.InternalStackTraceClassifier::isInternal (67 bytes)
Event: 69.043 Thread 0x0000029b719e2e90 nmethod 18198 0x0000029b61fefe90 code [0x0000029b61ff0040, 0x0000029b61ff0658]
Event: 69.043 Thread 0x0000029b719e2e90 18168       4       org.gradle.api.internal.DefaultNamedDomainObjectCollection::hasWithName (32 bytes)
Event: 69.535 Thread 0x0000029b719f6cb0 18206       3       java.util.concurrent.ThreadPoolExecutor::isShutdown (12 bytes)

GC Heap History (20 events):
Event: 61.597 GC heap before
{Heap before GC invocations=65 (full 0):
 garbage-first heap   total 300032K, used 257345K [0x0000000080000000, 0x0000000100000000)
  region size 1024K, 48 young (49152K), 5 survivors (5120K)
 Metaspace       used 108085K, committed 109696K, reserved 557056K
  class space    used 15005K, committed 15808K, reserved 425984K
}
Event: 61.602 GC heap after
{Heap after GC invocations=66 (full 0):
 garbage-first heap   total 300032K, used 219539K [0x0000000080000000, 0x0000000100000000)
  region size 1024K, 6 young (6144K), 6 survivors (6144K)
 Metaspace       used 108085K, committed 109696K, reserved 557056K
  class space    used 15005K, committed 15808K, reserved 425984K
}
Event: 62.295 GC heap before
{Heap before GC invocations=66 (full 0):
 garbage-first heap   total 300032K, used 252307K [0x0000000080000000, 0x0000000100000000)
  region size 1024K, 38 young (38912K), 6 survivors (6144K)
 Metaspace       used 108479K, committed 110144K, reserved 557056K
  class space    used 15062K, committed 15872K, reserved 425984K
}
Event: 62.307 GC heap after
{Heap after GC invocations=67 (full 0):
 garbage-first heap   total 300032K, used 228152K [0x0000000080000000, 0x0000000100000000)
  region size 1024K, 5 young (5120K), 5 survivors (5120K)
 Metaspace       used 108479K, committed 110144K, reserved 557056K
  class space    used 15062K, committed 15872K, reserved 425984K
}
Event: 62.404 GC heap before
{Heap before GC invocations=67 (full 0):
 garbage-first heap   total 300032K, used 252728K [0x0000000080000000, 0x0000000100000000)
  region size 1024K, 30 young (30720K), 5 survivors (5120K)
 Metaspace       used 108479K, committed 110144K, reserved 557056K
  class space    used 15062K, committed 15872K, reserved 425984K
}
Event: 62.409 GC heap after
{Heap after GC invocations=68 (full 0):
 garbage-first heap   total 300032K, used 231905K [0x0000000080000000, 0x0000000100000000)
  region size 1024K, 4 young (4096K), 4 survivors (4096K)
 Metaspace       used 108479K, committed 110144K, reserved 557056K
  class space    used 15062K, committed 15872K, reserved 425984K
}
Event: 62.486 GC heap before
{Heap before GC invocations=68 (full 0):
 garbage-first heap   total 300032K, used 254433K [0x0000000080000000, 0x0000000100000000)
  region size 1024K, 27 young (27648K), 4 survivors (4096K)
 Metaspace       used 108479K, committed 110144K, reserved 557056K
  class space    used 15062K, committed 15872K, reserved 425984K
}
Event: 62.489 GC heap after
{Heap after GC invocations=69 (full 0):
 garbage-first heap   total 300032K, used 232904K [0x0000000080000000, 0x0000000100000000)
  region size 1024K, 4 young (4096K), 4 survivors (4096K)
 Metaspace       used 108479K, committed 110144K, reserved 557056K
  class space    used 15062K, committed 15872K, reserved 425984K
}
Event: 62.558 GC heap before
{Heap before GC invocations=69 (full 0):
 garbage-first heap   total 300032K, used 254408K [0x0000000080000000, 0x0000000100000000)
  region size 1024K, 26 young (26624K), 4 survivors (4096K)
 Metaspace       used 108479K, committed 110144K, reserved 557056K
  class space    used 15062K, committed 15872K, reserved 425984K
}
Event: 62.561 GC heap after
{Heap after GC invocations=70 (full 0):
 garbage-first heap   total 300032K, used 233730K [0x0000000080000000, 0x0000000100000000)
  region size 1024K, 4 young (4096K), 4 survivors (4096K)
 Metaspace       used 108479K, committed 110144K, reserved 557056K
  class space    used 15062K, committed 15872K, reserved 425984K
}
Event: 62.602 GC heap before
{Heap before GC invocations=70 (full 0):
 garbage-first heap   total 300032K, used 255234K [0x0000000080000000, 0x0000000100000000)
  region size 1024K, 26 young (26624K), 4 survivors (4096K)
 Metaspace       used 108479K, committed 110144K, reserved 557056K
  class space    used 15062K, committed 15872K, reserved 425984K
}
Event: 62.605 GC heap after
{Heap after GC invocations=71 (full 0):
 garbage-first heap   total 360448K, used 234635K [0x0000000080000000, 0x0000000100000000)
  region size 1024K, 3 young (3072K), 3 survivors (3072K)
 Metaspace       used 108479K, committed 110144K, reserved 557056K
  class space    used 15062K, committed 15872K, reserved 425984K
}
Event: 67.961 GC heap before
{Heap before GC invocations=71 (full 0):
 garbage-first heap   total 360448K, used 305290K [0x0000000080000000, 0x0000000100000000)
  region size 1024K, 69 young (70656K), 3 survivors (3072K)
 Metaspace       used 108577K, committed 110272K, reserved 557056K
  class space    used 15076K, committed 15936K, reserved 425984K
}
Event: 67.967 GC heap after
{Heap after GC invocations=72 (full 0):
 garbage-first heap   total 360448K, used 244566K [0x0000000080000000, 0x0000000100000000)
  region size 1024K, 9 young (9216K), 9 survivors (9216K)
 Metaspace       used 108577K, committed 110272K, reserved 557056K
  class space    used 15076K, committed 15936K, reserved 425984K
}
Event: 68.536 GC heap before
{Heap before GC invocations=72 (full 0):
 garbage-first heap   total 360448K, used 301910K [0x0000000080000000, 0x0000000100000000)
  region size 1024K, 66 young (67584K), 9 survivors (9216K)
 Metaspace       used 108647K, committed 110400K, reserved 557056K
  class space    used 15083K, committed 15936K, reserved 425984K
}
Event: 68.542 GC heap after
{Heap after GC invocations=73 (full 0):
 garbage-first heap   total 360448K, used 248996K [0x0000000080000000, 0x0000000100000000)
  region size 1024K, 8 young (8192K), 8 survivors (8192K)
 Metaspace       used 108647K, committed 110400K, reserved 557056K
  class space    used 15083K, committed 15936K, reserved 425984K
}
Event: 68.672 GC heap before
{Heap before GC invocations=73 (full 0):
 garbage-first heap   total 360448K, used 302244K [0x0000000080000000, 0x0000000100000000)
  region size 1024K, 61 young (62464K), 8 survivors (8192K)
 Metaspace       used 108647K, committed 110400K, reserved 557056K
  class space    used 15083K, committed 15936K, reserved 425984K
}
Event: 68.676 GC heap after
{Heap after GC invocations=74 (full 0):
 garbage-first heap   total 360448K, used 250767K [0x0000000080000000, 0x0000000100000000)
  region size 1024K, 5 young (5120K), 5 survivors (5120K)
 Metaspace       used 108647K, committed 110400K, reserved 557056K
  class space    used 15083K, committed 15936K, reserved 425984K
}
Event: 68.811 GC heap before
{Heap before GC invocations=74 (full 0):
 garbage-first heap   total 360448K, used 304015K [0x0000000080000000, 0x0000000100000000)
  region size 1024K, 58 young (59392K), 5 survivors (5120K)
 Metaspace       used 108647K, committed 110400K, reserved 557056K
  class space    used 15083K, committed 15936K, reserved 425984K
}
Event: 68.814 GC heap after
{Heap after GC invocations=75 (full 0):
 garbage-first heap   total 360448K, used 251958K [0x0000000080000000, 0x0000000100000000)
  region size 1024K, 5 young (5120K), 5 survivors (5120K)
 Metaspace       used 108647K, committed 110400K, reserved 557056K
  class space    used 15083K, committed 15936K, reserved 425984K
}

Deoptimization events (20 events):
Event: 57.366 Thread 0x0000029b7931ac60 DEOPT PACKING pc=0x0000029b61edd070 sp=0x000000e339efcfb0
Event: 57.366 Thread 0x0000029b7931ac60 DEOPT UNPACKING pc=0x0000029b60d823a3 sp=0x000000e339efcf58 mode 2
Event: 57.623 Thread 0x0000029b786ba570 Uncommon trap: trap_request=0xffffffcc fr.pc=0x0000029b61e6f3e0 relative=0x0000000000005e00
Event: 57.623 Thread 0x0000029b786ba570 Uncommon trap: reason=intrinsic_or_type_checked_inlining action=make_not_entrant pc=0x0000029b61e6f3e0 method=java.util.ArrayList$SubList.toArray([Ljava/lang/Object;)[Ljava/lang/Object; @ 58 c2
Event: 57.623 Thread 0x0000029b786ba570 DEOPT PACKING pc=0x0000029b61e6f3e0 sp=0x000000e3347f8800
Event: 57.623 Thread 0x0000029b786ba570 DEOPT UNPACKING pc=0x0000029b60d823a3 sp=0x000000e3347f8768 mode 2
Event: 61.833 Thread 0x0000029b786ba570 DEOPT PACKING pc=0x0000029b5b2a3cd4 sp=0x000000e3347f8be0
Event: 61.833 Thread 0x0000029b786ba570 DEOPT UNPACKING pc=0x0000029b60d82b43 sp=0x000000e3347f8148 mode 0
Event: 62.409 Thread 0x0000029b7755a200 Uncommon trap: trap_request=0xffffff45 fr.pc=0x0000029b61b897b8 relative=0x0000000000001838
Event: 62.409 Thread 0x0000029b7755a200 Uncommon trap: reason=unstable_if action=reinterpret pc=0x0000029b61b897b8 method=java.util.concurrent.ConcurrentHashMap.computeIfAbsent(Ljava/lang/Object;Ljava/util/function/Function;)Ljava/lang/Object; @ 104 c2
Event: 62.409 Thread 0x0000029b7755a200 DEOPT PACKING pc=0x0000029b61b897b8 sp=0x000000e33effe6b0
Event: 62.409 Thread 0x0000029b7755a200 DEOPT UNPACKING pc=0x0000029b60d823a3 sp=0x000000e33effe648 mode 2
Event: 68.034 Thread 0x0000029b786ba570 Uncommon trap: trap_request=0xffffff45 fr.pc=0x0000029b619b85b0 relative=0x00000000000005b0
Event: 68.034 Thread 0x0000029b786ba570 Uncommon trap: reason=unstable_if action=reinterpret pc=0x0000029b619b85b0 method=it.unimi.dsi.fastutil.objects.ReferenceOpenHashSet.shiftKeys(I)V @ 50 c2
Event: 68.034 Thread 0x0000029b786ba570 DEOPT PACKING pc=0x0000029b619b85b0 sp=0x000000e3347f7890
Event: 68.034 Thread 0x0000029b786ba570 DEOPT UNPACKING pc=0x0000029b60d823a3 sp=0x000000e3347f7688 mode 2
Event: 68.034 Thread 0x0000029b786ba570 Uncommon trap: trap_request=0xffffff45 fr.pc=0x0000029b619b9628 relative=0x00000000000003c8
Event: 68.034 Thread 0x0000029b786ba570 Uncommon trap: reason=unstable_if action=reinterpret pc=0x0000029b619b9628 method=it.unimi.dsi.fastutil.objects.ReferenceOpenHashSet.shiftKeys(I)V @ 50 c2
Event: 68.034 Thread 0x0000029b786ba570 DEOPT PACKING pc=0x0000029b619b9628 sp=0x000000e3347f77d0
Event: 68.034 Thread 0x0000029b786ba570 DEOPT UNPACKING pc=0x0000029b60d823a3 sp=0x000000e3347f7690 mode 2

Classes unloaded (0 events):
No events

Classes redefined (0 events):
No events

Internal exceptions (20 events):
Event: 61.804 Thread 0x0000029b786ba570 Exception <a 'java/lang/ClassNotFoundException'{0x0000000091891ab0}: build_2ibwxp0a5n4oveq27kzba4bb0BeanInfo> (0x0000000091891ab0) 
thrown [s\open\src\hotspot\share\classfile\systemDictionary.cpp, line 256]
Event: 61.805 Thread 0x0000029b786ba570 Exception <a 'java/lang/ClassNotFoundException'{0x00000000918991a0}: build_2ibwxp0a5n4oveq27kzba4bb0Customizer> (0x00000000918991a0) 
thrown [s\open\src\hotspot\share\classfile\systemDictionary.cpp, line 256]
Event: 61.831 Thread 0x0000029b786ba570 Exception <a 'java/lang/ClassNotFoundException'{0x0000000091795d10}: build_2ibwxp0a5n4oveq27kzba4bb0BeanInfo> (0x0000000091795d10) 
thrown [s\open\src\hotspot\share\classfile\systemDictionary.cpp, line 256]
Event: 61.832 Thread 0x0000029b786ba570 Exception <a 'java/lang/ClassNotFoundException'{0x000000009179d5f0}: build_2ibwxp0a5n4oveq27kzba4bb0Customizer> (0x000000009179d5f0) 
thrown [s\open\src\hotspot\share\classfile\systemDictionary.cpp, line 256]
Event: 61.875 Thread 0x0000029b786ba570 Exception <a 'java/lang/ClassNotFoundException'{0x00000000915a8128}: build_2ibwxp0a5n4oveq27kzba4bb0$_run_closure1BeanInfo> (0x00000000915a8128) 
thrown [s\open\src\hotspot\share\classfile\systemDictionary.cpp, line 256]
Event: 61.877 Thread 0x0000029b786ba570 Exception <a 'java/lang/ClassNotFoundException'{0x00000000915b3f50}: build_2ibwxp0a5n4oveq27kzba4bb0$_run_closure1Customizer> (0x00000000915b3f50) 
thrown [s\open\src\hotspot\share\classfile\systemDictionary.cpp, line 256]
Event: 61.974 Thread 0x0000029b786ba570 Exception <a 'java/lang/ClassNotFoundException'{0x0000000090f3fe30}: build_9xjq2dshao1ep50o4xauyr7voBeanInfo> (0x0000000090f3fe30) 
thrown [s\open\src\hotspot\share\classfile\systemDictionary.cpp, line 256]
Event: 61.974 Thread 0x0000029b786ba570 Exception <a 'java/lang/ClassNotFoundException'{0x0000000090f47520}: build_9xjq2dshao1ep50o4xauyr7voCustomizer> (0x0000000090f47520) 
thrown [s\open\src\hotspot\share\classfile\systemDictionary.cpp, line 256]
Event: 61.985 Thread 0x0000029b786ba570 Exception <a 'java/lang/ClassNotFoundException'{0x0000000090fb5128}: build_9xjq2dshao1ep50o4xauyr7vo$_run_closure1BeanInfo> (0x0000000090fb5128) 
thrown [s\open\src\hotspot\share\classfile\systemDictionary.cpp, line 256]
Event: 61.986 Thread 0x0000029b786ba570 Exception <a 'java/lang/ClassNotFoundException'{0x0000000090fbddf8}: build_9xjq2dshao1ep50o4xauyr7vo$_run_closure1Customizer> (0x0000000090fbddf8) 
thrown [s\open\src\hotspot\share\classfile\systemDictionary.cpp, line 256]
Event: 62.765 Thread 0x0000029b786ba570 Exception <a 'java/lang/ClassNotFoundException'{0x00000000929361e0}: build_9xjq2dshao1ep50o4xauyr7voBeanInfo> (0x00000000929361e0) 
thrown [s\open\src\hotspot\share\classfile\systemDictionary.cpp, line 256]
Event: 62.765 Thread 0x0000029b786ba570 Exception <a 'java/lang/ClassNotFoundException'{0x000000009293d868}: build_9xjq2dshao1ep50o4xauyr7voCustomizer> (0x000000009293d868) 
thrown [s\open\src\hotspot\share\classfile\systemDictionary.cpp, line 256]
Event: 67.908 Thread 0x0000029b786ba570 Exception <a 'java/lang/ClassNotFoundException'{0x0000000091f89080}: com/android/build/gradle/internal/api/DefaultAndroidSourceFileBeanInfo> (0x0000000091f89080) 
thrown [s\open\src\hotspot\share\classfile\systemDictionary.cpp, line 256]
Event: 67.909 Thread 0x0000029b786ba570 Exception <a 'java/lang/ClassNotFoundException'{0x0000000091f9d468}: com/android/build/gradle/internal/api/DefaultAndroidSourceFileCustomizer> (0x0000000091f9d468) 
thrown [s\open\src\hotspot\share\classfile\systemDictionary.cpp, line 256]
Event: 67.912 Thread 0x0000029b786ba570 Exception <a 'java/lang/ClassNotFoundException'{0x0000000091fcddc8}: build_9xjq2dshao1ep50o4xauyr7vo$_run_closure1BeanInfo> (0x0000000091fcddc8) 
thrown [s\open\src\hotspot\share\classfile\systemDictionary.cpp, line 256]
Event: 67.913 Thread 0x0000029b786ba570 Exception <a 'java/lang/ClassNotFoundException'{0x0000000091fd89f8}: build_9xjq2dshao1ep50o4xauyr7vo$_run_closure1Customizer> (0x0000000091fd89f8) 
thrown [s\open\src\hotspot\share\classfile\systemDictionary.cpp, line 256]
Event: 68.064 Thread 0x0000029b786ba570 Exception <a 'java/lang/ClassNotFoundException'{0x0000000095894f50}: build_errrvexg44h6xk2vsehgcpm5eBeanInfo> (0x0000000095894f50) 
thrown [s\open\src\hotspot\share\classfile\systemDictionary.cpp, line 256]
Event: 68.064 Thread 0x0000029b786ba570 Exception <a 'java/lang/ClassNotFoundException'{0x000000009589c640}: build_errrvexg44h6xk2vsehgcpm5eCustomizer> (0x000000009589c640) 
thrown [s\open\src\hotspot\share\classfile\systemDictionary.cpp, line 256]
Event: 68.879 Thread 0x0000029b786ba570 Exception <a 'java/lang/ClassNotFoundException'{0x0000000095d2ef30}: build_errrvexg44h6xk2vsehgcpm5eBeanInfo> (0x0000000095d2ef30) 
thrown [s\open\src\hotspot\share\classfile\systemDictionary.cpp, line 256]
Event: 68.880 Thread 0x0000029b786ba570 Exception <a 'java/lang/ClassNotFoundException'{0x0000000095d365b8}: build_errrvexg44h6xk2vsehgcpm5eCustomizer> (0x0000000095d365b8) 
thrown [s\open\src\hotspot\share\classfile\systemDictionary.cpp, line 256]

VM Operations (20 events):
Event: 62.409 Executing VM operation: G1CollectForAllocation done
Event: 62.486 Executing VM operation: G1CollectForAllocation
Event: 62.489 Executing VM operation: G1CollectForAllocation done
Event: 62.551 Executing VM operation: G1CollectForAllocation
Event: 62.561 Executing VM operation: G1CollectForAllocation done
Event: 62.602 Executing VM operation: G1CollectForAllocation
Event: 62.606 Executing VM operation: G1CollectForAllocation done
Event: 63.608 Executing VM operation: Cleanup
Event: 63.608 Executing VM operation: Cleanup done
Event: 65.633 Executing VM operation: Cleanup
Event: 65.633 Executing VM operation: Cleanup done
Event: 67.961 Executing VM operation: G1CollectForAllocation
Event: 67.967 Executing VM operation: G1CollectForAllocation done
Event: 68.536 Executing VM operation: G1CollectForAllocation
Event: 68.542 Executing VM operation: G1CollectForAllocation done
Event: 68.671 Executing VM operation: G1CollectForAllocation
Event: 68.678 Executing VM operation: G1CollectForAllocation done
Event: 68.810 Executing VM operation: G1CollectForAllocation
Event: 68.814 Executing VM operation: G1CollectForAllocation done
Event: 69.815 Executing VM operation: Cleanup

Events (20 events):
Event: 61.963 Thread 0x0000029b719f95d0 flushing nmethod 0x0000029b5b691190
Event: 61.963 Thread 0x0000029b719f95d0 flushing nmethod 0x0000029b5b69fa10
Event: 61.963 Thread 0x0000029b719f95d0 flushing nmethod 0x0000029b5b6a2b90
Event: 61.963 Thread 0x0000029b719f95d0 flushing nmethod 0x0000029b5b6ac790
Event: 61.963 Thread 0x0000029b719f95d0 flushing nmethod 0x0000029b5b6d2790
Event: 61.963 Thread 0x0000029b719f95d0 flushing nmethod 0x0000029b5b737990
Event: 61.963 Thread 0x0000029b719f95d0 flushing nmethod 0x0000029b5b74bc90
Event: 61.963 Thread 0x0000029b719f95d0 flushing nmethod 0x0000029b5b775390
Event: 61.964 Thread 0x0000029b719f95d0 flushing nmethod 0x0000029b5b79c490
Event: 61.964 Thread 0x0000029b719f95d0 flushing nmethod 0x0000029b5b7a9090
Event: 61.964 Thread 0x0000029b719f95d0 flushing nmethod 0x0000029b5b7a9410
Event: 61.964 Thread 0x0000029b719f95d0 flushing nmethod 0x0000029b5b7a9810
Event: 64.214 Thread 0x0000029b7e01a0a0 Thread exited: 0x0000029b7e01a0a0
Event: 64.214 Thread 0x0000029b7c878330 Thread exited: 0x0000029b7c878330
Event: 64.214 Thread 0x0000029b7c877de0 Thread exited: 0x0000029b7c877de0
Event: 67.969 Thread 0x0000029b7e01b090 Thread added: 0x0000029b7e01b090
Event: 67.972 Thread 0x0000029b7e01a5f0 Thread added: 0x0000029b7e01a5f0
Event: 68.038 Thread 0x0000029b7e01b5e0 Thread added: 0x0000029b7e01b5e0
Event: 68.902 Thread 0x0000029b7e01ab40 Thread added: 0x0000029b7e01ab40
Event: 70.050 Thread 0x0000029b7e01b090 Thread exited: 0x0000029b7e01b090


Dynamic libraries:
0x00007ff630c40000 - 0x00007ff630c50000 	C:\Program Files\Java\jdk-17\bin\java.exe
0x00007ffd3e040000 - 0x00007ffd3e2a8000 	C:\WINDOWS\SYSTEM32\ntdll.dll
0x00007ffcf5990000 - 0x00007ffcf59b0000 	C:\Program Files\Avast Software\Avast\aswhook.dll
0x00007ffd3d9e0000 - 0x00007ffd3daa9000 	C:\WINDOWS\System32\KERNEL32.DLL
0x00007ffd3aa70000 - 0x00007ffd3ae61000 	C:\WINDOWS\System32\KERNELBASE.dll
0x00007ffd3a920000 - 0x00007ffd3aa6b000 	C:\WINDOWS\System32\ucrtbase.dll
0x00007ffce23b0000 - 0x00007ffce23c9000 	C:\Program Files\Java\jdk-17\bin\jli.dll
0x00007ffcd4cf0000 - 0x00007ffcd4d0b000 	C:\Program Files\Java\jdk-17\bin\VCRUNTIME140.dll
0x00007ffd3c8c0000 - 0x00007ffd3c974000 	C:\WINDOWS\System32\ADVAPI32.dll
0x00007ffd3cf30000 - 0x00007ffd3cfd9000 	C:\WINDOWS\System32\msvcrt.dll
0x00007ffd3beb0000 - 0x00007ffd3bf56000 	C:\WINDOWS\System32\sechost.dll
0x00007ffd3c980000 - 0x00007ffd3ca98000 	C:\WINDOWS\System32\RPCRT4.dll
0x00007ffd3cab0000 - 0x00007ffd3cc76000 	C:\WINDOWS\System32\USER32.dll
0x00007ffd3aff0000 - 0x00007ffd3b017000 	C:\WINDOWS\System32\win32u.dll
0x00007ffd1eff0000 - 0x00007ffd1f283000 	C:\WINDOWS\WinSxS\amd64_microsoft.windows.common-controls_6595b64144ccf1df_6.0.26100.7824_none_3e0870b2e3345462\COMCTL32.dll
0x00007ffd3cce0000 - 0x00007ffd3cd0b000 	C:\WINDOWS\System32\GDI32.dll
0x00007ffd3bb40000 - 0x00007ffd3bc6b000 	C:\WINDOWS\System32\gdi32full.dll
0x00007ffd3b0d0000 - 0x00007ffd3b173000 	C:\WINDOWS\System32\msvcp_win.dll
0x00007ffd33a00000 - 0x00007ffd33a0b000 	C:\WINDOWS\SYSTEM32\VERSION.dll
0x00007ffd3dad0000 - 0x00007ffd3db01000 	C:\WINDOWS\System32\IMM32.DLL
0x00007ffcd5360000 - 0x00007ffcd536c000 	C:\Program Files\Java\jdk-17\bin\vcruntime140_1.dll
0x00007ffcd4c60000 - 0x00007ffcd4cee000 	C:\Program Files\Java\jdk-17\bin\msvcp140.dll
0x00007ffc9f5a0000 - 0x00007ffca0181000 	C:\Program Files\Java\jdk-17\bin\server\jvm.dll
0x00007ffd3bde0000 - 0x00007ffd3bde8000 	C:\WINDOWS\System32\PSAPI.DLL
0x00007ffd2bae0000 - 0x00007ffd2baea000 	C:\WINDOWS\SYSTEM32\WSOCK32.dll
0x00007ffd2c140000 - 0x00007ffd2c175000 	C:\WINDOWS\SYSTEM32\WINMM.dll
0x00007ffd3d890000 - 0x00007ffd3d904000 	C:\WINDOWS\System32\WS2_32.dll
0x00007ffd39690000 - 0x00007ffd396ab000 	C:\WINDOWS\SYSTEM32\kernel.appcore.dll
0x00007ffcd4c50000 - 0x00007ffcd4c5a000 	C:\Program Files\Java\jdk-17\bin\jimage.dll
0x00007ffd38950000 - 0x00007ffd38b92000 	C:\WINDOWS\SYSTEM32\DBGHELP.DLL
0x00007ffd3c060000 - 0x00007ffd3c3e6000 	C:\WINDOWS\System32\combase.dll
0x00007ffd3d740000 - 0x00007ffd3d817000 	C:\WINDOWS\System32\OLEAUT32.dll
0x00007ffd2bf00000 - 0x00007ffd2bf3b000 	C:\WINDOWS\SYSTEM32\dbgcore.DLL
0x00007ffd3b020000 - 0x00007ffd3b0c5000 	C:\WINDOWS\System32\bcryptPrimitives.dll
0x00007ffcd4a60000 - 0x00007ffcd4a6e000 	C:\Program Files\Java\jdk-17\bin\instrument.dll
0x00007ffcd4c20000 - 0x00007ffcd4c45000 	C:\Program Files\Java\jdk-17\bin\java.dll
0x00007ffcd4b40000 - 0x00007ffcd4c17000 	C:\Program Files\Java\jdk-17\bin\jsvml.dll
0x00007ffd3cfe0000 - 0x00007ffd3d732000 	C:\WINDOWS\System32\SHELL32.dll
0x00007ffd3bc70000 - 0x00007ffd3bdda000 	C:\WINDOWS\System32\wintypes.dll
0x00007ffd3b180000 - 0x00007ffd3b9e3000 	C:\WINDOWS\System32\windows.storage.dll
0x00007ffd3c7c0000 - 0x00007ffd3c8b6000 	C:\WINDOWS\System32\SHCORE.dll
0x00007ffd3d820000 - 0x00007ffd3d887000 	C:\WINDOWS\System32\shlwapi.dll
0x00007ffd3a840000 - 0x00007ffd3a869000 	C:\WINDOWS\SYSTEM32\profapi.dll
0x00007ffcd4ae0000 - 0x00007ffcd4af8000 	C:\Program Files\Java\jdk-17\bin\zip.dll
0x00007ffcd4b20000 - 0x00007ffcd4b39000 	C:\Program Files\Java\jdk-17\bin\net.dll
0x00007ffd334c0000 - 0x00007ffd335e7000 	C:\WINDOWS\SYSTEM32\WINHTTP.dll
0x00007ffd39c10000 - 0x00007ffd39c7b000 	C:\WINDOWS\system32\mswsock.dll
0x00007ffcd4b00000 - 0x00007ffcd4b16000 	C:\Program Files\Java\jdk-17\bin\nio.dll
0x00007ffcd4a80000 - 0x00007ffcd4a90000 	C:\Program Files\Java\jdk-17\bin\verify.dll
0x00007ffcd55a0000 - 0x00007ffcd55c7000 	C:\Users\jibri\.gradle\native\1def1411415f61bf3af743bc5b6707747c0891f09f0c88961ee8f79bc544acac\windows-amd64\native-platform.dll
0x00007ffcd49e0000 - 0x00007ffcd4a57000 	C:\Users\jibri\.gradle\native\0.2.8\x86_64-windows-gnu\gradle-fileevents.dll
0x00007ffcd4aa0000 - 0x00007ffcd4aaa000 	C:\Program Files\Java\jdk-17\bin\management.dll
0x00007ffcd4a90000 - 0x00007ffcd4a9b000 	C:\Program Files\Java\jdk-17\bin\management_ext.dll
0x00007ffd390d0000 - 0x00007ffd39104000 	C:\WINDOWS\SYSTEM32\IPHLPAPI.DLL
0x00007ffd3d9a0000 - 0x00007ffd3d9aa000 	C:\WINDOWS\System32\NSI.dll
0x00007ffd33310000 - 0x00007ffd3332e000 	C:\WINDOWS\SYSTEM32\dhcpcsvc6.DLL
0x00007ffd33290000 - 0x00007ffd332b3000 	C:\WINDOWS\SYSTEM32\dhcpcsvc.DLL
0x00007ffd39170000 - 0x00007ffd3929c000 	C:\WINDOWS\SYSTEM32\DNSAPI.dll
0x00007ffd39f00000 - 0x00007ffd39f1b000 	C:\WINDOWS\SYSTEM32\CRYPTSP.dll
0x00007ffd395f0000 - 0x00007ffd39629000 	C:\WINDOWS\system32\rsaenh.dll
0x00007ffd39cc0000 - 0x00007ffd39ceb000 	C:\WINDOWS\SYSTEM32\USERENV.dll
0x00007ffd3a810000 - 0x00007ffd3a83a000 	C:\WINDOWS\SYSTEM32\bcrypt.dll
0x00007ffd39f20000 - 0x00007ffd39f2c000 	C:\WINDOWS\SYSTEM32\CRYPTBASE.dll
0x00007ffcd49b0000 - 0x00007ffcd49be000 	C:\Program Files\Java\jdk-17\bin\sunmscapi.dll
0x00007ffd3ae70000 - 0x00007ffd3afe7000 	C:\WINDOWS\System32\CRYPT32.dll
0x00007ffd3a120000 - 0x00007ffd3a150000 	C:\WINDOWS\SYSTEM32\ncrypt.dll
0x00007ffd3a0d0000 - 0x00007ffd3a10f000 	C:\WINDOWS\SYSTEM32\NTASN1.dll
0x00007ffcffad0000 - 0x00007ffcffad8000 	C:\WINDOWS\system32\wshunix.dll

dbghelp: loaded successfully - version: 4.0.5 - missing functions: none
symbol engine: initialized successfully - sym options: 0x614 - pdb path: .;C:\Program Files\Java\jdk-17\bin;C:\WINDOWS\SYSTEM32;C:\Program Files\Avast Software\Avast;C:\WINDOWS\WinSxS\amd64_microsoft.windows.common-controls_6595b64144ccf1df_6.0.26100.7824_none_3e0870b2e3345462;C:\Program Files\Java\jdk-17\bin\server;C:\Users\jibri\.gradle\native\1def1411415f61bf3af743bc5b6707747c0891f09f0c88961ee8f79bc544acac\windows-amd64;C:\Users\jibri\.gradle\native\0.2.8\x86_64-windows-gnu

VM Arguments:
jvm_args: --add-opens=java.base/java.lang=ALL-UNNAMED --add-opens=java.base/java.lang.invoke=ALL-UNNAMED --add-opens=java.base/java.util=ALL-UNNAMED --add-opens=java.prefs/java.util.prefs=ALL-UNNAMED --add-exports=jdk.compiler/com.sun.tools.javac.api=ALL-UNNAMED --add-exports=jdk.compiler/com.sun.tools.javac.util=ALL-UNNAMED --add-opens=java.base/java.util=ALL-UNNAMED --add-opens=java.prefs/java.util.prefs=ALL-UNNAMED --add-opens=java.base/java.nio.charset=ALL-UNNAMED --add-opens=java.base/java.net=ALL-UNNAMED --add-opens=java.base/java.util.concurrent=ALL-UNNAMED --add-opens=java.base/java.util.concurrent.atomic=ALL-UNNAMED --add-opens=java.xml/javax.xml.namespace=ALL-UNNAMED -XX:MaxMetaspaceSize=512m -Xmx2048m -Dfile.encoding=windows-1252 -Duser.country=PH -Duser.language=en -Duser.variant -javaagent:C:\Users\jibri\.gradle\wrapper\dists\gradle-9.0.0-bin\d6wjpkvcgsg3oed0qlfss3wgl\gradle-9.0.0\lib\agents\gradle-instrumentation-agent-9.0.0.jar 
java_command: org.gradle.launcher.daemon.bootstrap.GradleDaemon 9.0.0
java_class_path (initial): C:\Users\jibri\.gradle\wrapper\dists\gradle-9.0.0-bin\d6wjpkvcgsg3oed0qlfss3wgl\gradle-9.0.0\lib\gradle-daemon-main-9.0.0.jar
Launcher Type: SUN_STANDARD

[Global flags]
     intx CICompilerCount                          = 12                                        {product} {ergonomic}
   size_t CompressedClassSpaceSize                 = 436207616                                 {product} {ergonomic}
     uint ConcGCThreads                            = 4                                         {product} {ergonomic}
     uint G1ConcRefinementThreads                  = 15                                        {product} {ergonomic}
   size_t G1HeapRegionSize                         = 1048576                                   {product} {ergonomic}
    uintx GCDrainStackTargetSize                   = 64                                        {product} {ergonomic}
   size_t InitialHeapSize                          = 130023424                                 {product} {ergonomic}
   size_t MarkStackSize                            = 4194304                                   {product} {ergonomic}
   size_t MaxHeapSize                              = 2147483648                                {product} {command line}
   size_t MaxMetaspaceSize                         = 536870912                                 {product} {command line}
   size_t MaxNewSize                               = 1287651328                                {product} {ergonomic}
   size_t MinHeapDeltaBytes                        = 1048576                                   {product} {ergonomic}
   size_t MinHeapSize                              = 8388608                                   {product} {ergonomic}
    uintx NonNMethodCodeHeapSize                   = 7602480                                {pd product} {ergonomic}
    uintx NonProfiledCodeHeapSize                  = 122027880                              {pd product} {ergonomic}
    uintx ProfiledCodeHeapSize                     = 122027880                              {pd product} {ergonomic}
    uintx ReservedCodeCacheSize                    = 251658240                              {pd product} {ergonomic}
     bool SegmentedCodeCache                       = true                                      {product} {ergonomic}
   size_t SoftMaxHeapSize                          = 2147483648                             {manageable} {ergonomic}
     bool UseCompressedClassPointers               = true                           {product lp64_product} {ergonomic}
     bool UseCompressedOops                        = true                           {product lp64_product} {ergonomic}
     bool UseG1GC                                  = true                                      {product} {ergonomic}
     bool UseLargePagesIndividualAllocation        = false                                  {pd product} {ergonomic}

Logging:
Log output configuration:
 #0: stdout all=warning uptime,level,tags
 #1: stderr all=off uptime,level,tags

Environment Variables:
JAVA_HOME=C:\Program Files\Java\jdk-17
PATH=C:\rubi_web\CISC_Capstone\MiscueReading\node_modules\.bin;C:\rubi_web\CISC_Capstone\node_modules\.bin;C:\rubi_web\node_modules\.bin;C:\node_modules\.bin;C:\Users\jibri\CONFIG~1\herd\bin\nvm\v22.9.0\node_modules\npm\node_modules\@npmcli\run-script\lib\node-gyp-bin;C:\Program Files\Microsoft\jdk-17.0.16.8-hotspot\bin;C:\ProgramData\Oracle\Java\javapath;C:\Program Files\NVIDIA GPU Computing Toolkit\CUDA\v12.8\bin;C:\Program Files\NVIDIA GPU Computing Toolkit\CUDA\v12.8\libnvvp;C:\Program Files\Common Files\Oracle\Java\javapath;C:\PHP\phpoldversion\;C:\Windows\system32;C:\Windows;C:\Windows\System32\Wbem;C:\Windows\System32\WindowsPowerShell\v1.0\;C:\Windows\System32\OpenSSH\;C:\Program Files (x86)\NVIDIA Corporation\PhysX\Common;C:\Program Files\Microsoft SQL Server\150\Tools\Binn\;C:\Program Files\Microsoft SQL Server\Client SDK\ODBC\170\Tools\Binn\;C:\ProgramData\ComposerSetup\bin;C:\Users\jibri\.config\herd\bin\nvm;C:\Program Files\nodejs;C:\Program Files\Java\jdk-17\bin;C:\xampp\php;C:\WINDOWS\system32;C:\WINDOWS;C:\WINDOWS\System32\Wbem;C:\WINDOWS\System32\WindowsPowerShell\v1.0\;C:\WINDOWS\System32\OpenSSH\;C:\Program Files\nodejs\;C:\Program Files\Git\cmd;C:\Program Files\Git\bin;C:\Users\jibri\AppData\Local\Pub\Cache\bin;C:\Program Files\NVIDIA Corporation\NVIDIA app\NvDLISR;C:\Program Files\heroku\bin;C:\Program Files\NVIDIA Corporation\Nsight Compute 2025.1.1\;C:\ProgramData\chocolatey\bin;C:\Users\jibri\AppData\Local\Programs\Python\Python310\Scripts;C:\Program Files\dotnet\;C:\Program Files (x86)\Windows Kits\10\Windows Performance Toolkit\;C:\Users\jibri\AppData\Local\Android\Sdk\platform-tools;C:\Program Files\Docker\Docker\resources\bin;C:\Program Files\MySQL\MySQL Shell 8.0\bin\;C:\Users\jibri\AppData\Local\Programs\Python\Python310\Scripts\;C:\Users\jibri\AppData\Local\Programs\Python\Python310\;C:\Users\jibri\.config\herd\bin;C:\Users\jibri\AppData\Local\Microsoft\WindowsApps;C:\Users\jibri\AppData\Local\Programs\Microsoft VS Code\bin;C:\Users\jibri
USERNAME=jibri
LANG=en_US.UTF-8
OS=Windows_NT
PROCESSOR_IDENTIFIER=Intel64 Family 6 Model 191 Stepping 2, GenuineIntel



---------------  S Y S T E M  ---------------

OS:
 Windows 11 , 64 bit Build 26100 (10.0.26100.7705)
OS uptime: 0 days 3:59 hours
Hyper-V role detected

CPU: total 20 (initial active 20) (10 cores per cpu, 2 threads per core) family 6 model 191 stepping 2 microcode 0x2c, cx8, cmov, fxsr, ht, mmx, 3dnowpref, sse, sse2, sse3, ssse3, sse4.1, sse4.2, popcnt, lzcnt, tsc, tscinvbit, avx, avx2, aes, erms, clmul, bmi1, bmi2, adx, sha, fma, vzeroupper, clflush, clflushopt, clwb, hv

Memory: 4k page, system-wide physical 7911M (800M free)
TotalPageFile size 32487M (AvailPageFile size 20M)
current process WorkingSet (physical memory assigned to process): 535M, peak: 536M
current process commit charge ("private bytes"): 785M, peak: 787M

vm_info: Java HotSpot(TM) 64-Bit Server VM (17.0.14+8-LTS-191) for windows-amd64 JRE (17.0.14+8-LTS-191), built on Dec  3 2024 11:07:59 by "mach5one" with MS VC++ 17.6 (VS2022)

END.
