#
# There is insufficient memory for the Java Runtime Environment to continue.
# Native memory allocation (malloc) failed to allocate 32744 bytes for ChunkPool::allocate
# Possible reasons:
#   The system is out of physical RAM or swap space
#   The process is running with CompressedOops enabled, and the Java Heap may be blocking the growth of the native heap
# Possible solutions:
#   Reduce memory load on the system
#   Increase physical memory or swap space
#   Check if swap backing store is full
#   Decrease Java heap size (-Xmx/-Xms)
#   Decrease number of Java threads
#   Decrease Java thread stack sizes (-Xss)
#   Set larger code cache with -XX:ReservedCodeCacheSize=
#   JVM is running with Unscaled Compressed Oops mode in which the Java heap is
#     placed in the first 4GB address space. The Java Heap base address is the
#     maximum limit for the native heap growth. Please use -XX:HeapBaseMinAddress
#     to set the Java Heap base and to place the Java Heap above 4GB virtual address.
# This output file may be truncated or incomplete.
#
#  Out of Memory Error (arena.cpp:78), pid=14604, tid=30412
#
# JRE version: Java(TM) SE Runtime Environment (17.0.14+8) (build 17.0.14+8-LTS-191)
# Java VM: Java HotSpot(TM) 64-Bit Server VM (17.0.14+8-LTS-191, mixed mode, sharing, tiered, compressed oops, compressed class ptrs, g1 gc, windows-amd64)
# No core dump will be written. Minidumps are not enabled by default on client versions of Windows
#

---------------  S U M M A R Y ------------

Command Line: --add-opens=java.base/java.lang=ALL-UNNAMED --add-opens=java.base/java.lang.invoke=ALL-UNNAMED --add-opens=java.base/java.util=ALL-UNNAMED --add-opens=java.prefs/java.util.prefs=ALL-UNNAMED --add-exports=jdk.compiler/com.sun.tools.javac.api=ALL-UNNAMED --add-exports=jdk.compiler/com.sun.tools.javac.util=ALL-UNNAMED --add-opens=java.base/java.util=ALL-UNNAMED --add-opens=java.prefs/java.util.prefs=ALL-UNNAMED --add-opens=java.base/java.nio.charset=ALL-UNNAMED --add-opens=java.base/java.net=ALL-UNNAMED --add-opens=java.base/java.util.concurrent=ALL-UNNAMED --add-opens=java.base/java.util.concurrent.atomic=ALL-UNNAMED --add-opens=java.xml/javax.xml.namespace=ALL-UNNAMED -XX:MaxMetaspaceSize=512m -Xmx2048m -Dfile.encoding=windows-1252 -Duser.country=PH -Duser.language=en -Duser.variant -javaagent:C:\Users\jibri\.gradle\wrapper\dists\gradle-9.0.0-bin\d6wjpkvcgsg3oed0qlfss3wgl\gradle-9.0.0\lib\agents\gradle-instrumentation-agent-9.0.0.jar org.gradle.launcher.daemon.bootstrap.GradleDaemon 9.0.0

Host: 13th Gen Intel(R) Core(TM) i5-13500HX, 20 cores, 7G,  Windows 11 , 64 bit Build 26100 (10.0.26100.8246)
Time: Thu Apr 16 22:09:18 2026 Malay Peninsula Standard Time elapsed time: 627.271073 seconds (0d 0h 10m 27s)

---------------  T H R E A D  ---------------

Current thread (0x00000229dc761160):  JavaThread "C2 CompilerThread0" daemon [_thread_in_native, id=30412, stack(0x000000f5d6100000,0x000000f5d6200000)]


Current CompileTask:
C2: 627271 30038       4       org.gradle.api.internal.artifacts.transform.ConsumerProvidedVariantFinder::doFindTransformedVariants (450 bytes)

Stack: [0x000000f5d6100000,0x000000f5d6200000]
Native frames: (J=compiled Java code, j=interpreted, Vv=VM code, C=native code)
V  [jvm.dll+0x67a38a]
V  [jvm.dll+0x7da7ed]
V  [jvm.dll+0x7dc133]
V  [jvm.dll+0x7dc7a3]
V  [jvm.dll+0x24517f]
V  [jvm.dll+0xab9a4]
V  [jvm.dll+0xabd3c]
V  [jvm.dll+0x60d6f4]
V  [jvm.dll+0x60e65c]
V  [jvm.dll+0x60cb3a]
V  [jvm.dll+0x2167be]
V  [jvm.dll+0x215d6f]
V  [jvm.dll+0x1a2950]
V  [jvm.dll+0x22620b]
V  [jvm.dll+0x2243ab]
V  [jvm.dll+0x790bbc]
V  [jvm.dll+0x78b04a]
V  [jvm.dll+0x679275]
C  [ucrtbase.dll+0x37b0]
C  [KERNEL32.DLL+0x2e8d7]
C  [ntdll.dll+0x8c3fc]


---------------  P R O C E S S  ---------------

Threads class SMR info:
_java_thread_list=0x00000229feb91300, length=294, elements={
0x00000229be2d2300, 0x00000229dc7420c0, 0x00000229dc744aa0, 0x00000229dc75cae0,
0x00000229dc75d3b0, 0x00000229dc75dc80, 0x00000229dc75e550, 0x00000229dc761160,
0x00000229dc7622c0, 0x00000229dc762bd0, 0x00000229dd7e6010, 0x00000229dd898740,
0x00000229dd9d38d0, 0x00000229fe5814a0, 0x00000229fe9705d0, 0x00000229fe7973b0,
0x00000229fe795040, 0x00000229fe796480, 0x00000229fe7982e0, 0x00000229fe795a60,
0x0000022981d64730, 0x0000022981d66590, 0x00000229812fbb90, 0x00000229812fcac0,
0x00000229812fb170, 0x0000022981300270, 0x00000229812fd9f0, 0x00000229813016b0,
0x00000229812ff340, 0x0000022981300780, 0x00000229812ff850, 0x00000229841668e0,
0x0000022984164f90, 0x0000022980b779b0, 0x0000022980b7c5a0, 0x0000022980b7cab0,
0x0000022980b816a0, 0x0000022980b80c80, 0x0000022980b81bb0, 0x0000022980b82ae0,
0x0000022980b820c0, 0x0000022980b825d0, 0x0000022980b80260, 0x0000022980b84940,
0x0000022980b83f20, 0x0000022980b84430, 0x0000022980b85360, 0x0000022980b85870,
0x0000022984163b50, 0x0000022981d65150, 0x0000022984d143f0, 0x0000022982c293c0,
0x00000229ff5c9aa0, 0x00000229ff5ca4c0, 0x0000022982c298d0, 0x0000022982c289a0,
0x0000022982c2a800, 0x0000022982c28eb0, 0x0000022984d139d0, 0x0000022984d13ee0,
0x0000022982c29de0, 0x0000022982c2a2f0, 0x0000022982c27050, 0x0000022984d14e10,
0x00000229ff5a1810, 0x00000229ff5a08e0, 0x00000229ff5a0df0, 0x0000022982f68dc0,
0x00000229ff5a1300, 0x00000229ff59fec0, 0x00000229ff5a03d0, 0x0000022985069c40,
0x0000022985068800, 0x0000022985066490, 0x0000022985069220, 0x0000022985068d10,
0x00000229850682f0, 0x00000229850669a0, 0x00000229850673c0, 0x00000229850678d0,
0x0000022982c27560, 0x0000022982c27a70, 0x0000022982c27f80, 0x0000022984d14900,
0x0000022982c28490, 0x000002298073cf30, 0x000002298073d950, 0x000002298073ed90,
0x00000229807406e0, 0x000002298073fcc0, 0x000002298073d440, 0x000002298073e370,
0x00000229807401d0, 0x000002298073de60, 0x000002298073e880, 0x000002298073f7b0,
0x000002298073f2a0, 0x0000022981d61a70, 0x0000022981d61f80, 0x0000022981d629a0,
0x00000229ff5ca9d0, 0x00000229ff5c9080, 0x000002298cedb8b0, 0x000002298cedb3a0,
0x000002298ced9540, 0x000002298ced9f60, 0x0000022986a16ab0, 0x0000022981d62eb0,
0x0000022985069730, 0x0000022984e5a4d0, 0x00000229fe6ca890, 0x00000229fe6c9450,
0x00000229fe6c9960, 0x00000229fe6c9e70, 0x00000229816e9200, 0x00000229816e82d0,
0x00000229816e87e0, 0x00000229816e8cf0, 0x00000229816e9710, 0x00000229816e73a0,
0x00000229816e6e90, 0x00000229816e5f60, 0x00000229816e6980, 0x00000229816e6470,
0x00000229816e78b0, 0x00000229816e7dc0, 0x00000229862a9b10, 0x00000229862aa020,
0x00000229862a6d80, 0x000002298b8b68e0, 0x0000022982edd080, 0x0000022982edd590,
0x0000022982ede4c0, 0x0000022982eddfb0, 0x0000022982eddaa0, 0x0000022982ede9d0,
0x00000229fef2dec0, 0x00000229fef2edf0, 0x00000229fef2e3d0, 0x0000022980209820,
0x00000229802083e0, 0x0000022980209310, 0x0000022980207ed0, 0x00000229802088f0,
0x0000022980208e00, 0x000002298eb69a20, 0x000002298eb680d0, 0x000002298eb685e0,
0x000002298eb68af0, 0x0000022981d633c0, 0x0000022984e59090, 0x0000022984e595a0,
0x0000022984e59fc0, 0x0000022984e59ab0, 0x000002298d1e9b60, 0x000002298d1eb4b0,
0x000002298d1eafa0, 0x000002298d1eaa90, 0x000002298d1ea070, 0x000002298d1e8c30,
0x000002298d1eb9c0, 0x000002298d1e9140, 0x000002298d1e9650, 0x000002298d1ea580,
0x000002298d1ebed0, 0x000002298d1ec3e0, 0x0000022984e5a9e0, 0x000002298629b980,
0x000002298629c3a0, 0x000002298629be90, 0x0000022986299b20, 0x000002298629c8b0,
0x0000022981d62490, 0x0000022981d61560, 0x0000022981d638d0, 0x000002298d05b170,
0x000002298d05b680, 0x000002298d05d9f0, 0x000002298d05c0a0, 0x000002298ceda470,
0x000002298ced8610, 0x000002298ced8b20, 0x0000022986299100, 0x000002298629aa50,
0x000002298629a030, 0x0000022986299610, 0x000002298629a540, 0x000002298629af60,
0x000002298629b470, 0x000002298eecb490, 0x000002298eeccde0, 0x000002298eecbeb0,
0x000002298eecaa70, 0x000002298eecc3c0, 0x000002298eecd2f0, 0x000002298eecd800,
0x000002298eecdd10, 0x000002298eecaf80, 0x000002298eecc8d0, 0x000002298eeca560,
0x000002298eecb9a0, 0x000002298c3dcf70, 0x000002298c3ddea0, 0x000002298c3dca60,
0x000002298c3dfd00, 0x000002298c3dc550, 0x000002298c3dd480, 0x000002298c3dedd0,
0x000002298c3dd990, 0x000002298c3de3b0, 0x000002298c3df2e0, 0x000002298c3de8c0,
0x000002298c3df7f0, 0x000002298ef230b0, 0x000002298ef22690, 0x000002298ef25930,
0x000002298ef235c0, 0x000002298ef23ad0, 0x000002298ef22ba0, 0x000002298ef23fe0,
0x000002298ef244f0, 0x000002298ef25420, 0x000002298ef25e40, 0x000002298ef24a00,
0x000002298ef24f10, 0x00000229804e5510, 0x00000229804e45e0, 0x00000229804e5a20,
0x00000229804e5000, 0x00000229804e40d0, 0x00000229804e4af0, 0x00000229866c03a0,
0x00000229866bea50, 0x00000229866c0dc0, 0x00000229866bf470, 0x00000229866c12d0,
0x00000229866bf980, 0x00000229866bfe90, 0x00000229866c08b0, 0x00000229866c17e0,
0x00000229866be030, 0x00000229866be540, 0x00000229866bef60, 0x0000022984efdab0,
0x0000022984efd090, 0x0000022984efd5a0, 0x0000022984efdfc0, 0x0000022984efe4d0,
0x0000022984f00330, 0x0000022984efeef0, 0x0000022984f00840, 0x0000022984effe20,
0x0000022984eff910, 0x0000022984efe9e0, 0x0000022984eff400, 0x0000022982ee7ca0,
0x0000022982eeaa30, 0x0000022982ee81b0, 0x0000022982ee86c0, 0x0000022982eea010,
0x0000022982eea520, 0x0000022982ee7790, 0x0000022982ee8bd0, 0x0000022982ee90e0,
0x0000022982ee95f0, 0x0000022982ee9b00, 0x0000022982ee7280, 0x000002298d2af170,
0x000002298d2b05b0, 0x000002298d2af680, 0x000002298d2ae750, 0x000002298d2b0ac0,
0x000002298d2ad820, 0x000002298d2b0fd0, 0x000002298d2afb90, 0x000002298d2b14e0,
0x000002298d2add30, 0x000002298d2b00a0, 0x000002298d2b19f0, 0x000002298d2ae240,
0x000002298d2b1f00, 0x000002298d2b2410, 0x000002298d2aec60, 0x000002298d2b3850,
0x000002298d2b2920, 0x000002298d2b2e30, 0x000002298d2b3340, 0x000002298d2b3d60,
0x000002298d2b4c90, 0x000002298d2b51a0, 0x000002298d2b4780, 0x000002298ecdf9c0,
0x000002298ecde580, 0x00000229862a77a0
}

Java Threads: ( => current thread )
  0x00000229be2d2300 JavaThread "main" [_thread_blocked, id=24292, stack(0x000000f5d5400000,0x000000f5d5500000)]
  0x00000229dc7420c0 JavaThread "Reference Handler" daemon [_thread_blocked, id=22888, stack(0x000000f5d5b00000,0x000000f5d5c00000)]
  0x00000229dc744aa0 JavaThread "Finalizer" daemon [_thread_blocked, id=9436, stack(0x000000f5d5c00000,0x000000f5d5d00000)]
  0x00000229dc75cae0 JavaThread "Signal Dispatcher" daemon [_thread_blocked, id=11560, stack(0x000000f5d5d00000,0x000000f5d5e00000)]
  0x00000229dc75d3b0 JavaThread "Attach Listener" daemon [_thread_blocked, id=27848, stack(0x000000f5d5e00000,0x000000f5d5f00000)]
  0x00000229dc75dc80 JavaThread "Service Thread" daemon [_thread_blocked, id=2764, stack(0x000000f5d5f00000,0x000000f5d6000000)]
  0x00000229dc75e550 JavaThread "Monitor Deflation Thread" daemon [_thread_blocked, id=22056, stack(0x000000f5d6000000,0x000000f5d6100000)]
=>0x00000229dc761160 JavaThread "C2 CompilerThread0" daemon [_thread_in_native, id=30412, stack(0x000000f5d6100000,0x000000f5d6200000)]
  0x00000229dc7622c0 JavaThread "C1 CompilerThread0" daemon [_thread_blocked, id=14204, stack(0x000000f5d6200000,0x000000f5d6300000)]
  0x00000229dc762bd0 JavaThread "Sweeper thread" daemon [_thread_blocked, id=28404, stack(0x000000f5d6300000,0x000000f5d6400000)]
  0x00000229dd7e6010 JavaThread "Common-Cleaner" daemon [_thread_blocked, id=18536, stack(0x000000f5d6700000,0x000000f5d6800000)]
  0x00000229dd898740 JavaThread "Notification Thread" daemon [_thread_blocked, id=15840, stack(0x000000f5d6900000,0x000000f5d6a00000)]
  0x00000229dd9d38d0 JavaThread "Daemon health stats" [_thread_blocked, id=12696, stack(0x000000f5d6f00000,0x000000f5d7000000)]
  0x00000229fe5814a0 JavaThread "Incoming local TCP Connector on port 63783" [_thread_in_native, id=26528, stack(0x000000f5d7000000,0x000000f5d7100000)]
  0x00000229fe9705d0 JavaThread "Daemon periodic checks" [_thread_blocked, id=29672, stack(0x000000f5d7100000,0x000000f5d7200000)]
  0x00000229fe7973b0 JavaThread "Cache worker for journal cache (C:\Users\jibri\.gradle\caches\journal-1)" [_thread_blocked, id=20256, stack(0x000000f5d7900000,0x000000f5d7a00000)]
  0x00000229fe795040 JavaThread "File lock request listener" [_thread_in_native, id=22792, stack(0x000000f5d7a00000,0x000000f5d7b00000)]
  0x00000229fe796480 JavaThread "Cache worker for file hash cache (C:\Users\jibri\.gradle\caches\9.0.0\fileHashes)" [_thread_blocked, id=11796, stack(0x000000f5d7b00000,0x000000f5d7c00000)]
  0x00000229fe7982e0 JavaThread "File watcher server" daemon [_thread_in_native, id=5880, stack(0x000000f5d8c00000,0x000000f5d8d00000)]
  0x00000229fe795a60 JavaThread "File watcher consumer" daemon [_thread_blocked, id=25104, stack(0x000000f5d8d00000,0x000000f5d8e00000)]
  0x0000022981d64730 JavaThread "Cache worker for file content cache (C:\Users\jibri\.gradle\caches\9.0.0\fileContent)" [_thread_blocked, id=14576, stack(0x000000f5d8f00000,0x000000f5d9000000)]
  0x0000022981d66590 JavaThread "jar transforms" [_thread_blocked, id=26476, stack(0x000000f5d9200000,0x000000f5d9300000)]
  0x00000229812fbb90 JavaThread "Memory manager" [_thread_blocked, id=11396, stack(0x000000f5dd300000,0x000000f5dd400000)]
  0x00000229812fcac0 JavaThread "ForkJoinPool.commonPool-worker-1" daemon [_thread_blocked, id=7848, stack(0x000000f5dd500000,0x000000f5dd600000)]
  0x00000229812fb170 JavaThread "ForkJoinPool.commonPool-worker-3" daemon [_thread_blocked, id=22296, stack(0x000000f5dd700000,0x000000f5dd800000)]
  0x0000022981300270 JavaThread "ForkJoinPool.commonPool-worker-6" daemon [_thread_blocked, id=11200, stack(0x000000f5dda00000,0x000000f5ddb00000)]
  0x00000229812fd9f0 JavaThread "ForkJoinPool.commonPool-worker-7" daemon [_thread_blocked, id=25980, stack(0x000000f5ddb00000,0x000000f5ddc00000)]
  0x00000229813016b0 JavaThread "ForkJoinPool.commonPool-worker-8" daemon [_thread_blocked, id=7452, stack(0x000000f5ddc00000,0x000000f5ddd00000)]
  0x00000229812ff340 JavaThread "ForkJoinPool.commonPool-worker-10" daemon [_thread_blocked, id=29496, stack(0x000000f5ddd00000,0x000000f5dde00000)]
  0x0000022981300780 JavaThread "ForkJoinPool.commonPool-worker-9" daemon [_thread_blocked, id=21520, stack(0x000000f5dde00000,0x000000f5ddf00000)]
  0x00000229812ff850 JavaThread "ForkJoinPool.commonPool-worker-11" daemon [_thread_blocked, id=10960, stack(0x000000f5ddf00000,0x000000f5de000000)]
  0x00000229841668e0 JavaThread "jar transforms Thread 2" [_thread_blocked, id=29924, stack(0x000000f5e4b00000,0x000000f5e4c00000)]
  0x0000022984164f90 JavaThread "jar transforms Thread 3" [_thread_blocked, id=28552, stack(0x000000f5e4d00000,0x000000f5e4e00000)]
  0x0000022980b779b0 JavaThread "jar transforms Thread 4" [_thread_blocked, id=23424, stack(0x000000f5e8b00000,0x000000f5e8c00000)]
  0x0000022980b7c5a0 JavaThread "jar transforms Thread 5" [_thread_blocked, id=12588, stack(0x000000f5e8c00000,0x000000f5e8d00000)]
  0x0000022980b7cab0 JavaThread "jar transforms Thread 6" [_thread_blocked, id=18020, stack(0x000000f5e8d00000,0x000000f5e8e00000)]
  0x0000022980b816a0 JavaThread "jar transforms Thread 7" [_thread_blocked, id=17084, stack(0x000000f5e9000000,0x000000f5e9100000)]
  0x0000022980b80c80 JavaThread "jar transforms Thread 8" [_thread_blocked, id=14500, stack(0x000000f5e9200000,0x000000f5e9300000)]
  0x0000022980b81bb0 JavaThread "jar transforms Thread 9" [_thread_blocked, id=30248, stack(0x000000f5e9100000,0x000000f5e9200000)]
  0x0000022980b82ae0 JavaThread "jar transforms Thread 10" [_thread_blocked, id=15760, stack(0x000000f5e9300000,0x000000f5e9400000)]
  0x0000022980b820c0 JavaThread "jar transforms Thread 11" [_thread_blocked, id=28032, stack(0x000000f5e9400000,0x000000f5e9500000)]
  0x0000022980b825d0 JavaThread "jar transforms Thread 12" [_thread_blocked, id=19420, stack(0x000000f5e9500000,0x000000f5e9600000)]
  0x0000022980b80260 JavaThread "jar transforms Thread 13" [_thread_blocked, id=27984, stack(0x000000f5e9600000,0x000000f5e9700000)]
  0x0000022980b84940 JavaThread "jar transforms Thread 14" [_thread_blocked, id=24032, stack(0x000000f5e9700000,0x000000f5e9800000)]
  0x0000022980b83f20 JavaThread "jar transforms Thread 15" [_thread_blocked, id=14148, stack(0x000000f5e9800000,0x000000f5e9900000)]
  0x0000022980b84430 JavaThread "jar transforms Thread 16" [_thread_blocked, id=25736, stack(0x000000f5e9900000,0x000000f5e9a00000)]
  0x0000022980b85360 JavaThread "jar transforms Thread 17" [_thread_blocked, id=27560, stack(0x000000f5e9a00000,0x000000f5e9b00000)]
  0x0000022980b85870 JavaThread "jar transforms Thread 18" [_thread_blocked, id=30008, stack(0x000000f5e9b00000,0x000000f5e9c00000)]
  0x0000022984163b50 JavaThread "jar transforms Thread 19" [_thread_blocked, id=26764, stack(0x000000f5e9c00000,0x000000f5e9d00000)]
  0x0000022981d65150 JavaThread "jar transforms Thread 20" [_thread_blocked, id=17520, stack(0x000000f5e9d00000,0x000000f5e9e00000)]
  0x0000022984d143f0 JavaThread "Daemon Thread 2" [_thread_blocked, id=22404, stack(0x000000f5d5300000,0x000000f5d5400000)]
  0x0000022982c293c0 JavaThread "Handler for socket connection from /127.0.0.1:63783 to /127.0.0.1:51487" [_thread_in_native, id=17512, stack(0x000000f5d6400000,0x000000f5d6500000)]
  0x00000229ff5c9aa0 JavaThread "Cancel handler" [_thread_blocked, id=26020, stack(0x000000f5d6500000,0x000000f5d6600000)]
  0x00000229ff5ca4c0 JavaThread "Daemon worker Thread 2" [_thread_blocked, id=30372, stack(0x000000f5d6600000,0x000000f5d6700000)]
  0x0000022982c298d0 JavaThread "Asynchronous log dispatcher for DefaultDaemonConnection: socket connection from /127.0.0.1:63783 to /127.0.0.1:51487" [_thread_blocked, id=15412, stack(0x000000f5d6800000,0x000000f5d6900000)]
  0x0000022982c289a0 JavaThread "Stdin handler" [_thread_blocked, id=12336, stack(0x000000f5d7200000,0x000000f5d7300000)]
  0x0000022982c2a800 JavaThread "Daemon client event forwarder" [_thread_blocked, id=26660, stack(0x000000f5d7300000,0x000000f5d7400000)]
  0x0000022982c28eb0 JavaThread "Cache worker for file hash cache (C:\rubi_web\CISC_Capstone\MiscueReading\android\.gradle\9.0.0\fileHashes)" [_thread_blocked, id=14628, stack(0x000000f5d7400000,0x000000f5d7500000)]
  0x0000022984d139d0 JavaThread "Cache worker for Build Output Cleanup Cache (C:\rubi_web\CISC_Capstone\MiscueReading\android\.gradle\buildOutputCleanup)" [_thread_blocked, id=23520, stack(0x000000f5d7500000,0x000000f5d7600000)]
  0x0000022984d13ee0 JavaThread "Cache worker for checksums cache (C:\rubi_web\CISC_Capstone\MiscueReading\android\.gradle\9.0.0\checksums)" [_thread_blocked, id=14444, stack(0x000000f5d7600000,0x000000f5d7700000)]
  0x0000022982c29de0 JavaThread "Cache worker for cache directory md-supplier (C:\Users\jibri\.gradle\caches\9.0.0\md-supplier)" [_thread_blocked, id=24260, stack(0x000000f5d7700000,0x000000f5d7800000)]
  0x0000022982c2a2f0 JavaThread "Cache worker for cache directory md-rule (C:\Users\jibri\.gradle\caches\9.0.0\md-rule)" [_thread_blocked, id=30192, stack(0x000000f5d7800000,0x000000f5d7900000)]
  0x0000022982c27050 JavaThread "Cache worker for Build Output Cleanup Cache (C:\rubi_web\CISC_Capstone\MiscueReading\node_modules\@react-native\gradle-plugin\.gradle\buildOutputCleanup)" [_thread_blocked, id=15888, stack(0x000000f5d8600000,0x000000f5d8700000)]
  0x0000022984d14e10 JavaThread "Unconstrained build operations" [_thread_blocked, id=12432, stack(0x000000f5d8e00000,0x000000f5d8f00000)]
  0x00000229ff5a1810 JavaThread "Unconstrained build operations Thread 2" [_thread_blocked, id=7528, stack(0x000000f5d9000000,0x000000f5d9100000)]
  0x00000229ff5a08e0 JavaThread "Unconstrained build operations Thread 3" [_thread_blocked, id=29856, stack(0x000000f5d9100000,0x000000f5d9200000)]
  0x00000229ff5a0df0 JavaThread "Unconstrained build operations Thread 4" [_thread_blocked, id=29644, stack(0x000000f5d9300000,0x000000f5d9400000)]
  0x0000022982f68dc0 JavaThread "C1 CompilerThread1" daemon [_thread_blocked, id=16452, stack(0x000000f5d9400000,0x000000f5d9500000)]
  0x00000229ff5a1300 JavaThread "Unconstrained build operations Thread 5" [_thread_blocked, id=25264, stack(0x000000f5d9500000,0x000000f5d9600000)]
  0x00000229ff59fec0 JavaThread "Unconstrained build operations Thread 6" [_thread_blocked, id=18176, stack(0x000000f5d9600000,0x000000f5d9700000)]
  0x00000229ff5a03d0 JavaThread "Unconstrained build operations Thread 7" [_thread_blocked, id=22408, stack(0x000000f5d9700000,0x000000f5d9800000)]
  0x0000022985069c40 JavaThread "Unconstrained build operations Thread 8" [_thread_blocked, id=25332, stack(0x000000f5d9800000,0x000000f5d9900000)]
  0x0000022985068800 JavaThread "Unconstrained build operations Thread 9" [_thread_blocked, id=26332, stack(0x000000f5d9900000,0x000000f5d9a00000)]
  0x0000022985066490 JavaThread "Unconstrained build operations Thread 10" [_thread_blocked, id=15316, stack(0x000000f5d9a00000,0x000000f5d9b00000)]
  0x0000022985069220 JavaThread "Unconstrained build operations Thread 11" [_thread_blocked, id=30480, stack(0x000000f5d9b00000,0x000000f5d9c00000)]
  0x0000022985068d10 JavaThread "Unconstrained build operations Thread 12" [_thread_blocked, id=24444, stack(0x000000f5d9c00000,0x000000f5d9d00000)]
  0x00000229850682f0 JavaThread "Unconstrained build operations Thread 13" [_thread_blocked, id=30600, stack(0x000000f5d9d00000,0x000000f5d9e00000)]
  0x00000229850669a0 JavaThread "Unconstrained build operations Thread 14" [_thread_blocked, id=3748, stack(0x000000f5d9e00000,0x000000f5d9f00000)]
  0x00000229850673c0 JavaThread "Unconstrained build operations Thread 15" [_thread_blocked, id=13964, stack(0x000000f5d9f00000,0x000000f5da000000)]
  0x00000229850678d0 JavaThread "Unconstrained build operations Thread 16" [_thread_blocked, id=26876, stack(0x000000f5da000000,0x000000f5da100000)]
  0x0000022982c27560 JavaThread "Unconstrained build operations Thread 17" [_thread_blocked, id=8012, stack(0x000000f5da100000,0x000000f5da200000)]
  0x0000022982c27a70 JavaThread "Unconstrained build operations Thread 18" [_thread_blocked, id=22464, stack(0x000000f5da200000,0x000000f5da300000)]
  0x0000022982c27f80 JavaThread "Unconstrained build operations Thread 19" [_thread_blocked, id=29664, stack(0x000000f5da300000,0x000000f5da400000)]
  0x0000022984d14900 JavaThread "Unconstrained build operations Thread 20" [_thread_blocked, id=7248, stack(0x000000f5da400000,0x000000f5da500000)]
  0x0000022982c28490 JavaThread "Unconstrained build operations Thread 21" [_thread_blocked, id=28968, stack(0x000000f5da500000,0x000000f5da600000)]
  0x000002298073cf30 JavaThread "Unconstrained build operations Thread 22" [_thread_blocked, id=14700, stack(0x000000f5da600000,0x000000f5da700000)]
  0x000002298073d950 JavaThread "Unconstrained build operations Thread 23" [_thread_blocked, id=22648, stack(0x000000f5da700000,0x000000f5da800000)]
  0x000002298073ed90 JavaThread "Unconstrained build operations Thread 24" [_thread_blocked, id=7772, stack(0x000000f5da800000,0x000000f5da900000)]
  0x00000229807406e0 JavaThread "Unconstrained build operations Thread 25" [_thread_blocked, id=28712, stack(0x000000f5da900000,0x000000f5daa00000)]
  0x000002298073fcc0 JavaThread "Unconstrained build operations Thread 26" [_thread_blocked, id=6748, stack(0x000000f5daa00000,0x000000f5dab00000)]
  0x000002298073d440 JavaThread "Unconstrained build operations Thread 27" [_thread_blocked, id=25836, stack(0x000000f5dab00000,0x000000f5dac00000)]
  0x000002298073e370 JavaThread "Unconstrained build operations Thread 28" [_thread_blocked, id=7136, stack(0x000000f5dac00000,0x000000f5dad00000)]
  0x00000229807401d0 JavaThread "Unconstrained build operations Thread 29" [_thread_blocked, id=30104, stack(0x000000f5dad00000,0x000000f5dae00000)]
  0x000002298073de60 JavaThread "Unconstrained build operations Thread 30" [_thread_blocked, id=5460, stack(0x000000f5dae00000,0x000000f5daf00000)]
  0x000002298073e880 JavaThread "Unconstrained build operations Thread 31" [_thread_blocked, id=23040, stack(0x000000f5daf00000,0x000000f5db000000)]
  0x000002298073f7b0 JavaThread "Unconstrained build operations Thread 32" [_thread_blocked, id=15872, stack(0x000000f5db000000,0x000000f5db100000)]
  0x000002298073f2a0 JavaThread "Unconstrained build operations Thread 33" [_thread_blocked, id=17984, stack(0x000000f5db100000,0x000000f5db200000)]
  0x0000022981d61a70 JavaThread "Unconstrained build operations Thread 34" [_thread_blocked, id=22112, stack(0x000000f5db200000,0x000000f5db300000)]
  0x0000022981d61f80 JavaThread "Unconstrained build operations Thread 35" [_thread_blocked, id=25816, stack(0x000000f5db300000,0x000000f5db400000)]
  0x0000022981d629a0 JavaThread "Unconstrained build operations Thread 36" [_thread_blocked, id=16568, stack(0x000000f5db400000,0x000000f5db500000)]
  0x00000229ff5ca9d0 JavaThread "Unconstrained build operations Thread 37" [_thread_blocked, id=2456, stack(0x000000f5db500000,0x000000f5db600000)]
  0x00000229ff5c9080 JavaThread "Unconstrained build operations Thread 38" [_thread_blocked, id=26592, stack(0x000000f5db600000,0x000000f5db700000)]
  0x000002298cedb8b0 JavaThread "Unconstrained build operations Thread 39" [_thread_blocked, id=26768, stack(0x000000f5db700000,0x000000f5db800000)]
  0x000002298cedb3a0 JavaThread "Unconstrained build operations Thread 40" [_thread_blocked, id=10992, stack(0x000000f5db800000,0x000000f5db900000)]
  0x000002298ced9540 JavaThread "Unconstrained build operations Thread 41" [_thread_blocked, id=5792, stack(0x000000f5db900000,0x000000f5dba00000)]
  0x000002298ced9f60 JavaThread "Unconstrained build operations Thread 42" [_thread_blocked, id=27900, stack(0x000000f5dba00000,0x000000f5dbb00000)]
  0x0000022986a16ab0 JavaThread "C1 CompilerThread2" daemon [_thread_blocked, id=24088, stack(0x000000f5dbb00000,0x000000f5dbc00000)]
  0x0000022981d62eb0 JavaThread "build event listener" [_thread_blocked, id=25740, stack(0x000000f5dbc00000,0x000000f5dbd00000)]
  0x0000022985069730 JavaThread "ForkJoinPool.commonPool-worker-18" daemon [_thread_blocked, id=12628, stack(0x000000f5d8b00000,0x000000f5d8c00000)]
  0x0000022984e5a4d0 JavaThread "included builds" [_thread_blocked, id=2664, stack(0x000000f5dbd00000,0x000000f5dbe00000)]
  0x00000229fe6ca890 JavaThread "Execution worker" [_thread_blocked, id=26392, stack(0x000000f5dbe00000,0x000000f5dbf00000)]
  0x00000229fe6c9450 JavaThread "Execution worker Thread 2" [_thread_in_vm, id=12264, stack(0x000000f5dbf00000,0x000000f5dc000000)]
  0x00000229fe6c9960 JavaThread "Execution worker Thread 3" [_thread_blocked, id=15956, stack(0x000000f5dc000000,0x000000f5dc100000)]
  0x00000229fe6c9e70 JavaThread "Execution worker Thread 4" [_thread_blocked, id=18376, stack(0x000000f5dc100000,0x000000f5dc200000)]
  0x00000229816e9200 JavaThread "Execution worker Thread 5" [_thread_blocked, id=24512, stack(0x000000f5dc200000,0x000000f5dc300000)]
  0x00000229816e82d0 JavaThread "Execution worker Thread 6" [_thread_blocked, id=27348, stack(0x000000f5dc300000,0x000000f5dc400000)]
  0x00000229816e87e0 JavaThread "Execution worker Thread 7" [_thread_blocked, id=2248, stack(0x000000f5dc400000,0x000000f5dc500000)]
  0x00000229816e8cf0 JavaThread "Execution worker Thread 8" [_thread_blocked, id=26836, stack(0x000000f5dc500000,0x000000f5dc600000)]
  0x00000229816e9710 JavaThread "Execution worker Thread 9" [_thread_blocked, id=15936, stack(0x000000f5dc600000,0x000000f5dc700000)]
  0x00000229816e73a0 JavaThread "Execution worker Thread 10" [_thread_blocked, id=30308, stack(0x000000f5dc700000,0x000000f5dc800000)]
  0x00000229816e6e90 JavaThread "Execution worker Thread 11" [_thread_blocked, id=21436, stack(0x000000f5dc800000,0x000000f5dc900000)]
  0x00000229816e5f60 JavaThread "Execution worker Thread 12" [_thread_blocked, id=6468, stack(0x000000f5dc900000,0x000000f5dca00000)]
  0x00000229816e6980 JavaThread "Execution worker Thread 13" [_thread_blocked, id=16128, stack(0x000000f5dca00000,0x000000f5dcb00000)]
  0x00000229816e6470 JavaThread "Execution worker Thread 14" [_thread_blocked, id=26168, stack(0x000000f5dcb00000,0x000000f5dcc00000)]
  0x00000229816e78b0 JavaThread "Execution worker Thread 15" [_thread_blocked, id=25644, stack(0x000000f5dcc00000,0x000000f5dcd00000)]
  0x00000229816e7dc0 JavaThread "Execution worker Thread 16" [_thread_blocked, id=19880, stack(0x000000f5dcd00000,0x000000f5dce00000)]
  0x00000229862a9b10 JavaThread "Execution worker Thread 17" [_thread_blocked, id=26596, stack(0x000000f5dce00000,0x000000f5dcf00000)]
  0x00000229862aa020 JavaThread "Execution worker Thread 18" [_thread_blocked, id=25188, stack(0x000000f5dcf00000,0x000000f5dd000000)]
  0x00000229862a6d80 JavaThread "Execution worker Thread 19" [_thread_blocked, id=26284, stack(0x000000f5dd000000,0x000000f5dd100000)]
  0x000002298b8b68e0 JavaThread "Cache worker for execution history cache (C:\rubi_web\CISC_Capstone\MiscueReading\node_modules\@react-native\gradle-plugin\.gradle\9.0.0\executionHistory)" [_thread_blocked, id=12856, stack(0x000000f5dd100000,0x000000f5dd200000)]
  0x0000022982edd080 JavaThread "Unconstrained build operations Thread 43" [_thread_blocked, id=22076, stack(0x000000f5dd400000,0x000000f5dd500000)]
  0x0000022982edd590 JavaThread "Unconstrained build operations Thread 44" [_thread_blocked, id=3160, stack(0x000000f5dd600000,0x000000f5dd700000)]
  0x0000022982ede4c0 JavaThread "Unconstrained build operations Thread 45" [_thread_blocked, id=23388, stack(0x000000f5dd800000,0x000000f5dd900000)]
  0x0000022982eddfb0 JavaThread "Unconstrained build operations Thread 46" [_thread_blocked, id=29196, stack(0x000000f5dd900000,0x000000f5dda00000)]
  0x0000022982eddaa0 JavaThread "Unconstrained build operations Thread 47" [_thread_blocked, id=30576, stack(0x000000f5de000000,0x000000f5de100000)]
  0x0000022982ede9d0 JavaThread "Unconstrained build operations Thread 48" [_thread_blocked, id=21920, stack(0x000000f5de100000,0x000000f5de200000)]
  0x00000229fef2dec0 JavaThread "Unconstrained build operations Thread 49" [_thread_blocked, id=15092, stack(0x000000f5de200000,0x000000f5de300000)]
  0x00000229fef2edf0 JavaThread "Unconstrained build operations Thread 50" [_thread_blocked, id=9584, stack(0x000000f5de300000,0x000000f5de400000)]
  0x00000229fef2e3d0 JavaThread "Unconstrained build operations Thread 51" [_thread_blocked, id=5544, stack(0x000000f5de400000,0x000000f5de500000)]
  0x0000022980209820 JavaThread "Unconstrained build operations Thread 52" [_thread_blocked, id=30456, stack(0x000000f5de500000,0x000000f5de600000)]
  0x00000229802083e0 JavaThread "Unconstrained build operations Thread 53" [_thread_blocked, id=29820, stack(0x000000f5de600000,0x000000f5de700000)]
  0x0000022980209310 JavaThread "Unconstrained build operations Thread 54" [_thread_blocked, id=14808, stack(0x000000f5de700000,0x000000f5de800000)]
  0x0000022980207ed0 JavaThread "Unconstrained build operations Thread 55" [_thread_blocked, id=2256, stack(0x000000f5de800000,0x000000f5de900000)]
  0x00000229802088f0 JavaThread "Unconstrained build operations Thread 56" [_thread_blocked, id=15984, stack(0x000000f5de900000,0x000000f5dea00000)]
  0x0000022980208e00 JavaThread "Unconstrained build operations Thread 57" [_thread_blocked, id=30260, stack(0x000000f5dea00000,0x000000f5deb00000)]
  0x000002298eb69a20 JavaThread "Unconstrained build operations Thread 58" [_thread_blocked, id=3724, stack(0x000000f5deb00000,0x000000f5dec00000)]
  0x000002298eb680d0 JavaThread "Unconstrained build operations Thread 59" [_thread_blocked, id=27696, stack(0x000000f5dec00000,0x000000f5ded00000)]
  0x000002298eb685e0 JavaThread "Unconstrained build operations Thread 60" [_thread_blocked, id=25872, stack(0x000000f5ded00000,0x000000f5dee00000)]
  0x000002298eb68af0 JavaThread "Unconstrained build operations Thread 61" [_thread_blocked, id=26488, stack(0x000000f5dee00000,0x000000f5def00000)]
  0x0000022981d633c0 JavaThread "Unconstrained build operations Thread 62" [_thread_blocked, id=30528, stack(0x000000f5def00000,0x000000f5df000000)]
  0x0000022984e59090 JavaThread "Unconstrained build operations Thread 63" [_thread_blocked, id=30420, stack(0x000000f5df000000,0x000000f5df100000)]
  0x0000022984e595a0 JavaThread "Unconstrained build operations Thread 64" [_thread_blocked, id=26616, stack(0x000000f5df100000,0x000000f5df200000)]
  0x0000022984e59fc0 JavaThread "Unconstrained build operations Thread 65" [_thread_blocked, id=6524, stack(0x000000f5df200000,0x000000f5df300000)]
  0x0000022984e59ab0 JavaThread "Unconstrained build operations Thread 66" [_thread_blocked, id=26388, stack(0x000000f5df300000,0x000000f5df400000)]
  0x000002298d1e9b60 JavaThread "Unconstrained build operations Thread 67" [_thread_blocked, id=30068, stack(0x000000f5df400000,0x000000f5df500000)]
  0x000002298d1eb4b0 JavaThread "Unconstrained build operations Thread 68" [_thread_blocked, id=25776, stack(0x000000f5df500000,0x000000f5df600000)]
  0x000002298d1eafa0 JavaThread "Unconstrained build operations Thread 69" [_thread_blocked, id=21440, stack(0x000000f5df600000,0x000000f5df700000)]
  0x000002298d1eaa90 JavaThread "Unconstrained build operations Thread 70" [_thread_blocked, id=27572, stack(0x000000f5df700000,0x000000f5df800000)]
  0x000002298d1ea070 JavaThread "Unconstrained build operations Thread 71" [_thread_blocked, id=25892, stack(0x000000f5df800000,0x000000f5df900000)]
  0x000002298d1e8c30 JavaThread "Unconstrained build operations Thread 72" [_thread_blocked, id=27272, stack(0x000000f5df900000,0x000000f5dfa00000)]
  0x000002298d1eb9c0 JavaThread "Unconstrained build operations Thread 73" [_thread_blocked, id=14344, stack(0x000000f5dfa00000,0x000000f5dfb00000)]
  0x000002298d1e9140 JavaThread "Unconstrained build operations Thread 74" [_thread_blocked, id=7220, stack(0x000000f5dfb00000,0x000000f5dfc00000)]
  0x000002298d1e9650 JavaThread "Unconstrained build operations Thread 75" [_thread_blocked, id=20512, stack(0x000000f5dfc00000,0x000000f5dfd00000)]
  0x000002298d1ea580 JavaThread "Unconstrained build operations Thread 76" [_thread_blocked, id=22308, stack(0x000000f5dfd00000,0x000000f5dfe00000)]
  0x000002298d1ebed0 JavaThread "Unconstrained build operations Thread 77" [_thread_blocked, id=28104, stack(0x000000f5dfe00000,0x000000f5dff00000)]
  0x000002298d1ec3e0 JavaThread "Unconstrained build operations Thread 78" [_thread_blocked, id=6340, stack(0x000000f5dff00000,0x000000f5e0000000)]
  0x0000022984e5a9e0 JavaThread "Unconstrained build operations Thread 79" [_thread_blocked, id=28156, stack(0x000000f5e0000000,0x000000f5e0100000)]
  0x000002298629b980 JavaThread "Unconstrained build operations Thread 80" [_thread_blocked, id=28564, stack(0x000000f5e0100000,0x000000f5e0200000)]
  0x000002298629c3a0 JavaThread "Unconstrained build operations Thread 81" [_thread_blocked, id=5816, stack(0x000000f5e0200000,0x000000f5e0300000)]
  0x000002298629be90 JavaThread "Unconstrained build operations Thread 82" [_thread_blocked, id=24184, stack(0x000000f5e0300000,0x000000f5e0400000)]
  0x0000022986299b20 JavaThread "Unconstrained build operations Thread 83" [_thread_blocked, id=30356, stack(0x000000f5e0400000,0x000000f5e0500000)]
  0x000002298629c8b0 JavaThread "Unconstrained build operations Thread 84" [_thread_blocked, id=7748, stack(0x000000f5e0500000,0x000000f5e0600000)]
  0x0000022981d62490 JavaThread "Unconstrained build operations Thread 85" [_thread_blocked, id=26252, stack(0x000000f5e0600000,0x000000f5e0700000)]
  0x0000022981d61560 JavaThread "Unconstrained build operations Thread 86" [_thread_blocked, id=29200, stack(0x000000f5e0700000,0x000000f5e0800000)]
  0x0000022981d638d0 JavaThread "Unconstrained build operations Thread 87" [_thread_blocked, id=26960, stack(0x000000f5e0800000,0x000000f5e0900000)]
  0x000002298d05b170 JavaThread "Unconstrained build operations Thread 88" [_thread_blocked, id=9148, stack(0x000000f5e0900000,0x000000f5e0a00000)]
  0x000002298d05b680 JavaThread "Unconstrained build operations Thread 89" [_thread_blocked, id=26260, stack(0x000000f5e0a00000,0x000000f5e0b00000)]
  0x000002298d05d9f0 JavaThread "Unconstrained build operations Thread 90" [_thread_blocked, id=26804, stack(0x000000f5e0b00000,0x000000f5e0c00000)]
  0x000002298d05c0a0 JavaThread "Unconstrained build operations Thread 91" [_thread_blocked, id=15708, stack(0x000000f5e0c00000,0x000000f5e0d00000)]
  0x000002298ceda470 JavaThread "Unconstrained build operations Thread 92" [_thread_blocked, id=15112, stack(0x000000f5e0d00000,0x000000f5e0e00000)]
  0x000002298ced8610 JavaThread "Unconstrained build operations Thread 93" [_thread_blocked, id=29440, stack(0x000000f5e0e00000,0x000000f5e0f00000)]
  0x000002298ced8b20 JavaThread "Unconstrained build operations Thread 94" [_thread_blocked, id=11404, stack(0x000000f5e0f00000,0x000000f5e1000000)]
  0x0000022986299100 JavaThread "Unconstrained build operations Thread 95" [_thread_blocked, id=24524, stack(0x000000f5e1000000,0x000000f5e1100000)]
  0x000002298629aa50 JavaThread "Unconstrained build operations Thread 96" [_thread_blocked, id=26928, stack(0x000000f5e1100000,0x000000f5e1200000)]
  0x000002298629a030 JavaThread "Unconstrained build operations Thread 97" [_thread_blocked, id=3180, stack(0x000000f5e1200000,0x000000f5e1300000)]
  0x0000022986299610 JavaThread "Unconstrained build operations Thread 98" [_thread_blocked, id=23180, stack(0x000000f5e1300000,0x000000f5e1400000)]
  0x000002298629a540 JavaThread "Unconstrained build operations Thread 99" [_thread_blocked, id=29244, stack(0x000000f5e1400000,0x000000f5e1500000)]
  0x000002298629af60 JavaThread "Unconstrained build operations Thread 100" [_thread_blocked, id=25528, stack(0x000000f5e1500000,0x000000f5e1600000)]
  0x000002298629b470 JavaThread "Unconstrained build operations Thread 101" [_thread_blocked, id=28492, stack(0x000000f5e1600000,0x000000f5e1700000)]
  0x000002298eecb490 JavaThread "Unconstrained build operations Thread 102" [_thread_blocked, id=30592, stack(0x000000f5e1700000,0x000000f5e1800000)]
  0x000002298eeccde0 JavaThread "Unconstrained build operations Thread 103" [_thread_blocked, id=15348, stack(0x000000f5e1800000,0x000000f5e1900000)]
  0x000002298eecbeb0 JavaThread "Unconstrained build operations Thread 104" [_thread_blocked, id=21620, stack(0x000000f5e1900000,0x000000f5e1a00000)]
  0x000002298eecaa70 JavaThread "Unconstrained build operations Thread 105" [_thread_blocked, id=26368, stack(0x000000f5e1a00000,0x000000f5e1b00000)]
  0x000002298eecc3c0 JavaThread "Unconstrained build operations Thread 106" [_thread_blocked, id=11212, stack(0x000000f5e1b00000,0x000000f5e1c00000)]
  0x000002298eecd2f0 JavaThread "Unconstrained build operations Thread 107" [_thread_blocked, id=26256, stack(0x000000f5e1c00000,0x000000f5e1d00000)]
  0x000002298eecd800 JavaThread "Unconstrained build operations Thread 108" [_thread_blocked, id=512, stack(0x000000f5e1d00000,0x000000f5e1e00000)]
  0x000002298eecdd10 JavaThread "Unconstrained build operations Thread 109" [_thread_blocked, id=8220, stack(0x000000f5e1e00000,0x000000f5e1f00000)]
  0x000002298eecaf80 JavaThread "Unconstrained build operations Thread 110" [_thread_blocked, id=29764, stack(0x000000f5e1f00000,0x000000f5e2000000)]
  0x000002298eecc8d0 JavaThread "Unconstrained build operations Thread 111" [_thread_blocked, id=11108, stack(0x000000f5e2000000,0x000000f5e2100000)]
  0x000002298eeca560 JavaThread "Unconstrained build operations Thread 112" [_thread_blocked, id=14740, stack(0x000000f5e2100000,0x000000f5e2200000)]
  0x000002298eecb9a0 JavaThread "Unconstrained build operations Thread 113" [_thread_blocked, id=26000, stack(0x000000f5e2200000,0x000000f5e2300000)]
  0x000002298c3dcf70 JavaThread "Unconstrained build operations Thread 114" [_thread_blocked, id=26632, stack(0x000000f5e2300000,0x000000f5e2400000)]
  0x000002298c3ddea0 JavaThread "Unconstrained build operations Thread 115" [_thread_blocked, id=20080, stack(0x000000f5e2400000,0x000000f5e2500000)]
  0x000002298c3dca60 JavaThread "Unconstrained build operations Thread 116" [_thread_blocked, id=26100, stack(0x000000f5e2500000,0x000000f5e2600000)]
  0x000002298c3dfd00 JavaThread "Unconstrained build operations Thread 117" [_thread_blocked, id=27876, stack(0x000000f5e2600000,0x000000f5e2700000)]
  0x000002298c3dc550 JavaThread "Unconstrained build operations Thread 118" [_thread_blocked, id=9388, stack(0x000000f5e2700000,0x000000f5e2800000)]
  0x000002298c3dd480 JavaThread "Unconstrained build operations Thread 119" [_thread_blocked, id=29144, stack(0x000000f5e2800000,0x000000f5e2900000)]
  0x000002298c3dedd0 JavaThread "Unconstrained build operations Thread 120" [_thread_blocked, id=29612, stack(0x000000f5e2900000,0x000000f5e2a00000)]
  0x000002298c3dd990 JavaThread "Unconstrained build operations Thread 121" [_thread_blocked, id=24136, stack(0x000000f5e2a00000,0x000000f5e2b00000)]
  0x000002298c3de3b0 JavaThread "Unconstrained build operations Thread 122" [_thread_blocked, id=30564, stack(0x000000f5e2b00000,0x000000f5e2c00000)]
  0x000002298c3df2e0 JavaThread "Unconstrained build operations Thread 123" [_thread_blocked, id=22420, stack(0x000000f5e2c00000,0x000000f5e2d00000)]
  0x000002298c3de8c0 JavaThread "Unconstrained build operations Thread 124" [_thread_blocked, id=16728, stack(0x000000f5e2d00000,0x000000f5e2e00000)]
  0x000002298c3df7f0 JavaThread "Unconstrained build operations Thread 125" [_thread_blocked, id=3472, stack(0x000000f5e2e00000,0x000000f5e2f00000)]
  0x000002298ef230b0 JavaThread "Unconstrained build operations Thread 126" [_thread_blocked, id=28336, stack(0x000000f5e2f00000,0x000000f5e3000000)]
  0x000002298ef22690 JavaThread "Unconstrained build operations Thread 127" [_thread_blocked, id=8568, stack(0x000000f5e3000000,0x000000f5e3100000)]
  0x000002298ef25930 JavaThread "Unconstrained build operations Thread 128" [_thread_blocked, id=7112, stack(0x000000f5e3100000,0x000000f5e3200000)]
  0x000002298ef235c0 JavaThread "Unconstrained build operations Thread 129" [_thread_blocked, id=14964, stack(0x000000f5e3200000,0x000000f5e3300000)]
  0x000002298ef23ad0 JavaThread "Unconstrained build operations Thread 130" [_thread_blocked, id=29852, stack(0x000000f5e3300000,0x000000f5e3400000)]
  0x000002298ef22ba0 JavaThread "Unconstrained build operations Thread 131" [_thread_blocked, id=26232, stack(0x000000f5e3400000,0x000000f5e3500000)]
  0x000002298ef23fe0 JavaThread "Unconstrained build operations Thread 132" [_thread_blocked, id=16936, stack(0x000000f5e3500000,0x000000f5e3600000)]
  0x000002298ef244f0 JavaThread "build event listener" [_thread_blocked, id=27716, stack(0x000000f5e3600000,0x000000f5e3700000)]
  0x000002298ef25420 JavaThread "Problems report writer" [_thread_blocked, id=26872, stack(0x000000f5e3700000,0x000000f5e3800000)]
  0x000002298ef25e40 JavaThread "Unconstrained build operations Thread 133" [_thread_blocked, id=26840, stack(0x000000f5dd200000,0x000000f5dd300000)]
  0x000002298ef24a00 JavaThread "Unconstrained build operations Thread 134" [_thread_blocked, id=18812, stack(0x000000f5e3800000,0x000000f5e3900000)]
  0x000002298ef24f10 JavaThread "Unconstrained build operations Thread 135" [_thread_blocked, id=25296, stack(0x000000f5e3900000,0x000000f5e3a00000)]
  0x00000229804e5510 JavaThread "Unconstrained build operations Thread 136" [_thread_blocked, id=27024, stack(0x000000f5e3a00000,0x000000f5e3b00000)]
  0x00000229804e45e0 JavaThread "Unconstrained build operations Thread 137" [_thread_blocked, id=23864, stack(0x000000f5e3b00000,0x000000f5e3c00000)]
  0x00000229804e5a20 JavaThread "Unconstrained build operations Thread 138" [_thread_blocked, id=28924, stack(0x000000f5e3c00000,0x000000f5e3d00000)]
  0x00000229804e5000 JavaThread "Unconstrained build operations Thread 139" [_thread_blocked, id=1444, stack(0x000000f5e3d00000,0x000000f5e3e00000)]
  0x00000229804e40d0 JavaThread "Unconstrained build operations Thread 140" [_thread_blocked, id=26588, stack(0x000000f5e3e00000,0x000000f5e3f00000)]
  0x00000229804e4af0 JavaThread "Unconstrained build operations Thread 141" [_thread_blocked, id=26504, stack(0x000000f5e3f00000,0x000000f5e4000000)]
  0x00000229866c03a0 JavaThread "Unconstrained build operations Thread 142" [_thread_blocked, id=11256, stack(0x000000f5e4000000,0x000000f5e4100000)]
  0x00000229866bea50 JavaThread "Unconstrained build operations Thread 143" [_thread_blocked, id=3012, stack(0x000000f5e4100000,0x000000f5e4200000)]
  0x00000229866c0dc0 JavaThread "Unconstrained build operations Thread 144" [_thread_blocked, id=28656, stack(0x000000f5e4200000,0x000000f5e4300000)]
  0x00000229866bf470 JavaThread "Unconstrained build operations Thread 145" [_thread_blocked, id=28600, stack(0x000000f5e4300000,0x000000f5e4400000)]
  0x00000229866c12d0 JavaThread "Unconstrained build operations Thread 146" [_thread_blocked, id=26352, stack(0x000000f5e4400000,0x000000f5e4500000)]
  0x00000229866bf980 JavaThread "Unconstrained build operations Thread 147" [_thread_blocked, id=26776, stack(0x000000f5e4500000,0x000000f5e4600000)]
  0x00000229866bfe90 JavaThread "Unconstrained build operations Thread 148" [_thread_blocked, id=6400, stack(0x000000f5e4600000,0x000000f5e4700000)]
  0x00000229866c08b0 JavaThread "Unconstrained build operations Thread 149" [_thread_blocked, id=15748, stack(0x000000f5e4700000,0x000000f5e4800000)]
  0x00000229866c17e0 JavaThread "Unconstrained build operations Thread 150" [_thread_blocked, id=26916, stack(0x000000f5e4800000,0x000000f5e4900000)]
  0x00000229866be030 JavaThread "Unconstrained build operations Thread 151" [_thread_blocked, id=23312, stack(0x000000f5e4900000,0x000000f5e4a00000)]
  0x00000229866be540 JavaThread "Unconstrained build operations Thread 152" [_thread_blocked, id=2572, stack(0x000000f5e4a00000,0x000000f5e4b00000)]
  0x00000229866bef60 JavaThread "Unconstrained build operations Thread 153" [_thread_blocked, id=11236, stack(0x000000f5e4c00000,0x000000f5e4d00000)]
  0x0000022984efdab0 JavaThread "Unconstrained build operations Thread 154" [_thread_blocked, id=4288, stack(0x000000f5e4e00000,0x000000f5e4f00000)]
  0x0000022984efd090 JavaThread "Unconstrained build operations Thread 155" [_thread_blocked, id=18628, stack(0x000000f5e4f00000,0x000000f5e5000000)]
  0x0000022984efd5a0 JavaThread "Unconstrained build operations Thread 156" [_thread_blocked, id=26480, stack(0x000000f5e5200000,0x000000f5e5300000)]
  0x0000022984efdfc0 JavaThread "Unconstrained build operations Thread 157" [_thread_blocked, id=27100, stack(0x000000f5e5300000,0x000000f5e5400000)]
  0x0000022984efe4d0 JavaThread "Unconstrained build operations Thread 158" [_thread_blocked, id=13600, stack(0x000000f5e5400000,0x000000f5e5500000)]
  0x0000022984f00330 JavaThread "Unconstrained build operations Thread 159" [_thread_blocked, id=15952, stack(0x000000f5e5500000,0x000000f5e5600000)]
  0x0000022984efeef0 JavaThread "Unconstrained build operations Thread 160" [_thread_blocked, id=16036, stack(0x000000f5e5600000,0x000000f5e5700000)]
  0x0000022984f00840 JavaThread "Unconstrained build operations Thread 161" [_thread_blocked, id=26948, stack(0x000000f5e5700000,0x000000f5e5800000)]
  0x0000022984effe20 JavaThread "Unconstrained build operations Thread 162" [_thread_blocked, id=11432, stack(0x000000f5e5800000,0x000000f5e5900000)]
  0x0000022984eff910 JavaThread "Unconstrained build operations Thread 163" [_thread_blocked, id=26076, stack(0x000000f5e5900000,0x000000f5e5a00000)]
  0x0000022984efe9e0 JavaThread "Unconstrained build operations Thread 164" [_thread_blocked, id=2912, stack(0x000000f5e5a00000,0x000000f5e5b00000)]
  0x0000022984eff400 JavaThread "Unconstrained build operations Thread 165" [_thread_blocked, id=25884, stack(0x000000f5e5b00000,0x000000f5e5c00000)]
  0x0000022982ee7ca0 JavaThread "Unconstrained build operations Thread 166" [_thread_blocked, id=29588, stack(0x000000f5e5c00000,0x000000f5e5d00000)]
  0x0000022982eeaa30 JavaThread "Unconstrained build operations Thread 167" [_thread_blocked, id=28428, stack(0x000000f5e5d00000,0x000000f5e5e00000)]
  0x0000022982ee81b0 JavaThread "Unconstrained build operations Thread 168" [_thread_blocked, id=22504, stack(0x000000f5e5e00000,0x000000f5e5f00000)]
  0x0000022982ee86c0 JavaThread "Unconstrained build operations Thread 169" [_thread_blocked, id=25316, stack(0x000000f5e5f00000,0x000000f5e6000000)]
  0x0000022982eea010 JavaThread "Unconstrained build operations Thread 170" [_thread_blocked, id=12332, stack(0x000000f5e6000000,0x000000f5e6100000)]
  0x0000022982eea520 JavaThread "Unconstrained build operations Thread 171" [_thread_blocked, id=24844, stack(0x000000f5e6300000,0x000000f5e6400000)]
  0x0000022982ee7790 JavaThread "Unconstrained build operations Thread 172" [_thread_blocked, id=14796, stack(0x000000f5e6400000,0x000000f5e6500000)]
  0x0000022982ee8bd0 JavaThread "Unconstrained build operations Thread 173" [_thread_blocked, id=20164, stack(0x000000f5e6500000,0x000000f5e6600000)]
  0x0000022982ee90e0 JavaThread "Unconstrained build operations Thread 174" [_thread_blocked, id=15852, stack(0x000000f5e6600000,0x000000f5e6700000)]
  0x0000022982ee95f0 JavaThread "Unconstrained build operations Thread 175" [_thread_blocked, id=6684, stack(0x000000f5e6700000,0x000000f5e6800000)]
  0x0000022982ee9b00 JavaThread "Unconstrained build operations Thread 176" [_thread_blocked, id=29760, stack(0x000000f5e6800000,0x000000f5e6900000)]
  0x0000022982ee7280 JavaThread "Unconstrained build operations Thread 177" [_thread_blocked, id=27248, stack(0x000000f5e6900000,0x000000f5e6a00000)]
  0x000002298d2af170 JavaThread "Unconstrained build operations Thread 178" [_thread_blocked, id=29280, stack(0x000000f5e6a00000,0x000000f5e6b00000)]
  0x000002298d2b05b0 JavaThread "Unconstrained build operations Thread 179" [_thread_blocked, id=17252, stack(0x000000f5e6b00000,0x000000f5e6c00000)]
  0x000002298d2af680 JavaThread "Unconstrained build operations Thread 180" [_thread_blocked, id=2960, stack(0x000000f5e6c00000,0x000000f5e6d00000)]
  0x000002298d2ae750 JavaThread "Unconstrained build operations Thread 181" [_thread_blocked, id=25832, stack(0x000000f5e6d00000,0x000000f5e6e00000)]
  0x000002298d2b0ac0 JavaThread "Unconstrained build operations Thread 182" [_thread_blocked, id=10940, stack(0x000000f5e6e00000,0x000000f5e6f00000)]
  0x000002298d2ad820 JavaThread "Unconstrained build operations Thread 183" [_thread_blocked, id=27844, stack(0x000000f5e6f00000,0x000000f5e7000000)]
  0x000002298d2b0fd0 JavaThread "Unconstrained build operations Thread 184" [_thread_blocked, id=25260, stack(0x000000f5e7000000,0x000000f5e7100000)]
  0x000002298d2afb90 JavaThread "Unconstrained build operations Thread 185" [_thread_blocked, id=29976, stack(0x000000f5e7100000,0x000000f5e7200000)]
  0x000002298d2b14e0 JavaThread "Unconstrained build operations Thread 186" [_thread_blocked, id=9844, stack(0x000000f5e7200000,0x000000f5e7300000)]
  0x000002298d2add30 JavaThread "Unconstrained build operations Thread 187" [_thread_blocked, id=23964, stack(0x000000f5e7300000,0x000000f5e7400000)]
  0x000002298d2b00a0 JavaThread "Unconstrained build operations Thread 188" [_thread_blocked, id=27416, stack(0x000000f5e7400000,0x000000f5e7500000)]
  0x000002298d2b19f0 JavaThread "Unconstrained build operations Thread 189" [_thread_blocked, id=26856, stack(0x000000f5e7500000,0x000000f5e7600000)]
  0x000002298d2ae240 JavaThread "Unconstrained build operations Thread 190" [_thread_blocked, id=24264, stack(0x000000f5e7600000,0x000000f5e7700000)]
  0x000002298d2b1f00 JavaThread "Unconstrained build operations Thread 191" [_thread_blocked, id=12480, stack(0x000000f5e7700000,0x000000f5e7800000)]
  0x000002298d2b2410 JavaThread "Unconstrained build operations Thread 192" [_thread_blocked, id=30684, stack(0x000000f5e7800000,0x000000f5e7900000)]
  0x000002298d2aec60 JavaThread "Unconstrained build operations Thread 193" [_thread_blocked, id=16932, stack(0x000000f5e7900000,0x000000f5e7a00000)]
  0x000002298d2b3850 JavaThread "Unconstrained build operations Thread 194" [_thread_blocked, id=27744, stack(0x000000f5e7a00000,0x000000f5e7b00000)]
  0x000002298d2b2920 JavaThread "Unconstrained build operations Thread 195" [_thread_blocked, id=13648, stack(0x000000f5e7b00000,0x000000f5e7c00000)]
  0x000002298d2b2e30 JavaThread "Unconstrained build operations Thread 196" [_thread_blocked, id=3652, stack(0x000000f5e7c00000,0x000000f5e7d00000)]
  0x000002298d2b3340 JavaThread "Unconstrained build operations Thread 197" [_thread_blocked, id=20932, stack(0x000000f5e7d00000,0x000000f5e7e00000)]
  0x000002298d2b3d60 JavaThread "Unconstrained build operations Thread 198" [_thread_blocked, id=28580, stack(0x000000f5e7e00000,0x000000f5e7f00000)]
  0x000002298d2b4c90 JavaThread "Unconstrained build operations Thread 199" [_thread_blocked, id=11192, stack(0x000000f5e7f00000,0x000000f5e8000000)]
  0x000002298d2b51a0 JavaThread "Unconstrained build operations Thread 200" [_thread_blocked, id=13976, stack(0x000000f5e8000000,0x000000f5e8100000)]
  0x000002298d2b4780 JavaThread "Exec process Thread 4" [_thread_blocked, id=29744, stack(0x000000f5e8100000,0x000000f5e8200000)]
  0x000002298ecdf9c0 JavaThread "Exec process Thread 5" [_thread_blocked, id=27552, stack(0x000000f5e8200000,0x000000f5e8300000)]
  0x000002298ecde580 JavaThread "Exec process Thread 6" [_thread_blocked, id=23856, stack(0x000000f5e8300000,0x000000f5e8400000)]
  0x00000229862a77a0 JavaThread "Cache worker for execution history cache (C:\rubi_web\CISC_Capstone\MiscueReading\android\.gradle\9.0.0\executionHistory)" [_thread_blocked, id=12708, stack(0x000000f5e6100000,0x000000f5e6200000)]

Other Threads:
  0x00000229dc73d3c0 VMThread "VM Thread" [stack: 0x000000f5d5a00000,0x000000f5d5b00000] [id=15836]
  0x00000229be35b500 WatcherThread [stack: 0x000000f5d6a00000,0x000000f5d6b00000] [id=29528]
  0x00000229be3307e0 GCTaskThread "GC Thread#0" [stack: 0x000000f5d5500000,0x000000f5d5600000] [id=26712]
  0x00000229fd407f30 GCTaskThread "GC Thread#1" [stack: 0x000000f5d6b00000,0x000000f5d6c00000] [id=16016]
  0x00000229fd08aff0 GCTaskThread "GC Thread#2" [stack: 0x000000f5d6c00000,0x000000f5d6d00000] [id=24216]
  0x00000229fd662dd0 GCTaskThread "GC Thread#3" [stack: 0x000000f5d6d00000,0x000000f5d6e00000] [id=26696]
  0x00000229fda8d030 GCTaskThread "GC Thread#4" [stack: 0x000000f5d6e00000,0x000000f5d6f00000] [id=24744]
  0x000002298069cc60 GCTaskThread "GC Thread#5" [stack: 0x000000f5d7c00000,0x000000f5d7d00000] [id=26340]
  0x00000229fe719980 GCTaskThread "GC Thread#6" [stack: 0x000000f5d7d00000,0x000000f5d7e00000] [id=23508]
  0x00000229fef9b030 GCTaskThread "GC Thread#7" [stack: 0x000000f5d7e00000,0x000000f5d7f00000] [id=18580]
  0x00000229fe2966e0 GCTaskThread "GC Thread#8" [stack: 0x000000f5d7f00000,0x000000f5d8000000] [id=28420]
  0x00000229fedfb450 GCTaskThread "GC Thread#9" [stack: 0x000000f5d8000000,0x000000f5d8100000] [id=7936]
  0x00000229fedfb710 GCTaskThread "GC Thread#10" [stack: 0x000000f5d8100000,0x000000f5d8200000] [id=28548]
  0x00000229fe7481e0 GCTaskThread "GC Thread#11" [stack: 0x000000f5d8200000,0x000000f5d8300000] [id=29776]
  0x00000229fe748fa0 GCTaskThread "GC Thread#12" [stack: 0x000000f5d8300000,0x000000f5d8400000] [id=30020]
  0x00000229fe7497e0 GCTaskThread "GC Thread#13" [stack: 0x000000f5d8400000,0x000000f5d8500000] [id=20520]
  0x00000229fe7484a0 GCTaskThread "GC Thread#14" [stack: 0x000000f5d8500000,0x000000f5d8600000] [id=14236]
  0x00000229be341640 ConcurrentGCThread "G1 Main Marker" [stack: 0x000000f5d5600000,0x000000f5d5700000] [id=13376]
  0x00000229be341f60 ConcurrentGCThread "G1 Conc#0" [stack: 0x000000f5d5700000,0x000000f5d5800000] [id=22796]
  0x00000229fe749260 ConcurrentGCThread "G1 Conc#1" [stack: 0x000000f5d8700000,0x000000f5d8800000] [id=12752]
  0x00000229fe749d60 ConcurrentGCThread "G1 Conc#2" [stack: 0x000000f5d8800000,0x000000f5d8900000] [id=27388]
  0x00000229fe748a20 ConcurrentGCThread "G1 Conc#3" [stack: 0x000000f5d8900000,0x000000f5d8a00000] [id=22636]
  0x00000229dc5f5d60 ConcurrentGCThread "G1 Refine#0" [stack: 0x000000f5d5800000,0x000000f5d5900000] [id=26976]
  0x000002298bfcd5e0 ConcurrentGCThread "G1 Refine#1" [stack: 0x000000f5e8400000,0x000000f5e8500000] [id=28412]
  0x00000229dc5f6540 ConcurrentGCThread "G1 Service" [stack: 0x000000f5d5900000,0x000000f5d5a00000] [id=26652]

Threads with active compile tasks:
C2 CompilerThread0   627319 30038       4       org.gradle.api.internal.artifacts.transform.ConsumerProvidedVariantFinder::doFindTransformedVariants (450 bytes)

VM state: not at safepoint (normal execution)

VM Mutex/Monitor currently owned by a thread: None

Heap address: 0x0000000080000000, size: 2048 MB, Compressed Oops mode: 32-bit

CDS archive(s) mapped at: [0x00000229de000000-0x00000229debd0000-0x00000229debd0000), size 12386304, SharedBaseAddress: 0x00000229de000000, ArchiveRelocationMode: 1.
Compressed class space mapped at: 0x00000229df000000-0x00000229f9000000, reserved size: 436207616
Narrow klass base: 0x00000229de000000, Narrow klass shift: 0, Narrow klass range: 0x100000000

GC Precious Log:
 CPUs: 20 total, 20 available
 Memory: 7911M
 Large Page Support: Disabled
 NUMA Support: Disabled
 Compressed Oops: Enabled (32-bit)
 Heap Region Size: 1M
 Heap Min Capacity: 8M
 Heap Initial Capacity: 124M
 Heap Max Capacity: 2G
 Pre-touch: Disabled
 Parallel Workers: 15
 Concurrent Workers: 4
 Concurrent Refinement Workers: 15
 Periodic GC: Disabled

Heap:
 garbage-first heap   total 988160K, used 617224K [0x0000000080000000, 0x0000000100000000)
  region size 1024K, 26 young (26624K), 3 survivors (3072K)
 Metaspace       used 134169K, committed 137088K, reserved 557056K
  class space    used 18215K, committed 19648K, reserved 425984K

Heap Regions: E=young(eden), S=young(survivor), O=old, HS=humongous(starts), HC=humongous(continues), CS=collection set, F=free, OA=open archive, CA=closed archive, TAMS=top-at-mark-start (previous, next)
|   0|0x0000000080000000, 0x0000000080100000, 0x0000000080100000|100%|HS|  |TAMS 0x0000000080100000, 0x0000000080000000| Complete 
|   1|0x0000000080100000, 0x0000000080200000, 0x0000000080200000|100%|HC|  |TAMS 0x0000000080200000, 0x0000000080100000| Complete 
|   2|0x0000000080200000, 0x0000000080300000, 0x0000000080300000|100%|HC|  |TAMS 0x0000000080300000, 0x0000000080200000| Complete 
|   3|0x0000000080300000, 0x0000000080400000, 0x0000000080400000|100%| O|  |TAMS 0x0000000080400000, 0x0000000080300000| Untracked 
|   4|0x0000000080400000, 0x0000000080500000, 0x0000000080500000|100%| O|  |TAMS 0x0000000080500000, 0x0000000080400000| Untracked 
|   5|0x0000000080500000, 0x0000000080600000, 0x0000000080600000|100%| O|  |TAMS 0x0000000080600000, 0x0000000080500000| Untracked 
|   6|0x0000000080600000, 0x0000000080700000, 0x0000000080700000|100%|HS|  |TAMS 0x0000000080700000, 0x0000000080600000| Complete 
|   7|0x0000000080700000, 0x0000000080800000, 0x0000000080800000|100%| O|  |TAMS 0x0000000080800000, 0x0000000080700000| Untracked 
|   8|0x0000000080800000, 0x0000000080900000, 0x0000000080900000|100%| O|  |TAMS 0x0000000080900000, 0x0000000080800000| Untracked 
|   9|0x0000000080900000, 0x0000000080a00000, 0x0000000080a00000|100%| O|  |TAMS 0x0000000080a00000, 0x0000000080900000| Untracked 
|  10|0x0000000080a00000, 0x0000000080b00000, 0x0000000080b00000|100%| O|  |TAMS 0x0000000080b00000, 0x0000000080a00000| Untracked 
|  11|0x0000000080b00000, 0x0000000080c00000, 0x0000000080c00000|100%| O|  |TAMS 0x0000000080c00000, 0x0000000080b00000| Untracked 
|  12|0x0000000080c00000, 0x0000000080d00000, 0x0000000080d00000|100%| O|  |TAMS 0x0000000080d00000, 0x0000000080c00000| Untracked 
|  13|0x0000000080d00000, 0x0000000080e00000, 0x0000000080e00000|100%| O|  |TAMS 0x0000000080e00000, 0x0000000080d00000| Untracked 
|  14|0x0000000080e00000, 0x0000000080f00000, 0x0000000080f00000|100%| O|  |TAMS 0x0000000080f00000, 0x0000000080e00000| Untracked 
|  15|0x0000000080f00000, 0x0000000081000000, 0x0000000081000000|100%| O|  |TAMS 0x0000000081000000, 0x0000000080f00000| Untracked 
|  16|0x0000000081000000, 0x0000000081100000, 0x0000000081100000|100%| O|  |TAMS 0x0000000081100000, 0x0000000081000000| Untracked 
|  17|0x0000000081100000, 0x0000000081200000, 0x0000000081200000|100%| O|  |TAMS 0x0000000081200000, 0x0000000081100000| Untracked 
|  18|0x0000000081200000, 0x0000000081300000, 0x0000000081300000|100%| O|  |TAMS 0x0000000081300000, 0x0000000081200000| Untracked 
|  19|0x0000000081300000, 0x0000000081400000, 0x0000000081400000|100%| O|  |TAMS 0x0000000081400000, 0x0000000081300000| Untracked 
|  20|0x0000000081400000, 0x0000000081500000, 0x0000000081500000|100%| O|  |TAMS 0x0000000081500000, 0x0000000081400000| Untracked 
|  21|0x0000000081500000, 0x0000000081600000, 0x0000000081600000|100%| O|  |TAMS 0x0000000081600000, 0x0000000081500000| Untracked 
|  22|0x0000000081600000, 0x0000000081700000, 0x0000000081700000|100%| O|  |TAMS 0x0000000081700000, 0x0000000081600000| Untracked 
|  23|0x0000000081700000, 0x0000000081800000, 0x0000000081800000|100%| O|  |TAMS 0x0000000081800000, 0x0000000081700000| Untracked 
|  24|0x0000000081800000, 0x0000000081900000, 0x0000000081900000|100%| O|  |TAMS 0x0000000081900000, 0x0000000081800000| Untracked 
|  25|0x0000000081900000, 0x0000000081a00000, 0x0000000081a00000|100%| O|  |TAMS 0x0000000081a00000, 0x0000000081900000| Untracked 
|  26|0x0000000081a00000, 0x0000000081b00000, 0x0000000081b00000|100%| O|  |TAMS 0x0000000081b00000, 0x0000000081a00000| Untracked 
|  27|0x0000000081b00000, 0x0000000081c00000, 0x0000000081c00000|100%| O|  |TAMS 0x0000000081c00000, 0x0000000081b00000| Untracked 
|  28|0x0000000081c00000, 0x0000000081d00000, 0x0000000081d00000|100%| O|  |TAMS 0x0000000081d00000, 0x0000000081c00000| Untracked 
|  29|0x0000000081d00000, 0x0000000081e00000, 0x0000000081e00000|100%| O|  |TAMS 0x0000000081e00000, 0x0000000081d00000| Untracked 
|  30|0x0000000081e00000, 0x0000000081f00000, 0x0000000081f00000|100%| O|  |TAMS 0x0000000081f00000, 0x0000000081e00000| Untracked 
|  31|0x0000000081f00000, 0x0000000082000000, 0x0000000082000000|100%| O|  |TAMS 0x0000000082000000, 0x0000000081f00000| Untracked 
|  32|0x0000000082000000, 0x0000000082100000, 0x0000000082100000|100%| O|  |TAMS 0x0000000082100000, 0x0000000082000000| Untracked 
|  33|0x0000000082100000, 0x0000000082200000, 0x0000000082200000|100%| O|  |TAMS 0x0000000082200000, 0x0000000082100000| Complete 
|  34|0x0000000082200000, 0x0000000082300000, 0x0000000082300000|100%| O|  |TAMS 0x0000000082300000, 0x0000000082200000| Untracked 
|  35|0x0000000082300000, 0x0000000082400000, 0x0000000082400000|100%| O|  |TAMS 0x0000000082400000, 0x0000000082300000| Untracked 
|  36|0x0000000082400000, 0x0000000082500000, 0x0000000082500000|100%|HS|  |TAMS 0x0000000082500000, 0x0000000082400000| Complete 
|  37|0x0000000082500000, 0x0000000082600000, 0x0000000082600000|100%|HC|  |TAMS 0x0000000082600000, 0x0000000082500000| Complete 
|  38|0x0000000082600000, 0x0000000082700000, 0x0000000082700000|100%|HC|  |TAMS 0x0000000082700000, 0x0000000082600000| Complete 
|  39|0x0000000082700000, 0x0000000082800000, 0x0000000082800000|100%|HS|  |TAMS 0x0000000082800000, 0x0000000082700000| Complete 
|  40|0x0000000082800000, 0x0000000082900000, 0x0000000082900000|100%|HC|  |TAMS 0x0000000082900000, 0x0000000082800000| Complete 
|  41|0x0000000082900000, 0x0000000082a00000, 0x0000000082a00000|100%|HC|  |TAMS 0x0000000082a00000, 0x0000000082900000| Complete 
|  42|0x0000000082a00000, 0x0000000082b00000, 0x0000000082b00000|100%| O|  |TAMS 0x0000000082b00000, 0x0000000082a00000| Untracked 
|  43|0x0000000082b00000, 0x0000000082c00000, 0x0000000082c00000|100%| O|  |TAMS 0x0000000082c00000, 0x0000000082b00000| Untracked 
|  44|0x0000000082c00000, 0x0000000082d00000, 0x0000000082d00000|100%| O|  |TAMS 0x0000000082d00000, 0x0000000082c00000| Complete 
|  45|0x0000000082d00000, 0x0000000082e00000, 0x0000000082e00000|100%| O|  |TAMS 0x0000000082e00000, 0x0000000082d00000| Complete 
|  46|0x0000000082e00000, 0x0000000082f00000, 0x0000000082f00000|100%| O|  |TAMS 0x0000000082f00000, 0x0000000082e00000| Complete 
|  47|0x0000000082f00000, 0x0000000083000000, 0x0000000083000000|100%| O|  |TAMS 0x0000000083000000, 0x0000000082f00000| Untracked 
|  48|0x0000000083000000, 0x0000000083100000, 0x0000000083100000|100%| O|  |TAMS 0x0000000083100000, 0x0000000083000000| Untracked 
|  49|0x0000000083100000, 0x0000000083200000, 0x0000000083200000|100%| O|  |TAMS 0x0000000083200000, 0x0000000083100000| Untracked 
|  50|0x0000000083200000, 0x0000000083300000, 0x0000000083300000|100%| O|  |TAMS 0x0000000083300000, 0x0000000083200000| Untracked 
|  51|0x0000000083300000, 0x0000000083400000, 0x0000000083400000|100%| O|  |TAMS 0x0000000083400000, 0x0000000083300000| Untracked 
|  52|0x0000000083400000, 0x0000000083500000, 0x0000000083500000|100%|HS|  |TAMS 0x0000000083500000, 0x0000000083400000| Complete 
|  53|0x0000000083500000, 0x0000000083600000, 0x0000000083600000|100%| O|  |TAMS 0x0000000083600000, 0x0000000083500000| Untracked 
|  54|0x0000000083600000, 0x0000000083700000, 0x0000000083700000|100%| O|  |TAMS 0x0000000083700000, 0x0000000083600000| Untracked 
|  55|0x0000000083700000, 0x0000000083800000, 0x0000000083800000|100%| O|  |TAMS 0x0000000083800000, 0x0000000083700000| Untracked 
|  56|0x0000000083800000, 0x0000000083900000, 0x0000000083900000|100%| O|  |TAMS 0x0000000083900000, 0x0000000083800000| Untracked 
|  57|0x0000000083900000, 0x0000000083a00000, 0x0000000083a00000|100%| O|  |TAMS 0x0000000083a00000, 0x0000000083900000| Untracked 
|  58|0x0000000083a00000, 0x0000000083b00000, 0x0000000083b00000|100%| O|  |TAMS 0x0000000083b00000, 0x0000000083a00000| Untracked 
|  59|0x0000000083b00000, 0x0000000083c00000, 0x0000000083c00000|100%| O|  |TAMS 0x0000000083c00000, 0x0000000083b00000| Untracked 
|  60|0x0000000083c00000, 0x0000000083d00000, 0x0000000083d00000|100%| O|  |TAMS 0x0000000083d00000, 0x0000000083c00000| Untracked 
|  61|0x0000000083d00000, 0x0000000083e00000, 0x0000000083e00000|100%| O|  |TAMS 0x0000000083e00000, 0x0000000083d00000| Untracked 
|  62|0x0000000083e00000, 0x0000000083f00000, 0x0000000083f00000|100%| O|  |TAMS 0x0000000083f00000, 0x0000000083e00000| Untracked 
|  63|0x0000000083f00000, 0x0000000084000000, 0x0000000084000000|100%| O|  |TAMS 0x0000000084000000, 0x0000000083f00000| Untracked 
|  64|0x0000000084000000, 0x0000000084100000, 0x0000000084100000|100%| O|  |TAMS 0x0000000084100000, 0x0000000084000000| Complete 
|  65|0x0000000084100000, 0x0000000084200000, 0x0000000084200000|100%| O|  |TAMS 0x0000000084200000, 0x0000000084100000| Complete 
|  66|0x0000000084200000, 0x0000000084300000, 0x0000000084300000|100%| O|  |TAMS 0x0000000084300000, 0x0000000084200000| Complete 
|  67|0x0000000084300000, 0x0000000084400000, 0x0000000084400000|100%| O|  |TAMS 0x0000000084400000, 0x0000000084300000| Untracked 
|  68|0x0000000084400000, 0x0000000084500000, 0x0000000084500000|100%| O|  |TAMS 0x0000000084500000, 0x0000000084400000| Untracked 
|  69|0x0000000084500000, 0x0000000084600000, 0x0000000084600000|100%| O|  |TAMS 0x0000000084600000, 0x0000000084500000| Untracked 
|  70|0x0000000084600000, 0x0000000084700000, 0x0000000084700000|100%| O|  |TAMS 0x0000000084700000, 0x0000000084600000| Complete 
|  71|0x0000000084700000, 0x0000000084800000, 0x0000000084800000|100%| O|  |TAMS 0x0000000084800000, 0x0000000084700000| Complete 
|  72|0x0000000084800000, 0x0000000084900000, 0x0000000084900000|100%| O|  |TAMS 0x0000000084900000, 0x0000000084800000| Complete 
|  73|0x0000000084900000, 0x0000000084a00000, 0x0000000084a00000|100%| O|  |TAMS 0x0000000084a00000, 0x0000000084900000| Complete 
|  74|0x0000000084a00000, 0x0000000084b00000, 0x0000000084b00000|100%| O|  |TAMS 0x0000000084b00000, 0x0000000084a00000| Complete 
|  75|0x0000000084b00000, 0x0000000084c00000, 0x0000000084c00000|100%| O|  |TAMS 0x0000000084c00000, 0x0000000084b00000| Complete 
|  76|0x0000000084c00000, 0x0000000084d00000, 0x0000000084d00000|100%| O|  |TAMS 0x0000000084d00000, 0x0000000084c00000| Complete 
|  77|0x0000000084d00000, 0x0000000084e00000, 0x0000000084e00000|100%| O|  |TAMS 0x0000000084e00000, 0x0000000084d00000| Complete 
|  78|0x0000000084e00000, 0x0000000084f00000, 0x0000000084f00000|100%| O|  |TAMS 0x0000000084f00000, 0x0000000084e00000| Untracked 
|  79|0x0000000084f00000, 0x0000000085000000, 0x0000000085000000|100%| O|  |TAMS 0x0000000085000000, 0x0000000084f00000| Complete 
|  80|0x0000000085000000, 0x0000000085100000, 0x0000000085100000|100%|HS|  |TAMS 0x0000000085100000, 0x0000000085000000| Complete 
|  81|0x0000000085100000, 0x0000000085200000, 0x0000000085200000|100%|HS|  |TAMS 0x0000000085200000, 0x0000000085100000| Complete 
|  82|0x0000000085200000, 0x0000000085300000, 0x0000000085300000|100%|HS|  |TAMS 0x0000000085300000, 0x0000000085200000| Complete 
|  83|0x0000000085300000, 0x0000000085400000, 0x0000000085400000|100%|HS|  |TAMS 0x0000000085400000, 0x0000000085300000| Complete 
|  84|0x0000000085400000, 0x0000000085500000, 0x0000000085500000|100%| O|  |TAMS 0x0000000085500000, 0x0000000085400000| Untracked 
|  85|0x0000000085500000, 0x0000000085600000, 0x0000000085600000|100%|HS|  |TAMS 0x0000000085600000, 0x0000000085500000| Complete 
|  86|0x0000000085600000, 0x0000000085700000, 0x0000000085700000|100%|HS|  |TAMS 0x0000000085700000, 0x0000000085600000| Complete 
|  87|0x0000000085700000, 0x0000000085800000, 0x0000000085800000|100%| O|  |TAMS 0x0000000085800000, 0x0000000085700000| Complete 
|  88|0x0000000085800000, 0x0000000085900000, 0x0000000085900000|100%| O|  |TAMS 0x0000000085900000, 0x0000000085800000| Complete 
|  89|0x0000000085900000, 0x0000000085a00000, 0x0000000085a00000|100%| O|  |TAMS 0x0000000085a00000, 0x0000000085900000| Complete 
|  90|0x0000000085a00000, 0x0000000085b00000, 0x0000000085b00000|100%| O|  |TAMS 0x0000000085b00000, 0x0000000085a00000| Complete 
|  91|0x0000000085b00000, 0x0000000085c00000, 0x0000000085c00000|100%|HS|  |TAMS 0x0000000085c00000, 0x0000000085b00000| Complete 
|  92|0x0000000085c00000, 0x0000000085d00000, 0x0000000085d00000|100%| O|  |TAMS 0x0000000085d00000, 0x0000000085c00000| Untracked 
|  93|0x0000000085d00000, 0x0000000085e00000, 0x0000000085e00000|100%| O|  |TAMS 0x0000000085e00000, 0x0000000085d00000| Untracked 
|  94|0x0000000085e00000, 0x0000000085f00000, 0x0000000085f00000|100%| O|  |TAMS 0x0000000085f00000, 0x0000000085e00000| Untracked 
|  95|0x0000000085f00000, 0x0000000086000000, 0x0000000086000000|100%| O|  |TAMS 0x0000000086000000, 0x0000000085f00000| Untracked 
|  96|0x0000000086000000, 0x0000000086100000, 0x0000000086100000|100%| O|  |TAMS 0x0000000086100000, 0x0000000086000000| Untracked 
|  97|0x0000000086100000, 0x0000000086200000, 0x0000000086200000|100%| O|  |TAMS 0x0000000086200000, 0x0000000086100000| Untracked 
|  98|0x0000000086200000, 0x0000000086300000, 0x0000000086300000|100%| O|  |TAMS 0x0000000086300000, 0x0000000086200000| Untracked 
|  99|0x0000000086300000, 0x0000000086400000, 0x0000000086400000|100%| O|  |TAMS 0x0000000086400000, 0x0000000086300000| Complete 
| 100|0x0000000086400000, 0x0000000086500000, 0x0000000086500000|100%| O|  |TAMS 0x0000000086500000, 0x0000000086400000| Untracked 
| 101|0x0000000086500000, 0x0000000086600000, 0x0000000086600000|100%| O|  |TAMS 0x0000000086600000, 0x0000000086500000| Untracked 
| 102|0x0000000086600000, 0x0000000086700000, 0x0000000086700000|100%| O|  |TAMS 0x0000000086700000, 0x0000000086600000| Untracked 
| 103|0x0000000086700000, 0x0000000086800000, 0x0000000086800000|100%| O|  |TAMS 0x0000000086800000, 0x0000000086700000| Untracked 
| 104|0x0000000086800000, 0x0000000086900000, 0x0000000086900000|100%| O|  |TAMS 0x0000000086900000, 0x0000000086800000| Untracked 
| 105|0x0000000086900000, 0x0000000086a00000, 0x0000000086a00000|100%| O|  |TAMS 0x0000000086a00000, 0x0000000086900000| Untracked 
| 106|0x0000000086a00000, 0x0000000086b00000, 0x0000000086b00000|100%| O|  |TAMS 0x0000000086b00000, 0x0000000086a00000| Untracked 
| 107|0x0000000086b00000, 0x0000000086c00000, 0x0000000086c00000|100%|HS|  |TAMS 0x0000000086c00000, 0x0000000086b00000| Complete 
| 108|0x0000000086c00000, 0x0000000086d00000, 0x0000000086d00000|100%|HC|  |TAMS 0x0000000086d00000, 0x0000000086c00000| Complete 
| 109|0x0000000086d00000, 0x0000000086e00000, 0x0000000086e00000|100%|HC|  |TAMS 0x0000000086e00000, 0x0000000086d00000| Complete 
| 110|0x0000000086e00000, 0x0000000086f00000, 0x0000000086f00000|100%| O|  |TAMS 0x0000000086f00000, 0x0000000086e00000| Untracked 
| 111|0x0000000086f00000, 0x0000000087000000, 0x0000000087000000|100%| O|  |TAMS 0x0000000087000000, 0x0000000086f00000| Untracked 
| 112|0x0000000087000000, 0x0000000087100000, 0x0000000087100000|100%| O|  |TAMS 0x0000000087100000, 0x0000000087000000| Untracked 
| 113|0x0000000087100000, 0x0000000087200000, 0x0000000087200000|100%| O|  |TAMS 0x0000000087200000, 0x0000000087100000| Untracked 
| 114|0x0000000087200000, 0x0000000087300000, 0x0000000087300000|100%| O|  |TAMS 0x0000000087300000, 0x0000000087200000| Untracked 
| 115|0x0000000087300000, 0x0000000087400000, 0x0000000087400000|100%| O|  |TAMS 0x0000000087400000, 0x0000000087300000| Untracked 
| 116|0x0000000087400000, 0x0000000087500000, 0x0000000087500000|100%| O|  |TAMS 0x0000000087500000, 0x0000000087400000| Untracked 
| 117|0x0000000087500000, 0x0000000087600000, 0x0000000087600000|100%| O|  |TAMS 0x0000000087600000, 0x0000000087500000| Untracked 
| 118|0x0000000087600000, 0x0000000087700000, 0x0000000087700000|100%| O|  |TAMS 0x0000000087700000, 0x0000000087600000| Untracked 
| 119|0x0000000087700000, 0x0000000087800000, 0x0000000087800000|100%| O|  |TAMS 0x0000000087800000, 0x0000000087700000| Untracked 
| 120|0x0000000087800000, 0x0000000087900000, 0x0000000087900000|100%| O|  |TAMS 0x0000000087900000, 0x0000000087800000| Untracked 
| 121|0x0000000087900000, 0x0000000087a00000, 0x0000000087a00000|100%| O|  |TAMS 0x0000000087a00000, 0x0000000087900000| Untracked 
| 122|0x0000000087a00000, 0x0000000087b00000, 0x0000000087b00000|100%| O|  |TAMS 0x0000000087b00000, 0x0000000087a00000| Complete 
| 123|0x0000000087b00000, 0x0000000087c00000, 0x0000000087c00000|100%| O|  |TAMS 0x0000000087c00000, 0x0000000087b00000| Complete 
| 124|0x0000000087c00000, 0x0000000087d00000, 0x0000000087d00000|100%|HS|  |TAMS 0x0000000087d00000, 0x0000000087c00000| Complete 
| 125|0x0000000087d00000, 0x0000000087e00000, 0x0000000087e00000|100%|HS|  |TAMS 0x0000000087e00000, 0x0000000087d00000| Complete 
| 126|0x0000000087e00000, 0x0000000087f00000, 0x0000000087f00000|100%|HC|  |TAMS 0x0000000087f00000, 0x0000000087e00000| Complete 
| 127|0x0000000087f00000, 0x0000000088000000, 0x0000000088000000|100%| O|  |TAMS 0x0000000088000000, 0x0000000087f00000| Untracked 
| 128|0x0000000088000000, 0x0000000088100000, 0x0000000088100000|100%| O|  |TAMS 0x0000000088100000, 0x0000000088000000| Complete 
| 129|0x0000000088100000, 0x0000000088200000, 0x0000000088200000|100%| O|  |TAMS 0x0000000088200000, 0x0000000088100000| Untracked 
| 130|0x0000000088200000, 0x0000000088300000, 0x0000000088300000|100%| O|  |TAMS 0x0000000088300000, 0x0000000088200000| Complete 
| 131|0x0000000088300000, 0x0000000088400000, 0x0000000088400000|100%| O|  |TAMS 0x0000000088400000, 0x0000000088300000| Complete 
| 132|0x0000000088400000, 0x0000000088500000, 0x0000000088500000|100%| O|  |TAMS 0x0000000088500000, 0x0000000088400000| Complete 
| 133|0x0000000088500000, 0x0000000088600000, 0x0000000088600000|100%| O|  |TAMS 0x0000000088600000, 0x0000000088500000| Untracked 
| 134|0x0000000088600000, 0x0000000088700000, 0x0000000088700000|100%| O|  |TAMS 0x0000000088700000, 0x0000000088600000| Untracked 
| 135|0x0000000088700000, 0x0000000088800000, 0x0000000088800000|100%| O|  |TAMS 0x0000000088800000, 0x0000000088700000| Untracked 
| 136|0x0000000088800000, 0x0000000088900000, 0x0000000088900000|100%| O|  |TAMS 0x0000000088900000, 0x0000000088800000| Complete 
| 137|0x0000000088900000, 0x0000000088a00000, 0x0000000088a00000|100%| O|  |TAMS 0x0000000088a00000, 0x0000000088900000| Complete 
| 138|0x0000000088a00000, 0x0000000088b00000, 0x0000000088b00000|100%| O|  |TAMS 0x0000000088b00000, 0x0000000088a00000| Complete 
| 139|0x0000000088b00000, 0x0000000088c00000, 0x0000000088c00000|100%| O|  |TAMS 0x0000000088c00000, 0x0000000088b00000| Untracked 
| 140|0x0000000088c00000, 0x0000000088d00000, 0x0000000088d00000|100%| O|  |TAMS 0x0000000088d00000, 0x0000000088c00000| Complete 
| 141|0x0000000088d00000, 0x0000000088e00000, 0x0000000088e00000|100%| O|  |TAMS 0x0000000088e00000, 0x0000000088d00000| Untracked 
| 142|0x0000000088e00000, 0x0000000088f00000, 0x0000000088f00000|100%| O|  |TAMS 0x0000000088f00000, 0x0000000088e00000| Untracked 
| 143|0x0000000088f00000, 0x0000000089000000, 0x0000000089000000|100%| O|  |TAMS 0x0000000089000000, 0x0000000088f00000| Untracked 
| 144|0x0000000089000000, 0x0000000089100000, 0x0000000089100000|100%| O|  |TAMS 0x0000000089100000, 0x0000000089000000| Untracked 
| 145|0x0000000089100000, 0x0000000089200000, 0x0000000089200000|100%| O|  |TAMS 0x0000000089200000, 0x0000000089100000| Untracked 
| 146|0x0000000089200000, 0x0000000089300000, 0x0000000089300000|100%| O|  |TAMS 0x0000000089300000, 0x0000000089200000| Complete 
| 147|0x0000000089300000, 0x0000000089400000, 0x0000000089400000|100%| O|  |TAMS 0x0000000089400000, 0x0000000089300000| Untracked 
| 148|0x0000000089400000, 0x0000000089500000, 0x0000000089500000|100%| O|  |TAMS 0x0000000089500000, 0x0000000089400000| Untracked 
| 149|0x0000000089500000, 0x0000000089600000, 0x0000000089600000|100%| O|  |TAMS 0x0000000089600000, 0x0000000089500000| Complete 
| 150|0x0000000089600000, 0x0000000089700000, 0x0000000089700000|100%| O|  |TAMS 0x0000000089700000, 0x0000000089600000| Complete 
| 151|0x0000000089700000, 0x0000000089800000, 0x0000000089800000|100%| O|  |TAMS 0x0000000089800000, 0x0000000089700000| Complete 
| 152|0x0000000089800000, 0x0000000089900000, 0x0000000089900000|100%| O|  |TAMS 0x0000000089900000, 0x0000000089800000| Complete 
| 153|0x0000000089900000, 0x0000000089a00000, 0x0000000089a00000|100%| O|  |TAMS 0x0000000089a00000, 0x0000000089900000| Untracked 
| 154|0x0000000089a00000, 0x0000000089b00000, 0x0000000089b00000|100%| O|  |TAMS 0x0000000089b00000, 0x0000000089a00000| Complete 
| 155|0x0000000089b00000, 0x0000000089c00000, 0x0000000089c00000|100%| O|  |TAMS 0x0000000089c00000, 0x0000000089b00000| Complete 
| 156|0x0000000089c00000, 0x0000000089d00000, 0x0000000089d00000|100%| O|  |TAMS 0x0000000089d00000, 0x0000000089c00000| Complete 
| 157|0x0000000089d00000, 0x0000000089e00000, 0x0000000089e00000|100%| O|  |TAMS 0x0000000089e00000, 0x0000000089d00000| Complete 
| 158|0x0000000089e00000, 0x0000000089f00000, 0x0000000089f00000|100%| O|  |TAMS 0x0000000089f00000, 0x0000000089e00000| Complete 
| 159|0x0000000089f00000, 0x000000008a000000, 0x000000008a000000|100%| O|  |TAMS 0x000000008a000000, 0x0000000089f00000| Untracked 
| 160|0x000000008a000000, 0x000000008a100000, 0x000000008a100000|100%| O|  |TAMS 0x000000008a100000, 0x000000008a000000| Complete 
| 161|0x000000008a100000, 0x000000008a200000, 0x000000008a200000|100%| O|  |TAMS 0x000000008a200000, 0x000000008a100000| Complete 
| 162|0x000000008a200000, 0x000000008a300000, 0x000000008a300000|100%| O|  |TAMS 0x000000008a300000, 0x000000008a200000| Complete 
| 163|0x000000008a300000, 0x000000008a400000, 0x000000008a400000|100%| O|  |TAMS 0x000000008a400000, 0x000000008a300000| Complete 
| 164|0x000000008a400000, 0x000000008a500000, 0x000000008a500000|100%| O|  |TAMS 0x000000008a500000, 0x000000008a400000| Complete 
| 165|0x000000008a500000, 0x000000008a600000, 0x000000008a600000|100%| O|  |TAMS 0x000000008a600000, 0x000000008a500000| Untracked 
| 166|0x000000008a600000, 0x000000008a700000, 0x000000008a700000|100%| O|  |TAMS 0x000000008a700000, 0x000000008a600000| Untracked 
| 167|0x000000008a700000, 0x000000008a800000, 0x000000008a800000|100%| O|  |TAMS 0x000000008a800000, 0x000000008a700000| Complete 
| 168|0x000000008a800000, 0x000000008a900000, 0x000000008a900000|100%| O|  |TAMS 0x000000008a900000, 0x000000008a800000| Complete 
| 169|0x000000008a900000, 0x000000008aa00000, 0x000000008aa00000|100%| O|  |TAMS 0x000000008aa00000, 0x000000008a900000| Complete 
| 170|0x000000008aa00000, 0x000000008ab00000, 0x000000008ab00000|100%| O|  |TAMS 0x000000008ab00000, 0x000000008aa00000| Complete 
| 171|0x000000008ab00000, 0x000000008ac00000, 0x000000008ac00000|100%| O|  |TAMS 0x000000008ac00000, 0x000000008ab00000| Complete 
| 172|0x000000008ac00000, 0x000000008ad00000, 0x000000008ad00000|100%|HS|  |TAMS 0x000000008ad00000, 0x000000008ac00000| Complete 
| 173|0x000000008ad00000, 0x000000008ae00000, 0x000000008ae00000|100%|HS|  |TAMS 0x000000008ae00000, 0x000000008ad00000| Complete 
| 174|0x000000008ae00000, 0x000000008af00000, 0x000000008af00000|100%|HS|  |TAMS 0x000000008af00000, 0x000000008ae00000| Complete 
| 175|0x000000008af00000, 0x000000008b000000, 0x000000008b000000|100%| O|  |TAMS 0x000000008b000000, 0x000000008af00000| Untracked 
| 176|0x000000008b000000, 0x000000008b100000, 0x000000008b100000|100%| O|  |TAMS 0x000000008b100000, 0x000000008b000000| Complete 
| 177|0x000000008b100000, 0x000000008b200000, 0x000000008b200000|100%| O|  |TAMS 0x000000008b200000, 0x000000008b100000| Complete 
| 178|0x000000008b200000, 0x000000008b300000, 0x000000008b300000|100%| O|  |TAMS 0x000000008b300000, 0x000000008b200000| Complete 
| 179|0x000000008b300000, 0x000000008b400000, 0x000000008b400000|100%| O|  |TAMS 0x000000008b400000, 0x000000008b300000| Complete 
| 180|0x000000008b400000, 0x000000008b500000, 0x000000008b500000|100%| O|  |TAMS 0x000000008b500000, 0x000000008b400000| Complete 
| 181|0x000000008b500000, 0x000000008b600000, 0x000000008b600000|100%| O|  |TAMS 0x000000008b600000, 0x000000008b500000| Untracked 
| 182|0x000000008b600000, 0x000000008b700000, 0x000000008b700000|100%| O|  |TAMS 0x000000008b700000, 0x000000008b600000| Untracked 
| 183|0x000000008b700000, 0x000000008b800000, 0x000000008b800000|100%| O|  |TAMS 0x000000008b800000, 0x000000008b700000| Untracked 
| 184|0x000000008b800000, 0x000000008b900000, 0x000000008b900000|100%| O|  |TAMS 0x000000008b900000, 0x000000008b800000| Untracked 
| 185|0x000000008b900000, 0x000000008ba00000, 0x000000008ba00000|100%| O|  |TAMS 0x000000008ba00000, 0x000000008b900000| Complete 
| 186|0x000000008ba00000, 0x000000008bb00000, 0x000000008bb00000|100%| O|  |TAMS 0x000000008bb00000, 0x000000008ba00000| Complete 
| 187|0x000000008bb00000, 0x000000008bc00000, 0x000000008bc00000|100%| O|  |TAMS 0x000000008bc00000, 0x000000008bb00000| Complete 
| 188|0x000000008bc00000, 0x000000008bd00000, 0x000000008bd00000|100%| O|  |TAMS 0x000000008bd00000, 0x000000008bc00000| Complete 
| 189|0x000000008bd00000, 0x000000008be00000, 0x000000008be00000|100%| O|  |TAMS 0x000000008be00000, 0x000000008bd00000| Complete 
| 190|0x000000008be00000, 0x000000008bf00000, 0x000000008bf00000|100%| O|  |TAMS 0x000000008bf00000, 0x000000008be00000| Complete 
| 191|0x000000008bf00000, 0x000000008c000000, 0x000000008c000000|100%| O|  |TAMS 0x000000008c000000, 0x000000008bf00000| Complete 
| 192|0x000000008c000000, 0x000000008c100000, 0x000000008c100000|100%| O|  |TAMS 0x000000008c100000, 0x000000008c000000| Complete 
| 193|0x000000008c100000, 0x000000008c200000, 0x000000008c200000|100%| O|  |TAMS 0x000000008c200000, 0x000000008c100000| Complete 
| 194|0x000000008c200000, 0x000000008c300000, 0x000000008c300000|100%| O|  |TAMS 0x000000008c300000, 0x000000008c200000| Complete 
| 195|0x000000008c300000, 0x000000008c400000, 0x000000008c400000|100%| O|  |TAMS 0x000000008c400000, 0x000000008c300000| Complete 
| 196|0x000000008c400000, 0x000000008c500000, 0x000000008c500000|100%| O|  |TAMS 0x000000008c500000, 0x000000008c400000| Complete 
| 197|0x000000008c500000, 0x000000008c600000, 0x000000008c600000|100%| O|  |TAMS 0x000000008c600000, 0x000000008c500000| Complete 
| 198|0x000000008c600000, 0x000000008c700000, 0x000000008c700000|100%| O|  |TAMS 0x000000008c700000, 0x000000008c600000| Complete 
| 199|0x000000008c700000, 0x000000008c800000, 0x000000008c800000|100%| O|  |TAMS 0x000000008c800000, 0x000000008c700000| Complete 
| 200|0x000000008c800000, 0x000000008c900000, 0x000000008c900000|100%| O|  |TAMS 0x000000008c900000, 0x000000008c800000| Complete 
| 201|0x000000008c900000, 0x000000008ca00000, 0x000000008ca00000|100%|HS|  |TAMS 0x000000008ca00000, 0x000000008c900000| Complete 
| 202|0x000000008ca00000, 0x000000008cb00000, 0x000000008cb00000|100%|HS|  |TAMS 0x000000008cb00000, 0x000000008ca00000| Complete 
| 203|0x000000008cb00000, 0x000000008cc00000, 0x000000008cc00000|100%|HS|  |TAMS 0x000000008cc00000, 0x000000008cb00000| Complete 
| 204|0x000000008cc00000, 0x000000008cd00000, 0x000000008cd00000|100%|HS|  |TAMS 0x000000008cd00000, 0x000000008cc00000| Complete 
| 205|0x000000008cd00000, 0x000000008ce00000, 0x000000008ce00000|100%| O|  |TAMS 0x000000008ce00000, 0x000000008cd00000| Untracked 
| 206|0x000000008ce00000, 0x000000008cf00000, 0x000000008cf00000|100%| O|  |TAMS 0x000000008cf00000, 0x000000008ce00000| Complete 
| 207|0x000000008cf00000, 0x000000008d000000, 0x000000008d000000|100%| O|  |TAMS 0x000000008d000000, 0x000000008cf00000| Complete 
| 208|0x000000008d000000, 0x000000008d100000, 0x000000008d100000|100%| O|  |TAMS 0x000000008d100000, 0x000000008d000000| Complete 
| 209|0x000000008d100000, 0x000000008d200000, 0x000000008d200000|100%| O|  |TAMS 0x000000008d200000, 0x000000008d100000| Complete 
| 210|0x000000008d200000, 0x000000008d300000, 0x000000008d300000|100%| O|  |TAMS 0x000000008d300000, 0x000000008d200000| Complete 
| 211|0x000000008d300000, 0x000000008d400000, 0x000000008d400000|100%| O|  |TAMS 0x000000008d400000, 0x000000008d300000| Untracked 
| 212|0x000000008d400000, 0x000000008d500000, 0x000000008d500000|100%| O|  |TAMS 0x000000008d500000, 0x000000008d400000| Untracked 
| 213|0x000000008d500000, 0x000000008d600000, 0x000000008d600000|100%| O|  |TAMS 0x000000008d600000, 0x000000008d500000| Untracked 
| 214|0x000000008d600000, 0x000000008d700000, 0x000000008d700000|100%| O|  |TAMS 0x000000008d700000, 0x000000008d600000| Complete 
| 215|0x000000008d700000, 0x000000008d800000, 0x000000008d800000|100%| O|  |TAMS 0x000000008d800000, 0x000000008d700000| Complete 
| 216|0x000000008d800000, 0x000000008d900000, 0x000000008d900000|100%| O|  |TAMS 0x000000008d900000, 0x000000008d800000| Complete 
| 217|0x000000008d900000, 0x000000008da00000, 0x000000008da00000|100%| O|  |TAMS 0x000000008da00000, 0x000000008d900000| Complete 
| 218|0x000000008da00000, 0x000000008db00000, 0x000000008db00000|100%| O|  |TAMS 0x000000008db00000, 0x000000008da00000| Complete 
| 219|0x000000008db00000, 0x000000008dc00000, 0x000000008dc00000|100%| O|  |TAMS 0x000000008dc00000, 0x000000008db00000| Complete 
| 220|0x000000008dc00000, 0x000000008dd00000, 0x000000008dd00000|100%| O|  |TAMS 0x000000008dd00000, 0x000000008dc00000| Complete 
| 221|0x000000008dd00000, 0x000000008de00000, 0x000000008de00000|100%| O|  |TAMS 0x000000008de00000, 0x000000008dd00000| Complete 
| 222|0x000000008de00000, 0x000000008df00000, 0x000000008df00000|100%|HS|  |TAMS 0x000000008df00000, 0x000000008de00000| Complete 
| 223|0x000000008df00000, 0x000000008e000000, 0x000000008e000000|100%|HS|  |TAMS 0x000000008e000000, 0x000000008df00000| Complete 
| 224|0x000000008e000000, 0x000000008e100000, 0x000000008e100000|100%| O|  |TAMS 0x000000008e100000, 0x000000008e000000| Complete 
| 225|0x000000008e100000, 0x000000008e200000, 0x000000008e200000|100%| O|  |TAMS 0x000000008e200000, 0x000000008e100000| Complete 
| 226|0x000000008e200000, 0x000000008e300000, 0x000000008e300000|100%| O|  |TAMS 0x000000008e300000, 0x000000008e200000| Complete 
| 227|0x000000008e300000, 0x000000008e400000, 0x000000008e400000|100%| O|  |TAMS 0x000000008e400000, 0x000000008e300000| Complete 
| 228|0x000000008e400000, 0x000000008e500000, 0x000000008e500000|100%| O|  |TAMS 0x000000008e500000, 0x000000008e400000| Complete 
| 229|0x000000008e500000, 0x000000008e600000, 0x000000008e600000|100%| O|  |TAMS 0x000000008e600000, 0x000000008e500000| Complete 
| 230|0x000000008e600000, 0x000000008e700000, 0x000000008e700000|100%| O|  |TAMS 0x000000008e700000, 0x000000008e600000| Complete 
| 231|0x000000008e700000, 0x000000008e800000, 0x000000008e800000|100%| O|  |TAMS 0x000000008e800000, 0x000000008e700000| Complete 
| 232|0x000000008e800000, 0x000000008e900000, 0x000000008e900000|100%| O|  |TAMS 0x000000008e900000, 0x000000008e800000| Complete 
| 233|0x000000008e900000, 0x000000008ea00000, 0x000000008ea00000|100%| O|  |TAMS 0x000000008ea00000, 0x000000008e900000| Complete 
| 234|0x000000008ea00000, 0x000000008eb00000, 0x000000008eb00000|100%| O|  |TAMS 0x000000008eb00000, 0x000000008ea00000| Complete 
| 235|0x000000008eb00000, 0x000000008ec00000, 0x000000008ec00000|100%| O|  |TAMS 0x000000008ec00000, 0x000000008eb00000| Complete 
| 236|0x000000008ec00000, 0x000000008ed00000, 0x000000008ed00000|100%|HS|  |TAMS 0x000000008ed00000, 0x000000008ec00000| Complete 
| 237|0x000000008ed00000, 0x000000008ee00000, 0x000000008ee00000|100%|HS|  |TAMS 0x000000008ee00000, 0x000000008ed00000| Complete 
| 238|0x000000008ee00000, 0x000000008ef00000, 0x000000008ef00000|100%| O|  |TAMS 0x000000008ef00000, 0x000000008ee00000| Untracked 
| 239|0x000000008ef00000, 0x000000008f000000, 0x000000008f000000|100%| O|  |TAMS 0x000000008f000000, 0x000000008ef00000| Complete 
| 240|0x000000008f000000, 0x000000008f100000, 0x000000008f100000|100%| O|  |TAMS 0x000000008f100000, 0x000000008f000000| Complete 
| 241|0x000000008f100000, 0x000000008f200000, 0x000000008f200000|100%| O|  |TAMS 0x000000008f200000, 0x000000008f100000| Complete 
| 242|0x000000008f200000, 0x000000008f300000, 0x000000008f300000|100%| O|  |TAMS 0x000000008f300000, 0x000000008f200000| Untracked 
| 243|0x000000008f300000, 0x000000008f400000, 0x000000008f400000|100%| O|  |TAMS 0x000000008f400000, 0x000000008f300000| Complete 
| 244|0x000000008f400000, 0x000000008f500000, 0x000000008f500000|100%| O|  |TAMS 0x000000008f500000, 0x000000008f400000| Untracked 
| 245|0x000000008f500000, 0x000000008f600000, 0x000000008f600000|100%| O|  |TAMS 0x000000008f600000, 0x000000008f500000| Untracked 
| 246|0x000000008f600000, 0x000000008f700000, 0x000000008f700000|100%| O|  |TAMS 0x000000008f700000, 0x000000008f600000| Untracked 
| 247|0x000000008f700000, 0x000000008f800000, 0x000000008f800000|100%| O|  |TAMS 0x000000008f800000, 0x000000008f700000| Untracked 
| 248|0x000000008f800000, 0x000000008f900000, 0x000000008f900000|100%| O|  |TAMS 0x000000008f900000, 0x000000008f800000| Complete 
| 249|0x000000008f900000, 0x000000008fa00000, 0x000000008fa00000|100%| O|  |TAMS 0x000000008fa00000, 0x000000008f900000| Complete 
| 250|0x000000008fa00000, 0x000000008fb00000, 0x000000008fb00000|100%| O|  |TAMS 0x000000008fb00000, 0x000000008fa00000| Complete 
| 251|0x000000008fb00000, 0x000000008fc00000, 0x000000008fc00000|100%| O|  |TAMS 0x000000008fc00000, 0x000000008fb00000| Complete 
| 252|0x000000008fc00000, 0x000000008fd00000, 0x000000008fd00000|100%| O|  |TAMS 0x000000008fd00000, 0x000000008fc00000| Complete 
| 253|0x000000008fd00000, 0x000000008fe00000, 0x000000008fe00000|100%| O|  |TAMS 0x000000008fe00000, 0x000000008fd00000| Complete 
| 254|0x000000008fe00000, 0x000000008ff00000, 0x000000008ff00000|100%| O|  |TAMS 0x000000008ff00000, 0x000000008fe00000| Complete 
| 255|0x000000008ff00000, 0x0000000090000000, 0x0000000090000000|100%| O|  |TAMS 0x0000000090000000, 0x000000008ff00000| Complete 
| 256|0x0000000090000000, 0x0000000090100000, 0x0000000090100000|100%| O|  |TAMS 0x0000000090100000, 0x0000000090000000| Complete 
| 257|0x0000000090100000, 0x0000000090200000, 0x0000000090200000|100%| O|  |TAMS 0x0000000090200000, 0x0000000090100000| Complete 
| 258|0x0000000090200000, 0x0000000090300000, 0x0000000090300000|100%| O|  |TAMS 0x0000000090300000, 0x0000000090200000| Complete 
| 259|0x0000000090300000, 0x0000000090400000, 0x0000000090400000|100%| O|  |TAMS 0x0000000090400000, 0x0000000090300000| Untracked 
| 260|0x0000000090400000, 0x0000000090500000, 0x0000000090500000|100%| O|  |TAMS 0x0000000090500000, 0x0000000090400000| Untracked 
| 261|0x0000000090500000, 0x0000000090600000, 0x0000000090600000|100%| O|  |TAMS 0x0000000090600000, 0x0000000090500000| Complete 
| 262|0x0000000090600000, 0x0000000090700000, 0x0000000090700000|100%| O|  |TAMS 0x0000000090700000, 0x0000000090600000| Complete 
| 263|0x0000000090700000, 0x0000000090800000, 0x0000000090800000|100%| O|  |TAMS 0x0000000090800000, 0x0000000090700000| Untracked 
| 264|0x0000000090800000, 0x0000000090900000, 0x0000000090900000|100%| O|  |TAMS 0x0000000090900000, 0x0000000090800000| Complete 
| 265|0x0000000090900000, 0x0000000090a00000, 0x0000000090a00000|100%| O|  |TAMS 0x0000000090a00000, 0x0000000090900000| Complete 
| 266|0x0000000090a00000, 0x0000000090b00000, 0x0000000090b00000|100%| O|  |TAMS 0x0000000090b00000, 0x0000000090a00000| Complete 
| 267|0x0000000090b00000, 0x0000000090c00000, 0x0000000090c00000|100%| O|  |TAMS 0x0000000090c00000, 0x0000000090b00000| Complete 
| 268|0x0000000090c00000, 0x0000000090d00000, 0x0000000090d00000|100%| O|  |TAMS 0x0000000090d00000, 0x0000000090c00000| Complete 
| 269|0x0000000090d00000, 0x0000000090e00000, 0x0000000090e00000|100%| O|  |TAMS 0x0000000090e00000, 0x0000000090d00000| Complete 
| 270|0x0000000090e00000, 0x0000000090f00000, 0x0000000090f00000|100%| O|  |TAMS 0x0000000090f00000, 0x0000000090e00000| Complete 
| 271|0x0000000090f00000, 0x0000000091000000, 0x0000000091000000|100%|HS|  |TAMS 0x0000000091000000, 0x0000000090f00000| Complete 
| 272|0x0000000091000000, 0x0000000091100000, 0x0000000091100000|100%|HS|  |TAMS 0x0000000091100000, 0x0000000091000000| Complete 
| 273|0x0000000091100000, 0x0000000091200000, 0x0000000091200000|100%| O|  |TAMS 0x0000000091200000, 0x0000000091100000| Complete 
| 274|0x0000000091200000, 0x0000000091300000, 0x0000000091300000|100%| O|  |TAMS 0x0000000091300000, 0x0000000091200000| Untracked 
| 275|0x0000000091300000, 0x0000000091400000, 0x0000000091400000|100%| O|  |TAMS 0x0000000091400000, 0x0000000091300000| Complete 
| 276|0x0000000091400000, 0x0000000091500000, 0x0000000091500000|100%| O|  |TAMS 0x0000000091500000, 0x0000000091400000| Complete 
| 277|0x0000000091500000, 0x0000000091600000, 0x0000000091600000|100%| O|  |TAMS 0x0000000091600000, 0x0000000091500000| Complete 
| 278|0x0000000091600000, 0x0000000091700000, 0x0000000091700000|100%| O|  |TAMS 0x0000000091700000, 0x0000000091600000| Complete 
| 279|0x0000000091700000, 0x0000000091800000, 0x0000000091800000|100%| O|  |TAMS 0x0000000091800000, 0x0000000091700000| Complete 
| 280|0x0000000091800000, 0x0000000091900000, 0x0000000091900000|100%| O|  |TAMS 0x0000000091900000, 0x0000000091800000| Untracked 
| 281|0x0000000091900000, 0x0000000091a00000, 0x0000000091a00000|100%| O|  |TAMS 0x0000000091a00000, 0x0000000091900000| Untracked 
| 282|0x0000000091a00000, 0x0000000091b00000, 0x0000000091b00000|100%| O|  |TAMS 0x0000000091b00000, 0x0000000091a00000| Untracked 
| 283|0x0000000091b00000, 0x0000000091c00000, 0x0000000091c00000|100%| O|  |TAMS 0x0000000091c00000, 0x0000000091b00000| Complete 
| 284|0x0000000091c00000, 0x0000000091d00000, 0x0000000091d00000|100%| O|  |TAMS 0x0000000091d00000, 0x0000000091c00000| Untracked 
| 285|0x0000000091d00000, 0x0000000091e00000, 0x0000000091e00000|100%| O|  |TAMS 0x0000000091e00000, 0x0000000091d00000| Complete 
| 286|0x0000000091e00000, 0x0000000091f00000, 0x0000000091f00000|100%| O|  |TAMS 0x0000000091f00000, 0x0000000091e00000| Complete 
| 287|0x0000000091f00000, 0x0000000092000000, 0x0000000092000000|100%| O|  |TAMS 0x0000000092000000, 0x0000000091f00000| Complete 
| 288|0x0000000092000000, 0x0000000092100000, 0x0000000092100000|100%| O|  |TAMS 0x0000000092100000, 0x0000000092000000| Complete 
| 289|0x0000000092100000, 0x0000000092200000, 0x0000000092200000|100%|HS|  |TAMS 0x0000000092200000, 0x0000000092100000| Complete 
| 290|0x0000000092200000, 0x0000000092300000, 0x0000000092300000|100%|HS|  |TAMS 0x0000000092300000, 0x0000000092200000| Complete 
| 291|0x0000000092300000, 0x0000000092400000, 0x0000000092400000|100%|HS|  |TAMS 0x0000000092400000, 0x0000000092300000| Complete 
| 292|0x0000000092400000, 0x0000000092500000, 0x0000000092500000|100%| O|  |TAMS 0x0000000092500000, 0x0000000092400000| Untracked 
| 293|0x0000000092500000, 0x0000000092600000, 0x0000000092600000|100%| O|  |TAMS 0x0000000092600000, 0x0000000092500000| Complete 
| 294|0x0000000092600000, 0x0000000092700000, 0x0000000092700000|100%| O|  |TAMS 0x0000000092700000, 0x0000000092600000| Complete 
| 295|0x0000000092700000, 0x0000000092800000, 0x0000000092800000|100%| O|  |TAMS 0x0000000092800000, 0x0000000092700000| Complete 
| 296|0x0000000092800000, 0x0000000092900000, 0x0000000092900000|100%| O|  |TAMS 0x0000000092900000, 0x0000000092800000| Untracked 
| 297|0x0000000092900000, 0x0000000092a00000, 0x0000000092a00000|100%| O|  |TAMS 0x0000000092a00000, 0x0000000092900000| Untracked 
| 298|0x0000000092a00000, 0x0000000092b00000, 0x0000000092b00000|100%| O|  |TAMS 0x0000000092b00000, 0x0000000092a00000| Untracked 
| 299|0x0000000092b00000, 0x0000000092c00000, 0x0000000092c00000|100%| O|  |TAMS 0x0000000092c00000, 0x0000000092b00000| Complete 
| 300|0x0000000092c00000, 0x0000000092d00000, 0x0000000092d00000|100%| O|  |TAMS 0x0000000092d00000, 0x0000000092c00000| Complete 
| 301|0x0000000092d00000, 0x0000000092e00000, 0x0000000092e00000|100%| O|  |TAMS 0x0000000092e00000, 0x0000000092d00000| Complete 
| 302|0x0000000092e00000, 0x0000000092f00000, 0x0000000092f00000|100%| O|  |TAMS 0x0000000092f00000, 0x0000000092e00000| Complete 
| 303|0x0000000092f00000, 0x0000000093000000, 0x0000000093000000|100%| O|  |TAMS 0x0000000093000000, 0x0000000092f00000| Complete 
| 304|0x0000000093000000, 0x0000000093100000, 0x0000000093100000|100%| O|  |TAMS 0x0000000093100000, 0x0000000093000000| Complete 
| 305|0x0000000093100000, 0x0000000093200000, 0x0000000093200000|100%| O|  |TAMS 0x0000000093200000, 0x0000000093100000| Complete 
| 306|0x0000000093200000, 0x0000000093300000, 0x0000000093300000|100%| O|  |TAMS 0x0000000093300000, 0x0000000093200000| Complete 
| 307|0x0000000093300000, 0x0000000093400000, 0x0000000093400000|100%| O|  |TAMS 0x0000000093400000, 0x0000000093300000| Complete 
| 308|0x0000000093400000, 0x0000000093500000, 0x0000000093500000|100%| O|  |TAMS 0x0000000093500000, 0x0000000093400000| Complete 
| 309|0x0000000093500000, 0x0000000093600000, 0x0000000093600000|100%| O|  |TAMS 0x0000000093600000, 0x0000000093500000| Complete 
| 310|0x0000000093600000, 0x0000000093700000, 0x0000000093700000|100%| O|  |TAMS 0x0000000093700000, 0x0000000093600000| Complete 
| 311|0x0000000093700000, 0x0000000093800000, 0x0000000093800000|100%| O|  |TAMS 0x0000000093800000, 0x0000000093700000| Complete 
| 312|0x0000000093800000, 0x0000000093900000, 0x0000000093900000|100%| O|  |TAMS 0x0000000093900000, 0x0000000093800000| Complete 
| 313|0x0000000093900000, 0x0000000093a00000, 0x0000000093a00000|100%|HS|  |TAMS 0x0000000093a00000, 0x0000000093900000| Complete 
| 314|0x0000000093a00000, 0x0000000093b00000, 0x0000000093b00000|100%| O|  |TAMS 0x0000000093b00000, 0x0000000093a00000| Complete 
| 315|0x0000000093b00000, 0x0000000093c00000, 0x0000000093c00000|100%| O|  |TAMS 0x0000000093c00000, 0x0000000093b00000| Complete 
| 316|0x0000000093c00000, 0x0000000093d00000, 0x0000000093d00000|100%| O|  |TAMS 0x0000000093d00000, 0x0000000093c00000| Complete 
| 317|0x0000000093d00000, 0x0000000093e00000, 0x0000000093e00000|100%| O|  |TAMS 0x0000000093e00000, 0x0000000093d00000| Complete 
| 318|0x0000000093e00000, 0x0000000093f00000, 0x0000000093f00000|100%| O|  |TAMS 0x0000000093f00000, 0x0000000093e00000| Complete 
| 319|0x0000000093f00000, 0x0000000094000000, 0x0000000094000000|100%| O|  |TAMS 0x0000000094000000, 0x0000000093f00000| Untracked 
| 320|0x0000000094000000, 0x0000000094100000, 0x0000000094100000|100%| O|  |TAMS 0x0000000094100000, 0x0000000094000000| Complete 
| 321|0x0000000094100000, 0x0000000094200000, 0x0000000094200000|100%| O|  |TAMS 0x0000000094200000, 0x0000000094100000| Complete 
| 322|0x0000000094200000, 0x0000000094300000, 0x0000000094300000|100%| O|  |TAMS 0x0000000094300000, 0x0000000094200000| Complete 
| 323|0x0000000094300000, 0x0000000094400000, 0x0000000094400000|100%| O|  |TAMS 0x0000000094400000, 0x0000000094300000| Complete 
| 324|0x0000000094400000, 0x0000000094500000, 0x0000000094500000|100%| O|  |TAMS 0x0000000094500000, 0x0000000094400000| Complete 
| 325|0x0000000094500000, 0x0000000094600000, 0x0000000094600000|100%| O|  |TAMS 0x0000000094600000, 0x0000000094500000| Complete 
| 326|0x0000000094600000, 0x0000000094700000, 0x0000000094700000|100%| O|  |TAMS 0x0000000094700000, 0x0000000094600000| Untracked 
| 327|0x0000000094700000, 0x0000000094800000, 0x0000000094800000|100%| O|  |TAMS 0x0000000094800000, 0x0000000094700000| Complete 
| 328|0x0000000094800000, 0x0000000094900000, 0x0000000094900000|100%| O|  |TAMS 0x0000000094900000, 0x0000000094800000| Complete 
| 329|0x0000000094900000, 0x0000000094a00000, 0x0000000094a00000|100%| O|  |TAMS 0x0000000094a00000, 0x0000000094900000| Complete 
| 330|0x0000000094a00000, 0x0000000094b00000, 0x0000000094b00000|100%| O|  |TAMS 0x0000000094b00000, 0x0000000094a00000| Untracked 
| 331|0x0000000094b00000, 0x0000000094c00000, 0x0000000094c00000|100%| O|  |TAMS 0x0000000094c00000, 0x0000000094b00000| Complete 
| 332|0x0000000094c00000, 0x0000000094d00000, 0x0000000094d00000|100%| O|  |TAMS 0x0000000094d00000, 0x0000000094c00000| Complete 
| 333|0x0000000094d00000, 0x0000000094e00000, 0x0000000094e00000|100%| O|  |TAMS 0x0000000094e00000, 0x0000000094d00000| Untracked 
| 334|0x0000000094e00000, 0x0000000094f00000, 0x0000000094f00000|100%| O|  |TAMS 0x0000000094f00000, 0x0000000094e00000| Untracked 
| 335|0x0000000094f00000, 0x0000000095000000, 0x0000000095000000|100%| O|  |TAMS 0x0000000095000000, 0x0000000094f00000| Complete 
| 336|0x0000000095000000, 0x0000000095100000, 0x0000000095100000|100%| O|  |TAMS 0x0000000095100000, 0x0000000095000000| Complete 
| 337|0x0000000095100000, 0x0000000095200000, 0x0000000095200000|100%| O|  |TAMS 0x0000000095200000, 0x0000000095100000| Untracked 
| 338|0x0000000095200000, 0x0000000095300000, 0x0000000095300000|100%| O|  |TAMS 0x0000000095300000, 0x0000000095200000| Complete 
| 339|0x0000000095300000, 0x0000000095400000, 0x0000000095400000|100%| O|  |TAMS 0x0000000095400000, 0x0000000095300000| Complete 
| 340|0x0000000095400000, 0x0000000095500000, 0x0000000095500000|100%| O|  |TAMS 0x0000000095500000, 0x0000000095400000| Complete 
| 341|0x0000000095500000, 0x0000000095600000, 0x0000000095600000|100%| O|  |TAMS 0x0000000095600000, 0x0000000095500000| Complete 
| 342|0x0000000095600000, 0x0000000095700000, 0x0000000095700000|100%| O|  |TAMS 0x0000000095700000, 0x0000000095600000| Untracked 
| 343|0x0000000095700000, 0x0000000095800000, 0x0000000095800000|100%| O|  |TAMS 0x0000000095800000, 0x0000000095700000| Complete 
| 344|0x0000000095800000, 0x0000000095900000, 0x0000000095900000|100%| O|  |TAMS 0x0000000095900000, 0x0000000095800000| Complete 
| 345|0x0000000095900000, 0x0000000095a00000, 0x0000000095a00000|100%| O|  |TAMS 0x0000000095a00000, 0x0000000095900000| Untracked 
| 346|0x0000000095a00000, 0x0000000095b00000, 0x0000000095b00000|100%| O|  |TAMS 0x0000000095b00000, 0x0000000095a00000| Complete 
| 347|0x0000000095b00000, 0x0000000095c00000, 0x0000000095c00000|100%| O|  |TAMS 0x0000000095c00000, 0x0000000095b00000| Complete 
| 348|0x0000000095c00000, 0x0000000095d00000, 0x0000000095d00000|100%| O|  |TAMS 0x0000000095d00000, 0x0000000095c00000| Complete 
| 349|0x0000000095d00000, 0x0000000095e00000, 0x0000000095e00000|100%| O|  |TAMS 0x0000000095e00000, 0x0000000095d00000| Complete 
| 350|0x0000000095e00000, 0x0000000095f00000, 0x0000000095f00000|100%| O|  |TAMS 0x0000000095f00000, 0x0000000095e00000| Complete 
| 351|0x0000000095f00000, 0x0000000096000000, 0x0000000096000000|100%| O|  |TAMS 0x0000000096000000, 0x0000000095f00000| Complete 
| 352|0x0000000096000000, 0x0000000096100000, 0x0000000096100000|100%| O|  |TAMS 0x0000000096100000, 0x0000000096000000| Complete 
| 353|0x0000000096100000, 0x0000000096200000, 0x0000000096200000|100%| O|  |TAMS 0x0000000096200000, 0x0000000096100000| Complete 
| 354|0x0000000096200000, 0x0000000096300000, 0x0000000096300000|100%| O|  |TAMS 0x0000000096300000, 0x0000000096200000| Complete 
| 355|0x0000000096300000, 0x0000000096400000, 0x0000000096400000|100%| O|  |TAMS 0x0000000096400000, 0x0000000096300000| Complete 
| 356|0x0000000096400000, 0x0000000096500000, 0x0000000096500000|100%| O|  |TAMS 0x0000000096500000, 0x0000000096400000| Untracked 
| 357|0x0000000096500000, 0x0000000096600000, 0x0000000096600000|100%| O|  |TAMS 0x0000000096600000, 0x0000000096500000| Complete 
| 358|0x0000000096600000, 0x0000000096700000, 0x0000000096700000|100%| O|  |TAMS 0x0000000096700000, 0x0000000096600000| Complete 
| 359|0x0000000096700000, 0x0000000096800000, 0x0000000096800000|100%| O|  |TAMS 0x0000000096800000, 0x0000000096700000| Complete 
| 360|0x0000000096800000, 0x0000000096900000, 0x0000000096900000|100%| O|  |TAMS 0x0000000096900000, 0x0000000096800000| Complete 
| 361|0x0000000096900000, 0x0000000096a00000, 0x0000000096a00000|100%| O|  |TAMS 0x0000000096a00000, 0x0000000096900000| Complete 
| 362|0x0000000096a00000, 0x0000000096b00000, 0x0000000096b00000|100%| O|  |TAMS 0x0000000096b00000, 0x0000000096a00000| Complete 
| 363|0x0000000096b00000, 0x0000000096c00000, 0x0000000096c00000|100%| O|  |TAMS 0x0000000096c00000, 0x0000000096b00000| Complete 
| 364|0x0000000096c00000, 0x0000000096d00000, 0x0000000096d00000|100%| O|  |TAMS 0x0000000096d00000, 0x0000000096c00000| Complete 
| 365|0x0000000096d00000, 0x0000000096e00000, 0x0000000096e00000|100%| O|  |TAMS 0x0000000096e00000, 0x0000000096d00000| Complete 
| 366|0x0000000096e00000, 0x0000000096f00000, 0x0000000096f00000|100%| O|  |TAMS 0x0000000096f00000, 0x0000000096e00000| Complete 
| 367|0x0000000096f00000, 0x0000000097000000, 0x0000000097000000|100%| O|  |TAMS 0x0000000097000000, 0x0000000096f00000| Complete 
| 368|0x0000000097000000, 0x0000000097100000, 0x0000000097100000|100%| O|  |TAMS 0x0000000097100000, 0x0000000097000000| Complete 
| 369|0x0000000097100000, 0x0000000097200000, 0x0000000097200000|100%| O|  |TAMS 0x0000000097200000, 0x0000000097100000| Complete 
| 370|0x0000000097200000, 0x0000000097300000, 0x0000000097300000|100%| O|  |TAMS 0x0000000097300000, 0x0000000097200000| Complete 
| 371|0x0000000097300000, 0x0000000097400000, 0x0000000097400000|100%| O|  |TAMS 0x0000000097400000, 0x0000000097300000| Complete 
| 372|0x0000000097400000, 0x0000000097500000, 0x0000000097500000|100%| O|  |TAMS 0x0000000097500000, 0x0000000097400000| Complete 
| 373|0x0000000097500000, 0x0000000097600000, 0x0000000097600000|100%| O|  |TAMS 0x0000000097600000, 0x0000000097500000| Complete 
| 374|0x0000000097600000, 0x0000000097700000, 0x0000000097700000|100%| O|  |TAMS 0x0000000097700000, 0x0000000097600000| Complete 
| 375|0x0000000097700000, 0x0000000097800000, 0x0000000097800000|100%| O|  |TAMS 0x0000000097800000, 0x0000000097700000| Complete 
| 376|0x0000000097800000, 0x0000000097900000, 0x0000000097900000|100%| O|  |TAMS 0x0000000097900000, 0x0000000097800000| Complete 
| 377|0x0000000097900000, 0x0000000097a00000, 0x0000000097a00000|100%| O|  |TAMS 0x0000000097a00000, 0x0000000097900000| Complete 
| 378|0x0000000097a00000, 0x0000000097b00000, 0x0000000097b00000|100%| O|  |TAMS 0x0000000097b00000, 0x0000000097a00000| Complete 
| 379|0x0000000097b00000, 0x0000000097c00000, 0x0000000097c00000|100%| O|  |TAMS 0x0000000097c00000, 0x0000000097b00000| Complete 
| 380|0x0000000097c00000, 0x0000000097d00000, 0x0000000097d00000|100%| O|  |TAMS 0x0000000097d00000, 0x0000000097c00000| Complete 
| 381|0x0000000097d00000, 0x0000000097e00000, 0x0000000097e00000|100%| O|  |TAMS 0x0000000097e00000, 0x0000000097d00000| Complete 
| 382|0x0000000097e00000, 0x0000000097f00000, 0x0000000097f00000|100%| O|  |TAMS 0x0000000097f00000, 0x0000000097e00000| Complete 
| 383|0x0000000097f00000, 0x0000000098000000, 0x0000000098000000|100%| O|  |TAMS 0x0000000098000000, 0x0000000097f00000| Complete 
| 384|0x0000000098000000, 0x0000000098100000, 0x0000000098100000|100%| O|  |TAMS 0x0000000098100000, 0x0000000098000000| Complete 
| 385|0x0000000098100000, 0x0000000098200000, 0x0000000098200000|100%| O|  |TAMS 0x0000000098200000, 0x0000000098100000| Complete 
| 386|0x0000000098200000, 0x0000000098300000, 0x0000000098300000|100%| O|  |TAMS 0x0000000098300000, 0x0000000098200000| Complete 
| 387|0x0000000098300000, 0x0000000098400000, 0x0000000098400000|100%| O|  |TAMS 0x0000000098400000, 0x0000000098300000| Complete 
| 388|0x0000000098400000, 0x0000000098500000, 0x0000000098500000|100%| O|  |TAMS 0x0000000098500000, 0x0000000098400000| Complete 
| 389|0x0000000098500000, 0x0000000098600000, 0x0000000098600000|100%| O|  |TAMS 0x0000000098600000, 0x0000000098500000| Complete 
| 390|0x0000000098600000, 0x0000000098700000, 0x0000000098700000|100%| O|  |TAMS 0x0000000098700000, 0x0000000098600000| Complete 
| 391|0x0000000098700000, 0x0000000098800000, 0x0000000098800000|100%| O|  |TAMS 0x0000000098800000, 0x0000000098700000| Complete 
| 392|0x0000000098800000, 0x0000000098900000, 0x0000000098900000|100%| O|  |TAMS 0x0000000098900000, 0x0000000098800000| Complete 
| 393|0x0000000098900000, 0x0000000098a00000, 0x0000000098a00000|100%| O|  |TAMS 0x0000000098a00000, 0x0000000098900000| Complete 
| 394|0x0000000098a00000, 0x0000000098b00000, 0x0000000098b00000|100%| O|  |TAMS 0x0000000098b00000, 0x0000000098a00000| Complete 
| 395|0x0000000098b00000, 0x0000000098c00000, 0x0000000098c00000|100%| O|  |TAMS 0x0000000098c00000, 0x0000000098b00000| Untracked 
| 396|0x0000000098c00000, 0x0000000098d00000, 0x0000000098d00000|100%| O|  |TAMS 0x0000000098d00000, 0x0000000098c00000| Untracked 
| 397|0x0000000098d00000, 0x0000000098e00000, 0x0000000098e00000|100%| O|  |TAMS 0x0000000098e00000, 0x0000000098d00000| Untracked 
| 398|0x0000000098e00000, 0x0000000098f00000, 0x0000000098f00000|100%| O|  |TAMS 0x0000000098f00000, 0x0000000098e00000| Untracked 
| 399|0x0000000098f00000, 0x0000000099000000, 0x0000000099000000|100%| O|  |TAMS 0x0000000099000000, 0x0000000098f00000| Untracked 
| 400|0x0000000099000000, 0x0000000099100000, 0x0000000099100000|100%| O|  |TAMS 0x0000000099100000, 0x0000000099000000| Untracked 
| 401|0x0000000099100000, 0x0000000099200000, 0x0000000099200000|100%| O|  |TAMS 0x0000000099200000, 0x0000000099100000| Untracked 
| 402|0x0000000099200000, 0x0000000099300000, 0x0000000099300000|100%| O|  |TAMS 0x0000000099300000, 0x0000000099200000| Untracked 
| 403|0x0000000099300000, 0x0000000099400000, 0x0000000099400000|100%| O|  |TAMS 0x0000000099400000, 0x0000000099300000| Complete 
| 404|0x0000000099400000, 0x0000000099500000, 0x0000000099500000|100%| O|  |TAMS 0x0000000099500000, 0x0000000099400000| Untracked 
| 405|0x0000000099500000, 0x0000000099600000, 0x0000000099600000|100%| O|  |TAMS 0x0000000099600000, 0x0000000099500000| Untracked 
| 406|0x0000000099600000, 0x0000000099700000, 0x0000000099700000|100%| O|  |TAMS 0x0000000099700000, 0x0000000099600000| Untracked 
| 407|0x0000000099700000, 0x0000000099800000, 0x0000000099800000|100%| O|  |TAMS 0x0000000099800000, 0x0000000099700000| Untracked 
| 408|0x0000000099800000, 0x0000000099900000, 0x0000000099900000|100%| O|  |TAMS 0x0000000099900000, 0x0000000099800000| Untracked 
| 409|0x0000000099900000, 0x0000000099a00000, 0x0000000099a00000|100%| O|  |TAMS 0x0000000099a00000, 0x0000000099900000| Complete 
| 410|0x0000000099a00000, 0x0000000099b00000, 0x0000000099b00000|100%| O|  |TAMS 0x0000000099b00000, 0x0000000099a00000| Complete 
| 411|0x0000000099b00000, 0x0000000099c00000, 0x0000000099c00000|100%| O|  |TAMS 0x0000000099c00000, 0x0000000099b00000| Complete 
| 412|0x0000000099c00000, 0x0000000099d00000, 0x0000000099d00000|100%| O|  |TAMS 0x0000000099d00000, 0x0000000099c00000| Untracked 
| 413|0x0000000099d00000, 0x0000000099e00000, 0x0000000099e00000|100%| O|  |TAMS 0x0000000099e00000, 0x0000000099d00000| Untracked 
| 414|0x0000000099e00000, 0x0000000099f00000, 0x0000000099f00000|100%| O|  |TAMS 0x0000000099f00000, 0x0000000099e00000| Complete 
| 415|0x0000000099f00000, 0x000000009a000000, 0x000000009a000000|100%| O|  |TAMS 0x000000009a000000, 0x0000000099f00000| Untracked 
| 416|0x000000009a000000, 0x000000009a100000, 0x000000009a100000|100%| O|  |TAMS 0x000000009a100000, 0x000000009a000000| Complete 
| 417|0x000000009a100000, 0x000000009a200000, 0x000000009a200000|100%| O|  |TAMS 0x000000009a200000, 0x000000009a100000| Complete 
| 418|0x000000009a200000, 0x000000009a300000, 0x000000009a300000|100%| O|  |TAMS 0x000000009a300000, 0x000000009a200000| Complete 
| 419|0x000000009a300000, 0x000000009a400000, 0x000000009a400000|100%| O|  |TAMS 0x000000009a400000, 0x000000009a300000| Untracked 
| 420|0x000000009a400000, 0x000000009a500000, 0x000000009a500000|100%| O|  |TAMS 0x000000009a500000, 0x000000009a400000| Untracked 
| 421|0x000000009a500000, 0x000000009a600000, 0x000000009a600000|100%| O|  |TAMS 0x000000009a600000, 0x000000009a500000| Untracked 
| 422|0x000000009a600000, 0x000000009a700000, 0x000000009a700000|100%| O|  |TAMS 0x000000009a700000, 0x000000009a600000| Untracked 
| 423|0x000000009a700000, 0x000000009a800000, 0x000000009a800000|100%| O|  |TAMS 0x000000009a800000, 0x000000009a700000| Complete 
| 424|0x000000009a800000, 0x000000009a900000, 0x000000009a900000|100%| O|  |TAMS 0x000000009a900000, 0x000000009a800000| Complete 
| 425|0x000000009a900000, 0x000000009aa00000, 0x000000009aa00000|100%| O|  |TAMS 0x000000009aa00000, 0x000000009a900000| Complete 
| 426|0x000000009aa00000, 0x000000009ab00000, 0x000000009ab00000|100%| O|  |TAMS 0x000000009ab00000, 0x000000009aa00000| Complete 
| 427|0x000000009ab00000, 0x000000009ac00000, 0x000000009ac00000|100%| O|  |TAMS 0x000000009ac00000, 0x000000009ab00000| Untracked 
| 428|0x000000009ac00000, 0x000000009ad00000, 0x000000009ad00000|100%| O|  |TAMS 0x000000009ad00000, 0x000000009ac00000| Untracked 
| 429|0x000000009ad00000, 0x000000009ae00000, 0x000000009ae00000|100%| O|  |TAMS 0x000000009ae00000, 0x000000009ad00000| Untracked 
| 430|0x000000009ae00000, 0x000000009af00000, 0x000000009af00000|100%| O|  |TAMS 0x000000009af00000, 0x000000009ae00000| Untracked 
| 431|0x000000009af00000, 0x000000009b000000, 0x000000009b000000|100%| O|  |TAMS 0x000000009b000000, 0x000000009af00000| Untracked 
| 432|0x000000009b000000, 0x000000009b100000, 0x000000009b100000|100%| O|  |TAMS 0x000000009b100000, 0x000000009b000000| Untracked 
| 433|0x000000009b100000, 0x000000009b200000, 0x000000009b200000|100%| O|  |TAMS 0x000000009b200000, 0x000000009b100000| Complete 
| 434|0x000000009b200000, 0x000000009b300000, 0x000000009b300000|100%| O|  |TAMS 0x000000009b300000, 0x000000009b200000| Untracked 
| 435|0x000000009b300000, 0x000000009b400000, 0x000000009b400000|100%| O|  |TAMS 0x000000009b400000, 0x000000009b300000| Untracked 
| 436|0x000000009b400000, 0x000000009b500000, 0x000000009b500000|100%| O|  |TAMS 0x000000009b500000, 0x000000009b400000| Untracked 
| 437|0x000000009b500000, 0x000000009b600000, 0x000000009b600000|100%| O|  |TAMS 0x000000009b600000, 0x000000009b500000| Untracked 
| 438|0x000000009b600000, 0x000000009b700000, 0x000000009b700000|100%| O|  |TAMS 0x000000009b700000, 0x000000009b600000| Untracked 
| 439|0x000000009b700000, 0x000000009b800000, 0x000000009b800000|100%| O|  |TAMS 0x000000009b800000, 0x000000009b700000| Untracked 
| 440|0x000000009b800000, 0x000000009b900000, 0x000000009b900000|100%| O|  |TAMS 0x000000009b900000, 0x000000009b800000| Complete 
| 441|0x000000009b900000, 0x000000009ba00000, 0x000000009ba00000|100%| O|  |TAMS 0x000000009ba00000, 0x000000009b900000| Complete 
| 442|0x000000009ba00000, 0x000000009bb00000, 0x000000009bb00000|100%| O|  |TAMS 0x000000009bb00000, 0x000000009ba00000| Complete 
| 443|0x000000009bb00000, 0x000000009bc00000, 0x000000009bc00000|100%| O|  |TAMS 0x000000009bc00000, 0x000000009bb00000| Complete 
| 444|0x000000009bc00000, 0x000000009bd00000, 0x000000009bd00000|100%| O|  |TAMS 0x000000009bd00000, 0x000000009bc00000| Untracked 
| 445|0x000000009bd00000, 0x000000009be00000, 0x000000009be00000|100%| O|  |TAMS 0x000000009be00000, 0x000000009bd00000| Untracked 
| 446|0x000000009be00000, 0x000000009bf00000, 0x000000009bf00000|100%| O|  |TAMS 0x000000009bf00000, 0x000000009be00000| Untracked 
| 447|0x000000009bf00000, 0x000000009c000000, 0x000000009c000000|100%| O|  |TAMS 0x000000009c000000, 0x000000009bf00000| Untracked 
| 448|0x000000009c000000, 0x000000009c100000, 0x000000009c100000|100%| O|  |TAMS 0x000000009c100000, 0x000000009c000000| Untracked 
| 449|0x000000009c100000, 0x000000009c200000, 0x000000009c200000|100%| O|  |TAMS 0x000000009c200000, 0x000000009c100000| Untracked 
| 450|0x000000009c200000, 0x000000009c300000, 0x000000009c300000|100%| O|  |TAMS 0x000000009c300000, 0x000000009c200000| Untracked 
| 451|0x000000009c300000, 0x000000009c400000, 0x000000009c400000|100%| O|  |TAMS 0x000000009c400000, 0x000000009c300000| Untracked 
| 452|0x000000009c400000, 0x000000009c500000, 0x000000009c500000|100%| O|  |TAMS 0x000000009c500000, 0x000000009c400000| Untracked 
| 453|0x000000009c500000, 0x000000009c600000, 0x000000009c600000|100%| O|  |TAMS 0x000000009c600000, 0x000000009c500000| Untracked 
| 454|0x000000009c600000, 0x000000009c700000, 0x000000009c700000|100%| O|  |TAMS 0x000000009c700000, 0x000000009c600000| Untracked 
| 455|0x000000009c700000, 0x000000009c800000, 0x000000009c800000|100%| O|  |TAMS 0x000000009c800000, 0x000000009c700000| Untracked 
| 456|0x000000009c800000, 0x000000009c900000, 0x000000009c900000|100%| O|  |TAMS 0x000000009c900000, 0x000000009c800000| Untracked 
| 457|0x000000009c900000, 0x000000009ca00000, 0x000000009ca00000|100%| O|  |TAMS 0x000000009ca00000, 0x000000009c900000| Untracked 
| 458|0x000000009ca00000, 0x000000009cb00000, 0x000000009cb00000|100%| O|  |TAMS 0x000000009cb00000, 0x000000009ca00000| Untracked 
| 459|0x000000009cb00000, 0x000000009cc00000, 0x000000009cc00000|100%| O|  |TAMS 0x000000009cc00000, 0x000000009cb00000| Untracked 
| 460|0x000000009cc00000, 0x000000009cd00000, 0x000000009cd00000|100%| O|  |TAMS 0x000000009cd00000, 0x000000009cc00000| Untracked 
| 461|0x000000009cd00000, 0x000000009ce00000, 0x000000009ce00000|100%| O|  |TAMS 0x000000009ce00000, 0x000000009cd00000| Untracked 
| 462|0x000000009ce00000, 0x000000009cf00000, 0x000000009cf00000|100%| O|  |TAMS 0x000000009cf00000, 0x000000009ce00000| Untracked 
| 463|0x000000009cf00000, 0x000000009d000000, 0x000000009d000000|100%| O|  |TAMS 0x000000009d000000, 0x000000009cf00000| Untracked 
| 464|0x000000009d000000, 0x000000009d100000, 0x000000009d100000|100%| O|  |TAMS 0x000000009d100000, 0x000000009d000000| Untracked 
| 465|0x000000009d100000, 0x000000009d200000, 0x000000009d200000|100%| O|  |TAMS 0x000000009d200000, 0x000000009d100000| Untracked 
| 466|0x000000009d200000, 0x000000009d300000, 0x000000009d300000|100%| O|  |TAMS 0x000000009d300000, 0x000000009d200000| Untracked 
| 467|0x000000009d300000, 0x000000009d400000, 0x000000009d400000|100%| O|  |TAMS 0x000000009d400000, 0x000000009d300000| Untracked 
| 468|0x000000009d400000, 0x000000009d500000, 0x000000009d500000|100%| O|  |TAMS 0x000000009d500000, 0x000000009d400000| Untracked 
| 469|0x000000009d500000, 0x000000009d600000, 0x000000009d600000|100%| O|  |TAMS 0x000000009d600000, 0x000000009d500000| Untracked 
| 470|0x000000009d600000, 0x000000009d700000, 0x000000009d700000|100%| O|  |TAMS 0x000000009d700000, 0x000000009d600000| Untracked 
| 471|0x000000009d700000, 0x000000009d800000, 0x000000009d800000|100%| O|  |TAMS 0x000000009d800000, 0x000000009d700000| Untracked 
| 472|0x000000009d800000, 0x000000009d900000, 0x000000009d900000|100%| O|  |TAMS 0x000000009d900000, 0x000000009d800000| Untracked 
| 473|0x000000009d900000, 0x000000009da00000, 0x000000009da00000|100%| O|  |TAMS 0x000000009da00000, 0x000000009d900000| Untracked 
| 474|0x000000009da00000, 0x000000009db00000, 0x000000009db00000|100%| O|  |TAMS 0x000000009db00000, 0x000000009da00000| Untracked 
| 475|0x000000009db00000, 0x000000009dc00000, 0x000000009dc00000|100%| O|  |TAMS 0x000000009dc00000, 0x000000009db00000| Untracked 
| 476|0x000000009dc00000, 0x000000009dd00000, 0x000000009dd00000|100%| O|  |TAMS 0x000000009dd00000, 0x000000009dc00000| Untracked 
| 477|0x000000009dd00000, 0x000000009de00000, 0x000000009de00000|100%| O|  |TAMS 0x000000009de00000, 0x000000009dd00000| Untracked 
| 478|0x000000009de00000, 0x000000009df00000, 0x000000009df00000|100%| O|  |TAMS 0x000000009df00000, 0x000000009de00000| Untracked 
| 479|0x000000009df00000, 0x000000009e000000, 0x000000009e000000|100%| O|  |TAMS 0x000000009e000000, 0x000000009df00000| Untracked 
| 480|0x000000009e000000, 0x000000009e100000, 0x000000009e100000|100%| O|  |TAMS 0x000000009e100000, 0x000000009e000000| Untracked 
| 481|0x000000009e100000, 0x000000009e200000, 0x000000009e200000|100%| O|  |TAMS 0x000000009e200000, 0x000000009e100000| Untracked 
| 482|0x000000009e200000, 0x000000009e300000, 0x000000009e300000|100%| O|  |TAMS 0x000000009e300000, 0x000000009e200000| Untracked 
| 483|0x000000009e300000, 0x000000009e400000, 0x000000009e400000|100%| O|  |TAMS 0x000000009e400000, 0x000000009e300000| Untracked 
| 484|0x000000009e400000, 0x000000009e500000, 0x000000009e500000|100%| O|  |TAMS 0x000000009e500000, 0x000000009e400000| Complete 
| 485|0x000000009e500000, 0x000000009e600000, 0x000000009e600000|100%| O|  |TAMS 0x000000009e600000, 0x000000009e500000| Complete 
| 486|0x000000009e600000, 0x000000009e700000, 0x000000009e700000|100%| O|  |TAMS 0x000000009e700000, 0x000000009e600000| Untracked 
| 487|0x000000009e700000, 0x000000009e800000, 0x000000009e800000|100%| O|  |TAMS 0x000000009e800000, 0x000000009e700000| Untracked 
| 488|0x000000009e800000, 0x000000009e900000, 0x000000009e900000|100%| O|  |TAMS 0x000000009e900000, 0x000000009e800000| Untracked 
| 489|0x000000009e900000, 0x000000009ea00000, 0x000000009ea00000|100%| O|  |TAMS 0x000000009ea00000, 0x000000009e900000| Untracked 
| 490|0x000000009ea00000, 0x000000009eb00000, 0x000000009eb00000|100%| O|  |TAMS 0x000000009eb00000, 0x000000009ea00000| Untracked 
| 491|0x000000009eb00000, 0x000000009ec00000, 0x000000009ec00000|100%| O|  |TAMS 0x000000009ec00000, 0x000000009eb00000| Untracked 
| 492|0x000000009ec00000, 0x000000009ed00000, 0x000000009ed00000|100%| O|  |TAMS 0x000000009ed00000, 0x000000009ec00000| Untracked 
| 493|0x000000009ed00000, 0x000000009ee00000, 0x000000009ee00000|100%| O|  |TAMS 0x000000009ee00000, 0x000000009ed00000| Untracked 
| 494|0x000000009ee00000, 0x000000009ef00000, 0x000000009ef00000|100%| O|  |TAMS 0x000000009ef00000, 0x000000009ee00000| Untracked 
| 495|0x000000009ef00000, 0x000000009f000000, 0x000000009f000000|100%| O|  |TAMS 0x000000009f000000, 0x000000009ef00000| Untracked 
| 496|0x000000009f000000, 0x000000009f100000, 0x000000009f100000|100%| O|  |TAMS 0x000000009f100000, 0x000000009f000000| Untracked 
| 497|0x000000009f100000, 0x000000009f200000, 0x000000009f200000|100%| O|  |TAMS 0x000000009f200000, 0x000000009f100000| Complete 
| 498|0x000000009f200000, 0x000000009f300000, 0x000000009f300000|100%| O|  |TAMS 0x000000009f300000, 0x000000009f200000| Untracked 
| 499|0x000000009f300000, 0x000000009f400000, 0x000000009f400000|100%| O|  |TAMS 0x000000009f400000, 0x000000009f300000| Untracked 
| 500|0x000000009f400000, 0x000000009f500000, 0x000000009f500000|100%| O|  |TAMS 0x000000009f500000, 0x000000009f400000| Untracked 
| 501|0x000000009f500000, 0x000000009f600000, 0x000000009f600000|100%| O|  |TAMS 0x000000009f600000, 0x000000009f500000| Untracked 
| 502|0x000000009f600000, 0x000000009f700000, 0x000000009f700000|100%| O|  |TAMS 0x000000009f700000, 0x000000009f600000| Untracked 
| 503|0x000000009f700000, 0x000000009f800000, 0x000000009f800000|100%| O|  |TAMS 0x000000009f800000, 0x000000009f700000| Untracked 
| 504|0x000000009f800000, 0x000000009f900000, 0x000000009f900000|100%| O|  |TAMS 0x000000009f900000, 0x000000009f800000| Untracked 
| 505|0x000000009f900000, 0x000000009fa00000, 0x000000009fa00000|100%| O|  |TAMS 0x000000009fa00000, 0x000000009f900000| Untracked 
| 506|0x000000009fa00000, 0x000000009fb00000, 0x000000009fb00000|100%| O|  |TAMS 0x000000009fb00000, 0x000000009fa00000| Untracked 
| 507|0x000000009fb00000, 0x000000009fc00000, 0x000000009fc00000|100%| O|  |TAMS 0x000000009fc00000, 0x000000009fb00000| Complete 
| 508|0x000000009fc00000, 0x000000009fd00000, 0x000000009fd00000|100%| O|  |TAMS 0x000000009fd00000, 0x000000009fc00000| Complete 
| 509|0x000000009fd00000, 0x000000009fe00000, 0x000000009fe00000|100%| O|  |TAMS 0x000000009fe00000, 0x000000009fd00000| Untracked 
| 510|0x000000009fe00000, 0x000000009ff00000, 0x000000009ff00000|100%| O|  |TAMS 0x000000009ff00000, 0x000000009fe00000| Untracked 
| 511|0x000000009ff00000, 0x00000000a0000000, 0x00000000a0000000|100%| O|  |TAMS 0x00000000a0000000, 0x000000009ff00000| Untracked 
| 512|0x00000000a0000000, 0x00000000a0100000, 0x00000000a0100000|100%| O|  |TAMS 0x00000000a0100000, 0x00000000a0000000| Untracked 
| 513|0x00000000a0100000, 0x00000000a0200000, 0x00000000a0200000|100%| O|  |TAMS 0x00000000a0200000, 0x00000000a0100000| Complete 
| 514|0x00000000a0200000, 0x00000000a0300000, 0x00000000a0300000|100%| O|  |TAMS 0x00000000a0300000, 0x00000000a0200000| Complete 
| 515|0x00000000a0300000, 0x00000000a0400000, 0x00000000a0400000|100%| O|  |TAMS 0x00000000a0400000, 0x00000000a0300000| Untracked 
| 516|0x00000000a0400000, 0x00000000a0500000, 0x00000000a0500000|100%| O|  |TAMS 0x00000000a0500000, 0x00000000a0400000| Untracked 
| 517|0x00000000a0500000, 0x00000000a0600000, 0x00000000a0600000|100%| O|  |TAMS 0x00000000a0600000, 0x00000000a0500000| Untracked 
| 518|0x00000000a0600000, 0x00000000a0700000, 0x00000000a0700000|100%| O|  |TAMS 0x00000000a0700000, 0x00000000a0600000| Untracked 
| 519|0x00000000a0700000, 0x00000000a0800000, 0x00000000a0800000|100%| O|  |TAMS 0x00000000a0800000, 0x00000000a0700000| Untracked 
| 520|0x00000000a0800000, 0x00000000a0900000, 0x00000000a0900000|100%| O|  |TAMS 0x00000000a0900000, 0x00000000a0800000| Untracked 
| 521|0x00000000a0900000, 0x00000000a0a00000, 0x00000000a0a00000|100%| O|  |TAMS 0x00000000a0a00000, 0x00000000a0900000| Untracked 
| 522|0x00000000a0a00000, 0x00000000a0b00000, 0x00000000a0b00000|100%| O|  |TAMS 0x00000000a0b00000, 0x00000000a0a00000| Untracked 
| 523|0x00000000a0b00000, 0x00000000a0c00000, 0x00000000a0c00000|100%| O|  |TAMS 0x00000000a0c00000, 0x00000000a0b00000| Untracked 
| 524|0x00000000a0c00000, 0x00000000a0d00000, 0x00000000a0d00000|100%| O|  |TAMS 0x00000000a0d00000, 0x00000000a0c00000| Untracked 
| 525|0x00000000a0d00000, 0x00000000a0e00000, 0x00000000a0e00000|100%| O|  |TAMS 0x00000000a0e00000, 0x00000000a0d00000| Untracked 
| 526|0x00000000a0e00000, 0x00000000a0f00000, 0x00000000a0f00000|100%| O|  |TAMS 0x00000000a0f00000, 0x00000000a0e00000| Untracked 
| 527|0x00000000a0f00000, 0x00000000a1000000, 0x00000000a1000000|100%| O|  |TAMS 0x00000000a1000000, 0x00000000a0f00000| Complete 
| 528|0x00000000a1000000, 0x00000000a1100000, 0x00000000a1100000|100%| O|  |TAMS 0x00000000a1100000, 0x00000000a1000000| Untracked 
| 529|0x00000000a1100000, 0x00000000a1200000, 0x00000000a1200000|100%| O|  |TAMS 0x00000000a1200000, 0x00000000a1100000| Untracked 
| 530|0x00000000a1200000, 0x00000000a1300000, 0x00000000a1300000|100%| O|  |TAMS 0x00000000a1300000, 0x00000000a1200000| Untracked 
| 531|0x00000000a1300000, 0x00000000a1400000, 0x00000000a1400000|100%| O|  |TAMS 0x00000000a1400000, 0x00000000a1300000| Untracked 
| 532|0x00000000a1400000, 0x00000000a1500000, 0x00000000a1500000|100%| O|  |TAMS 0x00000000a1500000, 0x00000000a1400000| Untracked 
| 533|0x00000000a1500000, 0x00000000a1600000, 0x00000000a1600000|100%| O|  |TAMS 0x00000000a1600000, 0x00000000a1500000| Untracked 
| 534|0x00000000a1600000, 0x00000000a1700000, 0x00000000a1700000|100%| O|  |TAMS 0x00000000a1700000, 0x00000000a1600000| Untracked 
| 535|0x00000000a1700000, 0x00000000a1800000, 0x00000000a1800000|100%| O|  |TAMS 0x00000000a1800000, 0x00000000a1700000| Untracked 
| 536|0x00000000a1800000, 0x00000000a1900000, 0x00000000a1900000|100%| O|  |TAMS 0x00000000a1900000, 0x00000000a1800000| Untracked 
| 537|0x00000000a1900000, 0x00000000a1a00000, 0x00000000a1a00000|100%| O|  |TAMS 0x00000000a1a00000, 0x00000000a1900000| Untracked 
| 538|0x00000000a1a00000, 0x00000000a1b00000, 0x00000000a1b00000|100%| O|  |TAMS 0x00000000a1b00000, 0x00000000a1a00000| Untracked 
| 539|0x00000000a1b00000, 0x00000000a1c00000, 0x00000000a1c00000|100%| O|  |TAMS 0x00000000a1c00000, 0x00000000a1b00000| Untracked 
| 540|0x00000000a1c00000, 0x00000000a1d00000, 0x00000000a1d00000|100%| O|  |TAMS 0x00000000a1d00000, 0x00000000a1c00000| Untracked 
| 541|0x00000000a1d00000, 0x00000000a1e00000, 0x00000000a1e00000|100%| O|  |TAMS 0x00000000a1e00000, 0x00000000a1d00000| Complete 
| 542|0x00000000a1e00000, 0x00000000a1f00000, 0x00000000a1f00000|100%| O|  |TAMS 0x00000000a1f00000, 0x00000000a1e00000| Complete 
| 543|0x00000000a1f00000, 0x00000000a2000000, 0x00000000a2000000|100%| O|  |TAMS 0x00000000a2000000, 0x00000000a1f00000| Untracked 
| 544|0x00000000a2000000, 0x00000000a2100000, 0x00000000a2100000|100%| O|  |TAMS 0x00000000a2100000, 0x00000000a2000000| Untracked 
| 545|0x00000000a2100000, 0x00000000a2200000, 0x00000000a2200000|100%| O|  |TAMS 0x00000000a2200000, 0x00000000a2100000| Untracked 
| 546|0x00000000a2200000, 0x00000000a2300000, 0x00000000a2300000|100%| O|  |TAMS 0x00000000a2300000, 0x00000000a2200000| Untracked 
| 547|0x00000000a2300000, 0x00000000a2400000, 0x00000000a2400000|100%| O|  |TAMS 0x00000000a2400000, 0x00000000a2300000| Untracked 
| 548|0x00000000a2400000, 0x00000000a2500000, 0x00000000a2500000|100%| O|  |TAMS 0x00000000a2500000, 0x00000000a2400000| Untracked 
| 549|0x00000000a2500000, 0x00000000a2600000, 0x00000000a2600000|100%| O|  |TAMS 0x00000000a2600000, 0x00000000a2500000| Untracked 
| 550|0x00000000a2600000, 0x00000000a2700000, 0x00000000a2700000|100%| O|  |TAMS 0x00000000a2700000, 0x00000000a2600000| Untracked 
| 551|0x00000000a2700000, 0x00000000a2800000, 0x00000000a2800000|100%| O|  |TAMS 0x00000000a2800000, 0x00000000a2700000| Untracked 
| 552|0x00000000a2800000, 0x00000000a2900000, 0x00000000a2900000|100%| O|  |TAMS 0x00000000a2900000, 0x00000000a2800000| Untracked 
| 553|0x00000000a2900000, 0x00000000a2a00000, 0x00000000a2a00000|100%| O|  |TAMS 0x00000000a2a00000, 0x00000000a2900000| Untracked 
| 554|0x00000000a2a00000, 0x00000000a2b00000, 0x00000000a2b00000|100%| O|  |TAMS 0x00000000a2b00000, 0x00000000a2a00000| Untracked 
| 555|0x00000000a2b00000, 0x00000000a2c00000, 0x00000000a2c00000|100%| O|  |TAMS 0x00000000a2c00000, 0x00000000a2b00000| Untracked 
| 556|0x00000000a2c00000, 0x00000000a2d00000, 0x00000000a2d00000|100%| O|  |TAMS 0x00000000a2d00000, 0x00000000a2c00000| Untracked 
| 557|0x00000000a2d00000, 0x00000000a2e00000, 0x00000000a2e00000|100%| O|  |TAMS 0x00000000a2e00000, 0x00000000a2d00000| Untracked 
| 558|0x00000000a2e00000, 0x00000000a2f00000, 0x00000000a2f00000|100%| O|  |TAMS 0x00000000a2f00000, 0x00000000a2e00000| Untracked 
| 559|0x00000000a2f00000, 0x00000000a3000000, 0x00000000a3000000|100%| O|  |TAMS 0x00000000a2f96e00, 0x00000000a2f00000| Untracked 
| 560|0x00000000a3000000, 0x00000000a3100000, 0x00000000a3100000|100%| O|  |TAMS 0x00000000a3000000, 0x00000000a3000000| Untracked 
| 561|0x00000000a3100000, 0x00000000a3200000, 0x00000000a3200000|100%| O|  |TAMS 0x00000000a3100000, 0x00000000a3100000| Untracked 
| 562|0x00000000a3200000, 0x00000000a3300000, 0x00000000a3300000|100%| O|  |TAMS 0x00000000a3200000, 0x00000000a3200000| Untracked 
| 563|0x00000000a3300000, 0x00000000a3400000, 0x00000000a3400000|100%| O|  |TAMS 0x00000000a3300000, 0x00000000a3300000| Untracked 
| 564|0x00000000a3400000, 0x00000000a3500000, 0x00000000a3500000|100%| O|  |TAMS 0x00000000a3400000, 0x00000000a3400000| Untracked 
| 565|0x00000000a3500000, 0x00000000a3600000, 0x00000000a3600000|100%| O|  |TAMS 0x00000000a3500000, 0x00000000a3500000| Untracked 
| 566|0x00000000a3600000, 0x00000000a3700000, 0x00000000a3700000|100%| O|  |TAMS 0x00000000a3600000, 0x00000000a3600000| Untracked 
| 567|0x00000000a3700000, 0x00000000a3800000, 0x00000000a3800000|100%| O|  |TAMS 0x00000000a3700000, 0x00000000a3700000| Untracked 
| 568|0x00000000a3800000, 0x00000000a3900000, 0x00000000a3900000|100%| O|  |TAMS 0x00000000a3800000, 0x00000000a3800000| Untracked 
| 569|0x00000000a3900000, 0x00000000a3a00000, 0x00000000a3a00000|100%| O|  |TAMS 0x00000000a3900000, 0x00000000a3900000| Untracked 
| 570|0x00000000a3a00000, 0x00000000a3b00000, 0x00000000a3b00000|100%| O|  |TAMS 0x00000000a3a00000, 0x00000000a3a00000| Untracked 
| 571|0x00000000a3b00000, 0x00000000a3c00000, 0x00000000a3c00000|100%| O|  |TAMS 0x00000000a3b00000, 0x00000000a3b00000| Untracked 
| 572|0x00000000a3c00000, 0x00000000a3d00000, 0x00000000a3d00000|100%| O|  |TAMS 0x00000000a3c00000, 0x00000000a3c00000| Untracked 
| 573|0x00000000a3d00000, 0x00000000a3e00000, 0x00000000a3e00000|100%| O|  |TAMS 0x00000000a3d00000, 0x00000000a3d00000| Untracked 
| 574|0x00000000a3e00000, 0x00000000a3f00000, 0x00000000a3f00000|100%| O|  |TAMS 0x00000000a3e00000, 0x00000000a3e00000| Untracked 
| 575|0x00000000a3f00000, 0x00000000a4000000, 0x00000000a4000000|100%| O|  |TAMS 0x00000000a3f00000, 0x00000000a3f00000| Untracked 
| 576|0x00000000a4000000, 0x00000000a4100000, 0x00000000a4100000|100%| O|  |TAMS 0x00000000a4000000, 0x00000000a4000000| Untracked 
| 577|0x00000000a4100000, 0x00000000a41c2000, 0x00000000a4200000| 75%| O|  |TAMS 0x00000000a4100000, 0x00000000a4100000| Untracked 
| 578|0x00000000a4200000, 0x00000000a4200000, 0x00000000a4300000|  0%| F|  |TAMS 0x00000000a4200000, 0x00000000a4200000| Untracked 
| 579|0x00000000a4300000, 0x00000000a4300000, 0x00000000a4400000|  0%| F|  |TAMS 0x00000000a4300000, 0x00000000a4300000| Untracked 
| 580|0x00000000a4400000, 0x00000000a4400000, 0x00000000a4500000|  0%| F|  |TAMS 0x00000000a4400000, 0x00000000a4400000| Untracked 
| 581|0x00000000a4500000, 0x00000000a4500000, 0x00000000a4600000|  0%| F|  |TAMS 0x00000000a4500000, 0x00000000a4500000| Untracked 
| 582|0x00000000a4600000, 0x00000000a4600000, 0x00000000a4700000|  0%| F|  |TAMS 0x00000000a4600000, 0x00000000a4600000| Untracked 
| 583|0x00000000a4700000, 0x00000000a4700000, 0x00000000a4800000|  0%| F|  |TAMS 0x00000000a4700000, 0x00000000a4700000| Untracked 
| 584|0x00000000a4800000, 0x00000000a4800000, 0x00000000a4900000|  0%| F|  |TAMS 0x00000000a4800000, 0x00000000a4800000| Untracked 
| 585|0x00000000a4900000, 0x00000000a4900000, 0x00000000a4a00000|  0%| F|  |TAMS 0x00000000a4900000, 0x00000000a4900000| Untracked 
| 586|0x00000000a4a00000, 0x00000000a4a00000, 0x00000000a4b00000|  0%| F|  |TAMS 0x00000000a4a00000, 0x00000000a4a00000| Untracked 
| 587|0x00000000a4b00000, 0x00000000a4b00000, 0x00000000a4c00000|  0%| F|  |TAMS 0x00000000a4b00000, 0x00000000a4b00000| Untracked 
| 588|0x00000000a4c00000, 0x00000000a4c00000, 0x00000000a4d00000|  0%| F|  |TAMS 0x00000000a4c00000, 0x00000000a4c00000| Untracked 
| 589|0x00000000a4d00000, 0x00000000a4d00000, 0x00000000a4e00000|  0%| F|  |TAMS 0x00000000a4d00000, 0x00000000a4d00000| Untracked 
| 590|0x00000000a4e00000, 0x00000000a4e00000, 0x00000000a4f00000|  0%| F|  |TAMS 0x00000000a4e00000, 0x00000000a4e00000| Untracked 
| 591|0x00000000a4f00000, 0x00000000a4f00000, 0x00000000a5000000|  0%| F|  |TAMS 0x00000000a4f00000, 0x00000000a4f00000| Untracked 
| 592|0x00000000a5000000, 0x00000000a5000000, 0x00000000a5100000|  0%| F|  |TAMS 0x00000000a5000000, 0x00000000a5000000| Untracked 
| 593|0x00000000a5100000, 0x00000000a5100000, 0x00000000a5200000|  0%| F|  |TAMS 0x00000000a5100000, 0x00000000a5100000| Untracked 
| 594|0x00000000a5200000, 0x00000000a5200000, 0x00000000a5300000|  0%| F|  |TAMS 0x00000000a5200000, 0x00000000a5200000| Untracked 
| 595|0x00000000a5300000, 0x00000000a5300000, 0x00000000a5400000|  0%| F|  |TAMS 0x00000000a5300000, 0x00000000a5300000| Untracked 
| 596|0x00000000a5400000, 0x00000000a5400000, 0x00000000a5500000|  0%| F|  |TAMS 0x00000000a5400000, 0x00000000a5400000| Untracked 
| 597|0x00000000a5500000, 0x00000000a5500000, 0x00000000a5600000|  0%| F|  |TAMS 0x00000000a5500000, 0x00000000a5500000| Untracked 
| 598|0x00000000a5600000, 0x00000000a5600000, 0x00000000a5700000|  0%| F|  |TAMS 0x00000000a5600000, 0x00000000a5600000| Untracked 
| 599|0x00000000a5700000, 0x00000000a5700000, 0x00000000a5800000|  0%| F|  |TAMS 0x00000000a5700000, 0x00000000a5700000| Untracked 
| 600|0x00000000a5800000, 0x00000000a5800000, 0x00000000a5900000|  0%| F|  |TAMS 0x00000000a5800000, 0x00000000a5800000| Untracked 
| 601|0x00000000a5900000, 0x00000000a5900000, 0x00000000a5a00000|  0%| F|  |TAMS 0x00000000a5900000, 0x00000000a5900000| Untracked 
| 602|0x00000000a5a00000, 0x00000000a5a00000, 0x00000000a5b00000|  0%| F|  |TAMS 0x00000000a5a00000, 0x00000000a5a00000| Untracked 
| 603|0x00000000a5b00000, 0x00000000a5b00000, 0x00000000a5c00000|  0%| F|  |TAMS 0x00000000a5b00000, 0x00000000a5b00000| Untracked 
| 604|0x00000000a5c00000, 0x00000000a5c00000, 0x00000000a5d00000|  0%| F|  |TAMS 0x00000000a5c00000, 0x00000000a5c00000| Untracked 
| 605|0x00000000a5d00000, 0x00000000a5d00000, 0x00000000a5e00000|  0%| F|  |TAMS 0x00000000a5d00000, 0x00000000a5d00000| Untracked 
| 606|0x00000000a5e00000, 0x00000000a5e00000, 0x00000000a5f00000|  0%| F|  |TAMS 0x00000000a5e00000, 0x00000000a5e00000| Untracked 
| 607|0x00000000a5f00000, 0x00000000a5f00000, 0x00000000a6000000|  0%| F|  |TAMS 0x00000000a5f00000, 0x00000000a5f00000| Untracked 
| 608|0x00000000a6000000, 0x00000000a6000000, 0x00000000a6100000|  0%| F|  |TAMS 0x00000000a6000000, 0x00000000a6000000| Untracked 
| 609|0x00000000a6100000, 0x00000000a6100000, 0x00000000a6200000|  0%| F|  |TAMS 0x00000000a6100000, 0x00000000a6100000| Untracked 
| 610|0x00000000a6200000, 0x00000000a6200000, 0x00000000a6300000|  0%| F|  |TAMS 0x00000000a6200000, 0x00000000a6200000| Untracked 
| 611|0x00000000a6300000, 0x00000000a6300000, 0x00000000a6400000|  0%| F|  |TAMS 0x00000000a6300000, 0x00000000a6300000| Untracked 
| 612|0x00000000a6400000, 0x00000000a6400000, 0x00000000a6500000|  0%| F|  |TAMS 0x00000000a6400000, 0x00000000a6400000| Untracked 
| 613|0x00000000a6500000, 0x00000000a6500000, 0x00000000a6600000|  0%| F|  |TAMS 0x00000000a6500000, 0x00000000a6500000| Untracked 
| 614|0x00000000a6600000, 0x00000000a6600000, 0x00000000a6700000|  0%| F|  |TAMS 0x00000000a6600000, 0x00000000a6600000| Untracked 
| 615|0x00000000a6700000, 0x00000000a6700000, 0x00000000a6800000|  0%| F|  |TAMS 0x00000000a6700000, 0x00000000a6700000| Untracked 
| 616|0x00000000a6800000, 0x00000000a6800000, 0x00000000a6900000|  0%| F|  |TAMS 0x00000000a6800000, 0x00000000a6800000| Untracked 
| 617|0x00000000a6900000, 0x00000000a6900000, 0x00000000a6a00000|  0%| F|  |TAMS 0x00000000a6900000, 0x00000000a6900000| Untracked 
| 618|0x00000000a6a00000, 0x00000000a6a00000, 0x00000000a6b00000|  0%| F|  |TAMS 0x00000000a6a00000, 0x00000000a6a00000| Untracked 
| 619|0x00000000a6b00000, 0x00000000a6b00000, 0x00000000a6c00000|  0%| F|  |TAMS 0x00000000a6b00000, 0x00000000a6b00000| Untracked 
| 620|0x00000000a6c00000, 0x00000000a6c00000, 0x00000000a6d00000|  0%| F|  |TAMS 0x00000000a6c00000, 0x00000000a6c00000| Untracked 
| 621|0x00000000a6d00000, 0x00000000a6d00000, 0x00000000a6e00000|  0%| F|  |TAMS 0x00000000a6d00000, 0x00000000a6d00000| Untracked 
| 622|0x00000000a6e00000, 0x00000000a6e00000, 0x00000000a6f00000|  0%| F|  |TAMS 0x00000000a6e00000, 0x00000000a6e00000| Untracked 
| 623|0x00000000a6f00000, 0x00000000a6f00000, 0x00000000a7000000|  0%| F|  |TAMS 0x00000000a6f00000, 0x00000000a6f00000| Untracked 
| 624|0x00000000a7000000, 0x00000000a7000000, 0x00000000a7100000|  0%| F|  |TAMS 0x00000000a7000000, 0x00000000a7000000| Untracked 
| 625|0x00000000a7100000, 0x00000000a7100000, 0x00000000a7200000|  0%| F|  |TAMS 0x00000000a7100000, 0x00000000a7100000| Untracked 
| 626|0x00000000a7200000, 0x00000000a7200000, 0x00000000a7300000|  0%| F|  |TAMS 0x00000000a7200000, 0x00000000a7200000| Untracked 
| 627|0x00000000a7300000, 0x00000000a7300000, 0x00000000a7400000|  0%| F|  |TAMS 0x00000000a7300000, 0x00000000a7300000| Untracked 
| 628|0x00000000a7400000, 0x00000000a7400000, 0x00000000a7500000|  0%| F|  |TAMS 0x00000000a7400000, 0x00000000a7400000| Untracked 
| 629|0x00000000a7500000, 0x00000000a7500000, 0x00000000a7600000|  0%| F|  |TAMS 0x00000000a7500000, 0x00000000a7500000| Untracked 
| 630|0x00000000a7600000, 0x00000000a7600000, 0x00000000a7700000|  0%| F|  |TAMS 0x00000000a7600000, 0x00000000a7600000| Untracked 
| 631|0x00000000a7700000, 0x00000000a7700000, 0x00000000a7800000|  0%| F|  |TAMS 0x00000000a7700000, 0x00000000a7700000| Untracked 
| 632|0x00000000a7800000, 0x00000000a7800000, 0x00000000a7900000|  0%| F|  |TAMS 0x00000000a7800000, 0x00000000a7800000| Untracked 
| 633|0x00000000a7900000, 0x00000000a7900000, 0x00000000a7a00000|  0%| F|  |TAMS 0x00000000a7900000, 0x00000000a7900000| Untracked 
| 634|0x00000000a7a00000, 0x00000000a7a00000, 0x00000000a7b00000|  0%| F|  |TAMS 0x00000000a7a00000, 0x00000000a7a00000| Untracked 
| 635|0x00000000a7b00000, 0x00000000a7b00000, 0x00000000a7c00000|  0%| F|  |TAMS 0x00000000a7b00000, 0x00000000a7b00000| Untracked 
| 636|0x00000000a7c00000, 0x00000000a7c00000, 0x00000000a7d00000|  0%| F|  |TAMS 0x00000000a7c00000, 0x00000000a7c00000| Untracked 
| 637|0x00000000a7d00000, 0x00000000a7d00000, 0x00000000a7e00000|  0%| F|  |TAMS 0x00000000a7d00000, 0x00000000a7d00000| Untracked 
| 638|0x00000000a7e00000, 0x00000000a7e00000, 0x00000000a7f00000|  0%| F|  |TAMS 0x00000000a7e00000, 0x00000000a7e00000| Untracked 
| 639|0x00000000a7f00000, 0x00000000a7f00000, 0x00000000a8000000|  0%| F|  |TAMS 0x00000000a7f00000, 0x00000000a7f00000| Untracked 
| 640|0x00000000a8000000, 0x00000000a8000000, 0x00000000a8100000|  0%| F|  |TAMS 0x00000000a8000000, 0x00000000a8000000| Untracked 
| 641|0x00000000a8100000, 0x00000000a8100000, 0x00000000a8200000|  0%| F|  |TAMS 0x00000000a8100000, 0x00000000a8100000| Untracked 
| 642|0x00000000a8200000, 0x00000000a8200000, 0x00000000a8300000|  0%| F|  |TAMS 0x00000000a8200000, 0x00000000a8200000| Untracked 
| 643|0x00000000a8300000, 0x00000000a8300000, 0x00000000a8400000|  0%| F|  |TAMS 0x00000000a8300000, 0x00000000a8300000| Untracked 
| 644|0x00000000a8400000, 0x00000000a8400000, 0x00000000a8500000|  0%| F|  |TAMS 0x00000000a8400000, 0x00000000a8400000| Untracked 
| 645|0x00000000a8500000, 0x00000000a8500000, 0x00000000a8600000|  0%| F|  |TAMS 0x00000000a8500000, 0x00000000a8500000| Untracked 
| 646|0x00000000a8600000, 0x00000000a8600000, 0x00000000a8700000|  0%| F|  |TAMS 0x00000000a8600000, 0x00000000a8600000| Untracked 
| 647|0x00000000a8700000, 0x00000000a8700000, 0x00000000a8800000|  0%| F|  |TAMS 0x00000000a8700000, 0x00000000a8700000| Untracked 
| 648|0x00000000a8800000, 0x00000000a8800000, 0x00000000a8900000|  0%| F|  |TAMS 0x00000000a8800000, 0x00000000a8800000| Untracked 
| 649|0x00000000a8900000, 0x00000000a8900000, 0x00000000a8a00000|  0%| F|  |TAMS 0x00000000a8900000, 0x00000000a8900000| Untracked 
| 650|0x00000000a8a00000, 0x00000000a8a00000, 0x00000000a8b00000|  0%| F|  |TAMS 0x00000000a8a00000, 0x00000000a8a00000| Untracked 
| 651|0x00000000a8b00000, 0x00000000a8b00000, 0x00000000a8c00000|  0%| F|  |TAMS 0x00000000a8b00000, 0x00000000a8b00000| Untracked 
| 652|0x00000000a8c00000, 0x00000000a8c00000, 0x00000000a8d00000|  0%| F|  |TAMS 0x00000000a8c00000, 0x00000000a8c00000| Untracked 
| 653|0x00000000a8d00000, 0x00000000a8d00000, 0x00000000a8e00000|  0%| F|  |TAMS 0x00000000a8d00000, 0x00000000a8d00000| Untracked 
| 654|0x00000000a8e00000, 0x00000000a8e00000, 0x00000000a8f00000|  0%| F|  |TAMS 0x00000000a8e00000, 0x00000000a8e00000| Untracked 
| 655|0x00000000a8f00000, 0x00000000a8f00000, 0x00000000a9000000|  0%| F|  |TAMS 0x00000000a8f00000, 0x00000000a8f00000| Untracked 
| 656|0x00000000a9000000, 0x00000000a9000000, 0x00000000a9100000|  0%| F|  |TAMS 0x00000000a9000000, 0x00000000a9000000| Untracked 
| 657|0x00000000a9100000, 0x00000000a9100000, 0x00000000a9200000|  0%| F|  |TAMS 0x00000000a9100000, 0x00000000a9100000| Untracked 
| 658|0x00000000a9200000, 0x00000000a9200000, 0x00000000a9300000|  0%| F|  |TAMS 0x00000000a9200000, 0x00000000a9200000| Untracked 
| 659|0x00000000a9300000, 0x00000000a9300000, 0x00000000a9400000|  0%| F|  |TAMS 0x00000000a9300000, 0x00000000a9300000| Untracked 
| 660|0x00000000a9400000, 0x00000000a9400000, 0x00000000a9500000|  0%| F|  |TAMS 0x00000000a9400000, 0x00000000a9400000| Untracked 
| 661|0x00000000a9500000, 0x00000000a9500000, 0x00000000a9600000|  0%| F|  |TAMS 0x00000000a9500000, 0x00000000a9500000| Untracked 
| 662|0x00000000a9600000, 0x00000000a9600000, 0x00000000a9700000|  0%| F|  |TAMS 0x00000000a9600000, 0x00000000a9600000| Untracked 
| 663|0x00000000a9700000, 0x00000000a9700000, 0x00000000a9800000|  0%| F|  |TAMS 0x00000000a9700000, 0x00000000a9700000| Untracked 
| 664|0x00000000a9800000, 0x00000000a9800000, 0x00000000a9900000|  0%| F|  |TAMS 0x00000000a9800000, 0x00000000a9800000| Untracked 
| 665|0x00000000a9900000, 0x00000000a9900000, 0x00000000a9a00000|  0%| F|  |TAMS 0x00000000a9900000, 0x00000000a9900000| Untracked 
| 666|0x00000000a9a00000, 0x00000000a9a00000, 0x00000000a9b00000|  0%| F|  |TAMS 0x00000000a9a00000, 0x00000000a9a00000| Untracked 
| 667|0x00000000a9b00000, 0x00000000a9b00000, 0x00000000a9c00000|  0%| F|  |TAMS 0x00000000a9b00000, 0x00000000a9b00000| Untracked 
| 668|0x00000000a9c00000, 0x00000000a9c00000, 0x00000000a9d00000|  0%| F|  |TAMS 0x00000000a9c00000, 0x00000000a9c00000| Untracked 
| 669|0x00000000a9d00000, 0x00000000a9d00000, 0x00000000a9e00000|  0%| F|  |TAMS 0x00000000a9d00000, 0x00000000a9d00000| Untracked 
| 670|0x00000000a9e00000, 0x00000000a9e00000, 0x00000000a9f00000|  0%| F|  |TAMS 0x00000000a9e00000, 0x00000000a9e00000| Untracked 
| 671|0x00000000a9f00000, 0x00000000a9f00000, 0x00000000aa000000|  0%| F|  |TAMS 0x00000000a9f00000, 0x00000000a9f00000| Untracked 
| 672|0x00000000aa000000, 0x00000000aa000000, 0x00000000aa100000|  0%| F|  |TAMS 0x00000000aa000000, 0x00000000aa000000| Untracked 
| 673|0x00000000aa100000, 0x00000000aa100000, 0x00000000aa200000|  0%| F|  |TAMS 0x00000000aa100000, 0x00000000aa100000| Untracked 
| 674|0x00000000aa200000, 0x00000000aa200000, 0x00000000aa300000|  0%| F|  |TAMS 0x00000000aa200000, 0x00000000aa200000| Untracked 
| 675|0x00000000aa300000, 0x00000000aa300000, 0x00000000aa400000|  0%| F|  |TAMS 0x00000000aa300000, 0x00000000aa300000| Untracked 
| 676|0x00000000aa400000, 0x00000000aa400000, 0x00000000aa500000|  0%| F|  |TAMS 0x00000000aa400000, 0x00000000aa400000| Untracked 
| 677|0x00000000aa500000, 0x00000000aa500000, 0x00000000aa600000|  0%| F|  |TAMS 0x00000000aa500000, 0x00000000aa500000| Untracked 
| 678|0x00000000aa600000, 0x00000000aa600000, 0x00000000aa700000|  0%| F|  |TAMS 0x00000000aa600000, 0x00000000aa600000| Untracked 
| 679|0x00000000aa700000, 0x00000000aa700000, 0x00000000aa800000|  0%| F|  |TAMS 0x00000000aa700000, 0x00000000aa700000| Untracked 
| 680|0x00000000aa800000, 0x00000000aa800000, 0x00000000aa900000|  0%| F|  |TAMS 0x00000000aa800000, 0x00000000aa800000| Untracked 
| 681|0x00000000aa900000, 0x00000000aa900000, 0x00000000aaa00000|  0%| F|  |TAMS 0x00000000aa900000, 0x00000000aa900000| Untracked 
| 682|0x00000000aaa00000, 0x00000000aaa00000, 0x00000000aab00000|  0%| F|  |TAMS 0x00000000aaa00000, 0x00000000aaa00000| Untracked 
| 683|0x00000000aab00000, 0x00000000aab00000, 0x00000000aac00000|  0%| F|  |TAMS 0x00000000aab00000, 0x00000000aab00000| Untracked 
| 684|0x00000000aac00000, 0x00000000aac00000, 0x00000000aad00000|  0%| F|  |TAMS 0x00000000aac00000, 0x00000000aac00000| Untracked 
| 685|0x00000000aad00000, 0x00000000aad00000, 0x00000000aae00000|  0%| F|  |TAMS 0x00000000aad00000, 0x00000000aad00000| Untracked 
| 686|0x00000000aae00000, 0x00000000aae00000, 0x00000000aaf00000|  0%| F|  |TAMS 0x00000000aae00000, 0x00000000aae00000| Untracked 
| 687|0x00000000aaf00000, 0x00000000aaf00000, 0x00000000ab000000|  0%| F|  |TAMS 0x00000000aaf00000, 0x00000000aaf00000| Untracked 
| 688|0x00000000ab000000, 0x00000000ab000000, 0x00000000ab100000|  0%| F|  |TAMS 0x00000000ab000000, 0x00000000ab000000| Untracked 
| 689|0x00000000ab100000, 0x00000000ab100000, 0x00000000ab200000|  0%| F|  |TAMS 0x00000000ab100000, 0x00000000ab100000| Untracked 
| 690|0x00000000ab200000, 0x00000000ab200000, 0x00000000ab300000|  0%| F|  |TAMS 0x00000000ab200000, 0x00000000ab200000| Untracked 
| 691|0x00000000ab300000, 0x00000000ab300000, 0x00000000ab400000|  0%| F|  |TAMS 0x00000000ab300000, 0x00000000ab300000| Untracked 
| 692|0x00000000ab400000, 0x00000000ab400000, 0x00000000ab500000|  0%| F|  |TAMS 0x00000000ab400000, 0x00000000ab400000| Untracked 
| 693|0x00000000ab500000, 0x00000000ab500000, 0x00000000ab600000|  0%| F|  |TAMS 0x00000000ab500000, 0x00000000ab500000| Untracked 
| 694|0x00000000ab600000, 0x00000000ab600000, 0x00000000ab700000|  0%| F|  |TAMS 0x00000000ab600000, 0x00000000ab600000| Untracked 
| 695|0x00000000ab700000, 0x00000000ab700000, 0x00000000ab800000|  0%| F|  |TAMS 0x00000000ab700000, 0x00000000ab700000| Untracked 
| 696|0x00000000ab800000, 0x00000000ab800000, 0x00000000ab900000|  0%| F|  |TAMS 0x00000000ab800000, 0x00000000ab800000| Untracked 
| 697|0x00000000ab900000, 0x00000000ab900000, 0x00000000aba00000|  0%| F|  |TAMS 0x00000000ab900000, 0x00000000ab900000| Untracked 
| 698|0x00000000aba00000, 0x00000000aba00000, 0x00000000abb00000|  0%| F|  |TAMS 0x00000000aba00000, 0x00000000aba00000| Untracked 
| 699|0x00000000abb00000, 0x00000000abb00000, 0x00000000abc00000|  0%| F|  |TAMS 0x00000000abb00000, 0x00000000abb00000| Untracked 
| 700|0x00000000abc00000, 0x00000000abc00000, 0x00000000abd00000|  0%| F|  |TAMS 0x00000000abc00000, 0x00000000abc00000| Untracked 
| 701|0x00000000abd00000, 0x00000000abd00000, 0x00000000abe00000|  0%| F|  |TAMS 0x00000000abd00000, 0x00000000abd00000| Untracked 
| 702|0x00000000abe00000, 0x00000000abe00000, 0x00000000abf00000|  0%| F|  |TAMS 0x00000000abe00000, 0x00000000abe00000| Untracked 
| 703|0x00000000abf00000, 0x00000000abf00000, 0x00000000ac000000|  0%| F|  |TAMS 0x00000000abf00000, 0x00000000abf00000| Untracked 
| 704|0x00000000ac000000, 0x00000000ac000000, 0x00000000ac100000|  0%| F|  |TAMS 0x00000000ac000000, 0x00000000ac000000| Untracked 
| 705|0x00000000ac100000, 0x00000000ac100000, 0x00000000ac200000|  0%| F|  |TAMS 0x00000000ac100000, 0x00000000ac100000| Untracked 
| 706|0x00000000ac200000, 0x00000000ac200000, 0x00000000ac300000|  0%| F|  |TAMS 0x00000000ac200000, 0x00000000ac200000| Untracked 
| 707|0x00000000ac300000, 0x00000000ac300000, 0x00000000ac400000|  0%| F|  |TAMS 0x00000000ac300000, 0x00000000ac300000| Untracked 
| 708|0x00000000ac400000, 0x00000000ac400000, 0x00000000ac500000|  0%| F|  |TAMS 0x00000000ac400000, 0x00000000ac400000| Untracked 
| 709|0x00000000ac500000, 0x00000000ac500000, 0x00000000ac600000|  0%| F|  |TAMS 0x00000000ac500000, 0x00000000ac500000| Untracked 
| 710|0x00000000ac600000, 0x00000000ac600000, 0x00000000ac700000|  0%| F|  |TAMS 0x00000000ac600000, 0x00000000ac600000| Untracked 
| 711|0x00000000ac700000, 0x00000000ac700000, 0x00000000ac800000|  0%| F|  |TAMS 0x00000000ac700000, 0x00000000ac700000| Untracked 
| 712|0x00000000ac800000, 0x00000000ac800000, 0x00000000ac900000|  0%| F|  |TAMS 0x00000000ac800000, 0x00000000ac800000| Untracked 
| 713|0x00000000ac900000, 0x00000000ac900000, 0x00000000aca00000|  0%| F|  |TAMS 0x00000000ac900000, 0x00000000ac900000| Untracked 
| 714|0x00000000aca00000, 0x00000000aca00000, 0x00000000acb00000|  0%| F|  |TAMS 0x00000000aca00000, 0x00000000aca00000| Untracked 
| 715|0x00000000acb00000, 0x00000000acb00000, 0x00000000acc00000|  0%| F|  |TAMS 0x00000000acb00000, 0x00000000acb00000| Untracked 
| 716|0x00000000acc00000, 0x00000000acc00000, 0x00000000acd00000|  0%| F|  |TAMS 0x00000000acc00000, 0x00000000acc00000| Untracked 
| 717|0x00000000acd00000, 0x00000000acd00000, 0x00000000ace00000|  0%| F|  |TAMS 0x00000000acd00000, 0x00000000acd00000| Untracked 
| 718|0x00000000ace00000, 0x00000000ace00000, 0x00000000acf00000|  0%| F|  |TAMS 0x00000000ace00000, 0x00000000ace00000| Untracked 
| 719|0x00000000acf00000, 0x00000000acf00000, 0x00000000ad000000|  0%| F|  |TAMS 0x00000000acf00000, 0x00000000acf00000| Untracked 
| 720|0x00000000ad000000, 0x00000000ad000000, 0x00000000ad100000|  0%| F|  |TAMS 0x00000000ad000000, 0x00000000ad000000| Untracked 
| 721|0x00000000ad100000, 0x00000000ad100000, 0x00000000ad200000|  0%| F|  |TAMS 0x00000000ad100000, 0x00000000ad100000| Untracked 
| 722|0x00000000ad200000, 0x00000000ad200000, 0x00000000ad300000|  0%| F|  |TAMS 0x00000000ad200000, 0x00000000ad200000| Untracked 
| 723|0x00000000ad300000, 0x00000000ad300000, 0x00000000ad400000|  0%| F|  |TAMS 0x00000000ad300000, 0x00000000ad300000| Untracked 
| 724|0x00000000ad400000, 0x00000000ad400000, 0x00000000ad500000|  0%| F|  |TAMS 0x00000000ad400000, 0x00000000ad400000| Untracked 
| 725|0x00000000ad500000, 0x00000000ad500000, 0x00000000ad600000|  0%| F|  |TAMS 0x00000000ad500000, 0x00000000ad500000| Untracked 
| 726|0x00000000ad600000, 0x00000000ad600000, 0x00000000ad700000|  0%| F|  |TAMS 0x00000000ad600000, 0x00000000ad600000| Untracked 
| 727|0x00000000ad700000, 0x00000000ad700000, 0x00000000ad800000|  0%| F|  |TAMS 0x00000000ad700000, 0x00000000ad700000| Untracked 
| 728|0x00000000ad800000, 0x00000000ad800000, 0x00000000ad900000|  0%| F|  |TAMS 0x00000000ad800000, 0x00000000ad800000| Untracked 
| 729|0x00000000ad900000, 0x00000000ad900000, 0x00000000ada00000|  0%| F|  |TAMS 0x00000000ad900000, 0x00000000ad900000| Untracked 
| 730|0x00000000ada00000, 0x00000000ada00000, 0x00000000adb00000|  0%| F|  |TAMS 0x00000000ada00000, 0x00000000ada00000| Untracked 
| 731|0x00000000adb00000, 0x00000000adb00000, 0x00000000adc00000|  0%| F|  |TAMS 0x00000000adb00000, 0x00000000adb00000| Untracked 
| 732|0x00000000adc00000, 0x00000000adc00000, 0x00000000add00000|  0%| F|  |TAMS 0x00000000adc00000, 0x00000000adc00000| Untracked 
| 733|0x00000000add00000, 0x00000000add00000, 0x00000000ade00000|  0%| F|  |TAMS 0x00000000add00000, 0x00000000add00000| Untracked 
| 734|0x00000000ade00000, 0x00000000ade00000, 0x00000000adf00000|  0%| F|  |TAMS 0x00000000ade00000, 0x00000000ade00000| Untracked 
| 735|0x00000000adf00000, 0x00000000adf00000, 0x00000000ae000000|  0%| F|  |TAMS 0x00000000adf00000, 0x00000000adf00000| Untracked 
| 736|0x00000000ae000000, 0x00000000ae000000, 0x00000000ae100000|  0%| F|  |TAMS 0x00000000ae000000, 0x00000000ae000000| Untracked 
| 737|0x00000000ae100000, 0x00000000ae100000, 0x00000000ae200000|  0%| F|  |TAMS 0x00000000ae100000, 0x00000000ae100000| Untracked 
| 738|0x00000000ae200000, 0x00000000ae200000, 0x00000000ae300000|  0%| F|  |TAMS 0x00000000ae200000, 0x00000000ae200000| Untracked 
| 739|0x00000000ae300000, 0x00000000ae300000, 0x00000000ae400000|  0%| F|  |TAMS 0x00000000ae300000, 0x00000000ae300000| Untracked 
| 740|0x00000000ae400000, 0x00000000ae400000, 0x00000000ae500000|  0%| F|  |TAMS 0x00000000ae400000, 0x00000000ae400000| Untracked 
| 741|0x00000000ae500000, 0x00000000ae500000, 0x00000000ae600000|  0%| F|  |TAMS 0x00000000ae500000, 0x00000000ae500000| Untracked 
| 742|0x00000000ae600000, 0x00000000ae600000, 0x00000000ae700000|  0%| F|  |TAMS 0x00000000ae600000, 0x00000000ae600000| Untracked 
| 743|0x00000000ae700000, 0x00000000ae700000, 0x00000000ae800000|  0%| F|  |TAMS 0x00000000ae700000, 0x00000000ae700000| Untracked 
| 744|0x00000000ae800000, 0x00000000ae800000, 0x00000000ae900000|  0%| F|  |TAMS 0x00000000ae800000, 0x00000000ae800000| Untracked 
| 745|0x00000000ae900000, 0x00000000ae900000, 0x00000000aea00000|  0%| F|  |TAMS 0x00000000ae900000, 0x00000000ae900000| Untracked 
| 746|0x00000000aea00000, 0x00000000aea00000, 0x00000000aeb00000|  0%| F|  |TAMS 0x00000000aea00000, 0x00000000aea00000| Untracked 
| 747|0x00000000aeb00000, 0x00000000aeb00000, 0x00000000aec00000|  0%| F|  |TAMS 0x00000000aeb00000, 0x00000000aeb00000| Untracked 
| 748|0x00000000aec00000, 0x00000000aec00000, 0x00000000aed00000|  0%| F|  |TAMS 0x00000000aec00000, 0x00000000aec00000| Untracked 
| 749|0x00000000aed00000, 0x00000000aed00000, 0x00000000aee00000|  0%| F|  |TAMS 0x00000000aed00000, 0x00000000aed00000| Untracked 
| 750|0x00000000aee00000, 0x00000000aee00000, 0x00000000aef00000|  0%| F|  |TAMS 0x00000000aee00000, 0x00000000aee00000| Untracked 
| 751|0x00000000aef00000, 0x00000000aef00000, 0x00000000af000000|  0%| F|  |TAMS 0x00000000aef00000, 0x00000000aef00000| Untracked 
| 752|0x00000000af000000, 0x00000000af000000, 0x00000000af100000|  0%| F|  |TAMS 0x00000000af000000, 0x00000000af000000| Untracked 
| 753|0x00000000af100000, 0x00000000af100000, 0x00000000af200000|  0%| F|  |TAMS 0x00000000af100000, 0x00000000af100000| Untracked 
| 754|0x00000000af200000, 0x00000000af200000, 0x00000000af300000|  0%| F|  |TAMS 0x00000000af200000, 0x00000000af200000| Untracked 
| 755|0x00000000af300000, 0x00000000af300000, 0x00000000af400000|  0%| F|  |TAMS 0x00000000af300000, 0x00000000af300000| Untracked 
| 756|0x00000000af400000, 0x00000000af400000, 0x00000000af500000|  0%| F|  |TAMS 0x00000000af400000, 0x00000000af400000| Untracked 
| 757|0x00000000af500000, 0x00000000af500000, 0x00000000af600000|  0%| F|  |TAMS 0x00000000af500000, 0x00000000af500000| Untracked 
| 758|0x00000000af600000, 0x00000000af600000, 0x00000000af700000|  0%| F|  |TAMS 0x00000000af600000, 0x00000000af600000| Untracked 
| 759|0x00000000af700000, 0x00000000af700000, 0x00000000af800000|  0%| F|  |TAMS 0x00000000af700000, 0x00000000af700000| Untracked 
| 760|0x00000000af800000, 0x00000000af800000, 0x00000000af900000|  0%| F|  |TAMS 0x00000000af800000, 0x00000000af800000| Untracked 
| 761|0x00000000af900000, 0x00000000af900000, 0x00000000afa00000|  0%| F|  |TAMS 0x00000000af900000, 0x00000000af900000| Untracked 
| 762|0x00000000afa00000, 0x00000000afa00000, 0x00000000afb00000|  0%| F|  |TAMS 0x00000000afa00000, 0x00000000afa00000| Untracked 
| 763|0x00000000afb00000, 0x00000000afb00000, 0x00000000afc00000|  0%| F|  |TAMS 0x00000000afb00000, 0x00000000afb00000| Untracked 
| 764|0x00000000afc00000, 0x00000000afc00000, 0x00000000afd00000|  0%| F|  |TAMS 0x00000000afc00000, 0x00000000afc00000| Untracked 
| 765|0x00000000afd00000, 0x00000000afd00000, 0x00000000afe00000|  0%| F|  |TAMS 0x00000000afd00000, 0x00000000afd00000| Untracked 
| 766|0x00000000afe00000, 0x00000000afe00000, 0x00000000aff00000|  0%| F|  |TAMS 0x00000000afe00000, 0x00000000afe00000| Untracked 
| 767|0x00000000aff00000, 0x00000000aff00000, 0x00000000b0000000|  0%| F|  |TAMS 0x00000000aff00000, 0x00000000aff00000| Untracked 
| 768|0x00000000b0000000, 0x00000000b0000000, 0x00000000b0100000|  0%| F|  |TAMS 0x00000000b0000000, 0x00000000b0000000| Untracked 
| 769|0x00000000b0100000, 0x00000000b0100000, 0x00000000b0200000|  0%| F|  |TAMS 0x00000000b0100000, 0x00000000b0100000| Untracked 
| 770|0x00000000b0200000, 0x00000000b0200000, 0x00000000b0300000|  0%| F|  |TAMS 0x00000000b0200000, 0x00000000b0200000| Untracked 
| 771|0x00000000b0300000, 0x00000000b0300000, 0x00000000b0400000|  0%| F|  |TAMS 0x00000000b0300000, 0x00000000b0300000| Untracked 
| 772|0x00000000b0400000, 0x00000000b0400000, 0x00000000b0500000|  0%| F|  |TAMS 0x00000000b0400000, 0x00000000b0400000| Untracked 
| 773|0x00000000b0500000, 0x00000000b0500000, 0x00000000b0600000|  0%| F|  |TAMS 0x00000000b0500000, 0x00000000b0500000| Untracked 
| 774|0x00000000b0600000, 0x00000000b0600000, 0x00000000b0700000|  0%| F|  |TAMS 0x00000000b0600000, 0x00000000b0600000| Untracked 
| 775|0x00000000b0700000, 0x00000000b0700000, 0x00000000b0800000|  0%| F|  |TAMS 0x00000000b0700000, 0x00000000b0700000| Untracked 
| 776|0x00000000b0800000, 0x00000000b0800000, 0x00000000b0900000|  0%| F|  |TAMS 0x00000000b0800000, 0x00000000b0800000| Untracked 
| 777|0x00000000b0900000, 0x00000000b0900000, 0x00000000b0a00000|  0%| F|  |TAMS 0x00000000b0900000, 0x00000000b0900000| Untracked 
| 778|0x00000000b0a00000, 0x00000000b0a00000, 0x00000000b0b00000|  0%| F|  |TAMS 0x00000000b0a00000, 0x00000000b0a00000| Untracked 
| 779|0x00000000b0b00000, 0x00000000b0b00000, 0x00000000b0c00000|  0%| F|  |TAMS 0x00000000b0b00000, 0x00000000b0b00000| Untracked 
| 780|0x00000000b0c00000, 0x00000000b0c00000, 0x00000000b0d00000|  0%| F|  |TAMS 0x00000000b0c00000, 0x00000000b0c00000| Untracked 
| 781|0x00000000b0d00000, 0x00000000b0d00000, 0x00000000b0e00000|  0%| F|  |TAMS 0x00000000b0d00000, 0x00000000b0d00000| Untracked 
| 782|0x00000000b0e00000, 0x00000000b0e00000, 0x00000000b0f00000|  0%| F|  |TAMS 0x00000000b0e00000, 0x00000000b0e00000| Untracked 
| 783|0x00000000b0f00000, 0x00000000b0f00000, 0x00000000b1000000|  0%| F|  |TAMS 0x00000000b0f00000, 0x00000000b0f00000| Untracked 
| 784|0x00000000b1000000, 0x00000000b1000000, 0x00000000b1100000|  0%| F|  |TAMS 0x00000000b1000000, 0x00000000b1000000| Untracked 
| 785|0x00000000b1100000, 0x00000000b1100000, 0x00000000b1200000|  0%| F|  |TAMS 0x00000000b1100000, 0x00000000b1100000| Untracked 
| 786|0x00000000b1200000, 0x00000000b1200000, 0x00000000b1300000|  0%| F|  |TAMS 0x00000000b1200000, 0x00000000b1200000| Untracked 
| 787|0x00000000b1300000, 0x00000000b1300000, 0x00000000b1400000|  0%| F|  |TAMS 0x00000000b1300000, 0x00000000b1300000| Untracked 
| 788|0x00000000b1400000, 0x00000000b1400000, 0x00000000b1500000|  0%| F|  |TAMS 0x00000000b1400000, 0x00000000b1400000| Untracked 
| 789|0x00000000b1500000, 0x00000000b1500000, 0x00000000b1600000|  0%| F|  |TAMS 0x00000000b1500000, 0x00000000b1500000| Untracked 
| 790|0x00000000b1600000, 0x00000000b1600000, 0x00000000b1700000|  0%| F|  |TAMS 0x00000000b1600000, 0x00000000b1600000| Untracked 
| 791|0x00000000b1700000, 0x00000000b1700000, 0x00000000b1800000|  0%| F|  |TAMS 0x00000000b1700000, 0x00000000b1700000| Untracked 
| 792|0x00000000b1800000, 0x00000000b1800000, 0x00000000b1900000|  0%| F|  |TAMS 0x00000000b1800000, 0x00000000b1800000| Untracked 
| 793|0x00000000b1900000, 0x00000000b1900000, 0x00000000b1a00000|  0%| F|  |TAMS 0x00000000b1900000, 0x00000000b1900000| Untracked 
| 794|0x00000000b1a00000, 0x00000000b1a00000, 0x00000000b1b00000|  0%| F|  |TAMS 0x00000000b1a00000, 0x00000000b1a00000| Untracked 
| 795|0x00000000b1b00000, 0x00000000b1b00000, 0x00000000b1c00000|  0%| F|  |TAMS 0x00000000b1b00000, 0x00000000b1b00000| Untracked 
| 796|0x00000000b1c00000, 0x00000000b1c00000, 0x00000000b1d00000|  0%| F|  |TAMS 0x00000000b1c00000, 0x00000000b1c00000| Untracked 
| 797|0x00000000b1d00000, 0x00000000b1d00000, 0x00000000b1e00000|  0%| F|  |TAMS 0x00000000b1d00000, 0x00000000b1d00000| Untracked 
| 798|0x00000000b1e00000, 0x00000000b1e00000, 0x00000000b1f00000|  0%| F|  |TAMS 0x00000000b1e00000, 0x00000000b1e00000| Untracked 
| 799|0x00000000b1f00000, 0x00000000b1f00000, 0x00000000b2000000|  0%| F|  |TAMS 0x00000000b1f00000, 0x00000000b1f00000| Untracked 
| 800|0x00000000b2000000, 0x00000000b2000000, 0x00000000b2100000|  0%| F|  |TAMS 0x00000000b2000000, 0x00000000b2000000| Untracked 
| 801|0x00000000b2100000, 0x00000000b2100000, 0x00000000b2200000|  0%| F|  |TAMS 0x00000000b2100000, 0x00000000b2100000| Untracked 
| 802|0x00000000b2200000, 0x00000000b2200000, 0x00000000b2300000|  0%| F|  |TAMS 0x00000000b2200000, 0x00000000b2200000| Untracked 
| 803|0x00000000b2300000, 0x00000000b2300000, 0x00000000b2400000|  0%| F|  |TAMS 0x00000000b2300000, 0x00000000b2300000| Untracked 
| 804|0x00000000b2400000, 0x00000000b2400000, 0x00000000b2500000|  0%| F|  |TAMS 0x00000000b2400000, 0x00000000b2400000| Untracked 
| 805|0x00000000b2500000, 0x00000000b2500000, 0x00000000b2600000|  0%| F|  |TAMS 0x00000000b2500000, 0x00000000b2500000| Untracked 
| 806|0x00000000b2600000, 0x00000000b2600000, 0x00000000b2700000|  0%| F|  |TAMS 0x00000000b2600000, 0x00000000b2600000| Untracked 
| 807|0x00000000b2700000, 0x00000000b2700000, 0x00000000b2800000|  0%| F|  |TAMS 0x00000000b2700000, 0x00000000b2700000| Untracked 
| 808|0x00000000b2800000, 0x00000000b2800000, 0x00000000b2900000|  0%| F|  |TAMS 0x00000000b2800000, 0x00000000b2800000| Untracked 
| 809|0x00000000b2900000, 0x00000000b2900000, 0x00000000b2a00000|  0%| F|  |TAMS 0x00000000b2900000, 0x00000000b2900000| Untracked 
| 810|0x00000000b2a00000, 0x00000000b2a00000, 0x00000000b2b00000|  0%| F|  |TAMS 0x00000000b2a00000, 0x00000000b2a00000| Untracked 
| 811|0x00000000b2b00000, 0x00000000b2b00000, 0x00000000b2c00000|  0%| F|  |TAMS 0x00000000b2b00000, 0x00000000b2b00000| Untracked 
| 812|0x00000000b2c00000, 0x00000000b2c00000, 0x00000000b2d00000|  0%| F|  |TAMS 0x00000000b2c00000, 0x00000000b2c00000| Untracked 
| 813|0x00000000b2d00000, 0x00000000b2d00000, 0x00000000b2e00000|  0%| F|  |TAMS 0x00000000b2d00000, 0x00000000b2d00000| Untracked 
| 814|0x00000000b2e00000, 0x00000000b2e00000, 0x00000000b2f00000|  0%| F|  |TAMS 0x00000000b2e00000, 0x00000000b2e00000| Untracked 
| 815|0x00000000b2f00000, 0x00000000b2f00000, 0x00000000b3000000|  0%| F|  |TAMS 0x00000000b2f00000, 0x00000000b2f00000| Untracked 
| 816|0x00000000b3000000, 0x00000000b3000000, 0x00000000b3100000|  0%| F|  |TAMS 0x00000000b3000000, 0x00000000b3000000| Untracked 
| 817|0x00000000b3100000, 0x00000000b3100000, 0x00000000b3200000|  0%| F|  |TAMS 0x00000000b3100000, 0x00000000b3100000| Untracked 
| 818|0x00000000b3200000, 0x00000000b3200000, 0x00000000b3300000|  0%| F|  |TAMS 0x00000000b3200000, 0x00000000b3200000| Untracked 
| 819|0x00000000b3300000, 0x00000000b3300000, 0x00000000b3400000|  0%| F|  |TAMS 0x00000000b3300000, 0x00000000b3300000| Untracked 
| 820|0x00000000b3400000, 0x00000000b3400000, 0x00000000b3500000|  0%| F|  |TAMS 0x00000000b3400000, 0x00000000b3400000| Untracked 
| 821|0x00000000b3500000, 0x00000000b3500000, 0x00000000b3600000|  0%| F|  |TAMS 0x00000000b3500000, 0x00000000b3500000| Untracked 
| 822|0x00000000b3600000, 0x00000000b3600000, 0x00000000b3700000|  0%| F|  |TAMS 0x00000000b3600000, 0x00000000b3600000| Untracked 
| 823|0x00000000b3700000, 0x00000000b3700000, 0x00000000b3800000|  0%| F|  |TAMS 0x00000000b3700000, 0x00000000b3700000| Untracked 
| 824|0x00000000b3800000, 0x00000000b3800000, 0x00000000b3900000|  0%| F|  |TAMS 0x00000000b3800000, 0x00000000b3800000| Untracked 
| 825|0x00000000b3900000, 0x00000000b3900000, 0x00000000b3a00000|  0%| F|  |TAMS 0x00000000b3900000, 0x00000000b3900000| Untracked 
| 826|0x00000000b3a00000, 0x00000000b3a00000, 0x00000000b3b00000|  0%| F|  |TAMS 0x00000000b3a00000, 0x00000000b3a00000| Untracked 
| 827|0x00000000b3b00000, 0x00000000b3b00000, 0x00000000b3c00000|  0%| F|  |TAMS 0x00000000b3b00000, 0x00000000b3b00000| Untracked 
| 828|0x00000000b3c00000, 0x00000000b3c00000, 0x00000000b3d00000|  0%| F|  |TAMS 0x00000000b3c00000, 0x00000000b3c00000| Untracked 
| 829|0x00000000b3d00000, 0x00000000b3d00000, 0x00000000b3e00000|  0%| F|  |TAMS 0x00000000b3d00000, 0x00000000b3d00000| Untracked 
| 830|0x00000000b3e00000, 0x00000000b3e00000, 0x00000000b3f00000|  0%| F|  |TAMS 0x00000000b3e00000, 0x00000000b3e00000| Untracked 
| 831|0x00000000b3f00000, 0x00000000b3f00000, 0x00000000b4000000|  0%| F|  |TAMS 0x00000000b3f00000, 0x00000000b3f00000| Untracked 
| 832|0x00000000b4000000, 0x00000000b4000000, 0x00000000b4100000|  0%| F|  |TAMS 0x00000000b4000000, 0x00000000b4000000| Untracked 
| 833|0x00000000b4100000, 0x00000000b4100000, 0x00000000b4200000|  0%| F|  |TAMS 0x00000000b4100000, 0x00000000b4100000| Untracked 
| 834|0x00000000b4200000, 0x00000000b4200000, 0x00000000b4300000|  0%| F|  |TAMS 0x00000000b4200000, 0x00000000b4200000| Untracked 
| 835|0x00000000b4300000, 0x00000000b4300000, 0x00000000b4400000|  0%| F|  |TAMS 0x00000000b4300000, 0x00000000b4300000| Untracked 
| 836|0x00000000b4400000, 0x00000000b4400000, 0x00000000b4500000|  0%| F|  |TAMS 0x00000000b4400000, 0x00000000b4400000| Untracked 
| 837|0x00000000b4500000, 0x00000000b4500000, 0x00000000b4600000|  0%| F|  |TAMS 0x00000000b4500000, 0x00000000b4500000| Untracked 
| 838|0x00000000b4600000, 0x00000000b4600000, 0x00000000b4700000|  0%| F|  |TAMS 0x00000000b4600000, 0x00000000b4600000| Untracked 
| 839|0x00000000b4700000, 0x00000000b4700000, 0x00000000b4800000|  0%| F|  |TAMS 0x00000000b4700000, 0x00000000b4700000| Untracked 
| 840|0x00000000b4800000, 0x00000000b4800000, 0x00000000b4900000|  0%| F|  |TAMS 0x00000000b4800000, 0x00000000b4800000| Untracked 
| 841|0x00000000b4900000, 0x00000000b4900000, 0x00000000b4a00000|  0%| F|  |TAMS 0x00000000b4900000, 0x00000000b4900000| Untracked 
| 842|0x00000000b4a00000, 0x00000000b4a00000, 0x00000000b4b00000|  0%| F|  |TAMS 0x00000000b4a00000, 0x00000000b4a00000| Untracked 
| 843|0x00000000b4b00000, 0x00000000b4b00000, 0x00000000b4c00000|  0%| F|  |TAMS 0x00000000b4b00000, 0x00000000b4b00000| Untracked 
| 844|0x00000000b4c00000, 0x00000000b4c00000, 0x00000000b4d00000|  0%| F|  |TAMS 0x00000000b4c00000, 0x00000000b4c00000| Untracked 
| 845|0x00000000b4d00000, 0x00000000b4d00000, 0x00000000b4e00000|  0%| F|  |TAMS 0x00000000b4d00000, 0x00000000b4d00000| Untracked 
| 846|0x00000000b4e00000, 0x00000000b4e00000, 0x00000000b4f00000|  0%| F|  |TAMS 0x00000000b4e00000, 0x00000000b4e00000| Untracked 
| 847|0x00000000b4f00000, 0x00000000b4f00000, 0x00000000b5000000|  0%| F|  |TAMS 0x00000000b4f00000, 0x00000000b4f00000| Untracked 
| 848|0x00000000b5000000, 0x00000000b5000000, 0x00000000b5100000|  0%| F|  |TAMS 0x00000000b5000000, 0x00000000b5000000| Untracked 
| 849|0x00000000b5100000, 0x00000000b5100000, 0x00000000b5200000|  0%| F|  |TAMS 0x00000000b5100000, 0x00000000b5100000| Untracked 
| 850|0x00000000b5200000, 0x00000000b5200000, 0x00000000b5300000|  0%| F|  |TAMS 0x00000000b5200000, 0x00000000b5200000| Untracked 
| 851|0x00000000b5300000, 0x00000000b5300000, 0x00000000b5400000|  0%| F|  |TAMS 0x00000000b5300000, 0x00000000b5300000| Untracked 
| 852|0x00000000b5400000, 0x00000000b5400000, 0x00000000b5500000|  0%| F|  |TAMS 0x00000000b5400000, 0x00000000b5400000| Untracked 
| 853|0x00000000b5500000, 0x00000000b5500000, 0x00000000b5600000|  0%| F|  |TAMS 0x00000000b5500000, 0x00000000b5500000| Untracked 
| 854|0x00000000b5600000, 0x00000000b5600000, 0x00000000b5700000|  0%| F|  |TAMS 0x00000000b5600000, 0x00000000b5600000| Untracked 
| 855|0x00000000b5700000, 0x00000000b5700000, 0x00000000b5800000|  0%| F|  |TAMS 0x00000000b5700000, 0x00000000b5700000| Untracked 
| 856|0x00000000b5800000, 0x00000000b5800000, 0x00000000b5900000|  0%| F|  |TAMS 0x00000000b5800000, 0x00000000b5800000| Untracked 
| 857|0x00000000b5900000, 0x00000000b5900000, 0x00000000b5a00000|  0%| F|  |TAMS 0x00000000b5900000, 0x00000000b5900000| Untracked 
| 858|0x00000000b5a00000, 0x00000000b5a00000, 0x00000000b5b00000|  0%| F|  |TAMS 0x00000000b5a00000, 0x00000000b5a00000| Untracked 
| 859|0x00000000b5b00000, 0x00000000b5b00000, 0x00000000b5c00000|  0%| F|  |TAMS 0x00000000b5b00000, 0x00000000b5b00000| Untracked 
| 860|0x00000000b5c00000, 0x00000000b5c00000, 0x00000000b5d00000|  0%| F|  |TAMS 0x00000000b5c00000, 0x00000000b5c00000| Untracked 
| 861|0x00000000b5d00000, 0x00000000b5d00000, 0x00000000b5e00000|  0%| F|  |TAMS 0x00000000b5d00000, 0x00000000b5d00000| Untracked 
| 862|0x00000000b5e00000, 0x00000000b5e00000, 0x00000000b5f00000|  0%| F|  |TAMS 0x00000000b5e00000, 0x00000000b5e00000| Untracked 
| 863|0x00000000b5f00000, 0x00000000b5f00000, 0x00000000b6000000|  0%| F|  |TAMS 0x00000000b5f00000, 0x00000000b5f00000| Untracked 
| 864|0x00000000b6000000, 0x00000000b6000000, 0x00000000b6100000|  0%| F|  |TAMS 0x00000000b6000000, 0x00000000b6000000| Untracked 
| 865|0x00000000b6100000, 0x00000000b6100000, 0x00000000b6200000|  0%| F|  |TAMS 0x00000000b6100000, 0x00000000b6100000| Untracked 
| 866|0x00000000b6200000, 0x00000000b6200000, 0x00000000b6300000|  0%| F|  |TAMS 0x00000000b6200000, 0x00000000b6200000| Untracked 
| 867|0x00000000b6300000, 0x00000000b6300000, 0x00000000b6400000|  0%| F|  |TAMS 0x00000000b6300000, 0x00000000b6300000| Untracked 
| 868|0x00000000b6400000, 0x00000000b6400000, 0x00000000b6500000|  0%| F|  |TAMS 0x00000000b6400000, 0x00000000b6400000| Untracked 
| 869|0x00000000b6500000, 0x00000000b6500000, 0x00000000b6600000|  0%| F|  |TAMS 0x00000000b6500000, 0x00000000b6500000| Untracked 
| 870|0x00000000b6600000, 0x00000000b6600000, 0x00000000b6700000|  0%| F|  |TAMS 0x00000000b6600000, 0x00000000b6600000| Untracked 
| 871|0x00000000b6700000, 0x00000000b6700000, 0x00000000b6800000|  0%| F|  |TAMS 0x00000000b6700000, 0x00000000b6700000| Untracked 
| 872|0x00000000b6800000, 0x00000000b6800000, 0x00000000b6900000|  0%| F|  |TAMS 0x00000000b6800000, 0x00000000b6800000| Untracked 
| 873|0x00000000b6900000, 0x00000000b6900000, 0x00000000b6a00000|  0%| F|  |TAMS 0x00000000b6900000, 0x00000000b6900000| Untracked 
| 874|0x00000000b6a00000, 0x00000000b6a00000, 0x00000000b6b00000|  0%| F|  |TAMS 0x00000000b6a00000, 0x00000000b6a00000| Untracked 
| 875|0x00000000b6b00000, 0x00000000b6b00000, 0x00000000b6c00000|  0%| F|  |TAMS 0x00000000b6b00000, 0x00000000b6b00000| Untracked 
| 876|0x00000000b6c00000, 0x00000000b6c00000, 0x00000000b6d00000|  0%| F|  |TAMS 0x00000000b6c00000, 0x00000000b6c00000| Untracked 
| 877|0x00000000b6d00000, 0x00000000b6d00000, 0x00000000b6e00000|  0%| F|  |TAMS 0x00000000b6d00000, 0x00000000b6d00000| Untracked 
| 878|0x00000000b6e00000, 0x00000000b6e00000, 0x00000000b6f00000|  0%| F|  |TAMS 0x00000000b6e00000, 0x00000000b6e00000| Untracked 
| 879|0x00000000b6f00000, 0x00000000b6f00000, 0x00000000b7000000|  0%| F|  |TAMS 0x00000000b6f00000, 0x00000000b6f00000| Untracked 
| 880|0x00000000b7000000, 0x00000000b7000000, 0x00000000b7100000|  0%| F|  |TAMS 0x00000000b7000000, 0x00000000b7000000| Untracked 
| 881|0x00000000b7100000, 0x00000000b7100000, 0x00000000b7200000|  0%| F|  |TAMS 0x00000000b7100000, 0x00000000b7100000| Untracked 
| 882|0x00000000b7200000, 0x00000000b7200000, 0x00000000b7300000|  0%| F|  |TAMS 0x00000000b7200000, 0x00000000b7200000| Untracked 
| 883|0x00000000b7300000, 0x00000000b7300000, 0x00000000b7400000|  0%| F|  |TAMS 0x00000000b7300000, 0x00000000b7300000| Untracked 
| 884|0x00000000b7400000, 0x00000000b7400000, 0x00000000b7500000|  0%| F|  |TAMS 0x00000000b7400000, 0x00000000b7400000| Untracked 
| 885|0x00000000b7500000, 0x00000000b7500000, 0x00000000b7600000|  0%| F|  |TAMS 0x00000000b7500000, 0x00000000b7500000| Untracked 
| 886|0x00000000b7600000, 0x00000000b7600000, 0x00000000b7700000|  0%| F|  |TAMS 0x00000000b7600000, 0x00000000b7600000| Untracked 
| 887|0x00000000b7700000, 0x00000000b7700000, 0x00000000b7800000|  0%| F|  |TAMS 0x00000000b7700000, 0x00000000b7700000| Untracked 
| 888|0x00000000b7800000, 0x00000000b7800000, 0x00000000b7900000|  0%| F|  |TAMS 0x00000000b7800000, 0x00000000b7800000| Untracked 
| 889|0x00000000b7900000, 0x00000000b7900000, 0x00000000b7a00000|  0%| F|  |TAMS 0x00000000b7900000, 0x00000000b7900000| Untracked 
| 890|0x00000000b7a00000, 0x00000000b7a00000, 0x00000000b7b00000|  0%| F|  |TAMS 0x00000000b7a00000, 0x00000000b7a00000| Untracked 
| 891|0x00000000b7b00000, 0x00000000b7b00000, 0x00000000b7c00000|  0%| F|  |TAMS 0x00000000b7b00000, 0x00000000b7b00000| Untracked 
| 892|0x00000000b7c00000, 0x00000000b7c00000, 0x00000000b7d00000|  0%| F|  |TAMS 0x00000000b7c00000, 0x00000000b7c00000| Untracked 
| 893|0x00000000b7d00000, 0x00000000b7d00000, 0x00000000b7e00000|  0%| F|  |TAMS 0x00000000b7d00000, 0x00000000b7d00000| Untracked 
| 894|0x00000000b7e00000, 0x00000000b7e00000, 0x00000000b7f00000|  0%| F|  |TAMS 0x00000000b7e00000, 0x00000000b7e00000| Untracked 
| 895|0x00000000b7f00000, 0x00000000b7f00000, 0x00000000b8000000|  0%| F|  |TAMS 0x00000000b7f00000, 0x00000000b7f00000| Untracked 
| 896|0x00000000b8000000, 0x00000000b8000000, 0x00000000b8100000|  0%| F|  |TAMS 0x00000000b8000000, 0x00000000b8000000| Untracked 
| 897|0x00000000b8100000, 0x00000000b8100000, 0x00000000b8200000|  0%| F|  |TAMS 0x00000000b8100000, 0x00000000b8100000| Untracked 
| 898|0x00000000b8200000, 0x00000000b8200000, 0x00000000b8300000|  0%| F|  |TAMS 0x00000000b8200000, 0x00000000b8200000| Untracked 
| 899|0x00000000b8300000, 0x00000000b8300000, 0x00000000b8400000|  0%| F|  |TAMS 0x00000000b8300000, 0x00000000b8300000| Untracked 
| 900|0x00000000b8400000, 0x00000000b8400000, 0x00000000b8500000|  0%| F|  |TAMS 0x00000000b8400000, 0x00000000b8400000| Untracked 
| 901|0x00000000b8500000, 0x00000000b8500000, 0x00000000b8600000|  0%| F|  |TAMS 0x00000000b8500000, 0x00000000b8500000| Untracked 
| 902|0x00000000b8600000, 0x00000000b8600000, 0x00000000b8700000|  0%| F|  |TAMS 0x00000000b8600000, 0x00000000b8600000| Untracked 
| 903|0x00000000b8700000, 0x00000000b8700000, 0x00000000b8800000|  0%| F|  |TAMS 0x00000000b8700000, 0x00000000b8700000| Untracked 
| 904|0x00000000b8800000, 0x00000000b8800000, 0x00000000b8900000|  0%| F|  |TAMS 0x00000000b8800000, 0x00000000b8800000| Untracked 
| 905|0x00000000b8900000, 0x00000000b8900000, 0x00000000b8a00000|  0%| F|  |TAMS 0x00000000b8900000, 0x00000000b8900000| Untracked 
| 906|0x00000000b8a00000, 0x00000000b8a00000, 0x00000000b8b00000|  0%| F|  |TAMS 0x00000000b8a00000, 0x00000000b8a00000| Untracked 
| 907|0x00000000b8b00000, 0x00000000b8b00000, 0x00000000b8c00000|  0%| F|  |TAMS 0x00000000b8b00000, 0x00000000b8b00000| Untracked 
| 908|0x00000000b8c00000, 0x00000000b8c00000, 0x00000000b8d00000|  0%| F|  |TAMS 0x00000000b8c00000, 0x00000000b8c00000| Untracked 
| 909|0x00000000b8d00000, 0x00000000b8d00000, 0x00000000b8e00000|  0%| F|  |TAMS 0x00000000b8d00000, 0x00000000b8d00000| Untracked 
| 910|0x00000000b8e00000, 0x00000000b8e00000, 0x00000000b8f00000|  0%| F|  |TAMS 0x00000000b8e00000, 0x00000000b8e00000| Untracked 
| 911|0x00000000b8f00000, 0x00000000b8f00000, 0x00000000b9000000|  0%| F|  |TAMS 0x00000000b8f00000, 0x00000000b8f00000| Untracked 
| 912|0x00000000b9000000, 0x00000000b9000000, 0x00000000b9100000|  0%| F|  |TAMS 0x00000000b9000000, 0x00000000b9000000| Untracked 
| 913|0x00000000b9100000, 0x00000000b9100000, 0x00000000b9200000|  0%| F|  |TAMS 0x00000000b9100000, 0x00000000b9100000| Untracked 
| 914|0x00000000b9200000, 0x00000000b9200000, 0x00000000b9300000|  0%| F|  |TAMS 0x00000000b9200000, 0x00000000b9200000| Untracked 
| 915|0x00000000b9300000, 0x00000000b9300000, 0x00000000b9400000|  0%| F|  |TAMS 0x00000000b9300000, 0x00000000b9300000| Untracked 
| 916|0x00000000b9400000, 0x00000000b9400000, 0x00000000b9500000|  0%| F|  |TAMS 0x00000000b9400000, 0x00000000b9400000| Untracked 
| 917|0x00000000b9500000, 0x00000000b9500000, 0x00000000b9600000|  0%| F|  |TAMS 0x00000000b9500000, 0x00000000b9500000| Untracked 
| 918|0x00000000b9600000, 0x00000000b9600000, 0x00000000b9700000|  0%| F|  |TAMS 0x00000000b9600000, 0x00000000b9600000| Untracked 
| 919|0x00000000b9700000, 0x00000000b9800000, 0x00000000b9800000|100%| S|CS|TAMS 0x00000000b9700000, 0x00000000b9700000| Complete 
| 920|0x00000000b9800000, 0x00000000b9900000, 0x00000000b9900000|100%| S|CS|TAMS 0x00000000b9800000, 0x00000000b9800000| Complete 
| 921|0x00000000b9900000, 0x00000000b9a00000, 0x00000000b9a00000|100%| S|CS|TAMS 0x00000000b9900000, 0x00000000b9900000| Complete 
| 922|0x00000000b9a00000, 0x00000000b9a00000, 0x00000000b9b00000|  0%| F|  |TAMS 0x00000000b9a00000, 0x00000000b9a00000| Untracked 
| 923|0x00000000b9b00000, 0x00000000b9b00000, 0x00000000b9c00000|  0%| F|  |TAMS 0x00000000b9b00000, 0x00000000b9b00000| Untracked 
| 924|0x00000000b9c00000, 0x00000000b9c00000, 0x00000000b9d00000|  0%| F|  |TAMS 0x00000000b9c00000, 0x00000000b9c00000| Untracked 
| 925|0x00000000b9d00000, 0x00000000b9d00000, 0x00000000b9e00000|  0%| F|  |TAMS 0x00000000b9d00000, 0x00000000b9d00000| Untracked 
| 926|0x00000000b9e00000, 0x00000000b9e00000, 0x00000000b9f00000|  0%| F|  |TAMS 0x00000000b9e00000, 0x00000000b9e00000| Untracked 
| 927|0x00000000b9f00000, 0x00000000b9f00000, 0x00000000ba000000|  0%| F|  |TAMS 0x00000000b9f00000, 0x00000000b9f00000| Untracked 
| 928|0x00000000ba000000, 0x00000000ba000000, 0x00000000ba100000|  0%| F|  |TAMS 0x00000000ba000000, 0x00000000ba000000| Untracked 
| 929|0x00000000ba100000, 0x00000000ba100000, 0x00000000ba200000|  0%| F|  |TAMS 0x00000000ba100000, 0x00000000ba100000| Untracked 
| 930|0x00000000ba200000, 0x00000000ba200000, 0x00000000ba300000|  0%| F|  |TAMS 0x00000000ba200000, 0x00000000ba200000| Untracked 
| 931|0x00000000ba300000, 0x00000000ba300000, 0x00000000ba400000|  0%| F|  |TAMS 0x00000000ba300000, 0x00000000ba300000| Untracked 
| 932|0x00000000ba400000, 0x00000000ba400000, 0x00000000ba500000|  0%| F|  |TAMS 0x00000000ba400000, 0x00000000ba400000| Untracked 
| 933|0x00000000ba500000, 0x00000000ba500000, 0x00000000ba600000|  0%| F|  |TAMS 0x00000000ba500000, 0x00000000ba500000| Untracked 
| 934|0x00000000ba600000, 0x00000000ba600000, 0x00000000ba700000|  0%| F|  |TAMS 0x00000000ba600000, 0x00000000ba600000| Untracked 
| 935|0x00000000ba700000, 0x00000000ba700000, 0x00000000ba800000|  0%| F|  |TAMS 0x00000000ba700000, 0x00000000ba700000| Untracked 
| 936|0x00000000ba800000, 0x00000000ba800000, 0x00000000ba900000|  0%| F|  |TAMS 0x00000000ba800000, 0x00000000ba800000| Untracked 
| 937|0x00000000ba900000, 0x00000000ba900000, 0x00000000baa00000|  0%| F|  |TAMS 0x00000000ba900000, 0x00000000ba900000| Untracked 
| 938|0x00000000baa00000, 0x00000000baa00000, 0x00000000bab00000|  0%| F|  |TAMS 0x00000000baa00000, 0x00000000baa00000| Untracked 
| 939|0x00000000bab00000, 0x00000000bab9e3a0, 0x00000000bac00000| 61%| E|  |TAMS 0x00000000bab00000, 0x00000000bab00000| Complete 
| 940|0x00000000bac00000, 0x00000000bad00000, 0x00000000bad00000|100%| E|CS|TAMS 0x00000000bac00000, 0x00000000bac00000| Complete 
| 941|0x00000000bad00000, 0x00000000bae00000, 0x00000000bae00000|100%| E|CS|TAMS 0x00000000bad00000, 0x00000000bad00000| Complete 
| 942|0x00000000bae00000, 0x00000000baf00000, 0x00000000baf00000|100%| E|CS|TAMS 0x00000000bae00000, 0x00000000bae00000| Complete 
| 943|0x00000000baf00000, 0x00000000bb000000, 0x00000000bb000000|100%| E|CS|TAMS 0x00000000baf00000, 0x00000000baf00000| Complete 
| 944|0x00000000bb000000, 0x00000000bb100000, 0x00000000bb100000|100%| E|CS|TAMS 0x00000000bb000000, 0x00000000bb000000| Complete 
| 945|0x00000000bb100000, 0x00000000bb200000, 0x00000000bb200000|100%| E|CS|TAMS 0x00000000bb100000, 0x00000000bb100000| Complete 
| 946|0x00000000bb200000, 0x00000000bb300000, 0x00000000bb300000|100%| E|CS|TAMS 0x00000000bb200000, 0x00000000bb200000| Complete 
| 947|0x00000000bb300000, 0x00000000bb400000, 0x00000000bb400000|100%| E|CS|TAMS 0x00000000bb300000, 0x00000000bb300000| Complete 
| 948|0x00000000bb400000, 0x00000000bb500000, 0x00000000bb500000|100%| E|CS|TAMS 0x00000000bb400000, 0x00000000bb400000| Complete 
| 949|0x00000000bb500000, 0x00000000bb600000, 0x00000000bb600000|100%| E|CS|TAMS 0x00000000bb500000, 0x00000000bb500000| Complete 
| 950|0x00000000bb600000, 0x00000000bb700000, 0x00000000bb700000|100%| E|CS|TAMS 0x00000000bb600000, 0x00000000bb600000| Complete 
| 951|0x00000000bb700000, 0x00000000bb800000, 0x00000000bb800000|100%| E|CS|TAMS 0x00000000bb700000, 0x00000000bb700000| Complete 
| 952|0x00000000bb800000, 0x00000000bb900000, 0x00000000bb900000|100%| E|CS|TAMS 0x00000000bb800000, 0x00000000bb800000| Complete 
| 953|0x00000000bb900000, 0x00000000bba00000, 0x00000000bba00000|100%| E|CS|TAMS 0x00000000bb900000, 0x00000000bb900000| Complete 
| 954|0x00000000bba00000, 0x00000000bbb00000, 0x00000000bbb00000|100%| E|CS|TAMS 0x00000000bba00000, 0x00000000bba00000| Complete 
| 955|0x00000000bbb00000, 0x00000000bbc00000, 0x00000000bbc00000|100%| E|CS|TAMS 0x00000000bbb00000, 0x00000000bbb00000| Complete 
| 956|0x00000000bbc00000, 0x00000000bbd00000, 0x00000000bbd00000|100%| E|CS|TAMS 0x00000000bbc00000, 0x00000000bbc00000| Complete 
| 957|0x00000000bbd00000, 0x00000000bbe00000, 0x00000000bbe00000|100%| E|CS|TAMS 0x00000000bbd00000, 0x00000000bbd00000| Complete 
| 958|0x00000000bbe00000, 0x00000000bbf00000, 0x00000000bbf00000|100%| E|CS|TAMS 0x00000000bbe00000, 0x00000000bbe00000| Complete 
| 959|0x00000000bbf00000, 0x00000000bc000000, 0x00000000bc000000|100%| E|CS|TAMS 0x00000000bbf00000, 0x00000000bbf00000| Complete 
| 960|0x00000000bc000000, 0x00000000bc100000, 0x00000000bc100000|100%| E|CS|TAMS 0x00000000bc000000, 0x00000000bc000000| Complete 
| 961|0x00000000bc100000, 0x00000000bc200000, 0x00000000bc200000|100%| E|CS|TAMS 0x00000000bc100000, 0x00000000bc100000| Complete 
| 962|0x00000000bc200000, 0x00000000bc300000, 0x00000000bc300000|100%| E|CS|TAMS 0x00000000bc200000, 0x00000000bc200000| Complete 
| 963|0x00000000bc300000, 0x00000000bc400000, 0x00000000bc400000|100%| E|CS|TAMS 0x00000000bc300000, 0x00000000bc300000| Complete 
| 964|0x00000000bc400000, 0x00000000bc500000, 0x00000000bc500000|100%| E|CS|TAMS 0x00000000bc400000, 0x00000000bc400000| Complete 

Card table byte_map: [0x00000229d5a50000,0x00000229d5e50000] _byte_map_base: 0x00000229d5650000

Marking Bits (Prev, Next): (CMBitMap*) 0x00000229be330d50, (CMBitMap*) 0x00000229be330d10
 Prev Bits: [0x00000229d8250000, 0x00000229da250000)
 Next Bits: [0x00000229d6250000, 0x00000229d8250000)

Polling page: 0x00000229bbfd0000

Metaspace:

Usage:
  Non-class:    113.24 MB used.
      Class:     17.79 MB used.
       Both:    131.03 MB used.

Virtual space:
  Non-class space:      128.00 MB reserved,     114.69 MB ( 90%) committed,  2 nodes.
      Class space:      416.00 MB reserved,      19.19 MB (  5%) committed,  1 nodes.
             Both:      544.00 MB reserved,     133.88 MB ( 25%) committed. 

Chunk freelists:
   Non-Class:  12.96 MB
       Class:  12.68 MB
        Both:  25.65 MB

MaxMetaspaceSize: 512.00 MB
CompressedClassSpaceSize: 416.00 MB
Initial GC threshold: 21.00 MB
Current GC threshold: 223.12 MB
CDS: on
MetaspaceReclaimPolicy: balanced
 - commit_granule_bytes: 65536.
 - commit_granule_words: 8192.
 - virtual_space_node_default_size: 8388608.
 - enlarge_chunks_in_place: 1.
 - new_chunks_are_fully_committed: 0.
 - uncommit_free_chunks: 1.
 - use_allocation_guard: 0.
 - handle_deallocations: 1.


Internal statistics:

num_allocs_failed_limit: 9.
num_arena_births: 4426.
num_arena_deaths: 12.
num_vsnodes_births: 3.
num_vsnodes_deaths: 0.
num_space_committed: 2141.
num_space_uncommitted: 0.
num_chunks_returned_to_freelist: 30.
num_chunks_taken_from_freelist: 11490.
num_chunk_merges: 15.
num_chunk_splits: 6892.
num_chunks_enlarged: 3620.
num_inconsistent_stats: 0.

CodeHeap 'non-profiled nmethods': size=119168Kb used=22704Kb max_used=22704Kb free=96463Kb
 bounds [0x00000229cd740000, 0x00000229ced70000, 0x00000229d4ba0000]
CodeHeap 'profiled nmethods': size=119104Kb used=48435Kb max_used=48435Kb free=70668Kb
 bounds [0x00000229c5ba0000, 0x00000229c8b00000, 0x00000229ccff0000]
CodeHeap 'non-nmethods': size=7488Kb used=3646Kb max_used=4285Kb free=3841Kb
 bounds [0x00000229ccff0000, 0x00000229cd430000, 0x00000229cd740000]
 total_blobs=25652 nmethods=24577 adapters=984
 compilation: enabled
              stopped_count=0, restarted_count=0
 full_count=0

Compilation events (20 events):
Event: 627.172 Thread 0x00000229dc761160 nmethod 30035 0x00000229ced6b610 code [0x00000229ced6b7a0, 0x00000229ced6b958]
Event: 627.175 Thread 0x00000229dc761160 30036       4       com.google.common.collect.RegularImmutableBiMap::get (13 bytes)
Event: 627.177 Thread 0x00000229dc761160 nmethod 30036 0x00000229ced6bb90 code [0x00000229ced6bd20, 0x00000229ced6bef8]
Event: 627.177 Thread 0x00000229dc761160 30037       4       org.gradle.internal.snapshot.impl.DefaultValueSnapshotter::snapshot (9 bytes)
Event: 627.177 Thread 0x00000229dc761160 nmethod 30037 0x00000229ced6c090 code [0x00000229ced6c200, 0x00000229ced6c298]
Event: 627.179 Thread 0x00000229dc761160 30038       4       org.gradle.api.internal.artifacts.transform.ConsumerProvidedVariantFinder::doFindTransformedVariants (450 bytes)
Event: 627.247 Thread 0x0000022982f68dc0 30042       3       org.gradle.api.internal.file.FileCollectionBackedFileTree::visitContentsAsFileTrees (14 bytes)
Event: 627.247 Thread 0x0000022986a16ab0 30043       3       org.gradle.api.internal.file.FileCollectionBackedFileTree$1::<init> (15 bytes)
Event: 627.247 Thread 0x0000022986a16ab0 nmethod 30043 0x00000229c8aebe10 code [0x00000229c8aebfc0, 0x00000229c8aec1d8]
Event: 627.247 Thread 0x0000022982f68dc0 nmethod 30042 0x00000229c8aec290 code [0x00000229c8aec440, 0x00000229c8aec768]
Event: 627.254 Thread 0x0000022986a16ab0 30044       3       org.gradle.api.internal.file.FilteredFileTree::visitChildren (22 bytes)
Event: 627.254 Thread 0x00000229dc7622c0 30045       3       org.gradle.api.internal.file.FilteredFileTree::getPatterns (13 bytes)
Event: 627.254 Thread 0x0000022982f68dc0 30046       3       org.gradle.api.internal.file.FileCollectionBackedFileTree$$Lambda$1460/0x00000229df934d90::get (12 bytes)
Event: 627.255 Thread 0x00000229dc7622c0 nmethod 30045 0x00000229c8aec890 code [0x00000229c8aeca40, 0x00000229c8aecd08]
Event: 627.255 Thread 0x00000229dc7622c0 30047       3       org.gradle.api.internal.file.FileCollectionBackedFileTree::lambda$matching$0 (18 bytes)
Event: 627.255 Thread 0x0000022986a16ab0 nmethod 30044 0x00000229c8aece10 code [0x00000229c8aed040, 0x00000229c8aeda08]
Event: 627.255 Thread 0x0000022982f68dc0 nmethod 30046 0x00000229c8aedd10 code [0x00000229c8aedf00, 0x00000229c8aee5c8]
Event: 627.255 Thread 0x00000229dc7622c0 nmethod 30047 0x00000229c8aee810 code [0x00000229c8aeea00, 0x00000229c8aef048]
Event: 627.255 Thread 0x00000229dc7622c0 30048       3       org.gradle.api.internal.file.FilteredFileTree$$Lambda$1841/0x00000229dfa25190::<init> (15 bytes)
Event: 627.255 Thread 0x00000229dc7622c0 nmethod 30048 0x00000229c8aef290 code [0x00000229c8aef440, 0x00000229c8aef658]

GC Heap History (20 events):
Event: 623.228 GC heap before
{Heap before GC invocations=123 (full 0):
 garbage-first heap   total 658432K, used 574990K [0x0000000080000000, 0x0000000100000000)
  region size 1024K, 41 young (41984K), 6 survivors (6144K)
 Metaspace       used 133720K, committed 136576K, reserved 557056K
  class space    used 18203K, committed 19584K, reserved 425984K
}
Event: 623.235 GC heap after
{Heap after GC invocations=124 (full 0):
 garbage-first heap   total 658432K, used 546903K [0x0000000080000000, 0x0000000100000000)
  region size 1024K, 6 young (6144K), 6 survivors (6144K)
 Metaspace       used 133720K, committed 136576K, reserved 557056K
  class space    used 18203K, committed 19584K, reserved 425984K
}
Event: 623.628 GC heap before
{Heap before GC invocations=124 (full 0):
 garbage-first heap   total 658432K, used 576599K [0x0000000080000000, 0x0000000100000000)
  region size 1024K, 35 young (35840K), 6 survivors (6144K)
 Metaspace       used 133797K, committed 136640K, reserved 557056K
  class space    used 18205K, committed 19584K, reserved 425984K
}
Event: 623.639 GC heap after
{Heap after GC invocations=125 (full 0):
 garbage-first heap   total 658432K, used 553520K [0x0000000080000000, 0x0000000100000000)
  region size 1024K, 5 young (5120K), 5 survivors (5120K)
 Metaspace       used 133797K, committed 136640K, reserved 557056K
  class space    used 18205K, committed 19584K, reserved 425984K
}
Event: 624.007 GC heap before
{Heap before GC invocations=125 (full 0):
 garbage-first heap   total 658432K, used 581168K [0x0000000080000000, 0x0000000100000000)
  region size 1024K, 32 young (32768K), 5 survivors (5120K)
 Metaspace       used 133866K, committed 136704K, reserved 557056K
  class space    used 18205K, committed 19584K, reserved 425984K
}
Event: 624.014 GC heap after
{Heap after GC invocations=126 (full 0):
 garbage-first heap   total 658432K, used 560672K [0x0000000080000000, 0x0000000100000000)
  region size 1024K, 4 young (4096K), 4 survivors (4096K)
 Metaspace       used 133866K, committed 136704K, reserved 557056K
  class space    used 18205K, committed 19584K, reserved 425984K
}
Event: 624.159 GC heap before
{Heap before GC invocations=126 (full 0):
 garbage-first heap   total 658432K, used 589344K [0x0000000080000000, 0x0000000100000000)
  region size 1024K, 32 young (32768K), 4 survivors (4096K)
 Metaspace       used 133939K, committed 136768K, reserved 557056K
  class space    used 18206K, committed 19584K, reserved 425984K
}
Event: 624.166 GC heap after
{Heap after GC invocations=127 (full 0):
 garbage-first heap   total 658432K, used 571058K [0x0000000080000000, 0x0000000100000000)
  region size 1024K, 4 young (4096K), 4 survivors (4096K)
 Metaspace       used 133939K, committed 136768K, reserved 557056K
  class space    used 18206K, committed 19584K, reserved 425984K
}
Event: 624.325 GC heap before
{Heap before GC invocations=127 (full 0):
 garbage-first heap   total 658432K, used 599730K [0x0000000080000000, 0x0000000100000000)
  region size 1024K, 32 young (32768K), 4 survivors (4096K)
 Metaspace       used 134018K, committed 136832K, reserved 557056K
  class space    used 18209K, committed 19584K, reserved 425984K
}
Event: 624.330 GC heap after
{Heap after GC invocations=128 (full 0):
 garbage-first heap   total 658432K, used 577115K [0x0000000080000000, 0x0000000100000000)
  region size 1024K, 4 young (4096K), 4 survivors (4096K)
 Metaspace       used 134018K, committed 136832K, reserved 557056K
  class space    used 18209K, committed 19584K, reserved 425984K
}
Event: 624.467 GC heap before
{Heap before GC invocations=128 (full 0):
 garbage-first heap   total 658432K, used 605787K [0x0000000080000000, 0x0000000100000000)
  region size 1024K, 32 young (32768K), 4 survivors (4096K)
 Metaspace       used 134047K, committed 136896K, reserved 557056K
  class space    used 18209K, committed 19584K, reserved 425984K
}
Event: 624.483 GC heap after
{Heap after GC invocations=129 (full 0):
 garbage-first heap   total 658432K, used 580579K [0x0000000080000000, 0x0000000100000000)
  region size 1024K, 3 young (3072K), 3 survivors (3072K)
 Metaspace       used 134047K, committed 136896K, reserved 557056K
  class space    used 18209K, committed 19584K, reserved 425984K
}
Event: 624.659 GC heap before
{Heap before GC invocations=129 (full 0):
 garbage-first heap   total 658432K, used 610275K [0x0000000080000000, 0x0000000100000000)
  region size 1024K, 32 young (32768K), 3 survivors (3072K)
 Metaspace       used 134071K, committed 136896K, reserved 557056K
  class space    used 18211K, committed 19584K, reserved 425984K
}
Event: 624.663 GC heap after
{Heap after GC invocations=130 (full 0):
 garbage-first heap   total 658432K, used 583870K [0x0000000080000000, 0x0000000100000000)
  region size 1024K, 4 young (4096K), 4 survivors (4096K)
 Metaspace       used 134071K, committed 136896K, reserved 557056K
  class space    used 18211K, committed 19584K, reserved 425984K
}
Event: 624.961 GC heap before
{Heap before GC invocations=130 (full 0):
 garbage-first heap   total 658432K, used 612542K [0x0000000080000000, 0x0000000100000000)
  region size 1024K, 32 young (32768K), 4 survivors (4096K)
 Metaspace       used 134111K, committed 136960K, reserved 557056K
  class space    used 18211K, committed 19584K, reserved 425984K
}
Event: 624.967 GC heap after
{Heap after GC invocations=131 (full 0):
 garbage-first heap   total 658432K, used 586495K [0x0000000080000000, 0x0000000100000000)
  region size 1024K, 4 young (4096K), 4 survivors (4096K)
 Metaspace       used 134111K, committed 136960K, reserved 557056K
  class space    used 18211K, committed 19584K, reserved 425984K
}
Event: 625.310 GC heap before
{Heap before GC invocations=131 (full 0):
 garbage-first heap   total 658432K, used 615167K [0x0000000080000000, 0x0000000100000000)
  region size 1024K, 32 young (32768K), 4 survivors (4096K)
 Metaspace       used 134171K, committed 137088K, reserved 557056K
  class space    used 18215K, committed 19648K, reserved 425984K
}
Event: 625.324 GC heap after
{Heap after GC invocations=132 (full 0):
 garbage-first heap   total 658432K, used 591480K [0x0000000080000000, 0x0000000100000000)
  region size 1024K, 4 young (4096K), 4 survivors (4096K)
 Metaspace       used 134171K, committed 137088K, reserved 557056K
  class space    used 18215K, committed 19648K, reserved 425984K
}
Event: 626.986 GC heap before
{Heap before GC invocations=133 (full 0):
 garbage-first heap   total 988160K, used 636536K [0x0000000080000000, 0x0000000100000000)
  region size 1024K, 48 young (49152K), 4 survivors (4096K)
 Metaspace       used 134151K, committed 137088K, reserved 557056K
  class space    used 18212K, committed 19648K, reserved 425984K
}
Event: 626.993 GC heap after
{Heap after GC invocations=134 (full 0):
 garbage-first heap   total 988160K, used 594696K [0x0000000080000000, 0x0000000100000000)
  region size 1024K, 3 young (3072K), 3 survivors (3072K)
 Metaspace       used 134151K, committed 137088K, reserved 557056K
  class space    used 18212K, committed 19648K, reserved 425984K
}

Deoptimization events (20 events):
Event: 626.444 Thread 0x0000022984f00840 Uncommon trap: trap_request=0xffffff45 fr.pc=0x00000229cdb0082c relative=0x000000000000120c
Event: 626.444 Thread 0x0000022984f00840 Uncommon trap: reason=unstable_if action=reinterpret pc=0x00000229cdb0082c method=java.util.concurrent.ConcurrentHashMap.putVal(Ljava/lang/Object;Ljava/lang/Object;Z)Ljava/lang/Object; @ 97 c2
Event: 626.444 Thread 0x0000022984f00840 DEOPT PACKING pc=0x00000229cdb0082c sp=0x000000f5e57fec20
Event: 626.444 Thread 0x0000022984f00840 DEOPT UNPACKING pc=0x00000229cd0423a3 sp=0x000000f5e57febc8 mode 2
Event: 626.841 Thread 0x00000229fe6c9e70 Uncommon trap: trap_request=0xffffffc6 fr.pc=0x00000229cde24c6c relative=0x0000000000000d6c
Event: 626.841 Thread 0x00000229fe6c9e70 Uncommon trap: reason=bimorphic_or_optimized_type_check action=maybe_recompile pc=0x00000229cde24c6c method=org.gradle.api.internal.provider.AbstractCollectingSupplier$1.lambda$visitContentProducerTasks$2(Lorg/gradle/api/Action;Lorg/gradle/api/internal/pr
Event: 626.841 Thread 0x00000229fe6c9e70 DEOPT PACKING pc=0x00000229cde24c6c sp=0x000000f5dc1fcb40
Event: 626.841 Thread 0x00000229fe6c9e70 DEOPT UNPACKING pc=0x00000229cd0423a3 sp=0x000000f5dc1fcac0 mode 2
Event: 626.841 Thread 0x00000229fe6c9e70 Uncommon trap: trap_request=0xffffffc6 fr.pc=0x00000229cde24c6c relative=0x0000000000000d6c
Event: 626.841 Thread 0x00000229fe6c9e70 Uncommon trap: reason=bimorphic_or_optimized_type_check action=maybe_recompile pc=0x00000229cde24c6c method=org.gradle.api.internal.provider.AbstractCollectingSupplier$1.lambda$visitContentProducerTasks$2(Lorg/gradle/api/Action;Lorg/gradle/api/internal/pr
Event: 626.841 Thread 0x00000229fe6c9e70 DEOPT PACKING pc=0x00000229cde24c6c sp=0x000000f5dc1fcb40
Event: 626.841 Thread 0x00000229fe6c9e70 DEOPT UNPACKING pc=0x00000229cd0423a3 sp=0x000000f5dc1fcac0 mode 2
Event: 626.841 Thread 0x00000229fe6c9e70 Uncommon trap: trap_request=0xffffffc6 fr.pc=0x00000229cde24c6c relative=0x0000000000000d6c
Event: 626.841 Thread 0x00000229fe6c9e70 Uncommon trap: reason=bimorphic_or_optimized_type_check action=maybe_recompile pc=0x00000229cde24c6c method=org.gradle.api.internal.provider.AbstractCollectingSupplier$1.lambda$visitContentProducerTasks$2(Lorg/gradle/api/Action;Lorg/gradle/api/internal/pr
Event: 626.841 Thread 0x00000229fe6c9e70 DEOPT PACKING pc=0x00000229cde24c6c sp=0x000000f5dc1fca90
Event: 626.841 Thread 0x00000229fe6c9e70 DEOPT UNPACKING pc=0x00000229cd0423a3 sp=0x000000f5dc1fca10 mode 2
Event: 626.841 Thread 0x00000229fe6c9e70 Uncommon trap: trap_request=0xffffffc6 fr.pc=0x00000229cde24c6c relative=0x0000000000000d6c
Event: 626.841 Thread 0x00000229fe6c9e70 Uncommon trap: reason=bimorphic_or_optimized_type_check action=maybe_recompile pc=0x00000229cde24c6c method=org.gradle.api.internal.provider.AbstractCollectingSupplier$1.lambda$visitContentProducerTasks$2(Lorg/gradle/api/Action;Lorg/gradle/api/internal/pr
Event: 626.841 Thread 0x00000229fe6c9e70 DEOPT PACKING pc=0x00000229cde24c6c sp=0x000000f5dc1fca90
Event: 626.841 Thread 0x00000229fe6c9e70 DEOPT UNPACKING pc=0x00000229cd0423a3 sp=0x000000f5dc1fca10 mode 2

Classes unloaded (6 events):
Event: 625.414 Thread 0x00000229dc73d3c0 Unloading class 0x00000229e002e000 'java/lang/invoke/LambdaForm$MH+0x00000229e002e000'
Event: 625.416 Thread 0x00000229dc73d3c0 Unloading class 0x00000229e002dc00 'java/lang/invoke/LambdaForm$MH+0x00000229e002dc00'
Event: 625.416 Thread 0x00000229dc73d3c0 Unloading class 0x00000229e002d800 'java/lang/invoke/LambdaForm$MH+0x00000229e002d800'
Event: 625.416 Thread 0x00000229dc73d3c0 Unloading class 0x00000229e002d400 'java/lang/invoke/LambdaForm$MH+0x00000229e002d400'
Event: 625.416 Thread 0x00000229dc73d3c0 Unloading class 0x00000229e002cc00 'java/lang/invoke/LambdaForm$MH+0x00000229e002cc00'
Event: 625.416 Thread 0x00000229dc73d3c0 Unloading class 0x00000229e002c800 'java/lang/invoke/LambdaForm$MH+0x00000229e002c800'

Classes redefined (0 events):
No events

Internal exceptions (20 events):
Event: 626.498 Thread 0x00000229816e6980 Exception <a 'sun/nio/fs/WindowsException'{0x00000000bb2eb3c0}> (0x00000000bb2eb3c0) 
thrown [s\open\src\hotspot\share\prims\jni.cpp, line 516]
Event: 626.537 Thread 0x00000229816e6980 Exception <a 'sun/nio/fs/WindowsException'{0x00000000bb186ea8}> (0x00000000bb186ea8) 
thrown [s\open\src\hotspot\share\prims\jni.cpp, line 516]
Event: 626.556 Thread 0x00000229862aa020 Exception <a 'sun/nio/fs/WindowsException'{0x00000000bb02c9e0}> (0x00000000bb02c9e0) 
thrown [s\open\src\hotspot\share\prims\jni.cpp, line 516]
Event: 626.567 Thread 0x00000229862aa020 Exception <a 'sun/nio/fs/WindowsException'{0x00000000bb0bb140}> (0x00000000bb0bb140) 
thrown [s\open\src\hotspot\share\prims\jni.cpp, line 516]
Event: 626.577 Thread 0x00000229862aa020 Exception <a 'sun/nio/fs/WindowsException'{0x00000000baf47f70}> (0x00000000baf47f70) 
thrown [s\open\src\hotspot\share\prims\jni.cpp, line 516]
Event: 626.588 Thread 0x00000229816e5f60 Exception <a 'sun/nio/fs/WindowsException'{0x00000000bafd4978}> (0x00000000bafd4978) 
thrown [s\open\src\hotspot\share\prims\jni.cpp, line 516]
Event: 626.606 Thread 0x00000229816e5f60 Exception <a 'sun/nio/fs/WindowsException'{0x00000000bae5ca88}> (0x00000000bae5ca88) 
thrown [s\open\src\hotspot\share\prims\jni.cpp, line 516]
Event: 626.620 Thread 0x00000229816e5f60 Exception <a 'sun/nio/fs/WindowsException'{0x00000000baeef4c8}> (0x00000000baeef4c8) 
thrown [s\open\src\hotspot\share\prims\jni.cpp, line 516]
Event: 626.634 Thread 0x00000229816e5f60 Exception <a 'sun/nio/fs/WindowsException'{0x00000000bad82058}> (0x00000000bad82058) 
thrown [s\open\src\hotspot\share\prims\jni.cpp, line 516]
Event: 626.643 Thread 0x00000229816e5f60 Exception <a 'sun/nio/fs/WindowsException'{0x00000000bac0f7c8}> (0x00000000bac0f7c8) 
thrown [s\open\src\hotspot\share\prims\jni.cpp, line 516]
Event: 626.654 Thread 0x00000229816e5f60 Exception <a 'sun/nio/fs/WindowsException'{0x00000000baca0270}> (0x00000000baca0270) 
thrown [s\open\src\hotspot\share\prims\jni.cpp, line 516]
Event: 626.667 Thread 0x00000229816e5f60 Exception <a 'sun/nio/fs/WindowsException'{0x00000000bab291d8}> (0x00000000bab291d8) 
thrown [s\open\src\hotspot\share\prims\jni.cpp, line 516]
Event: 626.680 Thread 0x00000229816e5f60 Exception <a 'sun/nio/fs/WindowsException'{0x00000000babb9888}> (0x00000000babb9888) 
thrown [s\open\src\hotspot\share\prims\jni.cpp, line 516]
Event: 626.690 Thread 0x00000229816e5f60 Exception <a 'sun/nio/fs/WindowsException'{0x00000000baa47f60}> (0x00000000baa47f60) 
thrown [s\open\src\hotspot\share\prims\jni.cpp, line 516]
Event: 626.708 Thread 0x00000229fe6ca890 Exception <a 'sun/nio/fs/WindowsException'{0x00000000baae9a48}> (0x00000000baae9a48) 
thrown [s\open\src\hotspot\share\prims\jni.cpp, line 516]
Event: 626.732 Thread 0x00000229fe6ca890 Exception <a 'sun/nio/fs/WindowsException'{0x00000000ba98c830}> (0x00000000ba98c830) 
thrown [s\open\src\hotspot\share\prims\jni.cpp, line 516]
Event: 626.750 Thread 0x00000229816e6e90 Exception <a 'sun/nio/fs/WindowsException'{0x00000000ba81dcb8}> (0x00000000ba81dcb8) 
thrown [s\open\src\hotspot\share\prims\jni.cpp, line 516]
Event: 626.772 Thread 0x00000229816e6e90 Exception <a 'sun/nio/fs/WindowsException'{0x00000000ba8aaa78}> (0x00000000ba8aaa78) 
thrown [s\open\src\hotspot\share\prims\jni.cpp, line 516]
Event: 626.787 Thread 0x00000229816e6e90 Exception <a 'sun/nio/fs/WindowsException'{0x00000000ba73b050}> (0x00000000ba73b050) 
thrown [s\open\src\hotspot\share\prims\jni.cpp, line 516]
Event: 626.804 Thread 0x00000229816e6e90 Exception <a 'sun/nio/fs/WindowsException'{0x00000000ba7ce530}> (0x00000000ba7ce530) 
thrown [s\open\src\hotspot\share\prims\jni.cpp, line 516]

VM Operations (20 events):
Event: 624.159 Executing VM operation: G1CollectForAllocation
Event: 624.166 Executing VM operation: G1CollectForAllocation done
Event: 624.324 Executing VM operation: G1CollectForAllocation
Event: 624.330 Executing VM operation: G1CollectForAllocation done
Event: 624.467 Executing VM operation: G1CollectForAllocation
Event: 624.483 Executing VM operation: G1CollectForAllocation done
Event: 624.656 Executing VM operation: G1CollectForAllocation
Event: 624.663 Executing VM operation: G1CollectForAllocation done
Event: 624.949 Executing VM operation: G1CollectForAllocation
Event: 624.968 Executing VM operation: G1CollectForAllocation done
Event: 625.302 Executing VM operation: G1CollectForAllocation
Event: 625.324 Executing VM operation: G1CollectForAllocation done
Event: 625.411 Executing VM operation: G1Concurrent
Event: 625.609 Executing VM operation: G1Concurrent done
Event: 625.830 Executing VM operation: G1Concurrent
Event: 625.846 Executing VM operation: G1Concurrent done
Event: 626.849 Executing VM operation: Cleanup
Event: 626.849 Executing VM operation: Cleanup done
Event: 626.986 Executing VM operation: G1CollectForAllocation
Event: 626.993 Executing VM operation: G1CollectForAllocation done

Events (20 events):
Event: 621.956 Thread 0x00000229857efa60 Thread exited: 0x00000229857efa60
Event: 622.087 Thread 0x000002298c8586f0 Thread added: 0x000002298c8586f0
Event: 622.088 Thread 0x000002298c858c40 Thread added: 0x000002298c858c40
Event: 623.428 Thread 0x000002298c858c40 Thread exited: 0x000002298c858c40
Event: 623.428 Thread 0x000002298c8586f0 Thread exited: 0x000002298c8586f0
Event: 623.466 Thread 0x0000022985dafb10 Thread added: 0x0000022985dafb10
Event: 623.783 Thread 0x0000022985dafb10 Thread exited: 0x0000022985dafb10
Event: 623.955 Thread 0x000002298091e0d0 Thread added: 0x000002298091e0d0
Event: 624.147 Thread 0x00000229dc762bd0 flushing nmethod 0x00000229c67ce910
Event: 624.147 Thread 0x00000229dc762bd0 flushing nmethod 0x00000229c68ed990
Event: 624.148 Thread 0x00000229dc762bd0 flushing nmethod 0x00000229c6a8ba90
Event: 624.149 Thread 0x00000229dc762bd0 flushing nmethod 0x00000229c6b27410
Event: 624.149 Thread 0x00000229dc762bd0 flushing nmethod 0x00000229c6b64410
Event: 624.149 Thread 0x00000229dc762bd0 flushing nmethod 0x00000229c6b6c690
Event: 624.153 Thread 0x00000229dc762bd0 flushing nmethod 0x00000229c6e1b210
Event: 624.154 Thread 0x00000229dc762bd0 flushing nmethod 0x00000229c6fe2510
Event: 624.173 Thread 0x00000229dc762bd0 flushing nmethod 0x00000229c8196b90
Event: 625.116 Thread 0x00000229862a77a0 Thread added: 0x00000229862a77a0
Event: 625.609 Thread 0x000002298091e0d0 Thread exited: 0x000002298091e0d0
Event: 625.794 Thread 0x0000022982f67dd0 Thread exited: 0x0000022982f67dd0


Dynamic libraries:
0x00007ff7d7650000 - 0x00007ff7d7660000 	C:\Program Files\Java\jdk-17\bin\java.exe
0x00007ffa83c80000 - 0x00007ffa83ee7000 	C:\WINDOWS\SYSTEM32\ntdll.dll
0x00007ffa82400000 - 0x00007ffa824c9000 	C:\WINDOWS\System32\KERNEL32.DLL
0x00007ffa80ff0000 - 0x00007ffa813e4000 	C:\WINDOWS\System32\KERNELBASE.dll
0x00007ffa813f0000 - 0x00007ffa8153b000 	C:\WINDOWS\System32\ucrtbase.dll
0x00007ffa7b670000 - 0x00007ffa7b68b000 	C:\Program Files\Java\jdk-17\bin\VCRUNTIME140.dll
0x00007ffa7d950000 - 0x00007ffa7d969000 	C:\Program Files\Java\jdk-17\bin\jli.dll
0x00007ffa824d0000 - 0x00007ffa82586000 	C:\WINDOWS\System32\ADVAPI32.dll
0x00007ffa83320000 - 0x00007ffa833c9000 	C:\WINDOWS\System32\msvcrt.dll
0x00007ffa82320000 - 0x00007ffa823c7000 	C:\WINDOWS\System32\sechost.dll
0x00007ffa83b20000 - 0x00007ffa83c38000 	C:\WINDOWS\System32\RPCRT4.dll
0x00007ffa829a0000 - 0x00007ffa82b65000 	C:\WINDOWS\System32\USER32.dll
0x00007ffa817f0000 - 0x00007ffa81817000 	C:\WINDOWS\System32\win32u.dll
0x00007ffa82e60000 - 0x00007ffa82e8b000 	C:\WINDOWS\System32\GDI32.dll
0x00007ffa81820000 - 0x00007ffa8194b000 	C:\WINDOWS\System32\gdi32full.dll
0x00007ffa5c0b0000 - 0x00007ffa5c343000 	C:\WINDOWS\WinSxS\amd64_microsoft.windows.common-controls_6595b64144ccf1df_6.0.26100.8115_none_3e075c82e3354f9c\COMCTL32.dll
0x00007ffa81740000 - 0x00007ffa817e3000 	C:\WINDOWS\System32\msvcp_win.dll
0x00007ffa781c0000 - 0x00007ffa781cb000 	C:\WINDOWS\SYSTEM32\VERSION.dll
0x00007ffa82e20000 - 0x00007ffa82e52000 	C:\WINDOWS\System32\IMM32.DLL
0x00007ffa7d930000 - 0x00007ffa7d93c000 	C:\Program Files\Java\jdk-17\bin\vcruntime140_1.dll
0x00007ffa72c20000 - 0x00007ffa72cae000 	C:\Program Files\Java\jdk-17\bin\msvcp140.dll
0x00007ff9add90000 - 0x00007ff9ae971000 	C:\Program Files\Java\jdk-17\bin\server\jvm.dll
0x00007ffa82270000 - 0x00007ffa82278000 	C:\WINDOWS\System32\PSAPI.DLL
0x00007ffa50350000 - 0x00007ffa5035a000 	C:\WINDOWS\SYSTEM32\WSOCK32.dll
0x00007ffa6b820000 - 0x00007ffa6b856000 	C:\WINDOWS\SYSTEM32\WINMM.dll
0x00007ffa83a00000 - 0x00007ffa83a80000 	C:\WINDOWS\System32\WS2_32.dll
0x00007ffa7f210000 - 0x00007ffa7f22b000 	C:\WINDOWS\SYSTEM32\kernel.appcore.dll
0x00007ffa7b6b0000 - 0x00007ffa7b6ba000 	C:\Program Files\Java\jdk-17\bin\jimage.dll
0x00007ffa7e000000 - 0x00007ffa7e242000 	C:\WINDOWS\SYSTEM32\DBGHELP.DLL
0x00007ffa834d0000 - 0x00007ffa83852000 	C:\WINDOWS\System32\combase.dll
0x00007ffa82590000 - 0x00007ffa82668000 	C:\WINDOWS\System32\OLEAUT32.dll
0x00007ffa54260000 - 0x00007ffa5429b000 	C:\WINDOWS\SYSTEM32\dbgcore.DLL
0x00007ffa80550000 - 0x00007ffa805f5000 	C:\WINDOWS\System32\bcryptPrimitives.dll
0x00007ffa72b60000 - 0x00007ffa72b6e000 	C:\Program Files\Java\jdk-17\bin\instrument.dll
0x00007ffa72bf0000 - 0x00007ffa72c15000 	C:\Program Files\Java\jdk-17\bin\java.dll
0x00007ffa53460000 - 0x00007ffa53537000 	C:\Program Files\Java\jdk-17\bin\jsvml.dll
0x00007ffa81a10000 - 0x00007ffa82177000 	C:\WINDOWS\System32\SHELL32.dll
0x00007ffa815d0000 - 0x00007ffa8173a000 	C:\WINDOWS\System32\wintypes.dll
0x00007ffa80600000 - 0x00007ffa80e68000 	C:\WINDOWS\System32\windows.storage.dll
0x00007ffa82670000 - 0x00007ffa82768000 	C:\WINDOWS\System32\SHCORE.dll
0x00007ffa83a90000 - 0x00007ffa83af6000 	C:\WINDOWS\System32\shlwapi.dll
0x00007ffa80470000 - 0x00007ffa80499000 	C:\WINDOWS\SYSTEM32\profapi.dll
0x00007ffa72bb0000 - 0x00007ffa72bc8000 	C:\Program Files\Java\jdk-17\bin\zip.dll
0x00007ffa73220000 - 0x00007ffa73239000 	C:\Program Files\Java\jdk-17\bin\net.dll
0x00007ffa72d30000 - 0x00007ffa72e5d000 	C:\WINDOWS\SYSTEM32\WINHTTP.dll
0x00007ffa7f850000 - 0x00007ffa7f8bc000 	C:\WINDOWS\system32\mswsock.dll
0x00007ffa72bd0000 - 0x00007ffa72be6000 	C:\Program Files\Java\jdk-17\bin\nio.dll
0x00007ffa72b80000 - 0x00007ffa72b90000 	C:\Program Files\Java\jdk-17\bin\verify.dll
0x00007ffa37fb0000 - 0x00007ffa37fd7000 	C:\Users\jibri\.gradle\native\1def1411415f61bf3af743bc5b6707747c0891f09f0c88961ee8f79bc544acac\windows-amd64\native-platform.dll
0x00007ff9f50e0000 - 0x00007ff9f5157000 	C:\Users\jibri\.gradle\native\0.2.8\x86_64-windows-gnu\gradle-fileevents.dll
0x00007ffa72ba0000 - 0x00007ffa72baa000 	C:\Program Files\Java\jdk-17\bin\management.dll
0x00007ffa72b90000 - 0x00007ffa72b9b000 	C:\Program Files\Java\jdk-17\bin\management_ext.dll
0x00007ffa7ecd0000 - 0x00007ffa7ed02000 	C:\WINDOWS\SYSTEM32\IPHLPAPI.DLL
0x00007ffa82310000 - 0x00007ffa8231a000 	C:\WINDOWS\System32\NSI.dll
0x00007ffa77540000 - 0x00007ffa7755d000 	C:\WINDOWS\SYSTEM32\dhcpcsvc6.DLL
0x00007ffa6f070000 - 0x00007ffa6f095000 	C:\WINDOWS\SYSTEM32\dhcpcsvc.DLL
0x00007ffa7ed70000 - 0x00007ffa7eea2000 	C:\WINDOWS\SYSTEM32\DNSAPI.dll
0x00007ffa7fb30000 - 0x00007ffa7fb4b000 	C:\WINDOWS\SYSTEM32\CRYPTSP.dll
0x00007ffa7f230000 - 0x00007ffa7f269000 	C:\WINDOWS\system32\rsaenh.dll
0x00007ffa7f900000 - 0x00007ffa7f933000 	C:\WINDOWS\SYSTEM32\USERENV.dll
0x00007ffa80440000 - 0x00007ffa8046a000 	C:\WINDOWS\SYSTEM32\bcrypt.dll
0x00007ffa7fb50000 - 0x00007ffa7fb5c000 	C:\WINDOWS\SYSTEM32\CRYPTBASE.dll
0x00007ffa72b50000 - 0x00007ffa72b5e000 	C:\Program Files\Java\jdk-17\bin\sunmscapi.dll
0x00007ffa80e70000 - 0x00007ffa80fe7000 	C:\WINDOWS\System32\CRYPT32.dll
0x00007ffa7fd50000 - 0x00007ffa7fd80000 	C:\WINDOWS\SYSTEM32\ncrypt.dll
0x00007ffa7fd00000 - 0x00007ffa7fd3f000 	C:\WINDOWS\SYSTEM32\NTASN1.dll
0x00007ffa59710000 - 0x00007ffa59718000 	C:\WINDOWS\system32\wshunix.dll

dbghelp: loaded successfully - version: 4.0.5 - missing functions: none
symbol engine: initialized successfully - sym options: 0x614 - pdb path: .;C:\Program Files\Java\jdk-17\bin;C:\WINDOWS\SYSTEM32;C:\WINDOWS\WinSxS\amd64_microsoft.windows.common-controls_6595b64144ccf1df_6.0.26100.8115_none_3e075c82e3354f9c;C:\Program Files\Java\jdk-17\bin\server;C:\Users\jibri\.gradle\native\1def1411415f61bf3af743bc5b6707747c0891f09f0c88961ee8f79bc544acac\windows-amd64;C:\Users\jibri\.gradle\native\0.2.8\x86_64-windows-gnu

VM Arguments:
jvm_args: --add-opens=java.base/java.lang=ALL-UNNAMED --add-opens=java.base/java.lang.invoke=ALL-UNNAMED --add-opens=java.base/java.util=ALL-UNNAMED --add-opens=java.prefs/java.util.prefs=ALL-UNNAMED --add-exports=jdk.compiler/com.sun.tools.javac.api=ALL-UNNAMED --add-exports=jdk.compiler/com.sun.tools.javac.util=ALL-UNNAMED --add-opens=java.base/java.util=ALL-UNNAMED --add-opens=java.prefs/java.util.prefs=ALL-UNNAMED --add-opens=java.base/java.nio.charset=ALL-UNNAMED --add-opens=java.base/java.net=ALL-UNNAMED --add-opens=java.base/java.util.concurrent=ALL-UNNAMED --add-opens=java.base/java.util.concurrent.atomic=ALL-UNNAMED --add-opens=java.xml/javax.xml.namespace=ALL-UNNAMED -XX:MaxMetaspaceSize=512m -Xmx2048m -Dfile.encoding=windows-1252 -Duser.country=PH -Duser.language=en -Duser.variant -javaagent:C:\Users\jibri\.gradle\wrapper\dists\gradle-9.0.0-bin\d6wjpkvcgsg3oed0qlfss3wgl\gradle-9.0.0\lib\agents\gradle-instrumentation-agent-9.0.0.jar 
java_command: org.gradle.launcher.daemon.bootstrap.GradleDaemon 9.0.0
java_class_path (initial): C:\Users\jibri\.gradle\wrapper\dists\gradle-9.0.0-bin\d6wjpkvcgsg3oed0qlfss3wgl\gradle-9.0.0\lib\gradle-daemon-main-9.0.0.jar
Launcher Type: SUN_STANDARD

[Global flags]
     intx CICompilerCount                          = 12                                        {product} {ergonomic}
   size_t CompressedClassSpaceSize                 = 436207616                                 {product} {ergonomic}
     uint ConcGCThreads                            = 4                                         {product} {ergonomic}
     uint G1ConcRefinementThreads                  = 15                                        {product} {ergonomic}
   size_t G1HeapRegionSize                         = 1048576                                   {product} {ergonomic}
    uintx GCDrainStackTargetSize                   = 64                                        {product} {ergonomic}
   size_t InitialHeapSize                          = 130023424                                 {product} {ergonomic}
   size_t MarkStackSize                            = 4194304                                   {product} {ergonomic}
   size_t MaxHeapSize                              = 2147483648                                {product} {command line}
   size_t MaxMetaspaceSize                         = 536870912                                 {product} {command line}
   size_t MaxNewSize                               = 1287651328                                {product} {ergonomic}
   size_t MinHeapDeltaBytes                        = 1048576                                   {product} {ergonomic}
   size_t MinHeapSize                              = 8388608                                   {product} {ergonomic}
    uintx NonNMethodCodeHeapSize                   = 7602480                                {pd product} {ergonomic}
    uintx NonProfiledCodeHeapSize                  = 122027880                              {pd product} {ergonomic}
    uintx ProfiledCodeHeapSize                     = 122027880                              {pd product} {ergonomic}
    uintx ReservedCodeCacheSize                    = 251658240                              {pd product} {ergonomic}
     bool SegmentedCodeCache                       = true                                      {product} {ergonomic}
   size_t SoftMaxHeapSize                          = 2147483648                             {manageable} {ergonomic}
     bool UseCompressedClassPointers               = true                           {product lp64_product} {ergonomic}
     bool UseCompressedOops                        = true                           {product lp64_product} {ergonomic}
     bool UseG1GC                                  = true                                      {product} {ergonomic}
     bool UseLargePagesIndividualAllocation        = false                                  {pd product} {ergonomic}

Logging:
Log output configuration:
 #0: stdout all=warning uptime,level,tags
 #1: stderr all=off uptime,level,tags

Environment Variables:
JAVA_HOME=C:\Program Files\Java\jdk-17
PATH=C:\rubi_web\CISC_Capstone\MiscueReading\node_modules\.bin;C:\rubi_web\CISC_Capstone\node_modules\.bin;C:\rubi_web\node_modules\.bin;C:\node_modules\.bin;C:\Users\jibri\CONFIG~1\herd\bin\nvm\v22.9.0\node_modules\npm\node_modules\@npmcli\run-script\lib\node-gyp-bin;C:\Users\jibri\bin;C:\Program Files\Git\mingw64\bin;C:\Program Files\Git\usr\local\bin;C:\Program Files\Git\usr\bin;C:\Program Files\Git\usr\bin;C:\Program Files\Git\mingw64\bin;C:\Program Files\Git\usr\bin;C:\Users\jibri\bin;C:\Program Files\Microsoft\jdk-17.0.16.8-hotspot\bin;C:\ProgramData\Oracle\Java\javapath;C:\Program Files\NVIDIA GPU Computing Toolkit\CUDA\v12.8\bin;C:\Program Files\NVIDIA GPU Computing Toolkit\CUDA\v12.8\libnvvp;C:\Program Files\Common Files\Oracle\Java\javapath;C:\PHP\phpoldversion;C:\Windows\system32;C:\Windows;C:\Windows\System32\Wbem;C:\Windows\System32\WindowsPowerShell\v1.0;C:\Windows\System32\OpenSSH;C:\Program Files (x86)\NVIDIA Corporation\PhysX\Common;C:\Program Files\Microsoft SQL Server\150\Tools\Binn;C:\Program Files\Microsoft SQL Server\Client SDK\ODBC\170\Tools\Binn;C:\ProgramData\ComposerSetup\bin;C:\Users\jibri\.config\herd\bin\nvm;C:\Program Files\nodejs;C:\Program Files\Java\jdk-17\bin;C:\xampp\php;C:\WINDOWS\system32;C:\WINDOWS;C:\WINDOWS\System32\Wbem;C:\WINDOWS\System32\WindowsPowerShell\v1.0;C:\WINDOWS\System32\OpenSSH;C:\Program Files\nodejs;C:\Program Files\Git\cmd;C:\Program Files\Git\usr\bin;C:\Users\jibri\AppData\Local\Pub\Cache\bin;C:\Program Files\NVIDIA Corporation\NVIDIA app\NvDLISR;C:\Program Files\heroku\bin;C:\Program Files\NVIDIA Corporation\Nsight Compute 2025.1.1;C:\ProgramData\chocolatey\bin;C:\Users\jibri\AppData\Local\Programs\Python\Python310\Scripts;C:\Program Files\dotnet;C:\Program Files (x86)\Windows Kits\10\Windows Performance Toolkit;C:\Users\jibri\AppData\Local\Android\Sdk\platform-tools;C:\Program Files\Docker\Docker\resources\bin;C:\Program Files\MySQL\MySQL Shell 8.0\bin;C:\Users\jibri\AppData\Local\Programs\Python\Python310\Scri
USERNAME=jibri
SHELL=C:\Program Files\Git\usr\bin\bash.exe
DISPLAY=needs-to-be-defined
LANG=en_US.UTF-8
OS=Windows_NT
PROCESSOR_IDENTIFIER=Intel64 Family 6 Model 191 Stepping 2, GenuineIntel



---------------  S Y S T E M  ---------------

OS:
 Windows 11 , 64 bit Build 26100 (10.0.26100.8246)
OS uptime: 0 days 0:55 hours
Hyper-V role detected

CPU: total 20 (initial active 20) (10 cores per cpu, 2 threads per core) family 6 model 191 stepping 2 microcode 0x2c, cx8, cmov, fxsr, ht, mmx, 3dnowpref, sse, sse2, sse3, ssse3, sse4.1, sse4.2, popcnt, lzcnt, tsc, tscinvbit, avx, avx2, aes, erms, clmul, bmi1, bmi2, adx, sha, fma, vzeroupper, clflush, clflushopt, clwb, hv

Memory: 4k page, system-wide physical 7911M (710M free)
TotalPageFile size 29983M (AvailPageFile size 47M)
current process WorkingSet (physical memory assigned to process): 784M, peak: 1007M
current process commit charge ("private bytes"): 1500M, peak: 1522M

vm_info: Java HotSpot(TM) 64-Bit Server VM (17.0.14+8-LTS-191) for windows-amd64 JRE (17.0.14+8-LTS-191), built on Dec  3 2024 11:07:59 by "mach5one" with MS VC++ 17.6 (VS2022)

END.
