#
# There is insufficient memory for the Java Runtime Environment to continue.
# Native memory allocation (mmap) failed to map 262144000 bytes for G1 virtual space
# Possible reasons:
#   The system is out of physical RAM or swap space
#   The process is running with CompressedOops enabled, and the Java Heap may be blocking the growth of the native heap
# Possible solutions:
#   Reduce memory load on the system
#   Increase physical memory or swap space
#   Check if swap backing store is full
#   Decrease Java heap size (-Xmx/-Xms)
#   Decrease number of Java threads
#   Decrease Java thread stack sizes (-Xss)
#   Set larger code cache with -XX:ReservedCodeCacheSize=
#   JVM is running with Unscaled Compressed Oops mode in which the Java heap is
#     placed in the first 4GB address space. The Java Heap base address is the
#     maximum limit for the native heap growth. Please use -XX:HeapBaseMinAddress
#     to set the Java Heap base and to place the Java Heap above 4GB virtual address.
# This output file may be truncated or incomplete.
#
#  Out of Memory Error (os_windows.cpp:3551), pid=33420, tid=33580
#
# JRE version: Java(TM) SE Runtime Environment (17.0.14+8) (build 17.0.14+8-LTS-191)
# Java VM: Java HotSpot(TM) 64-Bit Server VM (17.0.14+8-LTS-191, mixed mode, sharing, tiered, compressed oops, compressed class ptrs, g1 gc, windows-amd64)
# No core dump will be written. Minidumps are not enabled by default on client versions of Windows
#

---------------  S U M M A R Y ------------

Command Line: --add-opens=java.base/java.lang=ALL-UNNAMED --add-opens=java.base/java.lang.invoke=ALL-UNNAMED --add-opens=java.base/java.util=ALL-UNNAMED --add-opens=java.prefs/java.util.prefs=ALL-UNNAMED --add-exports=jdk.compiler/com.sun.tools.javac.api=ALL-UNNAMED --add-exports=jdk.compiler/com.sun.tools.javac.util=ALL-UNNAMED --add-opens=java.base/java.util=ALL-UNNAMED --add-opens=java.prefs/java.util.prefs=ALL-UNNAMED --add-opens=java.base/java.nio.charset=ALL-UNNAMED --add-opens=java.base/java.net=ALL-UNNAMED --add-opens=java.base/java.util.concurrent=ALL-UNNAMED --add-opens=java.base/java.util.concurrent.atomic=ALL-UNNAMED --add-opens=java.xml/javax.xml.namespace=ALL-UNNAMED -XX:MaxMetaspaceSize=512m -Xmx2048m -Dfile.encoding=windows-1252 -Duser.country=PH -Duser.language=en -Duser.variant -javaagent:C:\Users\jibri\.gradle\wrapper\dists\gradle-9.0.0-bin\d6wjpkvcgsg3oed0qlfss3wgl\gradle-9.0.0\lib\agents\gradle-instrumentation-agent-9.0.0.jar org.gradle.launcher.daemon.bootstrap.GradleDaemon 9.0.0

Host: 13th Gen Intel(R) Core(TM) i5-13500HX, 20 cores, 7G,  Windows 11 , 64 bit Build 26100 (10.0.26100.8328)
Time: Sat Jun 13 15:34:55 2026 Malay Peninsula Standard Time elapsed time: 76.622367 seconds (0d 0h 1m 16s)

---------------  T H R E A D  ---------------

Current thread (0x000001a178355390):  VMThread "VM Thread" [stack: 0x00000075a0100000,0x00000075a0200000] [id=33580]

Stack: [0x00000075a0100000,0x00000075a0200000]
Native frames: (J=compiled Java code, j=interpreted, Vv=VM code, C=native code)
V  [jvm.dll+0x67a38a]
V  [jvm.dll+0x7da7ed]
V  [jvm.dll+0x7dc133]
V  [jvm.dll+0x7dc7a3]
V  [jvm.dll+0x24517f]
V  [jvm.dll+0x6773b9]
V  [jvm.dll+0x66c062]
V  [jvm.dll+0x302096]
V  [jvm.dll+0x309636]
V  [jvm.dll+0x359f8e]
V  [jvm.dll+0x35a1bf]
V  [jvm.dll+0x2d9168]
V  [jvm.dll+0x2dc1d6]
V  [jvm.dll+0x2e68db]
V  [jvm.dll+0x31a960]
V  [jvm.dll+0x7e109b]
V  [jvm.dll+0x7e1dd4]
V  [jvm.dll+0x7e22ed]
V  [jvm.dll+0x7e26c4]
V  [jvm.dll+0x7e2790]
V  [jvm.dll+0x78b04a]
V  [jvm.dll+0x679275]
C  [ucrtbase.dll+0x37b0]
C  [KERNEL32.DLL+0x2e957]
C  [ntdll.dll+0x427c]

VM_Operation (0x000000759fdff440): G1Concurrent, mode: safepoint, requested by thread 0x000001a159262990


---------------  P R O C E S S  ---------------

Threads class SMR info:
_java_thread_list=0x000001a126e8e590, length=327, elements={
0x000001a1591f3d00, 0x000001a1784730a0, 0x000001a178475590, 0x000001a1784845b0,
0x000001a178484a90, 0x000001a178484f70, 0x000001a178489460, 0x000001a17848dd40,
0x000001a178496320, 0x000001a17849a2d0, 0x000001a17859ef90, 0x000001a1786f4f40,
0x000001a17e450ed0, 0x000001a17e72e5d0, 0x000001a17e74a8f0, 0x000001a17e6c25e0,
0x000001a17e6de4d0, 0x000001a17e8f6910, 0x000001a17e8f8770, 0x000001a17e8f8260,
0x000001a17e8f7330, 0x000001a17e8f7d50, 0x000001a17e8f96a0, 0x000001a17e8f7840,
0x000001a17e8f6e20, 0x000001a17e8f8c80, 0x000001a17e8f9190, 0x000001a17e8f5ef0,
0x000001a17e8f6400, 0x000001a11c131890, 0x000001a11c131da0, 0x000001a11c1322b0,
0x000001a11c131380, 0x000001a11c130960, 0x000001a11c12f520, 0x000001a11c130e70,
0x000001a11c12ff40, 0x000001a11c12fa30, 0x000001a11c12f010, 0x000001a11c135a60,
0x000001a11c133c00, 0x000001a11c134110, 0x000001a11c132cd0, 0x000001a11c134b30,
0x000001a11c1331e0, 0x000001a11c1336f0, 0x000001a11c135040, 0x000001a11c135550,
0x000001a11c135f70, 0x000001a11c134620, 0x000001a11c136480, 0x000001a11c136990,
0x000001a11d4d7410, 0x000001a11d4d50a0, 0x000001a11d4d64e0, 0x000001a11d4d5ac0,
0x000001a11d4d5fd0, 0x000001a11d4d69f0, 0x000001a11d4d6f00, 0x000001a11d4d8850,
0x000001a11d4d8d60, 0x000001a11d4d7920, 0x000001a11d4d55b0, 0x000001a11d4d9270,
0x000001a11d4db5e0, 0x000001a11d4d9c90, 0x000001a11d4d7e30, 0x000001a11d4da1a0,
0x000001a11d4dbaf0, 0x000001a11d4d9780, 0x000001a11d4d8340, 0x000001a11d4da6b0,
0x000001a11d4dabc0, 0x000001a11d4db0d0, 0x000001a11d4dc000, 0x000001a11d4dca20,
0x000001a11d4dc510, 0x000001a17d67a170, 0x000001a17d67a680, 0x000001a17d67b0a0,
0x000001a17d67ab90, 0x000001a17d6778f0, 0x000001a17d677e00, 0x000001a17d678310,
0x000001a17d679750, 0x000001a17d679c60, 0x000001a17d67b5b0, 0x000001a17d67bac0,
0x000001a17d67bfd0, 0x000001a17d678820, 0x000001a17d67c4e0, 0x000001a17d678d30,
0x000001a17d67c9f0, 0x000001a17d679240, 0x000001a17d67d410, 0x000001a17d67f270,
0x000001a17d67cf00, 0x000001a17d67d920, 0x000001a17d67e340, 0x000001a17d67e850,
0x000001a11dce8240, 0x000001a11dce63e0, 0x000001a11dce6e00, 0x000001a11dce68f0,
0x000001a11dce8750, 0x000001a11dce4fa0, 0x000001a11dce7310, 0x000001a11dce7820,
0x000001a11dce8c60, 0x000001a11dce7d30, 0x000001a11dce54b0, 0x000001a11dcec920,
0x000001a11dce9170, 0x000001a11dce9b90, 0x000001a11dceaac0, 0x000001a11dcebf00,
0x000001a11dce9680, 0x000001a11dceafd0, 0x000001a11dcea0a0, 0x000001a11dcec410,
0x000001a11dcea5b0, 0x000001a11dceb4e0, 0x000001a11dceb9f0, 0x000001a11d158900,
0x000001a11d15a760, 0x000001a11d1583f0, 0x000001a11d15ac70, 0x000001a11d15b180,
0x000001a11d157ee0, 0x000001a11d159320, 0x000001a11d15b690, 0x000001a11d158e10,
0x000001a11d15bba0, 0x000001a11d15a250, 0x000001a11d15cad0, 0x000001a11d15c0b0,
0x000001a11d159d40, 0x000001a11d159830, 0x000001a11d15da00, 0x000001a11d15df10,
0x000001a11d15cfe0, 0x000001a11d15e420, 0x000001a11d15e930, 0x000001a11d15f860,
0x000001a11d15ee40, 0x000001a11d15d4f0, 0x000001a11d15f350, 0x000001a11d15c5c0,
0x000001a11ca7aeb0, 0x000001a11ca79a70, 0x000001a11ca79050, 0x000001a11ca79f80,
0x000001a11ca7a9a0, 0x000001a11ca7a490, 0x000001a11ca7b8d0, 0x000001a11ca79560,
0x000001a11ca7c2f0, 0x000001a11ca7c800, 0x000001a11ca7b3c0, 0x000001a11ca7bde0,
0x000001a11ca51d90, 0x000001a11ca50e60, 0x000001a11ca4ff30, 0x000001a11ca522a0,
0x000001a11ca4fa20, 0x000001a11ca4f510, 0x000001a11ca51370, 0x000001a11ca4eaf0,
0x000001a11ca50440, 0x000001a11ca50950, 0x000001a11ca527b0, 0x000001a11ca4f000,
0x000001a11ca56470, 0x000001a11ca54100, 0x000001a11ca55030, 0x000001a11ca55540,
0x000001a11ca52cc0, 0x000001a11ca531d0, 0x000001a11ca536e0, 0x000001a11ca55a50,
0x000001a11ca53bf0, 0x000001a11ca55f60, 0x000001a11ca54610, 0x000001a11ca54b20,
0x000001a11c74fb30, 0x000001a11c751480, 0x000001a11c751ea0, 0x000001a11c750040,
0x000001a11c74e6f0, 0x000001a11c750f70, 0x000001a11c74f620, 0x000001a11c7523b0,
0x000001a11c750550, 0x000001a11c751990, 0x000001a11c74ec00, 0x000001a11c7528c0,
0x000001a11c74f110, 0x000001a11c753d00, 0x000001a11c754210, 0x000001a11c752dd0,
0x000001a11c7537f0, 0x000001a11c750a60, 0x000001a11c754c30, 0x000001a11c754720,
0x000001a11c755140, 0x000001a11c755650, 0x000001a11c755b60, 0x000001a11c756070,
0x000001a11c7532e0, 0x000001a11ce77550, 0x000001a11ce76b30, 0x000001a11ce7a7f0,
0x000001a11ce793b0, 0x000001a11ce77040, 0x000001a11ce798c0, 0x000001a11ce7a2e0,
0x000001a11ce78ea0, 0x000001a11ce7ad00, 0x000001a11ce77a60, 0x000001a11ce77f70,
0x000001a11ce78480, 0x000001a11ce7b720, 0x000001a11ce7bc30, 0x000001a11ce79dd0,
0x000001a11ce7c140, 0x000001a11ce78990, 0x000001a11ce7dfa0, 0x000001a11ce7e4b0,
0x000001a11ce7c650, 0x000001a11ce7cb60, 0x000001a11ce7d580, 0x000001a11ce7d070,
0x000001a11ce7da90, 0x000001a17d67de30, 0x000001a17f573e00, 0x000001a17f576680,
0x000001a17f574d30, 0x000001a17f576b90, 0x000001a17f5738f0, 0x000001a17f577ac0,
0x000001a17f574820, 0x000001a17f575240, 0x000001a17f5770a0, 0x000001a17f574310,
0x000001a17f5775b0, 0x000001a17f577fd0, 0x000001a17f5784e0, 0x000001a17f575c60,
0x000001a17f578f00, 0x000001a17f575750, 0x000001a17f579410, 0x000001a17f576170,
0x000001a17f57c1a0, 0x000001a17f57d5e0, 0x000001a17f57a850, 0x000001a17f579e30,
0x000001a17f57daf0, 0x000001a17f57ad60, 0x000001a17f57b780, 0x000001a17f57c6b0,
0x000001a17f57a340, 0x000001a17f57e000, 0x000001a17f57b270, 0x000001a17f57e510,
0x000001a17f57cbc0, 0x000001a17f57f440, 0x000001a17f57d0d0, 0x000001a17f57ea20,
0x000001a17f57bc90, 0x000001a17f581cc0, 0x000001a17f5817b0, 0x000001a17f580370,
0x000001a17f580880, 0x000001a17f57fe60, 0x000001a17f5821d0, 0x000001a17f580d90,
0x000001a17f5812a0, 0x000001a17f57ef30, 0x000001a17f5826e0, 0x000001a17f583100,
0x000001a17f582bf0, 0x000001a17f57f950, 0x000001a11ceb5b90, 0x000001a11ceb5680,
0x000001a11ceb7f00, 0x000001a11ceba270, 0x000001a11cebbbc0, 0x000001a11ceba780,
0x000001a11cebac90, 0x000001a11cebb6b0, 0x000001a11cebcaf0, 0x000001a11ceb9340,
0x000001a11cebd000, 0x000001a11ceb9850, 0x000001a11cec07b0, 0x000001a11cebf370,
0x000001a11cec11d0, 0x000001a11cebe440, 0x000001a11cebfd90, 0x000001a11cec1bf0,
0x000001a11cec2610, 0x000001a11cec0cc0, 0x000001a124d65d90, 0x000001a11d047fa0,
0x000001a11cec16e0, 0x000001a129f05bc0, 0x000001a129f04780, 0x000001a129f04c90,
0x000001a129f051a0, 0x000001a129f056b0, 0x000001a129f04270, 0x000001a129f03d60,
0x000001a129f060d0, 0x000001a129f06af0, 0x000001a129f065e0, 0x000001a129f03340,
0x000001a129f07000, 0x000001a129f08e60, 0x000001a129f09370, 0x000001a129f09880,
0x000001a129f0a2a0, 0x000001a129f09d90, 0x000001a129f0a7b0, 0x000001a129f0acc0,
0x000001a129f07510, 0x000001a11fbc06b0, 0x000001a124cc8890
}

Java Threads: ( => current thread )
  0x000001a1591f3d00 JavaThread "main" [_thread_blocked, id=33556, stack(0x000000759fb00000,0x000000759fc00000)]
  0x000001a1784730a0 JavaThread "Reference Handler" daemon [_thread_blocked, id=33584, stack(0x00000075a0200000,0x00000075a0300000)]
  0x000001a178475590 JavaThread "Finalizer" daemon [_thread_blocked, id=33588, stack(0x00000075a0300000,0x00000075a0400000)]
  0x000001a1784845b0 JavaThread "Signal Dispatcher" daemon [_thread_blocked, id=33616, stack(0x00000075a0400000,0x00000075a0500000)]
  0x000001a178484a90 JavaThread "Attach Listener" daemon [_thread_blocked, id=33592, stack(0x00000075a0500000,0x00000075a0600000)]
  0x000001a178484f70 JavaThread "Service Thread" daemon [_thread_blocked, id=33624, stack(0x00000075a0600000,0x00000075a0700000)]
  0x000001a178489460 JavaThread "Monitor Deflation Thread" daemon [_thread_blocked, id=33620, stack(0x00000075a0700000,0x00000075a0800000)]
  0x000001a17848dd40 JavaThread "C2 CompilerThread0" daemon [_thread_blocked, id=33516, stack(0x00000075a0800000,0x00000075a0900000)]
  0x000001a178496320 JavaThread "C1 CompilerThread0" daemon [_thread_blocked, id=33472, stack(0x00000075a0900000,0x00000075a0a00000)]
  0x000001a17849a2d0 JavaThread "Sweeper thread" daemon [_thread_blocked, id=33492, stack(0x00000075a0a00000,0x00000075a0b00000)]
  0x000001a17859ef90 JavaThread "Common-Cleaner" daemon [_thread_blocked, id=33488, stack(0x00000075a0b00000,0x00000075a0c00000)]
  0x000001a1786f4f40 JavaThread "Notification Thread" daemon [_thread_blocked, id=25712, stack(0x00000075a1000000,0x00000075a1100000)]
  0x000001a17e450ed0 JavaThread "Daemon health stats" [_thread_blocked, id=33756, stack(0x00000075a1600000,0x00000075a1700000)]
  0x000001a17e72e5d0 JavaThread "Incoming local TCP Connector on port 60490" [_thread_in_native, id=33088, stack(0x00000075a1700000,0x00000075a1800000)]
  0x000001a17e74a8f0 JavaThread "Daemon periodic checks" [_thread_blocked, id=33140, stack(0x00000075a1800000,0x00000075a1900000)]
  0x000001a17e6c25e0 JavaThread "Daemon" [_thread_blocked, id=32268, stack(0x00000075a1900000,0x00000075a1a00000)]
  0x000001a17e6de4d0 JavaThread "Handler for socket connection from /127.0.0.1:60490 to /127.0.0.1:60491" [_thread_in_native, id=33212, stack(0x00000075a1a00000,0x00000075a1b00000)]
  0x000001a17e8f6910 JavaThread "Cancel handler" [_thread_blocked, id=33216, stack(0x00000075a1b00000,0x00000075a1c00000)]
  0x000001a17e8f8770 JavaThread "Daemon worker" [_thread_blocked, id=17200, stack(0x00000075a1c00000,0x00000075a1d00000)]
  0x000001a17e8f8260 JavaThread "Asynchronous log dispatcher for DefaultDaemonConnection: socket connection from /127.0.0.1:60490 to /127.0.0.1:60491" [_thread_blocked, id=33208, stack(0x00000075a1d00000,0x00000075a1e00000)]
  0x000001a17e8f7330 JavaThread "Stdin handler" [_thread_blocked, id=32948, stack(0x00000075a1e00000,0x00000075a1f00000)]
  0x000001a17e8f7d50 JavaThread "Daemon client event forwarder" [_thread_blocked, id=32868, stack(0x00000075a1f00000,0x00000075a2000000)]
  0x000001a17e8f96a0 JavaThread "Cache worker for journal cache (C:\Users\jibri\.gradle\caches\journal-1)" [_thread_blocked, id=16132, stack(0x00000075a0f00000,0x00000075a1000000)]
  0x000001a17e8f7840 JavaThread "File lock request listener" [_thread_in_native, id=32656, stack(0x00000075a2000000,0x00000075a2100000)]
  0x000001a17e8f6e20 JavaThread "Cache worker for file hash cache (C:\Users\jibri\.gradle\caches\9.0.0\fileHashes)" [_thread_blocked, id=33256, stack(0x00000075a2100000,0x00000075a2200000)]
  0x000001a17e8f8c80 JavaThread "Cache worker for file hash cache (C:\rubi_web\CISC_Capstone\MiscueReading\android\.gradle\9.0.0\fileHashes)" [_thread_blocked, id=10616, stack(0x00000075a3100000,0x00000075a3200000)]
  0x000001a17e8f9190 JavaThread "Cache worker for Build Output Cleanup Cache (C:\rubi_web\CISC_Capstone\MiscueReading\android\.gradle\buildOutputCleanup)" [_thread_blocked, id=9820, stack(0x00000075a3200000,0x00000075a3300000)]
  0x000001a17e8f5ef0 JavaThread "File watcher server" daemon [_thread_blocked, id=20284, stack(0x00000075a3300000,0x00000075a3400000)]
  0x000001a17e8f6400 JavaThread "File watcher consumer" daemon [_thread_blocked, id=28980, stack(0x00000075a3400000,0x00000075a3500000)]
  0x000001a11c131890 JavaThread "Cache worker for checksums cache (C:\rubi_web\CISC_Capstone\MiscueReading\android\.gradle\9.0.0\checksums)" [_thread_blocked, id=33024, stack(0x00000075a2200000,0x00000075a2300000)]
  0x000001a11c131da0 JavaThread "Cache worker for file content cache (C:\Users\jibri\.gradle\caches\9.0.0\fileContent)" [_thread_blocked, id=33248, stack(0x00000075a2d00000,0x00000075a2e00000)]
  0x000001a11c1322b0 JavaThread "Cache worker for cache directory md-supplier (C:\Users\jibri\.gradle\caches\9.0.0\md-supplier)" [_thread_blocked, id=10044, stack(0x00000075a3600000,0x00000075a3700000)]
  0x000001a11c131380 JavaThread "Cache worker for cache directory md-rule (C:\Users\jibri\.gradle\caches\9.0.0\md-rule)" [_thread_blocked, id=33412, stack(0x00000075a3700000,0x00000075a3800000)]
  0x000001a11c130960 JavaThread "jar transforms" [_thread_blocked, id=28248, stack(0x00000075a3800000,0x00000075a3900000)]
  0x000001a11c12f520 JavaThread "Cache worker for Build Output Cleanup Cache (C:\rubi_web\CISC_Capstone\MiscueReading\node_modules\@react-native\gradle-plugin\.gradle\buildOutputCleanup)" [_thread_blocked, id=32964, stack(0x00000075a3900000,0x00000075a3a00000)]
  0x000001a11c130e70 JavaThread "Unconstrained build operations" [_thread_blocked, id=13296, stack(0x00000075a3500000,0x00000075a3600000)]
  0x000001a11c12ff40 JavaThread "Unconstrained build operations Thread 2" [_thread_blocked, id=9476, stack(0x00000075a3a00000,0x00000075a3b00000)]
  0x000001a11c12fa30 JavaThread "Unconstrained build operations Thread 3" [_thread_blocked, id=33484, stack(0x00000075a3b00000,0x00000075a3c00000)]
  0x000001a11c12f010 JavaThread "Unconstrained build operations Thread 4" [_thread_blocked, id=19932, stack(0x00000075a3c00000,0x00000075a3d00000)]
  0x000001a11c135a60 JavaThread "Unconstrained build operations Thread 5" [_thread_blocked, id=25160, stack(0x00000075a3d00000,0x00000075a3e00000)]
  0x000001a11c133c00 JavaThread "Unconstrained build operations Thread 6" [_thread_blocked, id=33176, stack(0x00000075a3e00000,0x00000075a3f00000)]
  0x000001a11c134110 JavaThread "Unconstrained build operations Thread 7" [_thread_blocked, id=15928, stack(0x00000075a3f00000,0x00000075a4000000)]
  0x000001a11c132cd0 JavaThread "Unconstrained build operations Thread 8" [_thread_blocked, id=2004, stack(0x00000075a4000000,0x00000075a4100000)]
  0x000001a11c134b30 JavaThread "Unconstrained build operations Thread 9" [_thread_blocked, id=31676, stack(0x00000075a4100000,0x00000075a4200000)]
  0x000001a11c1331e0 JavaThread "Unconstrained build operations Thread 10" [_thread_blocked, id=33012, stack(0x00000075a4200000,0x00000075a4300000)]
  0x000001a11c1336f0 JavaThread "Unconstrained build operations Thread 11" [_thread_blocked, id=33280, stack(0x00000075a4300000,0x00000075a4400000)]
  0x000001a11c135040 JavaThread "Unconstrained build operations Thread 12" [_thread_blocked, id=33424, stack(0x00000075a4400000,0x00000075a4500000)]
  0x000001a11c135550 JavaThread "Unconstrained build operations Thread 13" [_thread_blocked, id=33144, stack(0x00000075a4500000,0x00000075a4600000)]
  0x000001a11c135f70 JavaThread "Unconstrained build operations Thread 14" [_thread_blocked, id=32604, stack(0x00000075a4600000,0x00000075a4700000)]
  0x000001a11c134620 JavaThread "Unconstrained build operations Thread 15" [_thread_blocked, id=26164, stack(0x00000075a4700000,0x00000075a4800000)]
  0x000001a11c136480 JavaThread "Unconstrained build operations Thread 16" [_thread_blocked, id=32936, stack(0x00000075a4800000,0x00000075a4900000)]
  0x000001a11c136990 JavaThread "Unconstrained build operations Thread 17" [_thread_blocked, id=32980, stack(0x00000075a4900000,0x00000075a4a00000)]
  0x000001a11d4d7410 JavaThread "Unconstrained build operations Thread 18" [_thread_blocked, id=484, stack(0x00000075a4a00000,0x00000075a4b00000)]
  0x000001a11d4d50a0 JavaThread "Unconstrained build operations Thread 19" [_thread_blocked, id=18788, stack(0x00000075a4b00000,0x00000075a4c00000)]
  0x000001a11d4d64e0 JavaThread "Unconstrained build operations Thread 20" [_thread_blocked, id=26072, stack(0x00000075a4c00000,0x00000075a4d00000)]
  0x000001a11d4d5ac0 JavaThread "Unconstrained build operations Thread 21" [_thread_blocked, id=32660, stack(0x00000075a4d00000,0x00000075a4e00000)]
  0x000001a11d4d5fd0 JavaThread "Unconstrained build operations Thread 22" [_thread_blocked, id=33320, stack(0x00000075a4e00000,0x00000075a4f00000)]
  0x000001a11d4d69f0 JavaThread "Unconstrained build operations Thread 23" [_thread_blocked, id=33128, stack(0x00000075a4f00000,0x00000075a5000000)]
  0x000001a11d4d6f00 JavaThread "Unconstrained build operations Thread 24" [_thread_blocked, id=32740, stack(0x00000075a5000000,0x00000075a5100000)]
  0x000001a11d4d8850 JavaThread "Unconstrained build operations Thread 25" [_thread_blocked, id=33496, stack(0x00000075a5100000,0x00000075a5200000)]
  0x000001a11d4d8d60 JavaThread "Unconstrained build operations Thread 26" [_thread_blocked, id=4684, stack(0x00000075a5200000,0x00000075a5300000)]
  0x000001a11d4d7920 JavaThread "Unconstrained build operations Thread 27" [_thread_blocked, id=1620, stack(0x00000075a5300000,0x00000075a5400000)]
  0x000001a11d4d55b0 JavaThread "Unconstrained build operations Thread 28" [_thread_blocked, id=23512, stack(0x00000075a5400000,0x00000075a5500000)]
  0x000001a11d4d9270 JavaThread "Unconstrained build operations Thread 29" [_thread_blocked, id=33116, stack(0x00000075a5500000,0x00000075a5600000)]
  0x000001a11d4db5e0 JavaThread "Unconstrained build operations Thread 30" [_thread_blocked, id=32864, stack(0x00000075a5600000,0x00000075a5700000)]
  0x000001a11d4d9c90 JavaThread "Unconstrained build operations Thread 31" [_thread_blocked, id=32904, stack(0x00000075a5700000,0x00000075a5800000)]
  0x000001a11d4d7e30 JavaThread "Unconstrained build operations Thread 32" [_thread_blocked, id=33152, stack(0x00000075a5800000,0x00000075a5900000)]
  0x000001a11d4da1a0 JavaThread "Unconstrained build operations Thread 33" [_thread_blocked, id=33500, stack(0x00000075a5900000,0x00000075a5a00000)]
  0x000001a11d4dbaf0 JavaThread "Unconstrained build operations Thread 34" [_thread_blocked, id=33160, stack(0x00000075a5a00000,0x00000075a5b00000)]
  0x000001a11d4d9780 JavaThread "Unconstrained build operations Thread 35" [_thread_blocked, id=29448, stack(0x00000075a5b00000,0x00000075a5c00000)]
  0x000001a11d4d8340 JavaThread "Unconstrained build operations Thread 36" [_thread_blocked, id=31756, stack(0x00000075a5c00000,0x00000075a5d00000)]
  0x000001a11d4da6b0 JavaThread "Unconstrained build operations Thread 37" [_thread_blocked, id=13292, stack(0x00000075a5d00000,0x00000075a5e00000)]
  0x000001a11d4dabc0 JavaThread "Unconstrained build operations Thread 38" [_thread_blocked, id=29824, stack(0x00000075a5e00000,0x00000075a5f00000)]
  0x000001a11d4db0d0 JavaThread "Unconstrained build operations Thread 39" [_thread_blocked, id=24108, stack(0x00000075a5f00000,0x00000075a6000000)]
  0x000001a11d4dc000 JavaThread "Unconstrained build operations Thread 40" [_thread_blocked, id=22288, stack(0x00000075a6000000,0x00000075a6100000)]
  0x000001a11d4dca20 JavaThread "Unconstrained build operations Thread 41" [_thread_blocked, id=33316, stack(0x00000075a6100000,0x00000075a6200000)]
  0x000001a11d4dc510 JavaThread "Unconstrained build operations Thread 42" [_thread_blocked, id=20072, stack(0x00000075a6200000,0x00000075a6300000)]
  0x000001a17d67a170 JavaThread "Unconstrained build operations Thread 43" [_thread_blocked, id=33172, stack(0x00000075a6300000,0x00000075a6400000)]
  0x000001a17d67a680 JavaThread "Unconstrained build operations Thread 44" [_thread_blocked, id=22072, stack(0x00000075a6400000,0x00000075a6500000)]
  0x000001a17d67b0a0 JavaThread "Unconstrained build operations Thread 45" [_thread_blocked, id=20676, stack(0x00000075a6500000,0x00000075a6600000)]
  0x000001a17d67ab90 JavaThread "Unconstrained build operations Thread 46" [_thread_blocked, id=33532, stack(0x00000075a6600000,0x00000075a6700000)]
  0x000001a17d6778f0 JavaThread "Unconstrained build operations Thread 47" [_thread_blocked, id=33396, stack(0x00000075a6700000,0x00000075a6800000)]
  0x000001a17d677e00 JavaThread "Unconstrained build operations Thread 48" [_thread_blocked, id=33220, stack(0x00000075a6800000,0x00000075a6900000)]
  0x000001a17d678310 JavaThread "Unconstrained build operations Thread 49" [_thread_blocked, id=6388, stack(0x00000075a6900000,0x00000075a6a00000)]
  0x000001a17d679750 JavaThread "Unconstrained build operations Thread 50" [_thread_blocked, id=33376, stack(0x00000075a6a00000,0x00000075a6b00000)]
  0x000001a17d679c60 JavaThread "Unconstrained build operations Thread 51" [_thread_blocked, id=17472, stack(0x00000075a6b00000,0x00000075a6c00000)]
  0x000001a17d67b5b0 JavaThread "Unconstrained build operations Thread 52" [_thread_blocked, id=33224, stack(0x00000075a6c00000,0x00000075a6d00000)]
  0x000001a17d67bac0 JavaThread "Unconstrained build operations Thread 53" [_thread_blocked, id=20416, stack(0x00000075a6d00000,0x00000075a6e00000)]
  0x000001a17d67bfd0 JavaThread "Unconstrained build operations Thread 54" [_thread_blocked, id=2492, stack(0x00000075a6e00000,0x00000075a6f00000)]
  0x000001a17d678820 JavaThread "Unconstrained build operations Thread 55" [_thread_blocked, id=28684, stack(0x00000075a6f00000,0x00000075a7000000)]
  0x000001a17d67c4e0 JavaThread "Unconstrained build operations Thread 56" [_thread_blocked, id=22208, stack(0x00000075a7000000,0x00000075a7100000)]
  0x000001a17d678d30 JavaThread "Unconstrained build operations Thread 57" [_thread_blocked, id=5816, stack(0x00000075a7100000,0x00000075a7200000)]
  0x000001a17d67c9f0 JavaThread "Unconstrained build operations Thread 58" [_thread_blocked, id=4360, stack(0x00000075a7200000,0x00000075a7300000)]
  0x000001a17d679240 JavaThread "Unconstrained build operations Thread 59" [_thread_blocked, id=32984, stack(0x00000075a7300000,0x00000075a7400000)]
  0x000001a17d67d410 JavaThread "Unconstrained build operations Thread 60" [_thread_blocked, id=15868, stack(0x00000075a7400000,0x00000075a7500000)]
  0x000001a17d67f270 JavaThread "Unconstrained build operations Thread 61" [_thread_blocked, id=33536, stack(0x00000075a7500000,0x00000075a7600000)]
  0x000001a17d67cf00 JavaThread "Unconstrained build operations Thread 62" [_thread_blocked, id=32592, stack(0x00000075a7600000,0x00000075a7700000)]
  0x000001a17d67d920 JavaThread "Unconstrained build operations Thread 63" [_thread_blocked, id=33388, stack(0x00000075a7700000,0x00000075a7800000)]
  0x000001a17d67e340 JavaThread "build event listener" [_thread_blocked, id=3092, stack(0x00000075a7800000,0x00000075a7900000)]
  0x000001a17d67e850 JavaThread "Memory manager" [_thread_blocked, id=2904, stack(0x00000075a7b00000,0x00000075a7c00000)]
  0x000001a11dce8240 JavaThread "ForkJoinPool.commonPool-worker-1" daemon [_thread_blocked, id=33392, stack(0x00000075a7c00000,0x00000075a7d00000)]
  0x000001a11dce63e0 JavaThread "ForkJoinPool.commonPool-worker-2" daemon [_thread_blocked, id=33112, stack(0x00000075a7d00000,0x00000075a7e00000)]
  0x000001a11dce6e00 JavaThread "ForkJoinPool.commonPool-worker-3" daemon [_thread_blocked, id=32004, stack(0x00000075a7e00000,0x00000075a7f00000)]
  0x000001a11dce68f0 JavaThread "ForkJoinPool.commonPool-worker-4" daemon [_thread_blocked, id=32396, stack(0x00000075a7f00000,0x00000075a8000000)]
  0x000001a11dce8750 JavaThread "ForkJoinPool.commonPool-worker-5" daemon [_thread_blocked, id=33076, stack(0x00000075a8000000,0x00000075a8100000)]
  0x000001a11dce4fa0 JavaThread "ForkJoinPool.commonPool-worker-6" daemon [_thread_blocked, id=29684, stack(0x00000075a8100000,0x00000075a8200000)]
  0x000001a11dce7310 JavaThread "ForkJoinPool.commonPool-worker-7" daemon [_thread_blocked, id=31916, stack(0x00000075a8200000,0x00000075a8300000)]
  0x000001a11dce7820 JavaThread "ForkJoinPool.commonPool-worker-8" daemon [_thread_blocked, id=16160, stack(0x00000075a8300000,0x00000075a8400000)]
  0x000001a11dce8c60 JavaThread "ForkJoinPool.commonPool-worker-9" daemon [_thread_blocked, id=16376, stack(0x00000075a8400000,0x00000075a8500000)]
  0x000001a11dce7d30 JavaThread "ForkJoinPool.commonPool-worker-10" daemon [_thread_blocked, id=33192, stack(0x00000075a8500000,0x00000075a8600000)]
  0x000001a11dce54b0 JavaThread "ForkJoinPool.commonPool-worker-11" daemon [_thread_blocked, id=33328, stack(0x00000075a8600000,0x00000075a8700000)]
  0x000001a11dcec920 JavaThread "Exec process" [_thread_blocked, id=33028, stack(0x00000075a8700000,0x00000075a8800000)]
  0x000001a11dce9170 JavaThread "Exec process Thread 2" [_thread_blocked, id=25516, stack(0x00000075a8800000,0x00000075a8900000)]
  0x000001a11dce9b90 JavaThread "Exec process Thread 3" [_thread_blocked, id=31984, stack(0x00000075a8900000,0x00000075a8a00000)]
  0x000001a11dceaac0 JavaThread "ForkJoinPool.commonPool-worker-12" daemon [_thread_blocked, id=15568, stack(0x00000075a7a00000,0x00000075a7b00000)]
  0x000001a11dcebf00 JavaThread "ForkJoinPool.commonPool-worker-13" daemon [_thread_blocked, id=21024, stack(0x00000075a7900000,0x00000075a7a00000)]
  0x000001a11dce9680 JavaThread "ForkJoinPool.commonPool-worker-14" daemon [_thread_blocked, id=17604, stack(0x00000075a8a00000,0x00000075a8b00000)]
  0x000001a11dceafd0 JavaThread "ForkJoinPool.commonPool-worker-15" daemon [_thread_blocked, id=26460, stack(0x00000075a8b00000,0x00000075a8c00000)]
  0x000001a11dcea0a0 JavaThread "ForkJoinPool.commonPool-worker-16" daemon [_thread_blocked, id=1752, stack(0x00000075a8c00000,0x00000075a8d00000)]
  0x000001a11dcec410 JavaThread "ForkJoinPool.commonPool-worker-17" daemon [_thread_blocked, id=22092, stack(0x00000075a8d00000,0x00000075a8e00000)]
  0x000001a11dcea5b0 JavaThread "included builds" [_thread_blocked, id=6108, stack(0x00000075a8e00000,0x00000075a8f00000)]
  0x000001a11dceb4e0 JavaThread "Execution worker" [_thread_blocked, id=10128, stack(0x00000075a8f00000,0x00000075a9000000)]
  0x000001a11dceb9f0 JavaThread "Execution worker Thread 2" [_thread_blocked, id=2268, stack(0x00000075a9000000,0x00000075a9100000)]
  0x000001a11d158900 JavaThread "Execution worker Thread 3" [_thread_blocked, id=6564, stack(0x00000075a9100000,0x00000075a9200000)]
  0x000001a11d15a760 JavaThread "Execution worker Thread 4" [_thread_blocked, id=26892, stack(0x00000075a9200000,0x00000075a9300000)]
  0x000001a11d1583f0 JavaThread "Execution worker Thread 5" [_thread_blocked, id=10492, stack(0x00000075a9300000,0x00000075a9400000)]
  0x000001a11d15ac70 JavaThread "Execution worker Thread 6" [_thread_blocked, id=22096, stack(0x00000075a9400000,0x00000075a9500000)]
  0x000001a11d15b180 JavaThread "Execution worker Thread 7" [_thread_blocked, id=12264, stack(0x00000075a9500000,0x00000075a9600000)]
  0x000001a11d157ee0 JavaThread "Execution worker Thread 8" [_thread_blocked, id=23208, stack(0x00000075a9600000,0x00000075a9700000)]
  0x000001a11d159320 JavaThread "Execution worker Thread 9" [_thread_blocked, id=30700, stack(0x00000075a9700000,0x00000075a9800000)]
  0x000001a11d15b690 JavaThread "Execution worker Thread 10" [_thread_blocked, id=26244, stack(0x00000075a9800000,0x00000075a9900000)]
  0x000001a11d158e10 JavaThread "Execution worker Thread 11" [_thread_blocked, id=23192, stack(0x00000075a9900000,0x00000075a9a00000)]
  0x000001a11d15bba0 JavaThread "Execution worker Thread 12" [_thread_blocked, id=17188, stack(0x00000075a9a00000,0x00000075a9b00000)]
  0x000001a11d15a250 JavaThread "Execution worker Thread 13" [_thread_blocked, id=10488, stack(0x00000075a9b00000,0x00000075a9c00000)]
  0x000001a11d15cad0 JavaThread "Execution worker Thread 14" [_thread_blocked, id=11184, stack(0x00000075a9c00000,0x00000075a9d00000)]
  0x000001a11d15c0b0 JavaThread "Execution worker Thread 15" [_thread_blocked, id=29680, stack(0x00000075a9d00000,0x00000075a9e00000)]
  0x000001a11d159d40 JavaThread "Execution worker Thread 16" [_thread_blocked, id=27632, stack(0x00000075a9e00000,0x00000075a9f00000)]
  0x000001a11d159830 JavaThread "Execution worker Thread 17" [_thread_blocked, id=24492, stack(0x00000075a9f00000,0x00000075aa000000)]
  0x000001a11d15da00 JavaThread "Execution worker Thread 18" [_thread_blocked, id=13052, stack(0x00000075aa000000,0x00000075aa100000)]
  0x000001a11d15df10 JavaThread "Execution worker Thread 19" [_thread_blocked, id=30288, stack(0x00000075aa100000,0x00000075aa200000)]
  0x000001a11d15cfe0 JavaThread "Cache worker for execution history cache (C:\rubi_web\CISC_Capstone\MiscueReading\node_modules\@react-native\gradle-plugin\.gradle\9.0.0\executionHistory)" [_thread_blocked, id=2936, stack(0x00000075aa200000,0x00000075aa300000)]
  0x000001a11d15e420 JavaThread "Unconstrained build operations Thread 64" [_thread_blocked, id=33072, stack(0x00000075a0e00000,0x00000075a0f00000)]
  0x000001a11d15e930 JavaThread "Unconstrained build operations Thread 65" [_thread_blocked, id=8004, stack(0x00000075aa300000,0x00000075aa400000)]
  0x000001a11d15f860 JavaThread "Unconstrained build operations Thread 66" [_thread_blocked, id=31076, stack(0x00000075aa400000,0x00000075aa500000)]
  0x000001a11d15ee40 JavaThread "Unconstrained build operations Thread 67" [_thread_blocked, id=32896, stack(0x00000075aa500000,0x00000075aa600000)]
  0x000001a11d15d4f0 JavaThread "Unconstrained build operations Thread 68" [_thread_blocked, id=33788, stack(0x00000075aa600000,0x00000075aa700000)]
  0x000001a11d15f350 JavaThread "Unconstrained build operations Thread 69" [_thread_blocked, id=31096, stack(0x00000075aa700000,0x00000075aa800000)]
  0x000001a11d15c5c0 JavaThread "Unconstrained build operations Thread 70" [_thread_blocked, id=33336, stack(0x00000075aa800000,0x00000075aa900000)]
  0x000001a11ca7aeb0 JavaThread "Unconstrained build operations Thread 71" [_thread_blocked, id=32900, stack(0x00000075aa900000,0x00000075aaa00000)]
  0x000001a11ca79a70 JavaThread "Unconstrained build operations Thread 72" [_thread_blocked, id=33304, stack(0x00000075aaa00000,0x00000075aab00000)]
  0x000001a11ca79050 JavaThread "Unconstrained build operations Thread 73" [_thread_blocked, id=11140, stack(0x00000075aab00000,0x00000075aac00000)]
  0x000001a11ca79f80 JavaThread "Unconstrained build operations Thread 74" [_thread_blocked, id=28472, stack(0x00000075aac00000,0x00000075aad00000)]
  0x000001a11ca7a9a0 JavaThread "Unconstrained build operations Thread 75" [_thread_blocked, id=28920, stack(0x00000075aad00000,0x00000075aae00000)]
  0x000001a11ca7a490 JavaThread "Unconstrained build operations Thread 76" [_thread_blocked, id=18900, stack(0x00000075aae00000,0x00000075aaf00000)]
  0x000001a11ca7b8d0 JavaThread "Unconstrained build operations Thread 77" [_thread_blocked, id=20684, stack(0x00000075aaf00000,0x00000075ab000000)]
  0x000001a11ca79560 JavaThread "Unconstrained build operations Thread 78" [_thread_blocked, id=2692, stack(0x00000075ab000000,0x00000075ab100000)]
  0x000001a11ca7c2f0 JavaThread "Unconstrained build operations Thread 79" [_thread_blocked, id=4236, stack(0x00000075ab100000,0x00000075ab200000)]
  0x000001a11ca7c800 JavaThread "Unconstrained build operations Thread 80" [_thread_blocked, id=11680, stack(0x00000075ab200000,0x00000075ab300000)]
  0x000001a11ca7b3c0 JavaThread "Unconstrained build operations Thread 81" [_thread_blocked, id=7304, stack(0x00000075ab300000,0x00000075ab400000)]
  0x000001a11ca7bde0 JavaThread "Unconstrained build operations Thread 82" [_thread_blocked, id=12180, stack(0x00000075ab400000,0x00000075ab500000)]
  0x000001a11ca51d90 JavaThread "Unconstrained build operations Thread 83" [_thread_blocked, id=9480, stack(0x00000075ab600000,0x00000075ab700000)]
  0x000001a11ca50e60 JavaThread "Unconstrained build operations Thread 84" [_thread_blocked, id=29344, stack(0x00000075ab700000,0x00000075ab800000)]
  0x000001a11ca4ff30 JavaThread "Unconstrained build operations Thread 85" [_thread_blocked, id=19864, stack(0x00000075ab800000,0x00000075ab900000)]
  0x000001a11ca522a0 JavaThread "Unconstrained build operations Thread 86" [_thread_blocked, id=15284, stack(0x00000075ab900000,0x00000075aba00000)]
  0x000001a11ca4fa20 JavaThread "Unconstrained build operations Thread 87" [_thread_blocked, id=20424, stack(0x00000075aba00000,0x00000075abb00000)]
  0x000001a11ca4f510 JavaThread "Unconstrained build operations Thread 88" [_thread_blocked, id=14728, stack(0x00000075abb00000,0x00000075abc00000)]
  0x000001a11ca51370 JavaThread "Unconstrained build operations Thread 89" [_thread_blocked, id=10688, stack(0x00000075abc00000,0x00000075abd00000)]
  0x000001a11ca4eaf0 JavaThread "Unconstrained build operations Thread 90" [_thread_blocked, id=1800, stack(0x00000075abd00000,0x00000075abe00000)]
  0x000001a11ca50440 JavaThread "Unconstrained build operations Thread 91" [_thread_blocked, id=24440, stack(0x00000075abe00000,0x00000075abf00000)]
  0x000001a11ca50950 JavaThread "Unconstrained build operations Thread 92" [_thread_blocked, id=5544, stack(0x00000075abf00000,0x00000075ac000000)]
  0x000001a11ca527b0 JavaThread "Unconstrained build operations Thread 93" [_thread_blocked, id=20112, stack(0x00000075ab500000,0x00000075ab600000)]
  0x000001a11ca4f000 JavaThread "Unconstrained build operations Thread 94" [_thread_blocked, id=33784, stack(0x00000075ac000000,0x00000075ac100000)]
  0x000001a11ca56470 JavaThread "Unconstrained build operations Thread 95" [_thread_blocked, id=32972, stack(0x00000075ac100000,0x00000075ac200000)]
  0x000001a11ca54100 JavaThread "Unconstrained build operations Thread 96" [_thread_blocked, id=33080, stack(0x00000075ac200000,0x00000075ac300000)]
  0x000001a11ca55030 JavaThread "Unconstrained build operations Thread 97" [_thread_blocked, id=16548, stack(0x00000075ac300000,0x00000075ac400000)]
  0x000001a11ca55540 JavaThread "Unconstrained build operations Thread 98" [_thread_blocked, id=33736, stack(0x00000075ac400000,0x00000075ac500000)]
  0x000001a11ca52cc0 JavaThread "Unconstrained build operations Thread 99" [_thread_blocked, id=30532, stack(0x00000075ac500000,0x00000075ac600000)]
  0x000001a11ca531d0 JavaThread "Unconstrained build operations Thread 100" [_thread_blocked, id=8484, stack(0x00000075ac600000,0x00000075ac700000)]
  0x000001a11ca536e0 JavaThread "Unconstrained build operations Thread 101" [_thread_blocked, id=11488, stack(0x00000075ac700000,0x00000075ac800000)]
  0x000001a11ca55a50 JavaThread "Unconstrained build operations Thread 102" [_thread_blocked, id=18592, stack(0x00000075ac800000,0x00000075ac900000)]
  0x000001a11ca53bf0 JavaThread "Unconstrained build operations Thread 103" [_thread_blocked, id=13644, stack(0x00000075ac900000,0x00000075aca00000)]
  0x000001a11ca55f60 JavaThread "Unconstrained build operations Thread 104" [_thread_blocked, id=29936, stack(0x00000075aca00000,0x00000075acb00000)]
  0x000001a11ca54610 JavaThread "Unconstrained build operations Thread 105" [_thread_blocked, id=22260, stack(0x00000075acb00000,0x00000075acc00000)]
  0x000001a11ca54b20 JavaThread "Unconstrained build operations Thread 106" [_thread_blocked, id=29756, stack(0x00000075acc00000,0x00000075acd00000)]
  0x000001a11c74fb30 JavaThread "Unconstrained build operations Thread 107" [_thread_blocked, id=28284, stack(0x00000075acd00000,0x00000075ace00000)]
  0x000001a11c751480 JavaThread "Unconstrained build operations Thread 108" [_thread_blocked, id=536, stack(0x00000075ace00000,0x00000075acf00000)]
  0x000001a11c751ea0 JavaThread "Unconstrained build operations Thread 109" [_thread_blocked, id=27396, stack(0x00000075acf00000,0x00000075ad000000)]
  0x000001a11c750040 JavaThread "Unconstrained build operations Thread 110" [_thread_blocked, id=28300, stack(0x00000075ad000000,0x00000075ad100000)]
  0x000001a11c74e6f0 JavaThread "Unconstrained build operations Thread 111" [_thread_blocked, id=22368, stack(0x00000075ad100000,0x00000075ad200000)]
  0x000001a11c750f70 JavaThread "Unconstrained build operations Thread 112" [_thread_blocked, id=5704, stack(0x00000075ad200000,0x00000075ad300000)]
  0x000001a11c74f620 JavaThread "Unconstrained build operations Thread 113" [_thread_blocked, id=30152, stack(0x00000075ad300000,0x00000075ad400000)]
  0x000001a11c7523b0 JavaThread "Unconstrained build operations Thread 114" [_thread_blocked, id=30372, stack(0x00000075ad400000,0x00000075ad500000)]
  0x000001a11c750550 JavaThread "Unconstrained build operations Thread 115" [_thread_blocked, id=18956, stack(0x00000075ad500000,0x00000075ad600000)]
  0x000001a11c751990 JavaThread "Unconstrained build operations Thread 116" [_thread_blocked, id=29540, stack(0x00000075ad600000,0x00000075ad700000)]
  0x000001a11c74ec00 JavaThread "Unconstrained build operations Thread 117" [_thread_blocked, id=24196, stack(0x00000075ad700000,0x00000075ad800000)]
  0x000001a11c7528c0 JavaThread "Unconstrained build operations Thread 118" [_thread_blocked, id=20604, stack(0x00000075ad800000,0x00000075ad900000)]
  0x000001a11c74f110 JavaThread "Unconstrained build operations Thread 119" [_thread_blocked, id=30124, stack(0x00000075ad900000,0x00000075ada00000)]
  0x000001a11c753d00 JavaThread "Unconstrained build operations Thread 120" [_thread_blocked, id=2444, stack(0x00000075ada00000,0x00000075adb00000)]
  0x000001a11c754210 JavaThread "Unconstrained build operations Thread 121" [_thread_blocked, id=26536, stack(0x00000075adb00000,0x00000075adc00000)]
  0x000001a11c752dd0 JavaThread "Unconstrained build operations Thread 122" [_thread_blocked, id=29496, stack(0x00000075adc00000,0x00000075add00000)]
  0x000001a11c7537f0 JavaThread "Unconstrained build operations Thread 123" [_thread_blocked, id=26864, stack(0x00000075add00000,0x00000075ade00000)]
  0x000001a11c750a60 JavaThread "Unconstrained build operations Thread 124" [_thread_blocked, id=29256, stack(0x00000075ade00000,0x00000075adf00000)]
  0x000001a11c754c30 JavaThread "Unconstrained build operations Thread 125" [_thread_blocked, id=27504, stack(0x00000075adf00000,0x00000075ae000000)]
  0x000001a11c754720 JavaThread "Unconstrained build operations Thread 126" [_thread_blocked, id=9536, stack(0x00000075ae000000,0x00000075ae100000)]
  0x000001a11c755140 JavaThread "Unconstrained build operations Thread 127" [_thread_blocked, id=2160, stack(0x00000075ae100000,0x00000075ae200000)]
  0x000001a11c755650 JavaThread "Unconstrained build operations Thread 128" [_thread_blocked, id=8880, stack(0x00000075ae200000,0x00000075ae300000)]
  0x000001a11c755b60 JavaThread "Unconstrained build operations Thread 129" [_thread_blocked, id=28816, stack(0x00000075ae300000,0x00000075ae400000)]
  0x000001a11c756070 JavaThread "Unconstrained build operations Thread 130" [_thread_blocked, id=25640, stack(0x00000075ae400000,0x00000075ae500000)]
  0x000001a11c7532e0 JavaThread "Unconstrained build operations Thread 131" [_thread_blocked, id=1348, stack(0x00000075ae500000,0x00000075ae600000)]
  0x000001a11ce77550 JavaThread "Unconstrained build operations Thread 132" [_thread_blocked, id=29116, stack(0x00000075ae600000,0x00000075ae700000)]
  0x000001a11ce76b30 JavaThread "Unconstrained build operations Thread 133" [_thread_blocked, id=30388, stack(0x00000075ae700000,0x00000075ae800000)]
  0x000001a11ce7a7f0 JavaThread "Unconstrained build operations Thread 134" [_thread_blocked, id=29560, stack(0x00000075ae800000,0x00000075ae900000)]
  0x000001a11ce793b0 JavaThread "Unconstrained build operations Thread 135" [_thread_blocked, id=29416, stack(0x00000075ae900000,0x00000075aea00000)]
  0x000001a11ce77040 JavaThread "Unconstrained build operations Thread 136" [_thread_blocked, id=31384, stack(0x00000075aea00000,0x00000075aeb00000)]
  0x000001a11ce798c0 JavaThread "Unconstrained build operations Thread 137" [_thread_blocked, id=26456, stack(0x00000075aeb00000,0x00000075aec00000)]
  0x000001a11ce7a2e0 JavaThread "Unconstrained build operations Thread 138" [_thread_blocked, id=16368, stack(0x00000075aec00000,0x00000075aed00000)]
  0x000001a11ce78ea0 JavaThread "Unconstrained build operations Thread 139" [_thread_blocked, id=3140, stack(0x00000075aed00000,0x00000075aee00000)]
  0x000001a11ce7ad00 JavaThread "Unconstrained build operations Thread 140" [_thread_blocked, id=10828, stack(0x00000075aee00000,0x00000075aef00000)]
  0x000001a11ce77a60 JavaThread "Unconstrained build operations Thread 141" [_thread_blocked, id=27484, stack(0x00000075aef00000,0x00000075af000000)]
  0x000001a11ce77f70 JavaThread "Unconstrained build operations Thread 142" [_thread_blocked, id=17068, stack(0x00000075af000000,0x00000075af100000)]
  0x000001a11ce78480 JavaThread "jar transforms Thread 2" [_thread_blocked, id=30256, stack(0x00000075af200000,0x00000075af300000)]
  0x000001a11ce7b720 JavaThread "jar transforms Thread 3" [_thread_blocked, id=15964, stack(0x00000075af400000,0x00000075af500000)]
  0x000001a11ce7bc30 JavaThread "Unconstrained build operations Thread 143" [_thread_blocked, id=14788, stack(0x00000075af600000,0x00000075af700000)]
  0x000001a11ce79dd0 JavaThread "Unconstrained build operations Thread 144" [_thread_blocked, id=11928, stack(0x00000075af700000,0x00000075af800000)]
  0x000001a11ce7c140 JavaThread "Unconstrained build operations Thread 145" [_thread_blocked, id=19912, stack(0x00000075afa00000,0x00000075afb00000)]
  0x000001a11ce78990 JavaThread "Unconstrained build operations Thread 146" [_thread_blocked, id=2736, stack(0x00000075afb00000,0x00000075afc00000)]
  0x000001a11ce7dfa0 JavaThread "Unconstrained build operations Thread 147" [_thread_blocked, id=30936, stack(0x00000075afc00000,0x00000075afd00000)]
  0x000001a11ce7e4b0 JavaThread "Unconstrained build operations Thread 148" [_thread_blocked, id=32156, stack(0x00000075afd00000,0x00000075afe00000)]
  0x000001a11ce7c650 JavaThread "Unconstrained build operations Thread 149" [_thread_blocked, id=3056, stack(0x00000075afe00000,0x00000075aff00000)]
  0x000001a11ce7cb60 JavaThread "Unconstrained build operations Thread 150" [_thread_blocked, id=28272, stack(0x00000075aff00000,0x00000075b0000000)]
  0x000001a11ce7d580 JavaThread "Unconstrained build operations Thread 151" [_thread_blocked, id=8712, stack(0x00000075b0000000,0x00000075b0100000)]
  0x000001a11ce7d070 JavaThread "Unconstrained build operations Thread 152" [_thread_blocked, id=26268, stack(0x00000075b0100000,0x00000075b0200000)]
  0x000001a11ce7da90 JavaThread "Unconstrained build operations Thread 153" [_thread_blocked, id=4216, stack(0x00000075b0200000,0x00000075b0300000)]
  0x000001a17d67de30 JavaThread "Unconstrained build operations Thread 154" [_thread_blocked, id=22104, stack(0x00000075b0300000,0x00000075b0400000)]
  0x000001a17f573e00 JavaThread "Unconstrained build operations Thread 155" [_thread_blocked, id=10300, stack(0x00000075b0400000,0x00000075b0500000)]
  0x000001a17f576680 JavaThread "Unconstrained build operations Thread 156" [_thread_blocked, id=4480, stack(0x00000075b0500000,0x00000075b0600000)]
  0x000001a17f574d30 JavaThread "Unconstrained build operations Thread 157" [_thread_blocked, id=10472, stack(0x00000075b0600000,0x00000075b0700000)]
  0x000001a17f576b90 JavaThread "Unconstrained build operations Thread 158" [_thread_blocked, id=26936, stack(0x00000075b0700000,0x00000075b0800000)]
  0x000001a17f5738f0 JavaThread "Unconstrained build operations Thread 159" [_thread_blocked, id=23992, stack(0x00000075b0800000,0x00000075b0900000)]
  0x000001a17f577ac0 JavaThread "Unconstrained build operations Thread 160" [_thread_blocked, id=30096, stack(0x00000075b0900000,0x00000075b0a00000)]
  0x000001a17f574820 JavaThread "Unconstrained build operations Thread 161" [_thread_blocked, id=25768, stack(0x00000075b0a00000,0x00000075b0b00000)]
  0x000001a17f575240 JavaThread "Unconstrained build operations Thread 162" [_thread_blocked, id=25004, stack(0x00000075b0b00000,0x00000075b0c00000)]
  0x000001a17f5770a0 JavaThread "Unconstrained build operations Thread 163" [_thread_blocked, id=26580, stack(0x00000075b0c00000,0x00000075b0d00000)]
  0x000001a17f574310 JavaThread "Unconstrained build operations Thread 164" [_thread_blocked, id=5588, stack(0x00000075b0d00000,0x00000075b0e00000)]
  0x000001a17f5775b0 JavaThread "Unconstrained build operations Thread 165" [_thread_blocked, id=29848, stack(0x00000075b0e00000,0x00000075b0f00000)]
  0x000001a17f577fd0 JavaThread "Unconstrained build operations Thread 166" [_thread_blocked, id=31508, stack(0x00000075b0f00000,0x00000075b1000000)]
  0x000001a17f5784e0 JavaThread "Unconstrained build operations Thread 167" [_thread_blocked, id=25976, stack(0x00000075b1000000,0x00000075b1100000)]
  0x000001a17f575c60 JavaThread "Unconstrained build operations Thread 168" [_thread_blocked, id=2856, stack(0x00000075b1100000,0x00000075b1200000)]
  0x000001a17f578f00 JavaThread "Unconstrained build operations Thread 169" [_thread_blocked, id=22140, stack(0x00000075b1200000,0x00000075b1300000)]
  0x000001a17f575750 JavaThread "Unconstrained build operations Thread 170" [_thread_blocked, id=16544, stack(0x00000075b1300000,0x00000075b1400000)]
  0x000001a17f579410 JavaThread "Unconstrained build operations Thread 171" [_thread_blocked, id=22296, stack(0x00000075b1400000,0x00000075b1500000)]
  0x000001a17f576170 JavaThread "Unconstrained build operations Thread 172" [_thread_blocked, id=29944, stack(0x00000075b1500000,0x00000075b1600000)]
  0x000001a17f57c1a0 JavaThread "Unconstrained build operations Thread 173" [_thread_blocked, id=29240, stack(0x00000075b1600000,0x00000075b1700000)]
  0x000001a17f57d5e0 JavaThread "Unconstrained build operations Thread 174" [_thread_blocked, id=28856, stack(0x00000075b1700000,0x00000075b1800000)]
  0x000001a17f57a850 JavaThread "Unconstrained build operations Thread 175" [_thread_blocked, id=22108, stack(0x00000075b1800000,0x00000075b1900000)]
  0x000001a17f579e30 JavaThread "Unconstrained build operations Thread 176" [_thread_blocked, id=26288, stack(0x00000075b1900000,0x00000075b1a00000)]
  0x000001a17f57daf0 JavaThread "Unconstrained build operations Thread 177" [_thread_blocked, id=29868, stack(0x00000075b1a00000,0x00000075b1b00000)]
  0x000001a17f57ad60 JavaThread "Unconstrained build operations Thread 178" [_thread_blocked, id=3740, stack(0x00000075b1b00000,0x00000075b1c00000)]
  0x000001a17f57b780 JavaThread "Unconstrained build operations Thread 179" [_thread_blocked, id=23660, stack(0x00000075b1c00000,0x00000075b1d00000)]
  0x000001a17f57c6b0 JavaThread "Unconstrained build operations Thread 180" [_thread_blocked, id=10440, stack(0x00000075b1d00000,0x00000075b1e00000)]
  0x000001a17f57a340 JavaThread "Unconstrained build operations Thread 181" [_thread_blocked, id=17120, stack(0x00000075b1e00000,0x00000075b1f00000)]
  0x000001a17f57e000 JavaThread "Unconstrained build operations Thread 182" [_thread_blocked, id=9392, stack(0x00000075b1f00000,0x00000075b2000000)]
  0x000001a17f57b270 JavaThread "Unconstrained build operations Thread 183" [_thread_blocked, id=17040, stack(0x00000075b2000000,0x00000075b2100000)]
  0x000001a17f57e510 JavaThread "Unconstrained build operations Thread 184" [_thread_blocked, id=24096, stack(0x00000075b2100000,0x00000075b2200000)]
  0x000001a17f57cbc0 JavaThread "Unconstrained build operations Thread 185" [_thread_blocked, id=26328, stack(0x00000075b2200000,0x00000075b2300000)]
  0x000001a17f57f440 JavaThread "Unconstrained build operations Thread 186" [_thread_blocked, id=13248, stack(0x00000075b2300000,0x00000075b2400000)]
  0x000001a17f57d0d0 JavaThread "Unconstrained build operations Thread 187" [_thread_blocked, id=2920, stack(0x00000075b2400000,0x00000075b2500000)]
  0x000001a17f57ea20 JavaThread "Unconstrained build operations Thread 188" [_thread_blocked, id=15844, stack(0x00000075b2500000,0x00000075b2600000)]
  0x000001a17f57bc90 JavaThread "Unconstrained build operations Thread 189" [_thread_blocked, id=24420, stack(0x00000075b2600000,0x00000075b2700000)]
  0x000001a17f581cc0 JavaThread "Unconstrained build operations Thread 190" [_thread_blocked, id=11044, stack(0x00000075b2700000,0x00000075b2800000)]
  0x000001a17f5817b0 JavaThread "Unconstrained build operations Thread 191" [_thread_blocked, id=14656, stack(0x00000075b2800000,0x00000075b2900000)]
  0x000001a17f580370 JavaThread "Unconstrained build operations Thread 192" [_thread_blocked, id=29852, stack(0x00000075b2900000,0x00000075b2a00000)]
  0x000001a17f580880 JavaThread "Unconstrained build operations Thread 193" [_thread_blocked, id=22116, stack(0x00000075b2a00000,0x00000075b2b00000)]
  0x000001a17f57fe60 JavaThread "Unconstrained build operations Thread 194" [_thread_blocked, id=5300, stack(0x00000075b2b00000,0x00000075b2c00000)]
  0x000001a17f5821d0 JavaThread "Unconstrained build operations Thread 195" [_thread_blocked, id=13236, stack(0x00000075b2c00000,0x00000075b2d00000)]
  0x000001a17f580d90 JavaThread "Unconstrained build operations Thread 196" [_thread_blocked, id=14188, stack(0x00000075b2d00000,0x00000075b2e00000)]
  0x000001a17f5812a0 JavaThread "Unconstrained build operations Thread 197" [_thread_blocked, id=29732, stack(0x00000075b2e00000,0x00000075b2f00000)]
  0x000001a17f57ef30 JavaThread "Unconstrained build operations Thread 198" [_thread_blocked, id=2764, stack(0x00000075b2f00000,0x00000075b3000000)]
  0x000001a17f5826e0 JavaThread "Unconstrained build operations Thread 199" [_thread_blocked, id=30008, stack(0x00000075b3000000,0x00000075b3100000)]
  0x000001a17f583100 JavaThread "Unconstrained build operations Thread 200" [_thread_blocked, id=15412, stack(0x00000075b3100000,0x00000075b3200000)]
  0x000001a17f582bf0 JavaThread "jar transforms Thread 4" [_thread_blocked, id=28828, stack(0x00000075b3400000,0x00000075b3500000)]
  0x000001a17f57f950 JavaThread "jar transforms Thread 5" [_thread_blocked, id=15596, stack(0x00000075af100000,0x00000075af200000)]
  0x000001a11ceb5b90 JavaThread "jar transforms Thread 6" [_thread_blocked, id=29884, stack(0x00000075af300000,0x00000075af400000)]
  0x000001a11ceb5680 JavaThread "build event listener" [_thread_blocked, id=11916, stack(0x00000075b3500000,0x00000075b3600000)]
  0x000001a11ceb7f00 JavaThread "Problems report writer" [_thread_blocked, id=30308, stack(0x00000075b3700000,0x00000075b3800000)]
  0x000001a11ceba270 JavaThread "jar transforms Thread 7" [_thread_blocked, id=33100, stack(0x00000075b3a00000,0x00000075b3b00000)]
  0x000001a11cebbbc0 JavaThread "jar transforms Thread 8" [_thread_blocked, id=20628, stack(0x00000075b3c00000,0x00000075b3d00000)]
  0x000001a11ceba780 JavaThread "jar transforms Thread 9" [_thread_blocked, id=31952, stack(0x00000075b3b00000,0x00000075b3c00000)]
  0x000001a11cebac90 JavaThread "jar transforms Thread 10" [_thread_blocked, id=22100, stack(0x00000075b3d00000,0x00000075b3e00000)]
  0x000001a11cebb6b0 JavaThread "jar transforms Thread 11" [_thread_blocked, id=7848, stack(0x00000075b3e00000,0x00000075b3f00000)]
  0x000001a11cebcaf0 JavaThread "jar transforms Thread 12" [_thread_blocked, id=29384, stack(0x00000075b3f00000,0x00000075b4000000)]
  0x000001a11ceb9340 JavaThread "jar transforms Thread 13" [_thread_blocked, id=30368, stack(0x00000075b4000000,0x00000075b4100000)]
  0x000001a11cebd000 JavaThread "jar transforms Thread 14" [_thread_blocked, id=16424, stack(0x00000075b4100000,0x00000075b4200000)]
  0x000001a11ceb9850 JavaThread "jar transforms Thread 15" [_thread_blocked, id=1784, stack(0x00000075b4200000,0x00000075b4300000)]
  0x000001a11cec07b0 JavaThread "jar transforms Thread 16" [_thread_blocked, id=13988, stack(0x00000075b3600000,0x00000075b3700000)]
  0x000001a11cebf370 JavaThread "jar transforms Thread 17" [_thread_blocked, id=25372, stack(0x00000075b4300000,0x00000075b4400000)]
  0x000001a11cec11d0 JavaThread "jar transforms Thread 18" [_thread_blocked, id=13816, stack(0x00000075b4400000,0x00000075b4500000)]
  0x000001a11cebe440 JavaThread "jar transforms Thread 19" [_thread_blocked, id=28268, stack(0x00000075b4600000,0x00000075b4700000)]
  0x000001a11cebfd90 JavaThread "jar transforms Thread 20" [_thread_blocked, id=27452, stack(0x00000075b4700000,0x00000075b4800000)]
  0x000001a11cec1bf0 JavaThread "Exec process" [_thread_blocked, id=28000, stack(0x00000075b4800000,0x00000075b4900000)]
  0x000001a11cec2610 JavaThread "Exec process Thread 2" [_thread_blocked, id=10064, stack(0x00000075b4900000,0x00000075b4a00000)]
  0x000001a11cec0cc0 JavaThread "Exec process Thread 3" [_thread_blocked, id=19568, stack(0x00000075b4a00000,0x00000075b4b00000)]
  0x000001a124d65d90 JavaThread "C1 CompilerThread1" daemon [_thread_blocked, id=24064, stack(0x000000759f800000,0x000000759f900000)]
  0x000001a11d047fa0 JavaThread "C1 CompilerThread2" daemon [_thread_blocked, id=17688, stack(0x00000075af500000,0x00000075af600000)]
  0x000001a11cec16e0 JavaThread "Cache worker for execution history cache (C:\rubi_web\CISC_Capstone\MiscueReading\android\.gradle\9.0.0\executionHistory)" [_thread_blocked, id=29716, stack(0x00000075b4500000,0x00000075b4600000)]
  0x000001a129f05bc0 JavaThread "WorkerExecutor Queue" [_thread_blocked, id=24544, stack(0x000000759f900000,0x000000759fa00000)]
  0x000001a129f04780 JavaThread "WorkerExecutor Queue Thread 2" [_thread_blocked, id=21744, stack(0x000000759fa00000,0x000000759fb00000)]
  0x000001a129f04c90 JavaThread "WorkerExecutor Queue Thread 3" [_thread_blocked, id=9140, stack(0x00000075a0c00000,0x00000075a0d00000)]
  0x000001a129f051a0 JavaThread "WorkerExecutor Queue Thread 4" [_thread_blocked, id=20532, stack(0x00000075a0d00000,0x00000075a0e00000)]
  0x000001a129f056b0 JavaThread "WorkerExecutor Queue Thread 5" [_thread_blocked, id=32956, stack(0x00000075b4b00000,0x00000075b4c00000)]
  0x000001a129f04270 JavaThread "WorkerExecutor Queue Thread 6" [_thread_blocked, id=33244, stack(0x00000075b4c00000,0x00000075b4d00000)]
  0x000001a129f03d60 JavaThread "WorkerExecutor Queue Thread 7" [_thread_blocked, id=9444, stack(0x00000075b4d00000,0x00000075b4e00000)]
  0x000001a129f060d0 JavaThread "WorkerExecutor Queue Thread 8" [_thread_blocked, id=30444, stack(0x00000075b4e00000,0x00000075b4f00000)]
  0x000001a129f06af0 JavaThread "WorkerExecutor Queue Thread 9" [_thread_blocked, id=32008, stack(0x00000075b5000000,0x00000075b5100000)]
  0x000001a129f065e0 JavaThread "WorkerExecutor Queue Thread 10" [_thread_blocked, id=21420, stack(0x00000075b5100000,0x00000075b5200000)]
  0x000001a129f03340 JavaThread "WorkerExecutor Queue Thread 11" [_thread_blocked, id=21068, stack(0x00000075b5200000,0x00000075b5300000)]
  0x000001a129f07000 JavaThread "WorkerExecutor Queue Thread 12" [_thread_blocked, id=23980, stack(0x00000075b5300000,0x00000075b5400000)]
  0x000001a129f08e60 JavaThread "WorkerExecutor Queue Thread 13" [_thread_blocked, id=3804, stack(0x00000075b5400000,0x00000075b5500000)]
  0x000001a129f09370 JavaThread "WorkerExecutor Queue Thread 14" [_thread_blocked, id=7940, stack(0x00000075b5600000,0x00000075b5700000)]
  0x000001a129f09880 JavaThread "WorkerExecutor Queue Thread 15" [_thread_blocked, id=25604, stack(0x00000075b5700000,0x00000075b5800000)]
  0x000001a129f0a2a0 JavaThread "WorkerExecutor Queue Thread 16" [_thread_blocked, id=3844, stack(0x00000075b5800000,0x00000075b5900000)]
  0x000001a129f09d90 JavaThread "WorkerExecutor Queue Thread 17" [_thread_blocked, id=31268, stack(0x00000075b5900000,0x00000075b5a00000)]
  0x000001a129f0a7b0 JavaThread "WorkerExecutor Queue Thread 18" [_thread_blocked, id=33508, stack(0x00000075b5a00000,0x00000075b5b00000)]
  0x000001a129f0acc0 JavaThread "WorkerExecutor Queue Thread 19" [_thread_blocked, id=11412, stack(0x00000075b5b00000,0x00000075b5c00000)]
  0x000001a129f07510 JavaThread "WorkerExecutor Queue Thread 20" [_thread_blocked, id=33260, stack(0x00000075b5c00000,0x00000075b5d00000)]
  0x000001a11fbc06b0 JavaThread "C2 CompilerThread1" daemon [_thread_blocked, id=28804, stack(0x00000075b3300000,0x00000075b3400000)]
  0x000001a124cc8890 JavaThread "C1 CompilerThread3" daemon [_thread_blocked, id=4004, stack(0x00000075b4f00000,0x00000075b5000000)]

Other Threads:
=>0x000001a178355390 VMThread "VM Thread" [stack: 0x00000075a0100000,0x00000075a0200000] [id=33580]
  0x000001a1592a70a0 WatcherThread [stack: 0x00000075a1100000,0x00000075a1200000] [id=10624]
  0x000001a1592509c0 GCTaskThread "GC Thread#0" [stack: 0x000000759fc00000,0x000000759fd00000] [id=33560]
  0x000001a17d602b90 GCTaskThread "GC Thread#1" [stack: 0x00000075a1200000,0x00000075a1300000] [id=26112]
  0x000001a17d2c9e60 GCTaskThread "GC Thread#2" [stack: 0x00000075a1300000,0x00000075a1400000] [id=12280]
  0x000001a17db60410 GCTaskThread "GC Thread#3" [stack: 0x00000075a1400000,0x00000075a1500000] [id=32880]
  0x000001a17de54ce0 GCTaskThread "GC Thread#4" [stack: 0x00000075a1500000,0x00000075a1600000] [id=33236]
  0x000001a17ee64da0 GCTaskThread "GC Thread#5" [stack: 0x00000075a2300000,0x00000075a2400000] [id=32840]
  0x000001a11b56e0b0 GCTaskThread "GC Thread#6" [stack: 0x00000075a2400000,0x00000075a2500000] [id=14860]
  0x000001a11b596440 GCTaskThread "GC Thread#7" [stack: 0x00000075a2500000,0x00000075a2600000] [id=16776]
  0x000001a11b596700 GCTaskThread "GC Thread#8" [stack: 0x00000075a2600000,0x00000075a2700000] [id=30420]
  0x000001a11b5969c0 GCTaskThread "GC Thread#9" [stack: 0x00000075a2700000,0x00000075a2800000] [id=33648]
  0x000001a17f3b2c30 GCTaskThread "GC Thread#10" [stack: 0x00000075a2800000,0x00000075a2900000] [id=21944]
  0x000001a17f3b32c0 GCTaskThread "GC Thread#11" [stack: 0x00000075a2900000,0x00000075a2a00000] [id=31068]
  0x000001a17f3b3580 GCTaskThread "GC Thread#12" [stack: 0x00000075a2a00000,0x00000075a2b00000] [id=16516]
  0x000001a11b56d3a0 GCTaskThread "GC Thread#13" [stack: 0x00000075a2b00000,0x00000075a2c00000] [id=32916]
  0x000001a17ed9c370 GCTaskThread "GC Thread#14" [stack: 0x00000075a2c00000,0x00000075a2d00000] [id=3236]
  0x000001a159262990 ConcurrentGCThread "G1 Main Marker" [stack: 0x000000759fd00000,0x000000759fe00000] [id=33564]
  0x000001a159264220 ConcurrentGCThread "G1 Conc#0" [stack: 0x000000759fe00000,0x000000759ff00000] [id=33568]
  0x000001a17ed9d3f0 ConcurrentGCThread "G1 Conc#1" [stack: 0x00000075a2e00000,0x00000075a2f00000] [id=32976]
  0x000001a17ed9c630 ConcurrentGCThread "G1 Conc#2" [stack: 0x00000075a2f00000,0x00000075a3000000] [id=33032]
  0x000001a17ed9cbb0 ConcurrentGCThread "G1 Conc#3" [stack: 0x00000075a3000000,0x00000075a3100000] [id=31212]
  0x000001a1782071e0 ConcurrentGCThread "G1 Refine#0" [stack: 0x000000759ff00000,0x00000075a0000000] [id=33572]
  0x000001a11be8e3e0 ConcurrentGCThread "G1 Refine#1" [stack: 0x00000075b3200000,0x00000075b3300000] [id=24236]
  0x000001a1782085e0 ConcurrentGCThread "G1 Service" [stack: 0x00000075a0000000,0x00000075a0100000] [id=33576]

Threads with active compile tasks:
C2 CompilerThread0    76700 25444       4       com.sun.org.apache.xerces.internal.dom.CoreDocumentImpl::callUserDataHandlers (44 bytes)
C2 CompilerThread1    76700 25443   !   4       com.sun.org.apache.xerces.internal.dom.CoreDocumentImpl::adoptNode (526 bytes)

VM state: at safepoint (normal execution)

VM Mutex/Monitor currently owned by a thread:  ([mutex/lock_event])
[0x000001a1591e5e60] Threads_lock - owner thread: 0x000001a178355390
[0x000001a1591e6520] Heap_lock - owner thread: 0x000001a159262990

Heap address: 0x0000000080000000, size: 2048 MB, Compressed Oops mode: 32-bit

CDS archive(s) mapped at: [0x000001a100000000-0x000001a100bd0000-0x000001a100bd0000), size 12386304, SharedBaseAddress: 0x000001a100000000, ArchiveRelocationMode: 1.
Compressed class space mapped at: 0x000001a101000000-0x000001a11b000000, reserved size: 436207616
Narrow klass base: 0x000001a100000000, Narrow klass shift: 0, Narrow klass range: 0x100000000

GC Precious Log:
 CPUs: 20 total, 20 available
 Memory: 7911M
 Large Page Support: Disabled
 NUMA Support: Disabled
 Compressed Oops: Enabled (32-bit)
 Heap Region Size: 1M
 Heap Min Capacity: 8M
 Heap Initial Capacity: 124M
 Heap Max Capacity: 2G
 Pre-touch: Disabled
 Parallel Workers: 15
 Concurrent Workers: 4
 Concurrent Refinement Workers: 15
 Periodic GC: Disabled

Heap:
 garbage-first heap   total 501760K, used 451915K [0x0000000080000000, 0x0000000100000000)
  region size 1024K, 19 young (19456K), 3 survivors (3072K)
 Metaspace       used 126430K, committed 129024K, reserved 557056K
  class space    used 17401K, committed 18624K, reserved 425984K

Heap Regions: E=young(eden), S=young(survivor), O=old, HS=humongous(starts), HC=humongous(continues), CS=collection set, F=free, OA=open archive, CA=closed archive, TAMS=top-at-mark-start (previous, next)
|   0|0x0000000080000000, 0x0000000080100000, 0x0000000080100000|100%|HS|  |TAMS 0x0000000080100000, 0x0000000080000000| Complete 
|   1|0x0000000080100000, 0x0000000080200000, 0x0000000080200000|100%|HC|  |TAMS 0x0000000080200000, 0x0000000080100000| Complete 
|   2|0x0000000080200000, 0x0000000080300000, 0x0000000080300000|100%|HC|  |TAMS 0x0000000080300000, 0x0000000080200000| Complete 
|   3|0x0000000080300000, 0x0000000080400000, 0x0000000080400000|100%| O|  |TAMS 0x0000000080400000, 0x0000000080300000| Untracked 
|   4|0x0000000080400000, 0x0000000080500000, 0x0000000080500000|100%| O|  |TAMS 0x0000000080500000, 0x0000000080400000| Untracked 
|   5|0x0000000080500000, 0x0000000080600000, 0x0000000080600000|100%| O|  |TAMS 0x0000000080600000, 0x0000000080500000| Untracked 
|   6|0x0000000080600000, 0x0000000080700000, 0x0000000080700000|100%|HS|  |TAMS 0x0000000080700000, 0x0000000080600000| Complete 
|   7|0x0000000080700000, 0x0000000080800000, 0x0000000080800000|100%| O|  |TAMS 0x0000000080800000, 0x0000000080700000| Untracked 
|   8|0x0000000080800000, 0x0000000080900000, 0x0000000080900000|100%| O|  |TAMS 0x0000000080900000, 0x0000000080800000| Untracked 
|   9|0x0000000080900000, 0x0000000080a00000, 0x0000000080a00000|100%| O|  |TAMS 0x0000000080a00000, 0x0000000080900000| Untracked 
|  10|0x0000000080a00000, 0x0000000080b00000, 0x0000000080b00000|100%| O|  |TAMS 0x0000000080b00000, 0x0000000080a00000| Untracked 
|  11|0x0000000080b00000, 0x0000000080c00000, 0x0000000080c00000|100%| O|  |TAMS 0x0000000080c00000, 0x0000000080b00000| Untracked 
|  12|0x0000000080c00000, 0x0000000080d00000, 0x0000000080d00000|100%| O|  |TAMS 0x0000000080d00000, 0x0000000080c00000| Untracked 
|  13|0x0000000080d00000, 0x0000000080e00000, 0x0000000080e00000|100%| O|  |TAMS 0x0000000080e00000, 0x0000000080d00000| Untracked 
|  14|0x0000000080e00000, 0x0000000080f00000, 0x0000000080f00000|100%| O|  |TAMS 0x0000000080f00000, 0x0000000080e00000| Untracked 
|  15|0x0000000080f00000, 0x0000000081000000, 0x0000000081000000|100%| O|  |TAMS 0x0000000081000000, 0x0000000080f00000| Untracked 
|  16|0x0000000081000000, 0x0000000081100000, 0x0000000081100000|100%| O|  |TAMS 0x0000000081100000, 0x0000000081000000| Untracked 
|  17|0x0000000081100000, 0x0000000081200000, 0x0000000081200000|100%| O|  |TAMS 0x0000000081200000, 0x0000000081100000| Untracked 
|  18|0x0000000081200000, 0x0000000081300000, 0x0000000081300000|100%| O|  |TAMS 0x0000000081300000, 0x0000000081200000| Untracked 
|  19|0x0000000081300000, 0x0000000081400000, 0x0000000081400000|100%| O|  |TAMS 0x0000000081400000, 0x0000000081300000| Untracked 
|  20|0x0000000081400000, 0x0000000081500000, 0x0000000081500000|100%| O|  |TAMS 0x0000000081500000, 0x0000000081400000| Untracked 
|  21|0x0000000081500000, 0x0000000081600000, 0x0000000081600000|100%| O|  |TAMS 0x0000000081600000, 0x0000000081500000| Untracked 
|  22|0x0000000081600000, 0x0000000081700000, 0x0000000081700000|100%| O|  |TAMS 0x0000000081700000, 0x0000000081600000| Updating 
|  23|0x0000000081700000, 0x0000000081800000, 0x0000000081800000|100%| O|  |TAMS 0x0000000081800000, 0x0000000081700000| Untracked 
|  24|0x0000000081800000, 0x0000000081900000, 0x0000000081900000|100%| O|  |TAMS 0x0000000081900000, 0x0000000081800000| Untracked 
|  25|0x0000000081900000, 0x0000000081a00000, 0x0000000081a00000|100%| O|  |TAMS 0x0000000081a00000, 0x0000000081900000| Untracked 
|  26|0x0000000081a00000, 0x0000000081b00000, 0x0000000081b00000|100%| O|  |TAMS 0x0000000081b00000, 0x0000000081a00000| Untracked 
|  27|0x0000000081b00000, 0x0000000081c00000, 0x0000000081c00000|100%| O|  |TAMS 0x0000000081c00000, 0x0000000081b00000| Updating 
|  28|0x0000000081c00000, 0x0000000081d00000, 0x0000000081d00000|100%| O|  |TAMS 0x0000000081d00000, 0x0000000081c00000| Updating 
|  29|0x0000000081d00000, 0x0000000081e00000, 0x0000000081e00000|100%| O|  |TAMS 0x0000000081e00000, 0x0000000081d00000| Untracked 
|  30|0x0000000081e00000, 0x0000000081f00000, 0x0000000081f00000|100%| O|  |TAMS 0x0000000081f00000, 0x0000000081e00000| Updating 
|  31|0x0000000081f00000, 0x0000000082000000, 0x0000000082000000|100%| O|  |TAMS 0x0000000082000000, 0x0000000081f00000| Updating 
|  32|0x0000000082000000, 0x0000000082100000, 0x0000000082100000|100%| O|  |TAMS 0x0000000082100000, 0x0000000082000000| Updating 
|  33|0x0000000082100000, 0x0000000082200000, 0x0000000082200000|100%| O|  |TAMS 0x0000000082200000, 0x0000000082100000| Updating 
|  34|0x0000000082200000, 0x0000000082300000, 0x0000000082300000|100%| O|  |TAMS 0x0000000082300000, 0x0000000082200000| Updating 
|  35|0x0000000082300000, 0x0000000082400000, 0x0000000082400000|100%| O|  |TAMS 0x0000000082400000, 0x0000000082300000| Untracked 
|  36|0x0000000082400000, 0x0000000082500000, 0x0000000082500000|100%| O|  |TAMS 0x0000000082500000, 0x0000000082400000| Untracked 
|  37|0x0000000082500000, 0x0000000082600000, 0x0000000082600000|100%| O|  |TAMS 0x0000000082600000, 0x0000000082500000| Updating 
|  38|0x0000000082600000, 0x0000000082700000, 0x0000000082700000|100%| O|  |TAMS 0x0000000082700000, 0x0000000082600000| Untracked 
|  39|0x0000000082700000, 0x0000000082800000, 0x0000000082800000|100%| O|  |TAMS 0x0000000082800000, 0x0000000082700000| Updating 
|  40|0x0000000082800000, 0x0000000082900000, 0x0000000082900000|100%| O|  |TAMS 0x0000000082900000, 0x0000000082800000| Untracked 
|  41|0x0000000082900000, 0x0000000082a00000, 0x0000000082a00000|100%|HS|  |TAMS 0x0000000082a00000, 0x0000000082900000| Complete 
|  42|0x0000000082a00000, 0x0000000082b00000, 0x0000000082b00000|100%|HC|  |TAMS 0x0000000082b00000, 0x0000000082a00000| Complete 
|  43|0x0000000082b00000, 0x0000000082c00000, 0x0000000082c00000|100%|HC|  |TAMS 0x0000000082c00000, 0x0000000082b00000| Complete 
|  44|0x0000000082c00000, 0x0000000082d00000, 0x0000000082d00000|100%| O|  |TAMS 0x0000000082d00000, 0x0000000082c00000| Untracked 
|  45|0x0000000082d00000, 0x0000000082e00000, 0x0000000082e00000|100%| O|  |TAMS 0x0000000082e00000, 0x0000000082d00000| Untracked 
|  46|0x0000000082e00000, 0x0000000082f00000, 0x0000000082f00000|100%| O|  |TAMS 0x0000000082f00000, 0x0000000082e00000| Updating 
|  47|0x0000000082f00000, 0x0000000083000000, 0x0000000083000000|100%| O|  |TAMS 0x0000000083000000, 0x0000000082f00000| Untracked 
|  48|0x0000000083000000, 0x0000000083100000, 0x0000000083100000|100%|HS|  |TAMS 0x0000000083100000, 0x0000000083000000| Complete 
|  49|0x0000000083100000, 0x0000000083200000, 0x0000000083200000|100%|HC|  |TAMS 0x0000000083200000, 0x0000000083100000| Complete 
|  50|0x0000000083200000, 0x0000000083300000, 0x0000000083300000|100%|HC|  |TAMS 0x0000000083300000, 0x0000000083200000| Complete 
|  51|0x0000000083300000, 0x0000000083400000, 0x0000000083400000|100%|HS|  |TAMS 0x0000000083400000, 0x0000000083300000| Complete 
|  52|0x0000000083400000, 0x0000000083500000, 0x0000000083500000|100%| O|  |TAMS 0x0000000083500000, 0x0000000083400000| Updating 
|  53|0x0000000083500000, 0x0000000083600000, 0x0000000083600000|100%| O|  |TAMS 0x0000000083600000, 0x0000000083500000| Untracked 
|  54|0x0000000083600000, 0x0000000083700000, 0x0000000083700000|100%| O|  |TAMS 0x0000000083700000, 0x0000000083600000| Untracked 
|  55|0x0000000083700000, 0x0000000083800000, 0x0000000083800000|100%| O|  |TAMS 0x0000000083800000, 0x0000000083700000| Updating 
|  56|0x0000000083800000, 0x0000000083900000, 0x0000000083900000|100%| O|  |TAMS 0x0000000083900000, 0x0000000083800000| Untracked 
|  57|0x0000000083900000, 0x0000000083a00000, 0x0000000083a00000|100%| O|  |TAMS 0x0000000083a00000, 0x0000000083900000| Updating 
|  58|0x0000000083a00000, 0x0000000083b00000, 0x0000000083b00000|100%| O|  |TAMS 0x0000000083b00000, 0x0000000083a00000| Untracked 
|  59|0x0000000083b00000, 0x0000000083c00000, 0x0000000083c00000|100%| O|  |TAMS 0x0000000083c00000, 0x0000000083b00000| Untracked 
|  60|0x0000000083c00000, 0x0000000083d00000, 0x0000000083d00000|100%| O|  |TAMS 0x0000000083d00000, 0x0000000083c00000| Updating 
|  61|0x0000000083d00000, 0x0000000083e00000, 0x0000000083e00000|100%| O|  |TAMS 0x0000000083e00000, 0x0000000083d00000| Updating 
|  62|0x0000000083e00000, 0x0000000083f00000, 0x0000000083f00000|100%| O|  |TAMS 0x0000000083f00000, 0x0000000083e00000| Updating 
|  63|0x0000000083f00000, 0x0000000084000000, 0x0000000084000000|100%| O|  |TAMS 0x0000000084000000, 0x0000000083f00000| Untracked 
|  64|0x0000000084000000, 0x0000000084100000, 0x0000000084100000|100%| O|  |TAMS 0x0000000084100000, 0x0000000084000000| Updating 
|  65|0x0000000084100000, 0x0000000084200000, 0x0000000084200000|100%| O|  |TAMS 0x0000000084200000, 0x0000000084100000| Updating 
|  66|0x0000000084200000, 0x0000000084300000, 0x0000000084300000|100%| O|  |TAMS 0x0000000084300000, 0x0000000084200000| Updating 
|  67|0x0000000084300000, 0x0000000084400000, 0x0000000084400000|100%|HS|  |TAMS 0x0000000084400000, 0x0000000084300000| Complete 
|  68|0x0000000084400000, 0x0000000084500000, 0x0000000084500000|100%|HC|  |TAMS 0x0000000084500000, 0x0000000084400000| Complete 
|  69|0x0000000084500000, 0x0000000084600000, 0x0000000084600000|100%|HC|  |TAMS 0x0000000084600000, 0x0000000084500000| Complete 
|  70|0x0000000084600000, 0x0000000084700000, 0x0000000084700000|100%| O|  |TAMS 0x0000000084700000, 0x0000000084600000| Untracked 
|  71|0x0000000084700000, 0x0000000084800000, 0x0000000084800000|100%| O|  |TAMS 0x0000000084800000, 0x0000000084700000| Updating 
|  72|0x0000000084800000, 0x0000000084900000, 0x0000000084900000|100%| O|  |TAMS 0x0000000084900000, 0x0000000084800000| Updating 
|  73|0x0000000084900000, 0x0000000084a00000, 0x0000000084a00000|100%| O|  |TAMS 0x0000000084a00000, 0x0000000084900000| Untracked 
|  74|0x0000000084a00000, 0x0000000084b00000, 0x0000000084b00000|100%| O|  |TAMS 0x0000000084b00000, 0x0000000084a00000| Updating 
|  75|0x0000000084b00000, 0x0000000084c00000, 0x0000000084c00000|100%| O|  |TAMS 0x0000000084c00000, 0x0000000084b00000| Updating 
|  76|0x0000000084c00000, 0x0000000084d00000, 0x0000000084d00000|100%| O|  |TAMS 0x0000000084d00000, 0x0000000084c00000| Updating 
|  77|0x0000000084d00000, 0x0000000084e00000, 0x0000000084e00000|100%| O|  |TAMS 0x0000000084e00000, 0x0000000084d00000| Updating 
|  78|0x0000000084e00000, 0x0000000084f00000, 0x0000000084f00000|100%| O|  |TAMS 0x0000000084f00000, 0x0000000084e00000| Updating 
|  79|0x0000000084f00000, 0x0000000085000000, 0x0000000085000000|100%| O|  |TAMS 0x0000000085000000, 0x0000000084f00000| Updating 
|  80|0x0000000085000000, 0x0000000085100000, 0x0000000085100000|100%| O|  |TAMS 0x0000000085100000, 0x0000000085000000| Updating 
|  81|0x0000000085100000, 0x0000000085200000, 0x0000000085200000|100%| O|  |TAMS 0x0000000085200000, 0x0000000085100000| Updating 
|  82|0x0000000085200000, 0x0000000085300000, 0x0000000085300000|100%| O|  |TAMS 0x0000000085300000, 0x0000000085200000| Updating 
|  83|0x0000000085300000, 0x0000000085400000, 0x0000000085400000|100%| O|  |TAMS 0x0000000085400000, 0x0000000085300000| Untracked 
|  84|0x0000000085400000, 0x0000000085500000, 0x0000000085500000|100%|HS|  |TAMS 0x0000000085500000, 0x0000000085400000| Complete 
|  85|0x0000000085500000, 0x0000000085600000, 0x0000000085600000|100%|HS|  |TAMS 0x0000000085600000, 0x0000000085500000| Complete 
|  86|0x0000000085600000, 0x0000000085700000, 0x0000000085700000|100%| O|  |TAMS 0x0000000085700000, 0x0000000085600000| Updating 
|  87|0x0000000085700000, 0x0000000085800000, 0x0000000085800000|100%|HS|  |TAMS 0x0000000085800000, 0x0000000085700000| Complete 
|  88|0x0000000085800000, 0x0000000085900000, 0x0000000085900000|100%|HS|  |TAMS 0x0000000085900000, 0x0000000085800000| Complete 
|  89|0x0000000085900000, 0x0000000085a00000, 0x0000000085a00000|100%|HS|  |TAMS 0x0000000085a00000, 0x0000000085900000| Complete 
|  90|0x0000000085a00000, 0x0000000085b00000, 0x0000000085b00000|100%| O|  |TAMS 0x0000000085b00000, 0x0000000085a00000| Updating 
|  91|0x0000000085b00000, 0x0000000085c00000, 0x0000000085c00000|100%|HS|  |TAMS 0x0000000085c00000, 0x0000000085b00000| Complete 
|  92|0x0000000085c00000, 0x0000000085d00000, 0x0000000085d00000|100%|HS|  |TAMS 0x0000000085d00000, 0x0000000085c00000| Complete 
|  93|0x0000000085d00000, 0x0000000085e00000, 0x0000000085e00000|100%| O|  |TAMS 0x0000000085e00000, 0x0000000085d00000| Updating 
|  94|0x0000000085e00000, 0x0000000085f00000, 0x0000000085f00000|100%|HS|  |TAMS 0x0000000085f00000, 0x0000000085e00000| Complete 
|  95|0x0000000085f00000, 0x0000000086000000, 0x0000000086000000|100%|HS|  |TAMS 0x0000000086000000, 0x0000000085f00000| Complete 
|  96|0x0000000086000000, 0x0000000086100000, 0x0000000086100000|100%| O|  |TAMS 0x0000000086100000, 0x0000000086000000| Untracked 
|  97|0x0000000086100000, 0x0000000086200000, 0x0000000086200000|100%| O|  |TAMS 0x0000000086200000, 0x0000000086100000| Updating 
|  98|0x0000000086200000, 0x0000000086300000, 0x0000000086300000|100%| O|  |TAMS 0x0000000086300000, 0x0000000086200000| Updating 
|  99|0x0000000086300000, 0x0000000086400000, 0x0000000086400000|100%| O|  |TAMS 0x0000000086400000, 0x0000000086300000| Untracked 
| 100|0x0000000086400000, 0x0000000086500000, 0x0000000086500000|100%| O|  |TAMS 0x0000000086500000, 0x0000000086400000| Updating 
| 101|0x0000000086500000, 0x0000000086600000, 0x0000000086600000|100%| O|  |TAMS 0x0000000086600000, 0x0000000086500000| Updating 
| 102|0x0000000086600000, 0x0000000086700000, 0x0000000086700000|100%| O|  |TAMS 0x0000000086700000, 0x0000000086600000| Updating 
| 103|0x0000000086700000, 0x0000000086800000, 0x0000000086800000|100%| O|  |TAMS 0x0000000086800000, 0x0000000086700000| Untracked 
| 104|0x0000000086800000, 0x0000000086900000, 0x0000000086900000|100%| O|  |TAMS 0x0000000086900000, 0x0000000086800000| Updating 
| 105|0x0000000086900000, 0x0000000086a00000, 0x0000000086a00000|100%| O|  |TAMS 0x0000000086a00000, 0x0000000086900000| Updating 
| 106|0x0000000086a00000, 0x0000000086b00000, 0x0000000086b00000|100%| O|  |TAMS 0x0000000086b00000, 0x0000000086a00000| Untracked 
| 107|0x0000000086b00000, 0x0000000086c00000, 0x0000000086c00000|100%| O|  |TAMS 0x0000000086c00000, 0x0000000086b00000| Untracked 
| 108|0x0000000086c00000, 0x0000000086d00000, 0x0000000086d00000|100%| O|  |TAMS 0x0000000086d00000, 0x0000000086c00000| Untracked 
| 109|0x0000000086d00000, 0x0000000086e00000, 0x0000000086e00000|100%| O|  |TAMS 0x0000000086e00000, 0x0000000086d00000| Untracked 
| 110|0x0000000086e00000, 0x0000000086f00000, 0x0000000086f00000|100%| O|  |TAMS 0x0000000086f00000, 0x0000000086e00000| Untracked 
| 111|0x0000000086f00000, 0x0000000087000000, 0x0000000087000000|100%| O|  |TAMS 0x0000000087000000, 0x0000000086f00000| Untracked 
| 112|0x0000000087000000, 0x0000000087100000, 0x0000000087100000|100%| O|  |TAMS 0x0000000087100000, 0x0000000087000000| Untracked 
| 113|0x0000000087100000, 0x0000000087200000, 0x0000000087200000|100%| O|  |TAMS 0x0000000087200000, 0x0000000087100000| Untracked 
| 114|0x0000000087200000, 0x0000000087300000, 0x0000000087300000|100%| O|  |TAMS 0x0000000087300000, 0x0000000087200000| Untracked 
| 115|0x0000000087300000, 0x0000000087400000, 0x0000000087400000|100%| O|  |TAMS 0x0000000087400000, 0x0000000087300000| Updating 
| 116|0x0000000087400000, 0x0000000087500000, 0x0000000087500000|100%| O|  |TAMS 0x0000000087500000, 0x0000000087400000| Untracked 
| 117|0x0000000087500000, 0x0000000087600000, 0x0000000087600000|100%| O|  |TAMS 0x0000000087600000, 0x0000000087500000| Untracked 
| 118|0x0000000087600000, 0x0000000087700000, 0x0000000087700000|100%| O|  |TAMS 0x0000000087700000, 0x0000000087600000| Untracked 
| 119|0x0000000087700000, 0x0000000087800000, 0x0000000087800000|100%| O|  |TAMS 0x0000000087800000, 0x0000000087700000| Untracked 
| 120|0x0000000087800000, 0x0000000087900000, 0x0000000087900000|100%| O|  |TAMS 0x0000000087900000, 0x0000000087800000| Untracked 
| 121|0x0000000087900000, 0x0000000087a00000, 0x0000000087a00000|100%| O|  |TAMS 0x0000000087a00000, 0x0000000087900000| Untracked 
| 122|0x0000000087a00000, 0x0000000087b00000, 0x0000000087b00000|100%| O|  |TAMS 0x0000000087b00000, 0x0000000087a00000| Untracked 
| 123|0x0000000087b00000, 0x0000000087c00000, 0x0000000087c00000|100%| O|  |TAMS 0x0000000087c00000, 0x0000000087b00000| Updating 
| 124|0x0000000087c00000, 0x0000000087d00000, 0x0000000087d00000|100%| O|  |TAMS 0x0000000087d00000, 0x0000000087c00000| Untracked 
| 125|0x0000000087d00000, 0x0000000087e00000, 0x0000000087e00000|100%| O|  |TAMS 0x0000000087e00000, 0x0000000087d00000| Updating 
| 126|0x0000000087e00000, 0x0000000087f00000, 0x0000000087f00000|100%|HS|  |TAMS 0x0000000087f00000, 0x0000000087e00000| Complete 
| 127|0x0000000087f00000, 0x0000000088000000, 0x0000000088000000|100%|HS|  |TAMS 0x0000000088000000, 0x0000000087f00000| Complete 
| 128|0x0000000088000000, 0x0000000088100000, 0x0000000088100000|100%|HS|  |TAMS 0x0000000088100000, 0x0000000088000000| Complete 
| 129|0x0000000088100000, 0x0000000088200000, 0x0000000088200000|100%|HC|  |TAMS 0x0000000088200000, 0x0000000088100000| Complete 
| 130|0x0000000088200000, 0x0000000088300000, 0x0000000088300000|100%| O|  |TAMS 0x0000000088300000, 0x0000000088200000| Updating 
| 131|0x0000000088300000, 0x0000000088400000, 0x0000000088400000|100%| O|  |TAMS 0x0000000088400000, 0x0000000088300000| Untracked 
| 132|0x0000000088400000, 0x0000000088500000, 0x0000000088500000|100%| O|  |TAMS 0x0000000088500000, 0x0000000088400000| Untracked 
| 133|0x0000000088500000, 0x0000000088600000, 0x0000000088600000|100%| O|  |TAMS 0x0000000088600000, 0x0000000088500000| Updating 
| 134|0x0000000088600000, 0x0000000088700000, 0x0000000088700000|100%| O|  |TAMS 0x0000000088700000, 0x0000000088600000| Untracked 
| 135|0x0000000088700000, 0x0000000088800000, 0x0000000088800000|100%| O|  |TAMS 0x0000000088800000, 0x0000000088700000| Updating 
| 136|0x0000000088800000, 0x0000000088900000, 0x0000000088900000|100%|HS|  |TAMS 0x0000000088900000, 0x0000000088800000| Complete 
| 137|0x0000000088900000, 0x0000000088a00000, 0x0000000088a00000|100%|HS|  |TAMS 0x0000000088a00000, 0x0000000088900000| Complete 
| 138|0x0000000088a00000, 0x0000000088b00000, 0x0000000088b00000|100%| O|  |TAMS 0x0000000088b00000, 0x0000000088a00000| Updating 
| 139|0x0000000088b00000, 0x0000000088c00000, 0x0000000088c00000|100%| O|  |TAMS 0x0000000088c00000, 0x0000000088b00000| Updating 
| 140|0x0000000088c00000, 0x0000000088d00000, 0x0000000088d00000|100%| O|  |TAMS 0x0000000088d00000, 0x0000000088c00000| Updating 
| 141|0x0000000088d00000, 0x0000000088e00000, 0x0000000088e00000|100%| O|  |TAMS 0x0000000088e00000, 0x0000000088d00000| Untracked 
| 142|0x0000000088e00000, 0x0000000088f00000, 0x0000000088f00000|100%| O|  |TAMS 0x0000000088f00000, 0x0000000088e00000| Untracked 
| 143|0x0000000088f00000, 0x0000000089000000, 0x0000000089000000|100%| O|  |TAMS 0x0000000089000000, 0x0000000088f00000| Untracked 
| 144|0x0000000089000000, 0x0000000089100000, 0x0000000089100000|100%| O|  |TAMS 0x0000000089100000, 0x0000000089000000| Untracked 
| 145|0x0000000089100000, 0x0000000089200000, 0x0000000089200000|100%| O|  |TAMS 0x0000000089200000, 0x0000000089100000| Untracked 
| 146|0x0000000089200000, 0x0000000089300000, 0x0000000089300000|100%| O|  |TAMS 0x0000000089300000, 0x0000000089200000| Updating 
| 147|0x0000000089300000, 0x0000000089400000, 0x0000000089400000|100%| O|  |TAMS 0x0000000089400000, 0x0000000089300000| Updating 
| 148|0x0000000089400000, 0x0000000089500000, 0x0000000089500000|100%| O|  |TAMS 0x0000000089500000, 0x0000000089400000| Untracked 
| 149|0x0000000089500000, 0x0000000089600000, 0x0000000089600000|100%| O|  |TAMS 0x0000000089600000, 0x0000000089500000| Untracked 
| 150|0x0000000089600000, 0x0000000089700000, 0x0000000089700000|100%| O|  |TAMS 0x0000000089700000, 0x0000000089600000| Untracked 
| 151|0x0000000089700000, 0x0000000089800000, 0x0000000089800000|100%| O|  |TAMS 0x0000000089800000, 0x0000000089700000| Updating 
| 152|0x0000000089800000, 0x0000000089900000, 0x0000000089900000|100%| O|  |TAMS 0x0000000089900000, 0x0000000089800000| Updating 
| 153|0x0000000089900000, 0x0000000089a00000, 0x0000000089a00000|100%| O|  |TAMS 0x0000000089a00000, 0x0000000089900000| Updating 
| 154|0x0000000089a00000, 0x0000000089b00000, 0x0000000089b00000|100%| O|  |TAMS 0x0000000089b00000, 0x0000000089a00000| Updating 
| 155|0x0000000089b00000, 0x0000000089c00000, 0x0000000089c00000|100%|HS|  |TAMS 0x0000000089c00000, 0x0000000089b00000| Complete 
| 156|0x0000000089c00000, 0x0000000089d00000, 0x0000000089d00000|100%| O|  |TAMS 0x0000000089d00000, 0x0000000089c00000| Untracked 
| 157|0x0000000089d00000, 0x0000000089e00000, 0x0000000089e00000|100%| O|  |TAMS 0x0000000089e00000, 0x0000000089d00000| Untracked 
| 158|0x0000000089e00000, 0x0000000089f00000, 0x0000000089f00000|100%| O|  |TAMS 0x0000000089f00000, 0x0000000089e00000| Untracked 
| 159|0x0000000089f00000, 0x000000008a000000, 0x000000008a000000|100%| O|  |TAMS 0x000000008a000000, 0x0000000089f00000| Untracked 
| 160|0x000000008a000000, 0x000000008a100000, 0x000000008a100000|100%| O|  |TAMS 0x000000008a100000, 0x000000008a000000| Untracked 
| 161|0x000000008a100000, 0x000000008a200000, 0x000000008a200000|100%| O|  |TAMS 0x000000008a200000, 0x000000008a100000| Untracked 
| 162|0x000000008a200000, 0x000000008a300000, 0x000000008a300000|100%| O|  |TAMS 0x000000008a300000, 0x000000008a200000| Updating 
| 163|0x000000008a300000, 0x000000008a400000, 0x000000008a400000|100%| O|  |TAMS 0x000000008a400000, 0x000000008a300000| Updating 
| 164|0x000000008a400000, 0x000000008a500000, 0x000000008a500000|100%| O|  |TAMS 0x000000008a500000, 0x000000008a400000| Untracked 
| 165|0x000000008a500000, 0x000000008a600000, 0x000000008a600000|100%| O|  |TAMS 0x000000008a600000, 0x000000008a500000| Updating 
| 166|0x000000008a600000, 0x000000008a700000, 0x000000008a700000|100%| O|  |TAMS 0x000000008a700000, 0x000000008a600000| Updating 
| 167|0x000000008a700000, 0x000000008a800000, 0x000000008a800000|100%| O|  |TAMS 0x000000008a800000, 0x000000008a700000| Updating 
| 168|0x000000008a800000, 0x000000008a900000, 0x000000008a900000|100%| O|  |TAMS 0x000000008a900000, 0x000000008a800000| Updating 
| 169|0x000000008a900000, 0x000000008aa00000, 0x000000008aa00000|100%| O|  |TAMS 0x000000008aa00000, 0x000000008a900000| Untracked 
| 170|0x000000008aa00000, 0x000000008ab00000, 0x000000008ab00000|100%| O|  |TAMS 0x000000008ab00000, 0x000000008aa00000| Untracked 
| 171|0x000000008ab00000, 0x000000008ac00000, 0x000000008ac00000|100%| O|  |TAMS 0x000000008ac00000, 0x000000008ab00000| Untracked 
| 172|0x000000008ac00000, 0x000000008ad00000, 0x000000008ad00000|100%| O|  |TAMS 0x000000008ad00000, 0x000000008ac00000| Untracked 
| 173|0x000000008ad00000, 0x000000008ae00000, 0x000000008ae00000|100%| O|  |TAMS 0x000000008ae00000, 0x000000008ad00000| Updating 
| 174|0x000000008ae00000, 0x000000008af00000, 0x000000008af00000|100%| O|  |TAMS 0x000000008af00000, 0x000000008ae00000| Untracked 
| 175|0x000000008af00000, 0x000000008b000000, 0x000000008b000000|100%| O|  |TAMS 0x000000008b000000, 0x000000008af00000| Updating 
| 176|0x000000008b000000, 0x000000008b100000, 0x000000008b100000|100%| O|  |TAMS 0x000000008b100000, 0x000000008b000000| Updating 
| 177|0x000000008b100000, 0x000000008b200000, 0x000000008b200000|100%| O|  |TAMS 0x000000008b200000, 0x000000008b100000| Updating 
| 178|0x000000008b200000, 0x000000008b300000, 0x000000008b300000|100%| O|  |TAMS 0x000000008b300000, 0x000000008b200000| Updating 
| 179|0x000000008b300000, 0x000000008b400000, 0x000000008b400000|100%| O|  |TAMS 0x000000008b400000, 0x000000008b300000| Untracked 
| 180|0x000000008b400000, 0x000000008b500000, 0x000000008b500000|100%| O|  |TAMS 0x000000008b500000, 0x000000008b400000| Updating 
| 181|0x000000008b500000, 0x000000008b600000, 0x000000008b600000|100%| O|  |TAMS 0x000000008b600000, 0x000000008b500000| Updating 
| 182|0x000000008b600000, 0x000000008b700000, 0x000000008b700000|100%| O|  |TAMS 0x000000008b700000, 0x000000008b600000| Updating 
| 183|0x000000008b700000, 0x000000008b800000, 0x000000008b800000|100%| O|  |TAMS 0x000000008b800000, 0x000000008b700000| Updating 
| 184|0x000000008b800000, 0x000000008b900000, 0x000000008b900000|100%| O|  |TAMS 0x000000008b900000, 0x000000008b800000| Untracked 
| 185|0x000000008b900000, 0x000000008ba00000, 0x000000008ba00000|100%| O|  |TAMS 0x000000008ba00000, 0x000000008b900000| Untracked 
| 186|0x000000008ba00000, 0x000000008bb00000, 0x000000008bb00000|100%| O|  |TAMS 0x000000008bb00000, 0x000000008ba00000| Untracked 
| 187|0x000000008bb00000, 0x000000008bc00000, 0x000000008bc00000|100%| O|  |TAMS 0x000000008bc00000, 0x000000008bb00000| Untracked 
| 188|0x000000008bc00000, 0x000000008bd00000, 0x000000008bd00000|100%| O|  |TAMS 0x000000008bd00000, 0x000000008bc00000| Untracked 
| 189|0x000000008bd00000, 0x000000008be00000, 0x000000008be00000|100%| O|  |TAMS 0x000000008be00000, 0x000000008bd00000| Untracked 
| 190|0x000000008be00000, 0x000000008bf00000, 0x000000008bf00000|100%| O|  |TAMS 0x000000008bf00000, 0x000000008be00000| Updating 
| 191|0x000000008bf00000, 0x000000008c000000, 0x000000008c000000|100%| O|  |TAMS 0x000000008c000000, 0x000000008bf00000| Updating 
| 192|0x000000008c000000, 0x000000008c100000, 0x000000008c100000|100%| O|  |TAMS 0x000000008c100000, 0x000000008c000000| Updating 
| 193|0x000000008c100000, 0x000000008c200000, 0x000000008c200000|100%| O|  |TAMS 0x000000008c200000, 0x000000008c100000| Updating 
| 194|0x000000008c200000, 0x000000008c300000, 0x000000008c300000|100%| O|  |TAMS 0x000000008c300000, 0x000000008c200000| Updating 
| 195|0x000000008c300000, 0x000000008c400000, 0x000000008c400000|100%|HS|  |TAMS 0x000000008c400000, 0x000000008c300000| Complete 
| 196|0x000000008c400000, 0x000000008c500000, 0x000000008c500000|100%|HS|  |TAMS 0x000000008c500000, 0x000000008c400000| Complete 
| 197|0x000000008c500000, 0x000000008c600000, 0x000000008c600000|100%|HS|  |TAMS 0x000000008c600000, 0x000000008c500000| Complete 
| 198|0x000000008c600000, 0x000000008c700000, 0x000000008c700000|100%|HS|  |TAMS 0x000000008c700000, 0x000000008c600000| Complete 
| 199|0x000000008c700000, 0x000000008c800000, 0x000000008c800000|100%| O|  |TAMS 0x000000008c800000, 0x000000008c700000| Untracked 
| 200|0x000000008c800000, 0x000000008c900000, 0x000000008c900000|100%| O|  |TAMS 0x000000008c900000, 0x000000008c800000| Updating 
| 201|0x000000008c900000, 0x000000008ca00000, 0x000000008ca00000|100%| O|  |TAMS 0x000000008ca00000, 0x000000008c900000| Updating 
| 202|0x000000008ca00000, 0x000000008cb00000, 0x000000008cb00000|100%| O|  |TAMS 0x000000008cb00000, 0x000000008ca00000| Updating 
| 203|0x000000008cb00000, 0x000000008cc00000, 0x000000008cc00000|100%| O|  |TAMS 0x000000008cc00000, 0x000000008cb00000| Updating 
| 204|0x000000008cc00000, 0x000000008cd00000, 0x000000008cd00000|100%| O|  |TAMS 0x000000008cd00000, 0x000000008cc00000| Updating 
| 205|0x000000008cd00000, 0x000000008ce00000, 0x000000008ce00000|100%| O|  |TAMS 0x000000008ce00000, 0x000000008cd00000| Updating 
| 206|0x000000008ce00000, 0x000000008cf00000, 0x000000008cf00000|100%| O|  |TAMS 0x000000008cf00000, 0x000000008ce00000| Untracked 
| 207|0x000000008cf00000, 0x000000008d000000, 0x000000008d000000|100%| O|  |TAMS 0x000000008d000000, 0x000000008cf00000| Updating 
| 208|0x000000008d000000, 0x000000008d100000, 0x000000008d100000|100%| O|  |TAMS 0x000000008d100000, 0x000000008d000000| Updating 
| 209|0x000000008d100000, 0x000000008d200000, 0x000000008d200000|100%| O|  |TAMS 0x000000008d200000, 0x000000008d100000| Untracked 
| 210|0x000000008d200000, 0x000000008d300000, 0x000000008d300000|100%| O|  |TAMS 0x000000008d300000, 0x000000008d200000| Untracked 
| 211|0x000000008d300000, 0x000000008d400000, 0x000000008d400000|100%| O|  |TAMS 0x000000008d400000, 0x000000008d300000| Updating 
| 212|0x000000008d400000, 0x000000008d500000, 0x000000008d500000|100%| O|  |TAMS 0x000000008d500000, 0x000000008d400000| Updating 
| 213|0x000000008d500000, 0x000000008d600000, 0x000000008d600000|100%| O|  |TAMS 0x000000008d600000, 0x000000008d500000| Updating 
| 214|0x000000008d600000, 0x000000008d700000, 0x000000008d700000|100%| O|  |TAMS 0x000000008d700000, 0x000000008d600000| Untracked 
| 215|0x000000008d700000, 0x000000008d800000, 0x000000008d800000|100%| O|  |TAMS 0x000000008d800000, 0x000000008d700000| Updating 
| 216|0x000000008d800000, 0x000000008d900000, 0x000000008d900000|100%| O|  |TAMS 0x000000008d900000, 0x000000008d800000| Updating 
| 217|0x000000008d900000, 0x000000008da00000, 0x000000008da00000|100%| O|  |TAMS 0x000000008da00000, 0x000000008d900000| Updating 
| 218|0x000000008da00000, 0x000000008db00000, 0x000000008db00000|100%|HS|  |TAMS 0x000000008db00000, 0x000000008da00000| Complete 
| 219|0x000000008db00000, 0x000000008dc00000, 0x000000008dc00000|100%|HS|  |TAMS 0x000000008dc00000, 0x000000008db00000| Complete 
| 220|0x000000008dc00000, 0x000000008dd00000, 0x000000008dd00000|100%| O|  |TAMS 0x000000008dd00000, 0x000000008dc00000| Untracked 
| 221|0x000000008dd00000, 0x000000008de00000, 0x000000008de00000|100%| O|  |TAMS 0x000000008de00000, 0x000000008dd00000| Untracked 
| 222|0x000000008de00000, 0x000000008df00000, 0x000000008df00000|100%| O|  |TAMS 0x000000008df00000, 0x000000008de00000| Updating 
| 223|0x000000008df00000, 0x000000008e000000, 0x000000008e000000|100%| O|  |TAMS 0x000000008e000000, 0x000000008df00000| Untracked 
| 224|0x000000008e000000, 0x000000008e100000, 0x000000008e100000|100%| O|  |TAMS 0x000000008e100000, 0x000000008e000000| Updating 
| 225|0x000000008e100000, 0x000000008e200000, 0x000000008e200000|100%| O|  |TAMS 0x000000008e200000, 0x000000008e100000| Updating 
| 226|0x000000008e200000, 0x000000008e300000, 0x000000008e300000|100%| O|  |TAMS 0x000000008e300000, 0x000000008e200000| Updating 
| 227|0x000000008e300000, 0x000000008e400000, 0x000000008e400000|100%| O|  |TAMS 0x000000008e400000, 0x000000008e300000| Updating 
| 228|0x000000008e400000, 0x000000008e500000, 0x000000008e500000|100%| O|  |TAMS 0x000000008e500000, 0x000000008e400000| Updating 
| 229|0x000000008e500000, 0x000000008e600000, 0x000000008e600000|100%| O|  |TAMS 0x000000008e600000, 0x000000008e500000| Updating 
| 230|0x000000008e600000, 0x000000008e700000, 0x000000008e700000|100%| O|  |TAMS 0x000000008e700000, 0x000000008e600000| Updating 
| 231|0x000000008e700000, 0x000000008e800000, 0x000000008e800000|100%| O|  |TAMS 0x000000008e800000, 0x000000008e700000| Updating 
| 232|0x000000008e800000, 0x000000008e900000, 0x000000008e900000|100%| O|  |TAMS 0x000000008e900000, 0x000000008e800000| Updating 
| 233|0x000000008e900000, 0x000000008ea00000, 0x000000008ea00000|100%| O|  |TAMS 0x000000008ea00000, 0x000000008e900000| Untracked 
| 234|0x000000008ea00000, 0x000000008eb00000, 0x000000008eb00000|100%| O|  |TAMS 0x000000008eb00000, 0x000000008ea00000| Untracked 
| 235|0x000000008eb00000, 0x000000008ec00000, 0x000000008ec00000|100%| O|  |TAMS 0x000000008ec00000, 0x000000008eb00000| Untracked 
| 236|0x000000008ec00000, 0x000000008ed00000, 0x000000008ed00000|100%| O|  |TAMS 0x000000008ed00000, 0x000000008ec00000| Untracked 
| 237|0x000000008ed00000, 0x000000008ee00000, 0x000000008ee00000|100%| O|  |TAMS 0x000000008ee00000, 0x000000008ed00000| Updating 
| 238|0x000000008ee00000, 0x000000008ef00000, 0x000000008ef00000|100%| O|  |TAMS 0x000000008ef00000, 0x000000008ee00000| Untracked 
| 239|0x000000008ef00000, 0x000000008f000000, 0x000000008f000000|100%|HS|  |TAMS 0x000000008f000000, 0x000000008ef00000| Complete 
| 240|0x000000008f000000, 0x000000008f100000, 0x000000008f100000|100%| O|  |TAMS 0x000000008f100000, 0x000000008f000000| Untracked 
| 241|0x000000008f100000, 0x000000008f200000, 0x000000008f200000|100%| O|  |TAMS 0x000000008f200000, 0x000000008f100000| Untracked 
| 242|0x000000008f200000, 0x000000008f300000, 0x000000008f300000|100%| O|  |TAMS 0x000000008f300000, 0x000000008f200000| Untracked 
| 243|0x000000008f300000, 0x000000008f400000, 0x000000008f400000|100%| O|  |TAMS 0x000000008f400000, 0x000000008f300000| Untracked 
| 244|0x000000008f400000, 0x000000008f500000, 0x000000008f500000|100%| O|  |TAMS 0x000000008f500000, 0x000000008f400000| Untracked 
| 245|0x000000008f500000, 0x000000008f600000, 0x000000008f600000|100%| O|  |TAMS 0x000000008f600000, 0x000000008f500000| Untracked 
| 246|0x000000008f600000, 0x000000008f700000, 0x000000008f700000|100%| O|  |TAMS 0x000000008f700000, 0x000000008f600000| Untracked 
| 247|0x000000008f700000, 0x000000008f800000, 0x000000008f800000|100%| O|  |TAMS 0x000000008f800000, 0x000000008f700000| Untracked 
| 248|0x000000008f800000, 0x000000008f900000, 0x000000008f900000|100%| O|  |TAMS 0x000000008f900000, 0x000000008f800000| Untracked 
| 249|0x000000008f900000, 0x000000008fa00000, 0x000000008fa00000|100%| O|  |TAMS 0x000000008fa00000, 0x000000008f900000| Untracked 
| 250|0x000000008fa00000, 0x000000008fb00000, 0x000000008fb00000|100%| O|  |TAMS 0x000000008fb00000, 0x000000008fa00000| Untracked 
| 251|0x000000008fb00000, 0x000000008fc00000, 0x000000008fc00000|100%| O|  |TAMS 0x000000008fc00000, 0x000000008fb00000| Untracked 
| 252|0x000000008fc00000, 0x000000008fd00000, 0x000000008fd00000|100%| O|  |TAMS 0x000000008fd00000, 0x000000008fc00000| Untracked 
| 253|0x000000008fd00000, 0x000000008fe00000, 0x000000008fe00000|100%| O|  |TAMS 0x000000008fe00000, 0x000000008fd00000| Updating 
| 254|0x000000008fe00000, 0x000000008ff00000, 0x000000008ff00000|100%| O|  |TAMS 0x000000008ff00000, 0x000000008fe00000| Untracked 
| 255|0x000000008ff00000, 0x0000000090000000, 0x0000000090000000|100%| O|  |TAMS 0x0000000090000000, 0x000000008ff00000| Untracked 
| 256|0x0000000090000000, 0x0000000090100000, 0x0000000090100000|100%| O|  |TAMS 0x0000000090100000, 0x0000000090000000| Untracked 
| 257|0x0000000090100000, 0x0000000090200000, 0x0000000090200000|100%| O|  |TAMS 0x0000000090200000, 0x0000000090100000| Untracked 
| 258|0x0000000090200000, 0x0000000090300000, 0x0000000090300000|100%| O|  |TAMS 0x0000000090300000, 0x0000000090200000| Updating 
| 259|0x0000000090300000, 0x0000000090400000, 0x0000000090400000|100%| O|  |TAMS 0x0000000090400000, 0x0000000090300000| Untracked 
| 260|0x0000000090400000, 0x0000000090500000, 0x0000000090500000|100%| O|  |TAMS 0x0000000090500000, 0x0000000090400000| Untracked 
| 261|0x0000000090500000, 0x0000000090600000, 0x0000000090600000|100%| O|  |TAMS 0x0000000090600000, 0x0000000090500000| Untracked 
| 262|0x0000000090600000, 0x0000000090700000, 0x0000000090700000|100%| O|  |TAMS 0x0000000090700000, 0x0000000090600000| Updating 
| 263|0x0000000090700000, 0x0000000090800000, 0x0000000090800000|100%| O|  |TAMS 0x0000000090800000, 0x0000000090700000| Updating 
| 264|0x0000000090800000, 0x0000000090900000, 0x0000000090900000|100%|HS|  |TAMS 0x0000000090900000, 0x0000000090800000| Complete 
| 265|0x0000000090900000, 0x0000000090a00000, 0x0000000090a00000|100%|HS|  |TAMS 0x0000000090a00000, 0x0000000090900000| Complete 
| 266|0x0000000090a00000, 0x0000000090b00000, 0x0000000090b00000|100%|HS|  |TAMS 0x0000000090b00000, 0x0000000090a00000| Complete 
| 267|0x0000000090b00000, 0x0000000090c00000, 0x0000000090c00000|100%|HS|  |TAMS 0x0000000090c00000, 0x0000000090b00000| Complete 
| 268|0x0000000090c00000, 0x0000000090d00000, 0x0000000090d00000|100%| O|  |TAMS 0x0000000090d00000, 0x0000000090c00000| Updating 
| 269|0x0000000090d00000, 0x0000000090e00000, 0x0000000090e00000|100%| O|  |TAMS 0x0000000090e00000, 0x0000000090d00000| Untracked 
| 270|0x0000000090e00000, 0x0000000090f00000, 0x0000000090f00000|100%| O|  |TAMS 0x0000000090f00000, 0x0000000090e00000| Untracked 
| 271|0x0000000090f00000, 0x0000000091000000, 0x0000000091000000|100%| O|  |TAMS 0x0000000091000000, 0x0000000090f00000| Untracked 
| 272|0x0000000091000000, 0x0000000091100000, 0x0000000091100000|100%| O|  |TAMS 0x0000000091100000, 0x0000000091000000| Untracked 
| 273|0x0000000091100000, 0x0000000091200000, 0x0000000091200000|100%| O|  |TAMS 0x0000000091200000, 0x0000000091100000| Updating 
| 274|0x0000000091200000, 0x0000000091300000, 0x0000000091300000|100%| O|  |TAMS 0x0000000091300000, 0x0000000091200000| Updating 
| 275|0x0000000091300000, 0x0000000091400000, 0x0000000091400000|100%| O|  |TAMS 0x0000000091400000, 0x0000000091300000| Untracked 
| 276|0x0000000091400000, 0x0000000091500000, 0x0000000091500000|100%| O|  |TAMS 0x0000000091500000, 0x0000000091400000| Untracked 
| 277|0x0000000091500000, 0x0000000091600000, 0x0000000091600000|100%| O|  |TAMS 0x0000000091600000, 0x0000000091500000| Untracked 
| 278|0x0000000091600000, 0x0000000091700000, 0x0000000091700000|100%| O|  |TAMS 0x0000000091700000, 0x0000000091600000| Untracked 
| 279|0x0000000091700000, 0x0000000091800000, 0x0000000091800000|100%| O|  |TAMS 0x0000000091800000, 0x0000000091700000| Untracked 
| 280|0x0000000091800000, 0x0000000091900000, 0x0000000091900000|100%| O|  |TAMS 0x0000000091900000, 0x0000000091800000| Untracked 
| 281|0x0000000091900000, 0x0000000091a00000, 0x0000000091a00000|100%| O|  |TAMS 0x0000000091a00000, 0x0000000091900000| Untracked 
| 282|0x0000000091a00000, 0x0000000091b00000, 0x0000000091b00000|100%| O|  |TAMS 0x0000000091b00000, 0x0000000091a00000| Updating 
| 283|0x0000000091b00000, 0x0000000091c00000, 0x0000000091c00000|100%| O|  |TAMS 0x0000000091c00000, 0x0000000091b00000| Untracked 
| 284|0x0000000091c00000, 0x0000000091d00000, 0x0000000091d00000|100%| O|  |TAMS 0x0000000091d00000, 0x0000000091c00000| Untracked 
| 285|0x0000000091d00000, 0x0000000091e00000, 0x0000000091e00000|100%| O|  |TAMS 0x0000000091e00000, 0x0000000091d00000| Untracked 
| 286|0x0000000091e00000, 0x0000000091f00000, 0x0000000091f00000|100%| O|  |TAMS 0x0000000091f00000, 0x0000000091e00000| Updating 
| 287|0x0000000091f00000, 0x0000000092000000, 0x0000000092000000|100%| O|  |TAMS 0x0000000092000000, 0x0000000091f00000| Updating 
| 288|0x0000000092000000, 0x0000000092100000, 0x0000000092100000|100%| O|  |TAMS 0x0000000092100000, 0x0000000092000000| Updating 
| 289|0x0000000092100000, 0x0000000092200000, 0x0000000092200000|100%| O|  |TAMS 0x0000000092200000, 0x0000000092100000| Updating 
| 290|0x0000000092200000, 0x0000000092300000, 0x0000000092300000|100%| O|  |TAMS 0x0000000092300000, 0x0000000092200000| Updating 
| 291|0x0000000092300000, 0x0000000092400000, 0x0000000092400000|100%| O|  |TAMS 0x0000000092400000, 0x0000000092300000| Updating 
| 292|0x0000000092400000, 0x0000000092500000, 0x0000000092500000|100%| O|  |TAMS 0x0000000092500000, 0x0000000092400000| Updating 
| 293|0x0000000092500000, 0x0000000092600000, 0x0000000092600000|100%| O|  |TAMS 0x0000000092600000, 0x0000000092500000| Updating 
| 294|0x0000000092600000, 0x0000000092700000, 0x0000000092700000|100%| O|  |TAMS 0x0000000092700000, 0x0000000092600000| Updating 
| 295|0x0000000092700000, 0x0000000092800000, 0x0000000092800000|100%| O|  |TAMS 0x0000000092800000, 0x0000000092700000| Updating 
| 296|0x0000000092800000, 0x0000000092900000, 0x0000000092900000|100%| O|  |TAMS 0x0000000092900000, 0x0000000092800000| Untracked 
| 297|0x0000000092900000, 0x0000000092a00000, 0x0000000092a00000|100%| O|  |TAMS 0x0000000092a00000, 0x0000000092900000| Updating 
| 298|0x0000000092a00000, 0x0000000092b00000, 0x0000000092b00000|100%| O|  |TAMS 0x0000000092b00000, 0x0000000092a00000| Untracked 
| 299|0x0000000092b00000, 0x0000000092c00000, 0x0000000092c00000|100%| O|  |TAMS 0x0000000092c00000, 0x0000000092b00000| Untracked 
| 300|0x0000000092c00000, 0x0000000092d00000, 0x0000000092d00000|100%| O|  |TAMS 0x0000000092d00000, 0x0000000092c00000| Untracked 
| 301|0x0000000092d00000, 0x0000000092e00000, 0x0000000092e00000|100%| O|  |TAMS 0x0000000092e00000, 0x0000000092d00000| Untracked 
| 302|0x0000000092e00000, 0x0000000092f00000, 0x0000000092f00000|100%| O|  |TAMS 0x0000000092f00000, 0x0000000092e00000| Untracked 
| 303|0x0000000092f00000, 0x0000000093000000, 0x0000000093000000|100%| O|  |TAMS 0x0000000093000000, 0x0000000092f00000| Untracked 
| 304|0x0000000093000000, 0x0000000093100000, 0x0000000093100000|100%| O|  |TAMS 0x0000000093100000, 0x0000000093000000| Untracked 
| 305|0x0000000093100000, 0x0000000093200000, 0x0000000093200000|100%| O|  |TAMS 0x0000000093200000, 0x0000000093100000| Untracked 
| 306|0x0000000093200000, 0x0000000093300000, 0x0000000093300000|100%| O|  |TAMS 0x0000000093300000, 0x0000000093200000| Untracked 
| 307|0x0000000093300000, 0x0000000093400000, 0x0000000093400000|100%| O|  |TAMS 0x0000000093400000, 0x0000000093300000| Untracked 
| 308|0x0000000093400000, 0x0000000093500000, 0x0000000093500000|100%| O|  |TAMS 0x0000000093500000, 0x0000000093400000| Untracked 
| 309|0x0000000093500000, 0x0000000093600000, 0x0000000093600000|100%| O|  |TAMS 0x0000000093600000, 0x0000000093500000| Untracked 
| 310|0x0000000093600000, 0x0000000093700000, 0x0000000093700000|100%| O|  |TAMS 0x0000000093700000, 0x0000000093600000| Updating 
| 311|0x0000000093700000, 0x0000000093800000, 0x0000000093800000|100%| O|  |TAMS 0x0000000093800000, 0x0000000093700000| Untracked 
| 312|0x0000000093800000, 0x0000000093900000, 0x0000000093900000|100%| O|  |TAMS 0x0000000093900000, 0x0000000093800000| Updating 
| 313|0x0000000093900000, 0x0000000093a00000, 0x0000000093a00000|100%| O|  |TAMS 0x0000000093a00000, 0x0000000093900000| Untracked 
| 314|0x0000000093a00000, 0x0000000093b00000, 0x0000000093b00000|100%| O|  |TAMS 0x0000000093b00000, 0x0000000093a00000| Untracked 
| 315|0x0000000093b00000, 0x0000000093c00000, 0x0000000093c00000|100%| O|  |TAMS 0x0000000093c00000, 0x0000000093b00000| Untracked 
| 316|0x0000000093c00000, 0x0000000093d00000, 0x0000000093d00000|100%| O|  |TAMS 0x0000000093d00000, 0x0000000093c00000| Untracked 
| 317|0x0000000093d00000, 0x0000000093e00000, 0x0000000093e00000|100%| O|  |TAMS 0x0000000093e00000, 0x0000000093d00000| Untracked 
| 318|0x0000000093e00000, 0x0000000093f00000, 0x0000000093f00000|100%| O|  |TAMS 0x0000000093f00000, 0x0000000093e00000| Untracked 
| 319|0x0000000093f00000, 0x0000000094000000, 0x0000000094000000|100%| O|  |TAMS 0x0000000094000000, 0x0000000093f00000| Untracked 
| 320|0x0000000094000000, 0x0000000094100000, 0x0000000094100000|100%| O|  |TAMS 0x0000000094100000, 0x0000000094000000| Untracked 
| 321|0x0000000094100000, 0x0000000094200000, 0x0000000094200000|100%| O|  |TAMS 0x0000000094200000, 0x0000000094100000| Untracked 
| 322|0x0000000094200000, 0x0000000094300000, 0x0000000094300000|100%| O|  |TAMS 0x0000000094300000, 0x0000000094200000| Untracked 
| 323|0x0000000094300000, 0x0000000094400000, 0x0000000094400000|100%| O|  |TAMS 0x0000000094400000, 0x0000000094300000| Untracked 
| 324|0x0000000094400000, 0x0000000094500000, 0x0000000094500000|100%| O|  |TAMS 0x0000000094500000, 0x0000000094400000| Untracked 
| 325|0x0000000094500000, 0x0000000094600000, 0x0000000094600000|100%| O|  |TAMS 0x0000000094600000, 0x0000000094500000| Untracked 
| 326|0x0000000094600000, 0x0000000094700000, 0x0000000094700000|100%| O|  |TAMS 0x0000000094700000, 0x0000000094600000| Updating 
| 327|0x0000000094700000, 0x0000000094800000, 0x0000000094800000|100%| O|  |TAMS 0x0000000094800000, 0x0000000094700000| Updating 
| 328|0x0000000094800000, 0x0000000094900000, 0x0000000094900000|100%| O|  |TAMS 0x0000000094900000, 0x0000000094800000| Untracked 
| 329|0x0000000094900000, 0x0000000094a00000, 0x0000000094a00000|100%| O|  |TAMS 0x0000000094a00000, 0x0000000094900000| Untracked 
| 330|0x0000000094a00000, 0x0000000094b00000, 0x0000000094b00000|100%| O|  |TAMS 0x0000000094b00000, 0x0000000094a00000| Untracked 
| 331|0x0000000094b00000, 0x0000000094c00000, 0x0000000094c00000|100%| O|  |TAMS 0x0000000094c00000, 0x0000000094b00000| Untracked 
| 332|0x0000000094c00000, 0x0000000094d00000, 0x0000000094d00000|100%| O|  |TAMS 0x0000000094d00000, 0x0000000094c00000| Untracked 
| 333|0x0000000094d00000, 0x0000000094e00000, 0x0000000094e00000|100%| O|  |TAMS 0x0000000094e00000, 0x0000000094d00000| Untracked 
| 334|0x0000000094e00000, 0x0000000094f00000, 0x0000000094f00000|100%| O|  |TAMS 0x0000000094f00000, 0x0000000094e00000| Untracked 
| 335|0x0000000094f00000, 0x0000000095000000, 0x0000000095000000|100%| O|  |TAMS 0x0000000095000000, 0x0000000094f00000| Untracked 
| 336|0x0000000095000000, 0x0000000095100000, 0x0000000095100000|100%| O|  |TAMS 0x0000000095100000, 0x0000000095000000| Updating 
| 337|0x0000000095100000, 0x0000000095200000, 0x0000000095200000|100%| O|  |TAMS 0x0000000095200000, 0x0000000095100000| Updating 
| 338|0x0000000095200000, 0x0000000095300000, 0x0000000095300000|100%| O|  |TAMS 0x0000000095300000, 0x0000000095200000| Updating 
| 339|0x0000000095300000, 0x0000000095400000, 0x0000000095400000|100%| O|  |TAMS 0x0000000095400000, 0x0000000095300000| Updating 
| 340|0x0000000095400000, 0x0000000095500000, 0x0000000095500000|100%| O|  |TAMS 0x0000000095500000, 0x0000000095400000| Untracked 
| 341|0x0000000095500000, 0x0000000095600000, 0x0000000095600000|100%| O|  |TAMS 0x0000000095600000, 0x0000000095500000| Untracked 
| 342|0x0000000095600000, 0x0000000095700000, 0x0000000095700000|100%| O|  |TAMS 0x0000000095700000, 0x0000000095600000| Untracked 
| 343|0x0000000095700000, 0x0000000095800000, 0x0000000095800000|100%| O|  |TAMS 0x0000000095800000, 0x0000000095700000| Untracked 
| 344|0x0000000095800000, 0x0000000095900000, 0x0000000095900000|100%| O|  |TAMS 0x0000000095900000, 0x0000000095800000| Untracked 
| 345|0x0000000095900000, 0x0000000095a00000, 0x0000000095a00000|100%| O|  |TAMS 0x0000000095a00000, 0x0000000095900000| Updating 
| 346|0x0000000095a00000, 0x0000000095b00000, 0x0000000095b00000|100%| O|  |TAMS 0x0000000095b00000, 0x0000000095a00000| Updating 
| 347|0x0000000095b00000, 0x0000000095c00000, 0x0000000095c00000|100%| O|  |TAMS 0x0000000095c00000, 0x0000000095b00000| Untracked 
| 348|0x0000000095c00000, 0x0000000095d00000, 0x0000000095d00000|100%| O|  |TAMS 0x0000000095d00000, 0x0000000095c00000| Updating 
| 349|0x0000000095d00000, 0x0000000095e00000, 0x0000000095e00000|100%| O|  |TAMS 0x0000000095e00000, 0x0000000095d00000| Updating 
| 350|0x0000000095e00000, 0x0000000095f00000, 0x0000000095f00000|100%| O|  |TAMS 0x0000000095f00000, 0x0000000095e00000| Updating 
| 351|0x0000000095f00000, 0x0000000096000000, 0x0000000096000000|100%| O|  |TAMS 0x0000000096000000, 0x0000000095f00000| Updating 
| 352|0x0000000096000000, 0x0000000096100000, 0x0000000096100000|100%| O|  |TAMS 0x0000000096100000, 0x0000000096000000| Untracked 
| 353|0x0000000096100000, 0x0000000096200000, 0x0000000096200000|100%| O|  |TAMS 0x0000000096200000, 0x0000000096100000| Untracked 
| 354|0x0000000096200000, 0x0000000096300000, 0x0000000096300000|100%| O|  |TAMS 0x0000000096300000, 0x0000000096200000| Untracked 
| 355|0x0000000096300000, 0x0000000096400000, 0x0000000096400000|100%| O|  |TAMS 0x0000000096400000, 0x0000000096300000| Untracked 
| 356|0x0000000096400000, 0x0000000096500000, 0x0000000096500000|100%| O|  |TAMS 0x0000000096500000, 0x0000000096400000| Untracked 
| 357|0x0000000096500000, 0x0000000096600000, 0x0000000096600000|100%| O|  |TAMS 0x0000000096600000, 0x0000000096500000| Updating 
| 358|0x0000000096600000, 0x0000000096700000, 0x0000000096700000|100%| O|  |TAMS 0x0000000096700000, 0x0000000096600000| Updating 
| 359|0x0000000096700000, 0x0000000096800000, 0x0000000096800000|100%| O|  |TAMS 0x0000000096800000, 0x0000000096700000| Updating 
| 360|0x0000000096800000, 0x0000000096900000, 0x0000000096900000|100%| O|  |TAMS 0x0000000096900000, 0x0000000096800000| Updating 
| 361|0x0000000096900000, 0x0000000096a00000, 0x0000000096a00000|100%| O|  |TAMS 0x0000000096a00000, 0x0000000096900000| Updating 
| 362|0x0000000096a00000, 0x0000000096b00000, 0x0000000096b00000|100%| O|  |TAMS 0x0000000096b00000, 0x0000000096a00000| Updating 
| 363|0x0000000096b00000, 0x0000000096c00000, 0x0000000096c00000|100%| O|  |TAMS 0x0000000096c00000, 0x0000000096b00000| Updating 
| 364|0x0000000096c00000, 0x0000000096d00000, 0x0000000096d00000|100%| O|  |TAMS 0x0000000096d00000, 0x0000000096c00000| Updating 
| 365|0x0000000096d00000, 0x0000000096e00000, 0x0000000096e00000|100%| O|  |TAMS 0x0000000096e00000, 0x0000000096d00000| Updating 
| 366|0x0000000096e00000, 0x0000000096f00000, 0x0000000096f00000|100%| O|  |TAMS 0x0000000096f00000, 0x0000000096e00000| Updating 
| 367|0x0000000096f00000, 0x0000000097000000, 0x0000000097000000|100%| O|  |TAMS 0x0000000097000000, 0x0000000096f00000| Untracked 
| 368|0x0000000097000000, 0x0000000097100000, 0x0000000097100000|100%| O|  |TAMS 0x0000000097100000, 0x0000000097000000| Updating 
| 369|0x0000000097100000, 0x0000000097200000, 0x0000000097200000|100%| O|  |TAMS 0x0000000097100000, 0x0000000097100000| Untracked 
| 370|0x0000000097200000, 0x0000000097300000, 0x0000000097300000|100%| O|  |TAMS 0x0000000097300000, 0x0000000097200000| Untracked 
| 371|0x0000000097300000, 0x0000000097400000, 0x0000000097400000|100%| O|  |TAMS 0x0000000097300000, 0x0000000097300000| Untracked 
| 372|0x0000000097400000, 0x0000000097500000, 0x0000000097500000|100%| O|  |TAMS 0x0000000097400000, 0x0000000097400000| Untracked 
| 373|0x0000000097500000, 0x0000000097600000, 0x0000000097600000|100%| O|  |TAMS 0x0000000097600000, 0x0000000097500000| Untracked 
| 374|0x0000000097600000, 0x0000000097700000, 0x0000000097700000|100%| O|  |TAMS 0x0000000097700000, 0x0000000097600000| Untracked 
| 375|0x0000000097700000, 0x0000000097800000, 0x0000000097800000|100%| O|  |TAMS 0x0000000097800000, 0x0000000097700000| Untracked 
| 376|0x0000000097800000, 0x0000000097900000, 0x0000000097900000|100%| O|  |TAMS 0x0000000097900000, 0x0000000097800000| Untracked 
| 377|0x0000000097900000, 0x0000000097a00000, 0x0000000097a00000|100%| O|  |TAMS 0x0000000097a00000, 0x0000000097900000| Untracked 
| 378|0x0000000097a00000, 0x0000000097b00000, 0x0000000097b00000|100%| O|  |TAMS 0x0000000097b00000, 0x0000000097a00000| Untracked 
| 379|0x0000000097b00000, 0x0000000097c00000, 0x0000000097c00000|100%| O|  |TAMS 0x0000000097c00000, 0x0000000097b00000| Untracked 
| 380|0x0000000097c00000, 0x0000000097d00000, 0x0000000097d00000|100%| O|  |TAMS 0x0000000097d00000, 0x0000000097c00000| Untracked 
| 381|0x0000000097d00000, 0x0000000097e00000, 0x0000000097e00000|100%| O|  |TAMS 0x0000000097e00000, 0x0000000097d00000| Untracked 
| 382|0x0000000097e00000, 0x0000000097f00000, 0x0000000097f00000|100%| O|  |TAMS 0x0000000097e00000, 0x0000000097e00000| Untracked 
| 383|0x0000000097f00000, 0x0000000098000000, 0x0000000098000000|100%| O|  |TAMS 0x0000000097f00000, 0x0000000097f00000| Untracked 
| 384|0x0000000098000000, 0x0000000098100000, 0x0000000098100000|100%| O|  |TAMS 0x0000000098000000, 0x0000000098000000| Untracked 
| 385|0x0000000098100000, 0x0000000098200000, 0x0000000098200000|100%| O|  |TAMS 0x0000000098100000, 0x0000000098100000| Untracked 
| 386|0x0000000098200000, 0x0000000098300000, 0x0000000098300000|100%|HS|  |TAMS 0x0000000098300000, 0x0000000098200000| Complete 
| 387|0x0000000098300000, 0x0000000098400000, 0x0000000098400000|100%|HC|  |TAMS 0x0000000098400000, 0x0000000098300000| Complete 
| 388|0x0000000098400000, 0x0000000098500000, 0x0000000098500000|100%| O|  |TAMS 0x0000000098500000, 0x0000000098400000| Untracked 
| 389|0x0000000098500000, 0x0000000098600000, 0x0000000098600000|100%| O|  |TAMS 0x0000000098600000, 0x0000000098500000| Untracked 
| 390|0x0000000098600000, 0x0000000098700000, 0x0000000098700000|100%| O|  |TAMS 0x0000000098700000, 0x0000000098600000| Untracked 
| 391|0x0000000098700000, 0x0000000098800000, 0x0000000098800000|100%| O|  |TAMS 0x0000000098800000, 0x0000000098700000| Untracked 
| 392|0x0000000098800000, 0x0000000098900000, 0x0000000098900000|100%| O|  |TAMS 0x0000000098900000, 0x0000000098800000| Untracked 
| 393|0x0000000098900000, 0x0000000098a00000, 0x0000000098a00000|100%| O|  |TAMS 0x0000000098a00000, 0x0000000098900000| Untracked 
| 394|0x0000000098a00000, 0x0000000098b00000, 0x0000000098b00000|100%| O|  |TAMS 0x0000000098b00000, 0x0000000098a00000| Untracked 
| 395|0x0000000098b00000, 0x0000000098c00000, 0x0000000098c00000|100%| O|  |TAMS 0x0000000098c00000, 0x0000000098b00000| Untracked 
| 396|0x0000000098c00000, 0x0000000098d00000, 0x0000000098d00000|100%| O|  |TAMS 0x0000000098d00000, 0x0000000098c00000| Untracked 
| 397|0x0000000098d00000, 0x0000000098e00000, 0x0000000098e00000|100%| O|  |TAMS 0x0000000098e00000, 0x0000000098d00000| Untracked 
| 398|0x0000000098e00000, 0x0000000098f00000, 0x0000000098f00000|100%| O|  |TAMS 0x0000000098f00000, 0x0000000098e00000| Untracked 
| 399|0x0000000098f00000, 0x0000000099000000, 0x0000000099000000|100%| O|  |TAMS 0x0000000099000000, 0x0000000098f00000| Untracked 
| 400|0x0000000099000000, 0x0000000099100000, 0x0000000099100000|100%| O|  |TAMS 0x0000000099100000, 0x0000000099000000| Updating 
| 401|0x0000000099100000, 0x0000000099200000, 0x0000000099200000|100%| O|  |TAMS 0x0000000099200000, 0x0000000099100000| Untracked 
| 402|0x0000000099200000, 0x0000000099300000, 0x0000000099300000|100%| O|  |TAMS 0x0000000099300000, 0x0000000099200000| Untracked 
| 403|0x0000000099300000, 0x0000000099400000, 0x0000000099400000|100%| O|  |TAMS 0x0000000099400000, 0x0000000099300000| Untracked 
| 404|0x0000000099400000, 0x0000000099500000, 0x0000000099500000|100%| O|  |TAMS 0x0000000099500000, 0x0000000099400000| Updating 
| 405|0x0000000099500000, 0x0000000099600000, 0x0000000099600000|100%| O|  |TAMS 0x0000000099540200, 0x0000000099500000| Updating 
| 406|0x0000000099600000, 0x0000000099700000, 0x0000000099700000|100%| O|  |TAMS 0x0000000099600000, 0x0000000099600000| Untracked 
| 407|0x0000000099700000, 0x0000000099800000, 0x0000000099800000|100%| O|  |TAMS 0x0000000099700000, 0x0000000099700000| Untracked 
| 408|0x0000000099800000, 0x0000000099900000, 0x0000000099900000|100%| O|  |TAMS 0x0000000099800000, 0x0000000099800000| Untracked 
| 409|0x0000000099900000, 0x0000000099a00000, 0x0000000099a00000|100%| O|  |TAMS 0x0000000099900000, 0x0000000099900000| Untracked 
| 410|0x0000000099a00000, 0x0000000099b00000, 0x0000000099b00000|100%| O|  |TAMS 0x0000000099a00000, 0x0000000099a00000| Untracked 
| 411|0x0000000099b00000, 0x0000000099c00000, 0x0000000099c00000|100%| O|  |TAMS 0x0000000099b00000, 0x0000000099b00000| Untracked 
| 412|0x0000000099c00000, 0x0000000099d00000, 0x0000000099d00000|100%| O|  |TAMS 0x0000000099c00000, 0x0000000099c00000| Untracked 
| 413|0x0000000099d00000, 0x0000000099e00000, 0x0000000099e00000|100%| O|  |TAMS 0x0000000099d00000, 0x0000000099d00000| Untracked 
| 414|0x0000000099e00000, 0x0000000099f00000, 0x0000000099f00000|100%| O|  |TAMS 0x0000000099e00000, 0x0000000099e00000| Untracked 
| 415|0x0000000099f00000, 0x000000009a000000, 0x000000009a000000|100%| O|  |TAMS 0x0000000099f00000, 0x0000000099f00000| Untracked 
| 416|0x000000009a000000, 0x000000009a100000, 0x000000009a100000|100%| O|  |TAMS 0x000000009a000000, 0x000000009a000000| Untracked 
| 417|0x000000009a100000, 0x000000009a200000, 0x000000009a200000|100%| O|  |TAMS 0x000000009a100000, 0x000000009a100000| Untracked 
| 418|0x000000009a200000, 0x000000009a300000, 0x000000009a300000|100%| O|  |TAMS 0x000000009a200000, 0x000000009a200000| Untracked 
| 419|0x000000009a300000, 0x000000009a400000, 0x000000009a400000|100%| O|  |TAMS 0x000000009a300000, 0x000000009a300000| Untracked 
| 420|0x000000009a400000, 0x000000009a400000, 0x000000009a500000|  0%| F|  |TAMS 0x000000009a400000, 0x000000009a400000| Untracked 
| 421|0x000000009a500000, 0x000000009a500000, 0x000000009a600000|  0%| F|  |TAMS 0x000000009a500000, 0x000000009a500000| Untracked 
| 422|0x000000009a600000, 0x000000009a600000, 0x000000009a700000|  0%| F|  |TAMS 0x000000009a600000, 0x000000009a600000| Untracked 
| 423|0x000000009a700000, 0x000000009a700000, 0x000000009a800000|  0%| F|  |TAMS 0x000000009a700000, 0x000000009a700000| Untracked 
| 424|0x000000009a800000, 0x000000009a800000, 0x000000009a900000|  0%| F|  |TAMS 0x000000009a800000, 0x000000009a800000| Untracked 
| 425|0x000000009a900000, 0x000000009a900000, 0x000000009aa00000|  0%| F|  |TAMS 0x000000009a900000, 0x000000009a900000| Untracked 
| 426|0x000000009aa00000, 0x000000009aa00000, 0x000000009ab00000|  0%| F|  |TAMS 0x000000009aa00000, 0x000000009aa00000| Untracked 
| 427|0x000000009ab00000, 0x000000009ab00000, 0x000000009ac00000|  0%| F|  |TAMS 0x000000009ab00000, 0x000000009ab00000| Untracked 
| 428|0x000000009ac00000, 0x000000009ad00000, 0x000000009ad00000|100%| O|  |TAMS 0x000000009ac00000, 0x000000009ac00000| Untracked 
| 429|0x000000009ad00000, 0x000000009ae00000, 0x000000009ae00000|100%| O|  |TAMS 0x000000009ad00000, 0x000000009ad00000| Untracked 
| 430|0x000000009ae00000, 0x000000009af00000, 0x000000009af00000|100%| O|  |TAMS 0x000000009ae00000, 0x000000009ae00000| Untracked 
| 431|0x000000009af00000, 0x000000009b000000, 0x000000009b000000|100%| O|  |TAMS 0x000000009af00000, 0x000000009af00000| Untracked 
| 432|0x000000009b000000, 0x000000009b052e00, 0x000000009b100000| 32%| O|  |TAMS 0x000000009b000000, 0x000000009b000000| Updating 
| 433|0x000000009b100000, 0x000000009b100000, 0x000000009b200000|  0%| F|  |TAMS 0x000000009b100000, 0x000000009b100000| Untracked 
| 434|0x000000009b200000, 0x000000009b200000, 0x000000009b300000|  0%| F|  |TAMS 0x000000009b200000, 0x000000009b200000| Untracked 
| 435|0x000000009b300000, 0x000000009b300000, 0x000000009b400000|  0%| F|  |TAMS 0x000000009b300000, 0x000000009b300000| Untracked 
| 436|0x000000009b400000, 0x000000009b400000, 0x000000009b500000|  0%| F|  |TAMS 0x000000009b400000, 0x000000009b400000| Untracked 
| 437|0x000000009b500000, 0x000000009b500000, 0x000000009b600000|  0%| F|  |TAMS 0x000000009b500000, 0x000000009b500000| Untracked 
| 438|0x000000009b600000, 0x000000009b600000, 0x000000009b700000|  0%| F|  |TAMS 0x000000009b600000, 0x000000009b600000| Untracked 
| 439|0x000000009b700000, 0x000000009b700000, 0x000000009b800000|  0%| F|  |TAMS 0x000000009b700000, 0x000000009b700000| Untracked 
| 440|0x000000009b800000, 0x000000009b800000, 0x000000009b900000|  0%| F|  |TAMS 0x000000009b800000, 0x000000009b800000| Untracked 
| 441|0x000000009b900000, 0x000000009b900000, 0x000000009ba00000|  0%| F|  |TAMS 0x000000009b900000, 0x000000009b900000| Untracked 
| 442|0x000000009ba00000, 0x000000009ba00000, 0x000000009bb00000|  0%| F|  |TAMS 0x000000009ba00000, 0x000000009ba00000| Untracked 
| 443|0x000000009bb00000, 0x000000009bb00000, 0x000000009bc00000|  0%| F|  |TAMS 0x000000009bb00000, 0x000000009bb00000| Untracked 
| 444|0x000000009bc00000, 0x000000009bc00000, 0x000000009bd00000|  0%| F|  |TAMS 0x000000009bc00000, 0x000000009bc00000| Untracked 
| 445|0x000000009bd00000, 0x000000009bd00000, 0x000000009be00000|  0%| F|  |TAMS 0x000000009bd00000, 0x000000009bd00000| Untracked 
| 446|0x000000009be00000, 0x000000009be00000, 0x000000009bf00000|  0%| F|  |TAMS 0x000000009be00000, 0x000000009be00000| Untracked 
| 447|0x000000009bf00000, 0x000000009bf00000, 0x000000009c000000|  0%| F|  |TAMS 0x000000009bf00000, 0x000000009bf00000| Untracked 
| 448|0x000000009c000000, 0x000000009c000000, 0x000000009c100000|  0%| F|  |TAMS 0x000000009c000000, 0x000000009c000000| Untracked 
| 449|0x000000009c100000, 0x000000009c100000, 0x000000009c200000|  0%| F|  |TAMS 0x000000009c100000, 0x000000009c100000| Untracked 
| 450|0x000000009c200000, 0x000000009c200000, 0x000000009c300000|  0%| F|  |TAMS 0x000000009c200000, 0x000000009c200000| Untracked 
| 451|0x000000009c300000, 0x000000009c300000, 0x000000009c400000|  0%| F|  |TAMS 0x000000009c300000, 0x000000009c300000| Untracked 
| 452|0x000000009c400000, 0x000000009c400000, 0x000000009c500000|  0%| F|  |TAMS 0x000000009c400000, 0x000000009c400000| Untracked 
| 453|0x000000009c500000, 0x000000009c500000, 0x000000009c600000|  0%| F|  |TAMS 0x000000009c500000, 0x000000009c500000| Untracked 
| 454|0x000000009c600000, 0x000000009c600000, 0x000000009c700000|  0%| F|  |TAMS 0x000000009c600000, 0x000000009c600000| Untracked 
| 455|0x000000009c700000, 0x000000009c700000, 0x000000009c800000|  0%| F|  |TAMS 0x000000009c700000, 0x000000009c700000| Untracked 
| 456|0x000000009c800000, 0x000000009c800000, 0x000000009c900000|  0%| F|  |TAMS 0x000000009c800000, 0x000000009c800000| Untracked 
| 457|0x000000009c900000, 0x000000009c900000, 0x000000009ca00000|  0%| F|  |TAMS 0x000000009c900000, 0x000000009c900000| Untracked 
| 458|0x000000009ca00000, 0x000000009ca00000, 0x000000009cb00000|  0%| F|  |TAMS 0x000000009ca00000, 0x000000009ca00000| Untracked 
| 459|0x000000009cb00000, 0x000000009cb00000, 0x000000009cc00000|  0%| F|  |TAMS 0x000000009cb00000, 0x000000009cb00000| Untracked 
| 460|0x000000009cc00000, 0x000000009cc00000, 0x000000009cd00000|  0%| F|  |TAMS 0x000000009cc00000, 0x000000009cc00000| Untracked 
| 461|0x000000009cd00000, 0x000000009cd00000, 0x000000009ce00000|  0%| F|  |TAMS 0x000000009cd00000, 0x000000009cd00000| Untracked 
| 462|0x000000009ce00000, 0x000000009ce00000, 0x000000009cf00000|  0%| F|  |TAMS 0x000000009ce00000, 0x000000009ce00000| Untracked 
| 463|0x000000009cf00000, 0x000000009cf00000, 0x000000009d000000|  0%| F|  |TAMS 0x000000009cf00000, 0x000000009cf00000| Untracked 
| 464|0x000000009d000000, 0x000000009d000000, 0x000000009d100000|  0%| F|  |TAMS 0x000000009d000000, 0x000000009d000000| Untracked 
| 465|0x000000009d100000, 0x000000009d100000, 0x000000009d200000|  0%| F|  |TAMS 0x000000009d100000, 0x000000009d100000| Untracked 
| 466|0x000000009d200000, 0x000000009d300000, 0x000000009d300000|100%| S|CS|TAMS 0x000000009d200000, 0x000000009d200000| Complete 
| 467|0x000000009d300000, 0x000000009d400000, 0x000000009d400000|100%| S|CS|TAMS 0x000000009d300000, 0x000000009d300000| Complete 
| 468|0x000000009d400000, 0x000000009d500000, 0x000000009d500000|100%| S|CS|TAMS 0x000000009d400000, 0x000000009d400000| Complete 
| 469|0x000000009d500000, 0x000000009d500000, 0x000000009d600000|  0%| F|  |TAMS 0x000000009d500000, 0x000000009d500000| Untracked 
| 470|0x000000009d600000, 0x000000009d600000, 0x000000009d700000|  0%| F|  |TAMS 0x000000009d600000, 0x000000009d600000| Untracked 
| 471|0x000000009d700000, 0x000000009d700000, 0x000000009d800000|  0%| F|  |TAMS 0x000000009d700000, 0x000000009d700000| Untracked 
| 472|0x000000009d800000, 0x000000009d800000, 0x000000009d900000|  0%| F|  |TAMS 0x000000009d800000, 0x000000009d800000| Untracked 
| 473|0x000000009d900000, 0x000000009d900000, 0x000000009da00000|  0%| F|  |TAMS 0x000000009d900000, 0x000000009d900000| Untracked 
| 474|0x000000009da00000, 0x000000009dad0788, 0x000000009db00000| 81%| E|  |TAMS 0x000000009da00000, 0x000000009da00000| Complete 
| 475|0x000000009db00000, 0x000000009dc00000, 0x000000009dc00000|100%| E|CS|TAMS 0x000000009db00000, 0x000000009db00000| Complete 
| 476|0x000000009dc00000, 0x000000009dd00000, 0x000000009dd00000|100%| E|  |TAMS 0x000000009dc00000, 0x000000009dc00000| Complete 
| 477|0x000000009dd00000, 0x000000009de00000, 0x000000009de00000|100%| E|CS|TAMS 0x000000009dd00000, 0x000000009dd00000| Complete 
| 478|0x000000009de00000, 0x000000009df00000, 0x000000009df00000|100%| E|CS|TAMS 0x000000009de00000, 0x000000009de00000| Complete 
| 479|0x000000009df00000, 0x000000009e000000, 0x000000009e000000|100%| E|CS|TAMS 0x000000009df00000, 0x000000009df00000| Complete 
| 480|0x000000009e000000, 0x000000009e100000, 0x000000009e100000|100%| E|CS|TAMS 0x000000009e000000, 0x000000009e000000| Complete 
| 481|0x000000009e100000, 0x000000009e200000, 0x000000009e200000|100%| E|CS|TAMS 0x000000009e100000, 0x000000009e100000| Complete 
| 482|0x000000009e200000, 0x000000009e300000, 0x000000009e300000|100%| E|CS|TAMS 0x000000009e200000, 0x000000009e200000| Complete 
| 483|0x000000009e300000, 0x000000009e400000, 0x000000009e400000|100%| E|CS|TAMS 0x000000009e300000, 0x000000009e300000| Complete 
| 484|0x000000009e400000, 0x000000009e500000, 0x000000009e500000|100%| E|CS|TAMS 0x000000009e400000, 0x000000009e400000| Complete 
| 485|0x000000009e500000, 0x000000009e600000, 0x000000009e600000|100%| E|CS|TAMS 0x000000009e500000, 0x000000009e500000| Complete 
| 486|0x000000009e600000, 0x000000009e700000, 0x000000009e700000|100%| E|CS|TAMS 0x000000009e600000, 0x000000009e600000| Complete 
| 487|0x000000009e700000, 0x000000009e800000, 0x000000009e800000|100%| E|CS|TAMS 0x000000009e700000, 0x000000009e700000| Complete 
| 488|0x000000009e800000, 0x000000009e900000, 0x000000009e900000|100%| E|CS|TAMS 0x000000009e800000, 0x000000009e800000| Complete 
| 489|0x000000009e900000, 0x000000009ea00000, 0x000000009ea00000|100%| E|CS|TAMS 0x000000009e900000, 0x000000009e900000| Complete 

Card table byte_map: [0x000001a170960000,0x000001a170d60000] _byte_map_base: 0x000001a170560000

Marking Bits (Prev, Next): (CMBitMap*) 0x000001a159250f30, (CMBitMap*) 0x000001a159250ef0
 Prev Bits: [0x000001a173160000, 0x000001a175160000)
 Next Bits: [0x000001a171160000, 0x000001a173160000)

Polling page: 0x000001a157020000

Metaspace:

Usage:
  Non-class:    106.47 MB used.
      Class:     16.99 MB used.
       Both:    123.47 MB used.

Virtual space:
  Non-class space:      128.00 MB reserved,     107.81 MB ( 84%) committed,  2 nodes.
      Class space:      416.00 MB reserved,      18.19 MB (  4%) committed,  1 nodes.
             Both:      544.00 MB reserved,     126.00 MB ( 23%) committed. 

Chunk freelists:
   Non-Class:  4.23 MB
       Class:  13.86 MB
        Both:  18.09 MB

MaxMetaspaceSize: 512.00 MB
CompressedClassSpaceSize: 416.00 MB
Initial GC threshold: 21.00 MB
Current GC threshold: 181.06 MB
CDS: on
MetaspaceReclaimPolicy: balanced
 - commit_granule_bytes: 65536.
 - commit_granule_words: 8192.
 - virtual_space_node_default_size: 8388608.
 - enlarge_chunks_in_place: 1.
 - new_chunks_are_fully_committed: 0.
 - uncommit_free_chunks: 1.
 - use_allocation_guard: 0.
 - handle_deallocations: 1.


Internal statistics:

num_allocs_failed_limit: 6.
num_arena_births: 3812.
num_arena_deaths: 0.
num_vsnodes_births: 3.
num_vsnodes_deaths: 0.
num_space_committed: 2015.
num_space_uncommitted: 0.
num_chunks_returned_to_freelist: 6.
num_chunks_taken_from_freelist: 10361.
num_chunk_merges: 6.
num_chunk_splits: 6282.
num_chunks_enlarged: 3398.
num_inconsistent_stats: 0.

CodeHeap 'non-profiled nmethods': size=119168Kb used=18920Kb max_used=19014Kb free=100247Kb
 bounds [0x000001a168660000, 0x000001a169900000, 0x000001a16fac0000]
CodeHeap 'profiled nmethods': size=119104Kb used=40281Kb max_used=40714Kb free=78822Kb
 bounds [0x000001a160ac0000, 0x000001a1632a0000, 0x000001a167f10000]
CodeHeap 'non-nmethods': size=7488Kb used=4178Kb max_used=4289Kb free=3309Kb
 bounds [0x000001a167f10000, 0x000001a168350000, 0x000001a168660000]
 total_blobs=21821 nmethods=20783 adapters=945
 compilation: enabled
              stopped_count=0, restarted_count=0
 full_count=0

Compilation events (20 events):
Event: 76.577 Thread 0x000001a124d65d90 nmethod 25468 0x000001a1627a5510 code [0x000001a1627a56e0, 0x000001a1627a5c48]
Event: 76.577 Thread 0x000001a124cc8890 nmethod 25469 0x000001a162f05190 code [0x000001a162f05400, 0x000001a162f06248]
Event: 76.581 Thread 0x000001a17848dd40 nmethod 25422 0x000001a1696da810 code [0x000001a1696da9e0, 0x000001a1696db2d8]
Event: 76.581 Thread 0x000001a17848dd40 25424       4       com.sun.org.apache.xerces.internal.dom.DocumentImpl::removingNode (282 bytes)
Event: 76.581 Thread 0x000001a11fbc06b0 nmethod 25423 0x000001a168c4bd10 code [0x000001a168c4bee0, 0x000001a168c4c838]
Event: 76.581 Thread 0x000001a11fbc06b0 25429       4       com.sun.org.apache.xerces.internal.dom.DocumentImpl::removedNode (21 bytes)
Event: 76.582 Thread 0x000001a11fbc06b0 nmethod 25429 0x000001a168d40c10 code [0x000001a168d40d80, 0x000001a168d40e18]
Event: 76.582 Thread 0x000001a11fbc06b0 25417   !   4       java.util.ArrayList$ListItr::set (45 bytes)
Event: 76.582 Thread 0x000001a17848dd40 nmethod 25424 0x000001a1696da410 code [0x000001a1696da580, 0x000001a1696da678]
Event: 76.582 Thread 0x000001a17848dd40 25441       4       java.util.HashMap$KeySet::spliterator (16 bytes)
Event: 76.583 Thread 0x000001a17848dd40 nmethod 25441 0x000001a168c4b990 code [0x000001a168c4bb20, 0x000001a168c4bc18]
Event: 76.583 Thread 0x000001a17848dd40 25430       4       com.sun.org.apache.xerces.internal.dom.ParentNode::hasChildNodes (24 bytes)
Event: 76.583 Thread 0x000001a17848dd40 nmethod 25430 0x000001a168c4b690 code [0x000001a168c4b800, 0x000001a168c4b8b8]
Event: 76.583 Thread 0x000001a17848dd40 25427       4       com.google.common.collect.AbstractMapBasedMultimap$WrappedList$WrappedListIterator::set (11 bytes)
Event: 76.584 Thread 0x000001a11fbc06b0 nmethod 25417 0x000001a168c4b010 code [0x000001a168c4b1a0, 0x000001a168c4b418]
Event: 76.584 Thread 0x000001a11fbc06b0 25442       4       com.android.ide.common.resources.NodeUtils::adoptNode (15 bytes)
Event: 76.585 Thread 0x000001a11fbc06b0 nmethod 25442 0x000001a168c4ac90 code [0x000001a168c4ae20, 0x000001a168c4aef8]
Event: 76.585 Thread 0x000001a11fbc06b0 25443   !   4       com.sun.org.apache.xerces.internal.dom.CoreDocumentImpl::adoptNode (526 bytes)
Event: 76.595 Thread 0x000001a17848dd40 nmethod 25427 0x000001a168c49a10 code [0x000001a168c49c00, 0x000001a168c4a438]
Event: 76.595 Thread 0x000001a17848dd40 25444       4       com.sun.org.apache.xerces.internal.dom.CoreDocumentImpl::callUserDataHandlers (44 bytes)

GC Heap History (20 events):
Event: 68.712 GC heap before
{Heap before GC invocations=88 (full 0):
 garbage-first heap   total 501760K, used 432093K [0x0000000080000000, 0x0000000100000000)
  region size 1024K, 60 young (61440K), 6 survivors (6144K)
 Metaspace       used 124018K, committed 126528K, reserved 557056K
  class space    used 17211K, committed 18432K, reserved 425984K
}
Event: 68.717 GC heap after
{Heap after GC invocations=89 (full 0):
 garbage-first heap   total 501760K, used 378397K [0x0000000080000000, 0x0000000100000000)
  region size 1024K, 6 young (6144K), 6 survivors (6144K)
 Metaspace       used 124018K, committed 126528K, reserved 557056K
  class space    used 17211K, committed 18432K, reserved 425984K
}
Event: 68.905 GC heap before
{Heap before GC invocations=89 (full 0):
 garbage-first heap   total 501760K, used 433693K [0x0000000080000000, 0x0000000100000000)
  region size 1024K, 61 young (62464K), 6 survivors (6144K)
 Metaspace       used 124018K, committed 126528K, reserved 557056K
  class space    used 17211K, committed 18432K, reserved 425984K
}
Event: 68.909 GC heap after
{Heap after GC invocations=90 (full 0):
 garbage-first heap   total 501760K, used 379830K [0x0000000080000000, 0x0000000100000000)
  region size 1024K, 6 young (6144K), 6 survivors (6144K)
 Metaspace       used 124018K, committed 126528K, reserved 557056K
  class space    used 17211K, committed 18432K, reserved 425984K
}
Event: 69.173 GC heap before
{Heap before GC invocations=90 (full 0):
 garbage-first heap   total 501760K, used 435126K [0x0000000080000000, 0x0000000100000000)
  region size 1024K, 60 young (61440K), 6 survivors (6144K)
 Metaspace       used 124018K, committed 126528K, reserved 557056K
  class space    used 17211K, committed 18432K, reserved 425984K
}
Event: 69.176 GC heap after
{Heap after GC invocations=91 (full 0):
 garbage-first heap   total 501760K, used 381038K [0x0000000080000000, 0x0000000100000000)
  region size 1024K, 6 young (6144K), 6 survivors (6144K)
 Metaspace       used 124018K, committed 126528K, reserved 557056K
  class space    used 17211K, committed 18432K, reserved 425984K
}
Event: 70.142 GC heap before
{Heap before GC invocations=91 (full 0):
 garbage-first heap   total 501760K, used 435310K [0x0000000080000000, 0x0000000100000000)
  region size 1024K, 60 young (61440K), 6 survivors (6144K)
 Metaspace       used 125243K, committed 127808K, reserved 557056K
  class space    used 17361K, committed 18560K, reserved 425984K
}
Event: 70.150 GC heap after
{Heap after GC invocations=92 (full 0):
 garbage-first heap   total 501760K, used 382772K [0x0000000080000000, 0x0000000100000000)
  region size 1024K, 6 young (6144K), 6 survivors (6144K)
 Metaspace       used 125243K, committed 127808K, reserved 557056K
  class space    used 17361K, committed 18560K, reserved 425984K
}
Event: 72.156 GC heap before
{Heap before GC invocations=92 (full 0):
 garbage-first heap   total 501760K, used 437044K [0x0000000080000000, 0x0000000100000000)
  region size 1024K, 59 young (60416K), 6 survivors (6144K)
 Metaspace       used 125779K, committed 128320K, reserved 557056K
  class space    used 17390K, committed 18624K, reserved 425984K
}
Event: 72.164 GC heap after
{Heap after GC invocations=93 (full 0):
 garbage-first heap   total 501760K, used 386540K [0x0000000080000000, 0x0000000100000000)
  region size 1024K, 8 young (8192K), 8 survivors (8192K)
 Metaspace       used 125779K, committed 128320K, reserved 557056K
  class space    used 17390K, committed 18624K, reserved 425984K
}
Event: 74.023 GC heap before
{Heap before GC invocations=93 (full 0):
 garbage-first heap   total 501760K, used 438764K [0x0000000080000000, 0x0000000100000000)
  region size 1024K, 57 young (58368K), 8 survivors (8192K)
 Metaspace       used 126206K, committed 128768K, reserved 557056K
  class space    used 17394K, committed 18624K, reserved 425984K
}
Event: 74.031 GC heap after
{Heap after GC invocations=94 (full 0):
 garbage-first heap   total 501760K, used 395476K [0x0000000080000000, 0x0000000100000000)
  region size 1024K, 8 young (8192K), 8 survivors (8192K)
 Metaspace       used 126206K, committed 128768K, reserved 557056K
  class space    used 17394K, committed 18624K, reserved 425984K
}
Event: 75.048 GC heap before
{Heap before GC invocations=94 (full 0):
 garbage-first heap   total 501760K, used 441556K [0x0000000080000000, 0x0000000100000000)
  region size 1024K, 45 young (46080K), 8 survivors (8192K)
 Metaspace       used 126236K, committed 128832K, reserved 557056K
  class space    used 17394K, committed 18624K, reserved 425984K
}
Event: 75.057 GC heap after
{Heap after GC invocations=95 (full 0):
 garbage-first heap   total 501760K, used 413952K [0x0000000080000000, 0x0000000100000000)
  region size 1024K, 6 young (6144K), 6 survivors (6144K)
 Metaspace       used 126236K, committed 128832K, reserved 557056K
  class space    used 17394K, committed 18624K, reserved 425984K
}
Event: 75.326 GC heap before
{Heap before GC invocations=95 (full 0):
 garbage-first heap   total 501760K, used 434432K [0x0000000080000000, 0x0000000100000000)
  region size 1024K, 26 young (26624K), 6 survivors (6144K)
 Metaspace       used 126242K, committed 128832K, reserved 557056K
  class space    used 17394K, committed 18624K, reserved 425984K
}
Event: 75.364 GC heap after
{Heap after GC invocations=96 (full 0):
 garbage-first heap   total 501760K, used 427387K [0x0000000080000000, 0x0000000100000000)
  region size 1024K, 4 young (4096K), 4 survivors (4096K)
 Metaspace       used 126242K, committed 128832K, reserved 557056K
  class space    used 17394K, committed 18624K, reserved 425984K
}
Event: 75.723 GC heap before
{Heap before GC invocations=96 (full 0):
 garbage-first heap   total 501760K, used 447867K [0x0000000080000000, 0x0000000100000000)
  region size 1024K, 24 young (24576K), 4 survivors (4096K)
 Metaspace       used 126290K, committed 128896K, reserved 557056K
  class space    used 17396K, committed 18624K, reserved 425984K
}
Event: 75.727 GC heap after
{Heap after GC invocations=97 (full 0):
 garbage-first heap   total 501760K, used 433152K [0x0000000080000000, 0x0000000100000000)
  region size 1024K, 3 young (3072K), 3 survivors (3072K)
 Metaspace       used 126290K, committed 128896K, reserved 557056K
  class space    used 17396K, committed 18624K, reserved 425984K
}
Event: 76.391 GC heap before
{Heap before GC invocations=97 (full 0):
 garbage-first heap   total 501760K, used 461824K [0x0000000080000000, 0x0000000100000000)
  region size 1024K, 24 young (24576K), 3 survivors (3072K)
 Metaspace       used 126406K, committed 128960K, reserved 557056K
  class space    used 17401K, committed 18624K, reserved 425984K
}
Event: 76.402 GC heap after
{Heap after GC invocations=98 (full 0):
 garbage-first heap   total 501760K, used 437579K [0x0000000080000000, 0x0000000100000000)
  region size 1024K, 3 young (3072K), 3 survivors (3072K)
 Metaspace       used 126406K, committed 128960K, reserved 557056K
  class space    used 17401K, committed 18624K, reserved 425984K
}

Deoptimization events (20 events):
Event: 76.462 Thread 0x000001a11d1583f0 DEOPT PACKING pc=0x000001a162ec2cf0 sp=0x00000075a93face0
Event: 76.462 Thread 0x000001a11d1583f0 DEOPT UNPACKING pc=0x000001a167f62b43 sp=0x00000075a93fa1f0 mode 0
Event: 76.466 Thread 0x000001a11d1583f0 DEOPT PACKING pc=0x000001a162ec2cf0 sp=0x00000075a93face0
Event: 76.466 Thread 0x000001a11d1583f0 DEOPT UNPACKING pc=0x000001a167f62b43 sp=0x00000075a93fa1f0 mode 0
Event: 76.466 Thread 0x000001a11d1583f0 DEOPT PACKING pc=0x000001a162ec2cf0 sp=0x00000075a93face0
Event: 76.466 Thread 0x000001a11d1583f0 DEOPT UNPACKING pc=0x000001a167f62b43 sp=0x00000075a93fa1f0 mode 0
Event: 76.470 Thread 0x000001a11d1583f0 DEOPT PACKING pc=0x000001a162ec2cf0 sp=0x00000075a93face0
Event: 76.470 Thread 0x000001a11d1583f0 DEOPT UNPACKING pc=0x000001a167f62b43 sp=0x00000075a93fa1f0 mode 0
Event: 76.470 Thread 0x000001a11d1583f0 DEOPT PACKING pc=0x000001a162ec2cf0 sp=0x00000075a93face0
Event: 76.470 Thread 0x000001a11d1583f0 DEOPT UNPACKING pc=0x000001a167f62b43 sp=0x00000075a93fa1f0 mode 0
Event: 76.473 Thread 0x000001a11d1583f0 Uncommon trap: trap_request=0xffffff6e fr.pc=0x000001a169063c94 relative=0x0000000000000114
Event: 76.473 Thread 0x000001a11d1583f0 Uncommon trap: reason=loop_limit_check action=maybe_recompile pc=0x000001a169063c94 method=java.lang.StringUTF16.lastIndexOf([BII)I @ 18 c2
Event: 76.473 Thread 0x000001a11d1583f0 DEOPT PACKING pc=0x000001a169063c94 sp=0x00000075a93fafb0
Event: 76.473 Thread 0x000001a11d1583f0 DEOPT UNPACKING pc=0x000001a167f623a3 sp=0x00000075a93faf30 mode 2
Event: 76.474 Thread 0x000001a11d1583f0 DEOPT PACKING pc=0x000001a162ec2cf0 sp=0x00000075a93face0
Event: 76.474 Thread 0x000001a11d1583f0 DEOPT UNPACKING pc=0x000001a167f62b43 sp=0x00000075a93fa1f0 mode 0
Event: 76.511 Thread 0x000001a11d1583f0 Uncommon trap: trap_request=0xffffff6e fr.pc=0x000001a1696c6d38 relative=0x0000000000000198
Event: 76.511 Thread 0x000001a11d1583f0 Uncommon trap: reason=loop_limit_check action=maybe_recompile pc=0x000001a1696c6d38 method=com.sun.org.apache.xerces.internal.dom.AttributeMap.reconcileDefaults(Lcom/sun/org/apache/xerces/internal/dom/NamedNodeMapImpl;)V @ 26 c2
Event: 76.511 Thread 0x000001a11d1583f0 DEOPT PACKING pc=0x000001a1696c6d38 sp=0x00000075a93fb1d0
Event: 76.511 Thread 0x000001a11d1583f0 DEOPT UNPACKING pc=0x000001a167f623a3 sp=0x00000075a93fb140 mode 2

Classes unloaded (0 events):
No events

Classes redefined (0 events):
No events

Internal exceptions (20 events):
Event: 72.032 Thread 0x000001a11d159d40 Exception <a 'sun/nio/fs/WindowsException'{0x000000009c647e20}> (0x000000009c647e20) 
thrown [s\open\src\hotspot\share\prims\jni.cpp, line 516]
Event: 72.032 Thread 0x000001a11d159d40 Exception <a 'sun/nio/fs/WindowsException'{0x000000009c649e78}> (0x000000009c649e78) 
thrown [s\open\src\hotspot\share\prims\jni.cpp, line 516]
Event: 72.047 Thread 0x000001a11d159d40 Exception <a 'sun/nio/fs/WindowsException'{0x000000009c693078}> (0x000000009c693078) 
thrown [s\open\src\hotspot\share\prims\jni.cpp, line 516]
Event: 72.081 Thread 0x000001a11d159d40 Exception <a 'sun/nio/fs/WindowsException'{0x000000009c6e7390}> (0x000000009c6e7390) 
thrown [s\open\src\hotspot\share\prims\jni.cpp, line 516]
Event: 72.081 Thread 0x000001a11d159d40 Exception <a 'sun/nio/fs/WindowsException'{0x000000009c6e8840}> (0x000000009c6e8840) 
thrown [s\open\src\hotspot\share\prims\jni.cpp, line 516]
Event: 72.081 Thread 0x000001a11d159d40 Exception <a 'sun/nio/fs/WindowsException'{0x000000009c6e88d0}> (0x000000009c6e88d0) 
thrown [s\open\src\hotspot\share\prims\jni.cpp, line 516]
Event: 72.081 Thread 0x000001a11d159d40 Exception <a 'sun/nio/fs/WindowsException'{0x000000009c6e8978}> (0x000000009c6e8978) 
thrown [s\open\src\hotspot\share\prims\jni.cpp, line 516]
Event: 72.225 Thread 0x000001a11d1583f0 Exception <a 'sun/nio/fs/WindowsException'{0x000000009dc16bc8}> (0x000000009dc16bc8) 
thrown [s\open\src\hotspot\share\prims\jni.cpp, line 516]
Event: 72.225 Thread 0x000001a11d1583f0 Exception <a 'sun/nio/fs/WindowsException'{0x000000009dc17a90}> (0x000000009dc17a90) 
thrown [s\open\src\hotspot\share\prims\jni.cpp, line 516]
Event: 72.225 Thread 0x000001a11d1583f0 Exception <a 'sun/nio/fs/WindowsException'{0x000000009dc17b20}> (0x000000009dc17b20) 
thrown [s\open\src\hotspot\share\prims\jni.cpp, line 516]
Event: 72.225 Thread 0x000001a11d1583f0 Exception <a 'sun/nio/fs/WindowsException'{0x000000009dc17d80}> (0x000000009dc17d80) 
thrown [s\open\src\hotspot\share\prims\jni.cpp, line 516]
Event: 72.259 Thread 0x000001a11d1583f0 Exception <a 'sun/nio/fs/WindowsException'{0x000000009dcc5d90}> (0x000000009dcc5d90) 
thrown [s\open\src\hotspot\share\prims\jni.cpp, line 516]
Event: 72.260 Thread 0x000001a11d1583f0 Exception <a 'sun/nio/fs/WindowsException'{0x000000009dcc6f68}> (0x000000009dcc6f68) 
thrown [s\open\src\hotspot\share\prims\jni.cpp, line 516]
Event: 72.260 Thread 0x000001a11d1583f0 Exception <a 'sun/nio/fs/WindowsException'{0x000000009dcc6ff8}> (0x000000009dcc6ff8) 
thrown [s\open\src\hotspot\share\prims\jni.cpp, line 516]
Event: 72.260 Thread 0x000001a11d1583f0 Exception <a 'sun/nio/fs/WindowsException'{0x000000009dcc72d0}> (0x000000009dcc72d0) 
thrown [s\open\src\hotspot\share\prims\jni.cpp, line 516]
Event: 72.260 Thread 0x000001a11d1583f0 Exception <a 'sun/nio/fs/WindowsException'{0x000000009dcca3a0}> (0x000000009dcca3a0) 
thrown [s\open\src\hotspot\share\prims\jni.cpp, line 516]
Event: 73.950 Thread 0x000001a11d1583f0 Implicit null exception at 0x000001a1698a62c5 to 0x000001a1698a6310
Event: 74.258 Thread 0x000001a11d1583f0 Implicit null exception at 0x000001a16989d7b1 to 0x000001a16989d828
Event: 75.782 Thread 0x000001a11d1583f0 Implicit null exception at 0x000001a1698ce158 to 0x000001a1698cefa8
Event: 75.783 Thread 0x000001a11d1583f0 Implicit null exception at 0x000001a1698a1df8 to 0x000001a1698a1f98

VM Operations (20 events):
Event: 73.164 Executing VM operation: Cleanup done
Event: 73.201 Executing VM operation: HandshakeAllThreads
Event: 73.202 Executing VM operation: HandshakeAllThreads done
Event: 74.022 Executing VM operation: G1CollectForAllocation
Event: 74.032 Executing VM operation: G1CollectForAllocation done
Event: 74.664 Executing VM operation: HandshakeAllThreads
Event: 74.665 Executing VM operation: HandshakeAllThreads done
Event: 75.047 Executing VM operation: G1CollectForAllocation
Event: 75.057 Executing VM operation: G1CollectForAllocation done
Event: 75.326 Executing VM operation: G1CollectForAllocation
Event: 75.365 Executing VM operation: G1CollectForAllocation done
Event: 75.610 Executing VM operation: HandshakeAllThreads
Event: 75.611 Executing VM operation: HandshakeAllThreads done
Event: 75.721 Executing VM operation: G1CollectForAllocation
Event: 75.727 Executing VM operation: G1CollectForAllocation done
Event: 75.785 Executing VM operation: HandshakeAllThreads
Event: 75.786 Executing VM operation: HandshakeAllThreads done
Event: 76.385 Executing VM operation: G1CollectForAllocation
Event: 76.402 Executing VM operation: G1CollectForAllocation done
Event: 76.599 Executing VM operation: G1Concurrent

Events (20 events):
Event: 75.653 Thread 0x000001a17849a2d0 flushing nmethod 0x000001a162fc3f10
Event: 75.653 Thread 0x000001a17849a2d0 flushing nmethod 0x000001a162fc4f90
Event: 75.653 Thread 0x000001a17849a2d0 flushing nmethod 0x000001a162fc7390
Event: 75.653 Thread 0x000001a17849a2d0 flushing nmethod 0x000001a162fc7710
Event: 75.653 Thread 0x000001a17849a2d0 flushing nmethod 0x000001a162fd4090
Event: 75.653 Thread 0x000001a17849a2d0 flushing nmethod 0x000001a162fdc410
Event: 75.653 Thread 0x000001a17849a2d0 flushing nmethod 0x000001a162fdd190
Event: 75.653 Thread 0x000001a17849a2d0 flushing nmethod 0x000001a162fedf90
Event: 75.653 Thread 0x000001a17849a2d0 flushing nmethod 0x000001a162ff9110
Event: 75.653 Thread 0x000001a17849a2d0 flushing nmethod 0x000001a163001110
Event: 75.653 Thread 0x000001a17849a2d0 flushing nmethod 0x000001a163005710
Event: 75.653 Thread 0x000001a17849a2d0 flushing nmethod 0x000001a163015490
Event: 75.653 Thread 0x000001a17849a2d0 flushing nmethod 0x000001a163037f10
Event: 75.654 Thread 0x000001a17849a2d0 flushing nmethod 0x000001a16304af90
Event: 75.654 Thread 0x000001a17849a2d0 flushing nmethod 0x000001a163064410
Event: 75.654 Thread 0x000001a17849a2d0 flushing nmethod 0x000001a16310dc90
Event: 75.654 Thread 0x000001a17849a2d0 flushing nmethod 0x000001a163160c10
Event: 75.655 Thread 0x000001a17849a2d0 flushing nmethod 0x000001a16317e410
Event: 76.002 Thread 0x000001a11fbc06b0 Thread added: 0x000001a11fbc06b0
Event: 76.005 Thread 0x000001a124cc8890 Thread added: 0x000001a124cc8890


Dynamic libraries:
0x00007ff754a30000 - 0x00007ff754a40000 	C:\Program Files\Java\jdk-17\bin\java.exe
0x00007ffe0c980000 - 0x00007ffe0cbe7000 	C:\WINDOWS\SYSTEM32\ntdll.dll
0x00007ffe0bde0000 - 0x00007ffe0bea9000 	C:\WINDOWS\System32\KERNEL32.DLL
0x00007ffe0a220000 - 0x00007ffe0a617000 	C:\WINDOWS\System32\KERNELBASE.dll
0x00007ffe096f0000 - 0x00007ffe0983b000 	C:\WINDOWS\System32\ucrtbase.dll
0x00007ffdfb040000 - 0x00007ffdfb059000 	C:\Program Files\Java\jdk-17\bin\jli.dll
0x00007ffe053a0000 - 0x00007ffe053bb000 	C:\Program Files\Java\jdk-17\bin\VCRUNTIME140.dll
0x00007ffe0c6c0000 - 0x00007ffe0c776000 	C:\WINDOWS\System32\ADVAPI32.dll
0x00007ffe0bad0000 - 0x00007ffe0bb79000 	C:\WINDOWS\System32\msvcrt.dll
0x00007ffe0aaf0000 - 0x00007ffe0ab97000 	C:\WINDOWS\System32\sechost.dll
0x00007ffe0a9c0000 - 0x00007ffe0aad8000 	C:\WINDOWS\System32\RPCRT4.dll
0x00007ffe0a7c0000 - 0x00007ffe0a986000 	C:\WINDOWS\System32\USER32.dll
0x00007ffe0a620000 - 0x00007ffe0a647000 	C:\WINDOWS\System32\win32u.dll
0x00007ffde3a10000 - 0x00007ffde3ca2000 	C:\WINDOWS\WinSxS\amd64_microsoft.windows.common-controls_6595b64144ccf1df_6.0.26100.8457_none_3e0b2faee331e92d\COMCTL32.dll
0x00007ffe0c090000 - 0x00007ffe0c0bb000 	C:\WINDOWS\System32\GDI32.dll
0x00007ffe095c0000 - 0x00007ffe096ec000 	C:\WINDOWS\System32\gdi32full.dll
0x00007ffe0a650000 - 0x00007ffe0a6f3000 	C:\WINDOWS\System32\msvcp_win.dll
0x00007ffdf9e80000 - 0x00007ffdf9e8b000 	C:\WINDOWS\SYSTEM32\VERSION.dll
0x00007ffe0c780000 - 0x00007ffe0c7b2000 	C:\WINDOWS\System32\IMM32.DLL
0x00007ffe05eb0000 - 0x00007ffe05ebc000 	C:\Program Files\Java\jdk-17\bin\vcruntime140_1.dll
0x00007ffd62c00000 - 0x00007ffd62c8e000 	C:\Program Files\Java\jdk-17\bin\msvcp140.dll
0x00007ffd25a30000 - 0x00007ffd26611000 	C:\Program Files\Java\jdk-17\bin\server\jvm.dll
0x00007ffe0b480000 - 0x00007ffe0b488000 	C:\WINDOWS\System32\PSAPI.DLL
0x00007ffdf4eb0000 - 0x00007ffdf4ee6000 	C:\WINDOWS\SYSTEM32\WINMM.dll
0x00007ffdd5940000 - 0x00007ffdd594a000 	C:\WINDOWS\SYSTEM32\WSOCK32.dll
0x00007ffe0c0c0000 - 0x00007ffe0c140000 	C:\WINDOWS\System32\WS2_32.dll
0x00007ffe08110000 - 0x00007ffe0812b000 	C:\WINDOWS\SYSTEM32\kernel.appcore.dll
0x00007ffe05ea0000 - 0x00007ffe05eaa000 	C:\Program Files\Java\jdk-17\bin\jimage.dll
0x00007ffe06e90000 - 0x00007ffe070d2000 	C:\WINDOWS\SYSTEM32\DBGHELP.DLL
0x00007ffe0c310000 - 0x00007ffe0c693000 	C:\WINDOWS\System32\combase.dll
0x00007ffe0c230000 - 0x00007ffe0c309000 	C:\WINDOWS\System32\OLEAUT32.dll
0x00007ffdd9350000 - 0x00007ffdd938b000 	C:\WINDOWS\SYSTEM32\dbgcore.DLL
0x00007ffe09900000 - 0x00007ffe099a8000 	C:\WINDOWS\System32\bcryptPrimitives.dll
0x00007ffdc07e0000 - 0x00007ffdc07ee000 	C:\Program Files\Java\jdk-17\bin\instrument.dll
0x00007ffddde60000 - 0x00007ffddde85000 	C:\Program Files\Java\jdk-17\bin\java.dll
0x00007ffd55560000 - 0x00007ffd55637000 	C:\Program Files\Java\jdk-17\bin\jsvml.dll
0x00007ffe0aba0000 - 0x00007ffe0b30e000 	C:\WINDOWS\System32\SHELL32.dll
0x00007ffe099b0000 - 0x00007ffe0a21c000 	C:\WINDOWS\System32\windows.storage.dll
0x00007ffe0c830000 - 0x00007ffe0c926000 	C:\WINDOWS\System32\SHCORE.dll
0x00007ffe0c7c0000 - 0x00007ffe0c826000 	C:\WINDOWS\System32\shlwapi.dll
0x00007ffe092d0000 - 0x00007ffe092f9000 	C:\WINDOWS\SYSTEM32\profapi.dll
0x00007ffdd1ec0000 - 0x00007ffdd1ed8000 	C:\Program Files\Java\jdk-17\bin\zip.dll
0x00007ffde40e0000 - 0x00007ffde40f9000 	C:\Program Files\Java\jdk-17\bin\net.dll
0x00007ffe01d90000 - 0x00007ffe01eb9000 	C:\WINDOWS\SYSTEM32\WINHTTP.dll
0x00007ffe086b0000 - 0x00007ffe0871c000 	C:\WINDOWS\system32\mswsock.dll
0x00007ffddbf00000 - 0x00007ffddbf16000 	C:\Program Files\Java\jdk-17\bin\nio.dll
0x00007ffdd1240000 - 0x00007ffdd1250000 	C:\Program Files\Java\jdk-17\bin\verify.dll
0x00007ffdad540000 - 0x00007ffdad567000 	C:\Users\jibri\.gradle\native\1def1411415f61bf3af743bc5b6707747c0891f09f0c88961ee8f79bc544acac\windows-amd64\native-platform.dll
0x00007ffdfb640000 - 0x00007ffdfb6b7000 	C:\Users\jibri\.gradle\native\0.2.8\x86_64-windows-gnu\gradle-fileevents.dll
0x00007ffdd1eb0000 - 0x00007ffdd1eba000 	C:\Program Files\Java\jdk-17\bin\management.dll
0x00007ffdd1250000 - 0x00007ffdd125b000 	C:\Program Files\Java\jdk-17\bin\management_ext.dll
0x00007ffe07b40000 - 0x00007ffe07b72000 	C:\WINDOWS\SYSTEM32\IPHLPAPI.DLL
0x00007ffe0aae0000 - 0x00007ffe0aaea000 	C:\WINDOWS\System32\NSI.dll
0x00007ffe01470000 - 0x00007ffe0148d000 	C:\WINDOWS\SYSTEM32\dhcpcsvc6.DLL
0x00007ffe01440000 - 0x00007ffe01465000 	C:\WINDOWS\SYSTEM32\dhcpcsvc.DLL
0x00007ffe07be0000 - 0x00007ffe07d12000 	C:\WINDOWS\SYSTEM32\DNSAPI.dll
0x00007ffe08990000 - 0x00007ffe089ab000 	C:\WINDOWS\SYSTEM32\CRYPTSP.dll
0x00007ffe08070000 - 0x00007ffe080a9000 	C:\WINDOWS\system32\rsaenh.dll
0x00007ffe08760000 - 0x00007ffe08793000 	C:\WINDOWS\SYSTEM32\USERENV.dll
0x00007ffe092a0000 - 0x00007ffe092ca000 	C:\WINDOWS\SYSTEM32\bcrypt.dll
0x00007ffe089b0000 - 0x00007ffe089bc000 	C:\WINDOWS\SYSTEM32\CRYPTBASE.dll
0x00007ffdc01d0000 - 0x00007ffdc01de000 	C:\Program Files\Java\jdk-17\bin\sunmscapi.dll
0x00007ffe09440000 - 0x00007ffe095b8000 	C:\WINDOWS\System32\CRYPT32.dll
0x00007ffe08bb0000 - 0x00007ffe08be0000 	C:\WINDOWS\SYSTEM32\ncrypt.dll
0x00007ffe08b60000 - 0x00007ffe08b9f000 	C:\WINDOWS\SYSTEM32\NTASN1.dll
0x00007ffddcfc0000 - 0x00007ffddcfc8000 	C:\WINDOWS\system32\wshunix.dll
0x00007ffe08240000 - 0x00007ffe08276000 	C:\WINDOWS\SYSTEM32\ntmarta.dll

dbghelp: loaded successfully - version: 4.0.5 - missing functions: none
symbol engine: initialized successfully - sym options: 0x614 - pdb path: .;C:\Program Files\Java\jdk-17\bin;C:\WINDOWS\SYSTEM32;C:\WINDOWS\WinSxS\amd64_microsoft.windows.common-controls_6595b64144ccf1df_6.0.26100.8457_none_3e0b2faee331e92d;C:\Program Files\Java\jdk-17\bin\server;C:\Users\jibri\.gradle\native\1def1411415f61bf3af743bc5b6707747c0891f09f0c88961ee8f79bc544acac\windows-amd64;C:\Users\jibri\.gradle\native\0.2.8\x86_64-windows-gnu

VM Arguments:
jvm_args: --add-opens=java.base/java.lang=ALL-UNNAMED --add-opens=java.base/java.lang.invoke=ALL-UNNAMED --add-opens=java.base/java.util=ALL-UNNAMED --add-opens=java.prefs/java.util.prefs=ALL-UNNAMED --add-exports=jdk.compiler/com.sun.tools.javac.api=ALL-UNNAMED --add-exports=jdk.compiler/com.sun.tools.javac.util=ALL-UNNAMED --add-opens=java.base/java.util=ALL-UNNAMED --add-opens=java.prefs/java.util.prefs=ALL-UNNAMED --add-opens=java.base/java.nio.charset=ALL-UNNAMED --add-opens=java.base/java.net=ALL-UNNAMED --add-opens=java.base/java.util.concurrent=ALL-UNNAMED --add-opens=java.base/java.util.concurrent.atomic=ALL-UNNAMED --add-opens=java.xml/javax.xml.namespace=ALL-UNNAMED -XX:MaxMetaspaceSize=512m -Xmx2048m -Dfile.encoding=windows-1252 -Duser.country=PH -Duser.language=en -Duser.variant -javaagent:C:\Users\jibri\.gradle\wrapper\dists\gradle-9.0.0-bin\d6wjpkvcgsg3oed0qlfss3wgl\gradle-9.0.0\lib\agents\gradle-instrumentation-agent-9.0.0.jar 
java_command: org.gradle.launcher.daemon.bootstrap.GradleDaemon 9.0.0
java_class_path (initial): C:\Users\jibri\.gradle\wrapper\dists\gradle-9.0.0-bin\d6wjpkvcgsg3oed0qlfss3wgl\gradle-9.0.0\lib\gradle-daemon-main-9.0.0.jar
Launcher Type: SUN_STANDARD

[Global flags]
     intx CICompilerCount                          = 12                                        {product} {ergonomic}
   size_t CompressedClassSpaceSize                 = 436207616                                 {product} {ergonomic}
     uint ConcGCThreads                            = 4                                         {product} {ergonomic}
     uint G1ConcRefinementThreads                  = 15                                        {product} {ergonomic}
   size_t G1HeapRegionSize                         = 1048576                                   {product} {ergonomic}
    uintx GCDrainStackTargetSize                   = 64                                        {product} {ergonomic}
   size_t InitialHeapSize                          = 130023424                                 {product} {ergonomic}
   size_t MarkStackSize                            = 4194304                                   {product} {ergonomic}
   size_t MaxHeapSize                              = 2147483648                                {product} {command line}
   size_t MaxMetaspaceSize                         = 536870912                                 {product} {command line}
   size_t MaxNewSize                               = 1287651328                                {product} {ergonomic}
   size_t MinHeapDeltaBytes                        = 1048576                                   {product} {ergonomic}
   size_t MinHeapSize                              = 8388608                                   {product} {ergonomic}
    uintx NonNMethodCodeHeapSize                   = 7602480                                {pd product} {ergonomic}
    uintx NonProfiledCodeHeapSize                  = 122027880                              {pd product} {ergonomic}
    uintx ProfiledCodeHeapSize                     = 122027880                              {pd product} {ergonomic}
    uintx ReservedCodeCacheSize                    = 251658240                              {pd product} {ergonomic}
     bool SegmentedCodeCache                       = true                                      {product} {ergonomic}
   size_t SoftMaxHeapSize                          = 2147483648                             {manageable} {ergonomic}
     bool UseCompressedClassPointers               = true                           {product lp64_product} {ergonomic}
     bool UseCompressedOops                        = true                           {product lp64_product} {ergonomic}
     bool UseG1GC                                  = true                                      {product} {ergonomic}
     bool UseLargePagesIndividualAllocation        = false                                  {pd product} {ergonomic}

Logging:
Log output configuration:
 #0: stdout all=warning uptime,level,tags
 #1: stderr all=off uptime,level,tags

Environment Variables:
JAVA_HOME=C:\Program Files\Java\jdk-17
PATH=C:\rubi_web\CISC_Capstone\MiscueReading\node_modules\.bin;C:\rubi_web\CISC_Capstone\node_modules\.bin;C:\rubi_web\node_modules\.bin;C:\node_modules\.bin;C:\Users\jibri\CONFIG~1\herd\bin\nvm\v22.9.0\node_modules\npm\node_modules\@npmcli\run-script\lib\node-gyp-bin;C:\Users\jibri\bin;C:\Program Files\Git\mingw64\bin;C:\Program Files\Git\usr\local\bin;C:\Program Files\Git\usr\bin;C:\Program Files\Git\usr\bin;C:\Program Files\Git\mingw64\bin;C:\Program Files\Git\usr\bin;C:\Users\jibri\bin;C:\flutter\flutter\bin\cache\dart-sdk\bin;C:\Users\jibri\AppData\Roaming\Code\User\globalStorage\github.copilot-chat\debugCommand;C:\Users\jibri\AppData\Roaming\Code\User\globalStorage\github.copilot-chat\copilotCli;C:\Program Files\Microsoft\jdk-17.0.16.8-hotspot\bin;C:\ProgramData\Oracle\Java\javapath;C:\Program Files\NVIDIA GPU Computing Toolkit\CUDA\v12.8\bin;C:\Program Files\NVIDIA GPU Computing Toolkit\CUDA\v12.8\libnvvp;C:\Program Files\Common Files\Oracle\Java\javapath;C:\PHP;C:\Windows\system32;C:\Windows;C:\Windows\System32\Wbem;C:\Windows\System32\WindowsPowerShell\v1.0;C:\Windows\System32\OpenSSH;C:\Program Files (x86)\NVIDIA Corporation\PhysX\Common;C:\Program Files\Microsoft SQL Server\150\Tools\Binn;C:\Program Files\Microsoft SQL Server\Client SDK\ODBC\170\Tools\Binn;C:\ProgramData\ComposerSetup\bin;C:\Users\jibri\.config\herd\bin\nvm;C:\Program Files\nodejs;C:\Program Files\Java\jdk-17\bin;C:\xampp\php;C:\WINDOWS\system32;C:\WINDOWS;C:\WINDOWS\System32\Wbem;C:\WINDOWS\System32\WindowsPowerShell\v1.0;C:\WINDOWS\System32\OpenSSH;C:\Program Files\nodejs;C:\Program Files\Git\cmd;C:\Program Files\Git\usr\bin;C:\Users\jibri\AppData\Local\Pub\Cache\bin;C:\Program Files\NVIDIA Corporation\NVIDIA app\NvDLISR;C:\Program Files\heroku\bin;C:\Program Files\NVIDIA Corporation\Nsight Compute 2025.1.1;C:\ProgramData\chocolatey\bin;C:\Users\jibri\AppData\Local\Programs\Python\Python310\Scripts;C:\Program Files\dotnet;C:\Program Files (x86)\Windows Kits\10\Windows Performance Toolkit;C
USERNAME=jibri
SHELL=C:\Program Files\Git\usr\bin\bash.exe
DISPLAY=needs-to-be-defined
LANG=en_US.UTF-8
OS=Windows_NT
PROCESSOR_IDENTIFIER=Intel64 Family 6 Model 191 Stepping 2, GenuineIntel



---------------  S Y S T E M  ---------------

OS:
 Windows 11 , 64 bit Build 26100 (10.0.26100.8328)
OS uptime: 0 days 1:04 hours
Hyper-V role detected

CPU: total 20 (initial active 20) (10 cores per cpu, 2 threads per core) family 6 model 191 stepping 2 microcode 0x2c, cx8, cmov, fxsr, ht, mmx, 3dnowpref, sse, sse2, sse3, ssse3, sse4.1, sse4.2, popcnt, lzcnt, tsc, tscinvbit, avx, avx2, aes, erms, clmul, bmi1, bmi2, adx, sha, fma, vzeroupper, clflush, clflushopt, clwb, hv

Memory: 4k page, system-wide physical 7911M (411M free)
TotalPageFile size 28568M (AvailPageFile size 97M)
current process WorkingSet (physical memory assigned to process): 568M, peak: 694M
current process commit charge ("private bytes"): 1008M, peak: 1258M

vm_info: Java HotSpot(TM) 64-Bit Server VM (17.0.14+8-LTS-191) for windows-amd64 JRE (17.0.14+8-LTS-191), built on Dec  3 2024 11:07:59 by "mach5one" with MS VC++ 17.6 (VS2022)

END.
