#
# There is insufficient memory for the Java Runtime Environment to continue.
# Native memory allocation (mmap) failed to map 183500800 bytes for G1 virtual space
# Possible reasons:
#   The system is out of physical RAM or swap space
#   The process is running with CompressedOops enabled, and the Java Heap may be blocking the growth of the native heap
# Possible solutions:
#   Reduce memory load on the system
#   Increase physical memory or swap space
#   Check if swap backing store is full
#   Decrease Java heap size (-Xmx/-Xms)
#   Decrease number of Java threads
#   Decrease Java thread stack sizes (-Xss)
#   Set larger code cache with -XX:ReservedCodeCacheSize=
#   JVM is running with Unscaled Compressed Oops mode in which the Java heap is
#     placed in the first 4GB address space. The Java Heap base address is the
#     maximum limit for the native heap growth. Please use -XX:HeapBaseMinAddress
#     to set the Java Heap base and to place the Java Heap above 4GB virtual address.
# This output file may be truncated or incomplete.
#
#  Out of Memory Error (os_windows.cpp:3551), pid=8028, tid=42920
#
# JRE version: Java(TM) SE Runtime Environment (17.0.14+8) (build 17.0.14+8-LTS-191)
# Java VM: Java HotSpot(TM) 64-Bit Server VM (17.0.14+8-LTS-191, mixed mode, sharing, tiered, compressed oops, compressed class ptrs, g1 gc, windows-amd64)
# No core dump will be written. Minidumps are not enabled by default on client versions of Windows
#

---------------  S U M M A R Y ------------

Command Line: --add-opens=java.base/java.lang=ALL-UNNAMED --add-opens=java.base/java.lang.invoke=ALL-UNNAMED --add-opens=java.base/java.util=ALL-UNNAMED --add-opens=java.prefs/java.util.prefs=ALL-UNNAMED --add-exports=jdk.compiler/com.sun.tools.javac.api=ALL-UNNAMED --add-exports=jdk.compiler/com.sun.tools.javac.util=ALL-UNNAMED --add-opens=java.base/java.util=ALL-UNNAMED --add-opens=java.prefs/java.util.prefs=ALL-UNNAMED --add-opens=java.base/java.nio.charset=ALL-UNNAMED --add-opens=java.base/java.net=ALL-UNNAMED --add-opens=java.base/java.util.concurrent.atomic=ALL-UNNAMED --add-opens=java.xml/javax.xml.namespace=ALL-UNNAMED -XX:MaxMetaspaceSize=512m -Xmx2048m -Dfile.encoding=windows-1252 -Duser.country=PH -Duser.language=en -Duser.variant -javaagent:C:\Users\jibri\.gradle\wrapper\dists\gradle-8.14.3-bin\cv11ve7ro1n3o1j4so8xd9n66\gradle-8.14.3\lib\agents\gradle-instrumentation-agent-8.14.3.jar org.gradle.launcher.daemon.bootstrap.GradleDaemon 8.14.3

Host: 13th Gen Intel(R) Core(TM) i5-13500HX, 20 cores, 7G,  Windows 11 , 64 bit Build 26100 (10.0.26100.5074)
Time: Wed Sep 17 03:36:03 2025 Malay Peninsula Standard Time elapsed time: 17.560478 seconds (0d 0h 0m 17s)

---------------  T H R E A D  ---------------

Current thread (0x0000020391ff4420):  VMThread "VM Thread" [stack: 0x0000000f9da00000,0x0000000f9db00000] [id=42920]

Stack: [0x0000000f9da00000,0x0000000f9db00000]
Native frames: (J=compiled Java code, j=interpreted, Vv=VM code, C=native code)
V  [jvm.dll+0x67a38a]
V  [jvm.dll+0x7da7ed]
V  [jvm.dll+0x7dc133]
V  [jvm.dll+0x7dc7a3]
V  [jvm.dll+0x24517f]
V  [jvm.dll+0x6773b9]
V  [jvm.dll+0x66c062]
V  [jvm.dll+0x302096]
V  [jvm.dll+0x309636]
V  [jvm.dll+0x359f8e]
V  [jvm.dll+0x35a1bf]
V  [jvm.dll+0x2d9168]
V  [jvm.dll+0x2d759d]
V  [jvm.dll+0x2d6bec]
V  [jvm.dll+0x31a74b]
V  [jvm.dll+0x7e109b]
V  [jvm.dll+0x7e1dd4]
V  [jvm.dll+0x7e22ed]
V  [jvm.dll+0x7e26c4]
V  [jvm.dll+0x7e2790]
V  [jvm.dll+0x78b04a]
V  [jvm.dll+0x679275]
C  [ucrtbase.dll+0x37b0]
C  [KERNEL32.DLL+0x2e8d7]
C  [ntdll.dll+0x8d9c]

VM_Operation (0x0000000f9f6f24b0): G1CollectForAllocation, mode: safepoint, requested by thread 0x00000203b33efee0


---------------  P R O C E S S  ---------------

Threads class SMR info:
_java_thread_list=0x00000203bd353010, length=291, elements={
0x00000203f2c759e0, 0x0000020391ff9120, 0x0000020391ffc1a0, 0x00000203b1010800,
0x00000203b10110d0, 0x00000203b1012140, 0x00000203b1012a10, 0x00000203b1013610,
0x00000203b10166d0, 0x00000203b102c560, 0x00000203b10e6c40, 0x00000203b1139de0,
0x00000203b115c590, 0x00000203b1160b70, 0x00000203b126cc80, 0x00000203b3167010,
0x00000203b30e7500, 0x00000203b2fc6c90, 0x00000203b3050060, 0x00000203b3169420,
0x00000203b33f1320, 0x00000203b33efee0, 0x00000203b33f0900, 0x00000203b33f0e10,
0x00000203b33ef4c0, 0x00000203b33f03f0, 0x00000203b33f1830, 0x00000203b33f1d40,
0x00000203b33eefb0, 0x00000203b4366e00, 0x00000203b43663e0, 0x00000203b4364580,
0x00000203b4364070, 0x00000203b4363b60, 0x00000203b45dd740, 0x00000203b45de670,
0x00000203b45db3d0, 0x00000203b45df090, 0x00000203b45dbdf0, 0x00000203b45df5a0,
0x00000203b45dfab0, 0x00000203b45dffc0, 0x00000203b45dc810, 0x00000203b45e2840,
0x00000203b45e09e0, 0x00000203b45e1e20, 0x00000203b45e1400, 0x00000203b45e1910,
0x00000203b45e0ef0, 0x00000203b45e2330, 0x00000203b45e2d50, 0x00000203b33ef9d0,
0x00000203b182c550, 0x00000203b182ca60, 0x00000203b182b110, 0x00000203b18292b0,
0x00000203b1829cd0, 0x00000203b182cf70, 0x00000203b182c040, 0x00000203b182a1e0,
0x00000203b18297c0, 0x00000203b182dea0, 0x00000203b182b620, 0x00000203b182d480,
0x00000203b182ac00, 0x00000203b182bb30, 0x00000203b182d990, 0x00000203b182a6f0,
0x00000203b182f2e0, 0x00000203b182edd0, 0x00000203b182e8c0, 0x00000203b182f7f0,
0x00000203b182e3b0, 0x00000203b182fd00, 0x00000203b1830210, 0x00000203b1830720,
0x00000203b1830c30, 0x00000203b62fae30, 0x00000203b62f80a0, 0x00000203b62f7680,
0x00000203b62fa410, 0x00000203b62f8ac0, 0x00000203b62fa920, 0x00000203b62f99f0,
0x00000203b62f8fd0, 0x00000203b62f94e0, 0x00000203b62fb340, 0x00000203b62f7b90,
0x00000203b62fb850, 0x00000203b62fbd60, 0x00000203b62f85b0, 0x00000203b62fcc90,
0x00000203b62fc270, 0x00000203b62fd6b0, 0x00000203b62fc780, 0x00000203b62fd1a0,
0x00000203b62f9f00, 0x00000203b62fdbc0, 0x00000203b62fe0d0, 0x00000203b62fe5e0,
0x00000203b62feaf0, 0x00000203b62ff000, 0x00000203b2624740, 0x00000203b2625670,
0x00000203b2623300, 0x00000203b2623810, 0x00000203b2622df0, 0x00000203b2626fc0,
0x00000203b2623d20, 0x00000203b2628400, 0x00000203b2627ef0, 0x00000203b26274d0,
0x00000203b2628e20, 0x00000203b2626ab0, 0x00000203b2628910, 0x00000203b26279e0,
0x00000203b26265a0, 0x00000203b2629330, 0x00000203b2625b80, 0x00000203b2629840,
0x00000203b2629d50, 0x00000203b4865b10, 0x00000203b4866f50, 0x00000203b48646d0,
0x00000203b4867460, 0x00000203b4864be0, 0x00000203b4867970, 0x00000203b4867e80,
0x00000203b4865600, 0x00000203b4868390, 0x00000203b4866a40, 0x00000203b48688a0,
0x00000203b48650f0, 0x00000203b48697d0, 0x00000203b48692c0, 0x00000203b4869ce0,
0x00000203b486a700, 0x00000203b486c050, 0x00000203b486a1f0, 0x00000203b4868db0,
0x00000203b486ac10, 0x00000203b486b630, 0x00000203b486b120, 0x00000203b486bb40,
0x00000203b4c376c0, 0x00000203b4c371b0, 0x00000203b4c37bd0, 0x00000203b4c35d70,
0x00000203b4c380e0, 0x00000203b4c385f0, 0x00000203b4c34e40, 0x00000203b4c35860,
0x00000203b4c36280, 0x00000203b4c36790, 0x00000203b4c38b00, 0x00000203b4c39a30,
0x00000203b4c36ca0, 0x00000203b4c3c2b0, 0x00000203b4c35350, 0x00000203b4c3b890,
0x00000203b4c3bda0, 0x00000203b4c3b380, 0x00000203b4c3a450, 0x00000203b4c39520,
0x00000203b4c3c7c0, 0x00000203b4c39010, 0x00000203b4c39f40, 0x00000203b4c3a960,
0x00000203b4c3ae70, 0x00000203b1a0e270, 0x00000203b1a0b9f0, 0x00000203b1a0e780,
0x00000203b1a0b4e0, 0x00000203b1a0f6b0, 0x00000203b1a0ec90, 0x00000203b1a0ce30,
0x00000203b1a0bf00, 0x00000203b1a0f1a0, 0x00000203b1a0fbc0, 0x00000203b1a0c410,
0x00000203b1a100d0, 0x00000203b1a0d850, 0x00000203b1a0dd60, 0x00000203b1a0c920,
0x00000203b1a105e0, 0x00000203b1a10af0, 0x00000203b1a0d340, 0x00000203b1a11000,
0x00000203b1a12950, 0x00000203b1a11510, 0x00000203b1a11a20, 0x00000203b1a11f30,
0x00000203b1a12440, 0x00000203b1a12e60, 0x00000203b5c82d00, 0x00000203b5c84140,
0x00000203b5c83210, 0x00000203b5c83720, 0x00000203b5c80990, 0x00000203b5c81dd0,
0x00000203b5c84650, 0x00000203b5c80ea0, 0x00000203b5c84b60, 0x00000203b5c827f0,
0x00000203b5c83c30, 0x00000203b5c813b0, 0x00000203b5c822e0, 0x00000203b5c85070,
0x00000203b5c818c0, 0x00000203b5c85580, 0x00000203b5c88310, 0x00000203b5c878f0,
0x00000203b5c87e00, 0x00000203b5c85a90, 0x00000203b5c864b0, 0x00000203b5c869c0,
0x00000203b5c85fa0, 0x00000203b5c86ed0, 0x00000203b5c873e0, 0x00000203b7678a20,
0x00000203b7677af0, 0x00000203b7679e60, 0x00000203b7678000, 0x00000203b767a370,
0x00000203b76775e0, 0x00000203b76770d0, 0x00000203b767a880, 0x00000203b767bcc0,
0x00000203b767ad90, 0x00000203b7678510, 0x00000203b767b2a0, 0x00000203b70dfc50,
0x00000203b767c1d0, 0x00000203b767c6e0, 0x00000203b767b7b0, 0x00000203b7678f30,
0x00000203b767e540, 0x00000203b767f470, 0x00000203b767d610, 0x00000203b767e030,
0x00000203b767cbf0, 0x00000203b767d100, 0x00000203b76812d0, 0x00000203b767f980,
0x00000203b767db20, 0x00000203b7680dc0, 0x00000203b76803a0, 0x00000203b76808b0,
0x00000203b76817e0, 0x00000203b7681cf0, 0x00000203b767fe90, 0x00000203b7682200,
0x00000203b767ea50, 0x00000203b767ef60, 0x00000203b7684f90, 0x00000203b7683640,
0x00000203b7684570, 0x00000203b7684a80, 0x00000203b76854a0, 0x00000203b7682710,
0x00000203b76863d0, 0x00000203b76859b0, 0x00000203b7683130, 0x00000203b7683b50,
0x00000203b7684060, 0x00000203b7685ec0, 0x00000203b7682c20, 0x00000203b76868e0,
0x00000203b4f2e910, 0x00000203b4f316a0, 0x00000203b4f2f840, 0x00000203b4f31bb0,
0x00000203b4f2fd50, 0x00000203b4f30260, 0x00000203b4f30770, 0x00000203b4f31190,
0x00000203b4f325d0, 0x00000203b4f2f330, 0x00000203b4f320c0, 0x00000203b4f30c80,
0x00000203b4f2ee20, 0x00000203b4f32ff0, 0x00000203b4f35d80, 0x00000203b4f34430,
0x00000203b4f36290, 0x00000203b4f34940, 0x00000203b4f34e50, 0x00000203b4f33500,
0x00000203b4f33a10, 0x00000203b4f371c0, 0x00000203b4f376d0
}

Java Threads: ( => current thread )
  0x00000203f2c759e0 JavaThread "main" [_thread_blocked, id=52704, stack(0x0000000f9d400000,0x0000000f9d500000)]
  0x0000020391ff9120 JavaThread "Reference Handler" daemon [_thread_blocked, id=54960, stack(0x0000000f9db00000,0x0000000f9dc00000)]
  0x0000020391ffc1a0 JavaThread "Finalizer" daemon [_thread_blocked, id=50888, stack(0x0000000f9dc00000,0x0000000f9dd00000)]
  0x00000203b1010800 JavaThread "Signal Dispatcher" daemon [_thread_blocked, id=55048, stack(0x0000000f9dd00000,0x0000000f9de00000)]
  0x00000203b10110d0 JavaThread "Attach Listener" daemon [_thread_blocked, id=35424, stack(0x0000000f9de00000,0x0000000f9df00000)]
  0x00000203b1012140 JavaThread "Service Thread" daemon [_thread_blocked, id=36936, stack(0x0000000f9df00000,0x0000000f9e000000)]
  0x00000203b1012a10 JavaThread "Monitor Deflation Thread" daemon [_thread_blocked, id=41180, stack(0x0000000f9e000000,0x0000000f9e100000)]
  0x00000203b1013610 JavaThread "C2 CompilerThread0" daemon [_thread_blocked, id=55188, stack(0x0000000f9e100000,0x0000000f9e200000)]
  0x00000203b10166d0 JavaThread "C1 CompilerThread0" daemon [_thread_blocked, id=47464, stack(0x0000000f9e200000,0x0000000f9e300000)]
  0x00000203b102c560 JavaThread "Sweeper thread" daemon [_thread_blocked, id=53408, stack(0x0000000f9e300000,0x0000000f9e400000)]
  0x00000203b10e6c40 JavaThread "C1 CompilerThread1" daemon [_thread_blocked, id=8568, stack(0x0000000f9e400000,0x0000000f9e500000)]
  0x00000203b1139de0 JavaThread "Common-Cleaner" daemon [_thread_blocked, id=41840, stack(0x0000000f9e500000,0x0000000f9e600000)]
  0x00000203b115c590 JavaThread "C1 CompilerThread2" daemon [_thread_blocked, id=36824, stack(0x0000000f9e600000,0x0000000f9e700000)]
  0x00000203b1160b70 JavaThread "C1 CompilerThread3" daemon [_thread_blocked, id=47672, stack(0x0000000f9e700000,0x0000000f9e800000)]
  0x00000203b126cc80 JavaThread "Notification Thread" daemon [_thread_blocked, id=26896, stack(0x0000000f9e900000,0x0000000f9ea00000)]
  0x00000203b3167010 JavaThread "Daemon health stats" [_thread_blocked, id=50260, stack(0x0000000f9f000000,0x0000000f9f100000)]
  0x00000203b30e7500 JavaThread "Incoming local TCP Connector on port 60433" [_thread_in_native, id=16972, stack(0x0000000f9f100000,0x0000000f9f200000)]
  0x00000203b2fc6c90 JavaThread "Daemon periodic checks" [_thread_blocked, id=12428, stack(0x0000000f9f200000,0x0000000f9f300000)]
  0x00000203b3050060 JavaThread "Daemon" [_thread_blocked, id=20212, stack(0x0000000f9f300000,0x0000000f9f400000)]
  0x00000203b3169420 JavaThread "Handler for socket connection from /127.0.0.1:60433 to /127.0.0.1:60434" [_thread_in_native, id=18216, stack(0x0000000f9f400000,0x0000000f9f500000)]
  0x00000203b33f1320 JavaThread "Cancel handler" [_thread_blocked, id=23656, stack(0x0000000f9f500000,0x0000000f9f600000)]
  0x00000203b33efee0 JavaThread "Daemon worker" [_thread_blocked, id=6612, stack(0x0000000f9f600000,0x0000000f9f700000)]
  0x00000203b33f0900 JavaThread "Asynchronous log dispatcher for DefaultDaemonConnection: socket connection from /127.0.0.1:60433 to /127.0.0.1:60434" [_thread_blocked, id=39856, stack(0x0000000f9f700000,0x0000000f9f800000)]
  0x00000203b33f0e10 JavaThread "Stdin handler" [_thread_blocked, id=45088, stack(0x0000000f9f800000,0x0000000f9f900000)]
  0x00000203b33ef4c0 JavaThread "Daemon client event forwarder" [_thread_blocked, id=50992, stack(0x0000000f9f900000,0x0000000f9fa00000)]
  0x00000203b33f03f0 JavaThread "Cache worker for journal cache (C:\Users\jibri\.gradle\caches\journal-1)" [_thread_blocked, id=52484, stack(0x0000000f9fa00000,0x0000000f9fb00000)]
  0x00000203b33f1830 JavaThread "File lock request listener" [_thread_in_native, id=8156, stack(0x0000000f9fb00000,0x0000000f9fc00000)]
  0x00000203b33f1d40 JavaThread "Cache worker for file hash cache (C:\Users\jibri\.gradle\caches\8.14.3\fileHashes)" [_thread_blocked, id=43940, stack(0x0000000f9fc00000,0x0000000f9fd00000)]
  0x00000203b33eefb0 JavaThread "Cache worker for file hash cache (C:\rubi_web\CISC_Capstone\FullerReadingApp\android\.gradle\8.14.3\fileHashes)" [_thread_blocked, id=35488, stack(0x0000000fa0600000,0x0000000fa0700000)]
  0x00000203b4366e00 JavaThread "Cache worker for Build Output Cleanup Cache (C:\rubi_web\CISC_Capstone\FullerReadingApp\android\.gradle\buildOutputCleanup)" [_thread_blocked, id=36044, stack(0x0000000fa0700000,0x0000000fa0800000)]
  0x00000203b43663e0 JavaThread "File watcher server" daemon [_thread_in_native, id=40948, stack(0x0000000fa0b00000,0x0000000fa0c00000)]
  0x00000203b4364580 JavaThread "File watcher consumer" daemon [_thread_blocked, id=52880, stack(0x0000000fa0c00000,0x0000000fa0d00000)]
  0x00000203b4364070 JavaThread "jar transforms" [_thread_blocked, id=51928, stack(0x0000000fa0d00000,0x0000000fa0e00000)]
  0x00000203b4363b60 JavaThread "Cache worker for checksums cache (C:\rubi_web\CISC_Capstone\FullerReadingApp\android\.gradle\8.14.3\checksums)" [_thread_blocked, id=22712, stack(0x0000000fa0e00000,0x0000000fa0f00000)]
  0x00000203b45dd740 JavaThread "Cache worker for file content cache (C:\Users\jibri\.gradle\caches\8.14.3\fileContent)" [_thread_blocked, id=27048, stack(0x0000000fa0f00000,0x0000000fa1000000)]
  0x00000203b45de670 JavaThread "Cache worker for cache directory md-supplier (C:\Users\jibri\.gradle\caches\8.14.3\md-supplier)" [_thread_blocked, id=10396, stack(0x0000000fa1000000,0x0000000fa1100000)]
  0x00000203b45db3d0 JavaThread "Cache worker for cache directory md-rule (C:\Users\jibri\.gradle\caches\8.14.3\md-rule)" [_thread_blocked, id=49364, stack(0x0000000fa1100000,0x0000000fa1200000)]
  0x00000203b45df090 JavaThread "Cache worker for Build Output Cleanup Cache (C:\rubi_web\CISC_Capstone\FullerReadingApp\node_modules\@react-native\gradle-plugin\.gradle\buildOutputCleanup)" [_thread_blocked, id=49988, stack(0x0000000fa1200000,0x0000000fa1300000)]
  0x00000203b45dbdf0 JavaThread "Unconstrained build operations" [_thread_blocked, id=54152, stack(0x0000000fa1300000,0x0000000fa1400000)]
  0x00000203b45df5a0 JavaThread "Unconstrained build operations Thread 2" [_thread_blocked, id=38880, stack(0x0000000fa1400000,0x0000000fa1500000)]
  0x00000203b45dfab0 JavaThread "Unconstrained build operations Thread 3" [_thread_blocked, id=46104, stack(0x0000000fa1500000,0x0000000fa1600000)]
  0x00000203b45dffc0 JavaThread "Unconstrained build operations Thread 4" [_thread_blocked, id=42532, stack(0x0000000fa1600000,0x0000000fa1700000)]
  0x00000203b45dc810 JavaThread "Unconstrained build operations Thread 5" [_thread_blocked, id=54340, stack(0x0000000fa1700000,0x0000000fa1800000)]
  0x00000203b45e2840 JavaThread "Unconstrained build operations Thread 6" [_thread_blocked, id=3668, stack(0x0000000fa1800000,0x0000000fa1900000)]
  0x00000203b45e09e0 JavaThread "Unconstrained build operations Thread 7" [_thread_blocked, id=36060, stack(0x0000000fa1900000,0x0000000fa1a00000)]
  0x00000203b45e1e20 JavaThread "Unconstrained build operations Thread 8" [_thread_blocked, id=3940, stack(0x0000000fa1a00000,0x0000000fa1b00000)]
  0x00000203b45e1400 JavaThread "Unconstrained build operations Thread 9" [_thread_blocked, id=31172, stack(0x0000000fa1b00000,0x0000000fa1c00000)]
  0x00000203b45e1910 JavaThread "Unconstrained build operations Thread 10" [_thread_blocked, id=21984, stack(0x0000000fa1c00000,0x0000000fa1d00000)]
  0x00000203b45e0ef0 JavaThread "Unconstrained build operations Thread 11" [_thread_blocked, id=26572, stack(0x0000000fa1d00000,0x0000000fa1e00000)]
  0x00000203b45e2330 JavaThread "Unconstrained build operations Thread 12" [_thread_blocked, id=34256, stack(0x0000000fa1e00000,0x0000000fa1f00000)]
  0x00000203b45e2d50 JavaThread "Unconstrained build operations Thread 13" [_thread_blocked, id=27720, stack(0x0000000fa1f00000,0x0000000fa2000000)]
  0x00000203b33ef9d0 JavaThread "Unconstrained build operations Thread 14" [_thread_blocked, id=43448, stack(0x0000000fa2000000,0x0000000fa2100000)]
  0x00000203b182c550 JavaThread "Unconstrained build operations Thread 15" [_thread_blocked, id=55100, stack(0x0000000fa2100000,0x0000000fa2200000)]
  0x00000203b182ca60 JavaThread "Unconstrained build operations Thread 16" [_thread_blocked, id=52668, stack(0x0000000fa2200000,0x0000000fa2300000)]
  0x00000203b182b110 JavaThread "Unconstrained build operations Thread 17" [_thread_blocked, id=53844, stack(0x0000000fa2300000,0x0000000fa2400000)]
  0x00000203b18292b0 JavaThread "Unconstrained build operations Thread 18" [_thread_blocked, id=37052, stack(0x0000000fa2400000,0x0000000fa2500000)]
  0x00000203b1829cd0 JavaThread "Unconstrained build operations Thread 19" [_thread_blocked, id=27948, stack(0x0000000fa2500000,0x0000000fa2600000)]
  0x00000203b182cf70 JavaThread "Unconstrained build operations Thread 20" [_thread_blocked, id=45320, stack(0x0000000fa2600000,0x0000000fa2700000)]
  0x00000203b182c040 JavaThread "Unconstrained build operations Thread 21" [_thread_blocked, id=32148, stack(0x0000000fa2700000,0x0000000fa2800000)]
  0x00000203b182a1e0 JavaThread "Unconstrained build operations Thread 22" [_thread_blocked, id=45144, stack(0x0000000fa2800000,0x0000000fa2900000)]
  0x00000203b18297c0 JavaThread "Unconstrained build operations Thread 23" [_thread_blocked, id=43584, stack(0x0000000fa2900000,0x0000000fa2a00000)]
  0x00000203b182dea0 JavaThread "Unconstrained build operations Thread 24" [_thread_blocked, id=50396, stack(0x0000000fa2a00000,0x0000000fa2b00000)]
  0x00000203b182b620 JavaThread "Unconstrained build operations Thread 25" [_thread_blocked, id=27848, stack(0x0000000fa2b00000,0x0000000fa2c00000)]
  0x00000203b182d480 JavaThread "Unconstrained build operations Thread 26" [_thread_blocked, id=34040, stack(0x0000000fa2c00000,0x0000000fa2d00000)]
  0x00000203b182ac00 JavaThread "Unconstrained build operations Thread 27" [_thread_blocked, id=54184, stack(0x0000000fa2d00000,0x0000000fa2e00000)]
  0x00000203b182bb30 JavaThread "Unconstrained build operations Thread 28" [_thread_blocked, id=39360, stack(0x0000000fa2e00000,0x0000000fa2f00000)]
  0x00000203b182d990 JavaThread "Unconstrained build operations Thread 29" [_thread_blocked, id=48268, stack(0x0000000fa2f00000,0x0000000fa3000000)]
  0x00000203b182a6f0 JavaThread "Unconstrained build operations Thread 30" [_thread_blocked, id=9072, stack(0x0000000fa3000000,0x0000000fa3100000)]
  0x00000203b182f2e0 JavaThread "Unconstrained build operations Thread 31" [_thread_blocked, id=25996, stack(0x0000000fa3100000,0x0000000fa3200000)]
  0x00000203b182edd0 JavaThread "Unconstrained build operations Thread 32" [_thread_blocked, id=32884, stack(0x0000000fa3200000,0x0000000fa3300000)]
  0x00000203b182e8c0 JavaThread "Unconstrained build operations Thread 33" [_thread_blocked, id=20904, stack(0x0000000fa3300000,0x0000000fa3400000)]
  0x00000203b182f7f0 JavaThread "Unconstrained build operations Thread 34" [_thread_blocked, id=47428, stack(0x0000000fa3400000,0x0000000fa3500000)]
  0x00000203b182e3b0 JavaThread "Unconstrained build operations Thread 35" [_thread_blocked, id=31596, stack(0x0000000fa3500000,0x0000000fa3600000)]
  0x00000203b182fd00 JavaThread "Unconstrained build operations Thread 36" [_thread_blocked, id=7272, stack(0x0000000fa3600000,0x0000000fa3700000)]
  0x00000203b1830210 JavaThread "Unconstrained build operations Thread 37" [_thread_blocked, id=53228, stack(0x0000000fa3700000,0x0000000fa3800000)]
  0x00000203b1830720 JavaThread "Unconstrained build operations Thread 38" [_thread_blocked, id=31024, stack(0x0000000fa3800000,0x0000000fa3900000)]
  0x00000203b1830c30 JavaThread "Unconstrained build operations Thread 39" [_thread_blocked, id=25256, stack(0x0000000fa3900000,0x0000000fa3a00000)]
  0x00000203b62fae30 JavaThread "Unconstrained build operations Thread 40" [_thread_blocked, id=18224, stack(0x0000000fa3a00000,0x0000000fa3b00000)]
  0x00000203b62f80a0 JavaThread "Unconstrained build operations Thread 41" [_thread_blocked, id=15820, stack(0x0000000fa3b00000,0x0000000fa3c00000)]
  0x00000203b62f7680 JavaThread "Unconstrained build operations Thread 42" [_thread_blocked, id=8068, stack(0x0000000fa3c00000,0x0000000fa3d00000)]
  0x00000203b62fa410 JavaThread "Unconstrained build operations Thread 43" [_thread_blocked, id=31124, stack(0x0000000fa3d00000,0x0000000fa3e00000)]
  0x00000203b62f8ac0 JavaThread "Unconstrained build operations Thread 44" [_thread_blocked, id=54504, stack(0x0000000fa3e00000,0x0000000fa3f00000)]
  0x00000203b62fa920 JavaThread "Unconstrained build operations Thread 45" [_thread_blocked, id=40280, stack(0x0000000fa3f00000,0x0000000fa4000000)]
  0x00000203b62f99f0 JavaThread "Unconstrained build operations Thread 46" [_thread_blocked, id=26536, stack(0x0000000fa4000000,0x0000000fa4100000)]
  0x00000203b62f8fd0 JavaThread "Unconstrained build operations Thread 47" [_thread_blocked, id=32072, stack(0x0000000fa4100000,0x0000000fa4200000)]
  0x00000203b62f94e0 JavaThread "Unconstrained build operations Thread 48" [_thread_blocked, id=52988, stack(0x0000000fa4200000,0x0000000fa4300000)]
  0x00000203b62fb340 JavaThread "Unconstrained build operations Thread 49" [_thread_blocked, id=26248, stack(0x0000000fa4300000,0x0000000fa4400000)]
  0x00000203b62f7b90 JavaThread "Unconstrained build operations Thread 50" [_thread_blocked, id=48136, stack(0x0000000fa4400000,0x0000000fa4500000)]
  0x00000203b62fb850 JavaThread "Unconstrained build operations Thread 51" [_thread_blocked, id=51924, stack(0x0000000fa4500000,0x0000000fa4600000)]
  0x00000203b62fbd60 JavaThread "Unconstrained build operations Thread 52" [_thread_blocked, id=14776, stack(0x0000000fa4600000,0x0000000fa4700000)]
  0x00000203b62f85b0 JavaThread "Unconstrained build operations Thread 53" [_thread_blocked, id=54544, stack(0x0000000fa4700000,0x0000000fa4800000)]
  0x00000203b62fcc90 JavaThread "Unconstrained build operations Thread 54" [_thread_blocked, id=44936, stack(0x0000000fa4800000,0x0000000fa4900000)]
  0x00000203b62fc270 JavaThread "Unconstrained build operations Thread 55" [_thread_blocked, id=48040, stack(0x0000000fa4900000,0x0000000fa4a00000)]
  0x00000203b62fd6b0 JavaThread "Unconstrained build operations Thread 56" [_thread_blocked, id=44756, stack(0x0000000fa4a00000,0x0000000fa4b00000)]
  0x00000203b62fc780 JavaThread "Unconstrained build operations Thread 57" [_thread_blocked, id=496, stack(0x0000000fa4b00000,0x0000000fa4c00000)]
  0x00000203b62fd1a0 JavaThread "Unconstrained build operations Thread 58" [_thread_blocked, id=7960, stack(0x0000000fa4c00000,0x0000000fa4d00000)]
  0x00000203b62f9f00 JavaThread "Unconstrained build operations Thread 59" [_thread_blocked, id=52608, stack(0x0000000fa4d00000,0x0000000fa4e00000)]
  0x00000203b62fdbc0 JavaThread "Unconstrained build operations Thread 60" [_thread_blocked, id=46568, stack(0x0000000fa4e00000,0x0000000fa4f00000)]
  0x00000203b62fe0d0 JavaThread "Unconstrained build operations Thread 61" [_thread_blocked, id=54492, stack(0x0000000fa4f00000,0x0000000fa5000000)]
  0x00000203b62fe5e0 JavaThread "Unconstrained build operations Thread 62" [_thread_blocked, id=37244, stack(0x0000000fa5000000,0x0000000fa5100000)]
  0x00000203b62feaf0 JavaThread "Unconstrained build operations Thread 63" [_thread_blocked, id=19416, stack(0x0000000fa5100000,0x0000000fa5200000)]
  0x00000203b62ff000 JavaThread "build event listener" [_thread_blocked, id=38224, stack(0x0000000fa5200000,0x0000000fa5300000)]
  0x00000203b2624740 JavaThread "Memory manager" [_thread_blocked, id=29860, stack(0x0000000fa5300000,0x0000000fa5400000)]
  0x00000203b2625670 JavaThread "ForkJoinPool.commonPool-worker-1" daemon [_thread_blocked, id=31404, stack(0x0000000fa5400000,0x0000000fa5500000)]
  0x00000203b2623300 JavaThread "ForkJoinPool.commonPool-worker-2" daemon [_thread_blocked, id=33516, stack(0x0000000fa5500000,0x0000000fa5600000)]
  0x00000203b2623810 JavaThread "ForkJoinPool.commonPool-worker-3" daemon [_thread_blocked, id=53020, stack(0x0000000fa5600000,0x0000000fa5700000)]
  0x00000203b2622df0 JavaThread "ForkJoinPool.commonPool-worker-4" daemon [_thread_blocked, id=14008, stack(0x0000000fa5700000,0x0000000fa5800000)]
  0x00000203b2626fc0 JavaThread "ForkJoinPool.commonPool-worker-5" daemon [_thread_blocked, id=32740, stack(0x0000000fa5800000,0x0000000fa5900000)]
  0x00000203b2623d20 JavaThread "ForkJoinPool.commonPool-worker-6" daemon [_thread_blocked, id=31776, stack(0x0000000fa5900000,0x0000000fa5a00000)]
  0x00000203b2628400 JavaThread "ForkJoinPool.commonPool-worker-7" daemon [_thread_blocked, id=53732, stack(0x0000000fa5a00000,0x0000000fa5b00000)]
  0x00000203b2627ef0 JavaThread "ForkJoinPool.commonPool-worker-8" daemon [_thread_blocked, id=18876, stack(0x0000000fa5b00000,0x0000000fa5c00000)]
  0x00000203b26274d0 JavaThread "ForkJoinPool.commonPool-worker-9" daemon [_thread_blocked, id=48728, stack(0x0000000fa5c00000,0x0000000fa5d00000)]
  0x00000203b2628e20 JavaThread "ForkJoinPool.commonPool-worker-10" daemon [_thread_blocked, id=50964, stack(0x0000000fa5d00000,0x0000000fa5e00000)]
  0x00000203b2626ab0 JavaThread "ForkJoinPool.commonPool-worker-11" daemon [_thread_blocked, id=42360, stack(0x0000000fa5e00000,0x0000000fa5f00000)]
  0x00000203b2628910 JavaThread "Exec process" daemon [_thread_blocked, id=47296, stack(0x0000000fa5f00000,0x0000000fa6000000)]
  0x00000203b26279e0 JavaThread "ForkJoinPool.commonPool-worker-12" daemon [_thread_blocked, id=51100, stack(0x0000000fa6000000,0x0000000fa6100000)]
  0x00000203b26265a0 JavaThread "Exec process Thread 2" daemon [_thread_blocked, id=29432, stack(0x0000000fa6100000,0x0000000fa6200000)]
  0x00000203b2629330 JavaThread "ForkJoinPool.commonPool-worker-13" daemon [_thread_blocked, id=38836, stack(0x0000000fa6200000,0x0000000fa6300000)]
  0x00000203b2625b80 JavaThread "Exec process Thread 3" daemon [_thread_blocked, id=53392, stack(0x0000000fa6300000,0x0000000fa6400000)]
  0x00000203b2629840 JavaThread "ForkJoinPool.commonPool-worker-14" daemon [_thread_blocked, id=42524, stack(0x0000000f9e800000,0x0000000f9e900000)]
  0x00000203b2629d50 JavaThread "ForkJoinPool.commonPool-worker-15" daemon [_thread_blocked, id=10020, stack(0x0000000fa6400000,0x0000000fa6500000)]
  0x00000203b4865b10 JavaThread "ForkJoinPool.commonPool-worker-16" daemon [_thread_blocked, id=18880, stack(0x0000000fa6500000,0x0000000fa6600000)]
  0x00000203b4866f50 JavaThread "ForkJoinPool.commonPool-worker-17" daemon [_thread_blocked, id=41656, stack(0x0000000fa6600000,0x0000000fa6700000)]
  0x00000203b48646d0 JavaThread "ForkJoinPool.commonPool-worker-18" daemon [_thread_blocked, id=50660, stack(0x0000000fa6700000,0x0000000fa6800000)]
  0x00000203b4867460 JavaThread "ForkJoinPool.commonPool-worker-19" daemon [_thread_blocked, id=49208, stack(0x0000000fa6800000,0x0000000fa6900000)]
  0x00000203b4864be0 JavaThread "included builds" [_thread_blocked, id=35868, stack(0x0000000fa6900000,0x0000000fa6a00000)]
  0x00000203b4867970 JavaThread "Execution worker" [_thread_blocked, id=54844, stack(0x0000000fa6a00000,0x0000000fa6b00000)]
  0x00000203b4867e80 JavaThread "Execution worker Thread 2" [_thread_blocked, id=55240, stack(0x0000000fa6b00000,0x0000000fa6c00000)]
  0x00000203b4865600 JavaThread "Execution worker Thread 3" [_thread_blocked, id=45452, stack(0x0000000fa6c00000,0x0000000fa6d00000)]
  0x00000203b4868390 JavaThread "Execution worker Thread 4" [_thread_blocked, id=49176, stack(0x0000000fa6d00000,0x0000000fa6e00000)]
  0x00000203b4866a40 JavaThread "Execution worker Thread 5" [_thread_blocked, id=24732, stack(0x0000000fa6e00000,0x0000000fa6f00000)]
  0x00000203b48688a0 JavaThread "Execution worker Thread 6" [_thread_blocked, id=49472, stack(0x0000000fa6f00000,0x0000000fa7000000)]
  0x00000203b48650f0 JavaThread "Execution worker Thread 7" [_thread_blocked, id=44596, stack(0x0000000fa7000000,0x0000000fa7100000)]
  0x00000203b48697d0 JavaThread "Execution worker Thread 8" [_thread_blocked, id=32068, stack(0x0000000fa7100000,0x0000000fa7200000)]
  0x00000203b48692c0 JavaThread "Execution worker Thread 9" [_thread_blocked, id=53024, stack(0x0000000fa7200000,0x0000000fa7300000)]
  0x00000203b4869ce0 JavaThread "Execution worker Thread 10" [_thread_blocked, id=54524, stack(0x0000000fa7300000,0x0000000fa7400000)]
  0x00000203b486a700 JavaThread "Execution worker Thread 11" [_thread_blocked, id=42072, stack(0x0000000fa7400000,0x0000000fa7500000)]
  0x00000203b486c050 JavaThread "Execution worker Thread 12" [_thread_blocked, id=50476, stack(0x0000000fa7500000,0x0000000fa7600000)]
  0x00000203b486a1f0 JavaThread "Execution worker Thread 13" [_thread_blocked, id=33000, stack(0x0000000fa7600000,0x0000000fa7700000)]
  0x00000203b4868db0 JavaThread "Execution worker Thread 14" [_thread_blocked, id=53828, stack(0x0000000fa7700000,0x0000000fa7800000)]
  0x00000203b486ac10 JavaThread "Execution worker Thread 15" [_thread_blocked, id=51984, stack(0x0000000fa7800000,0x0000000fa7900000)]
  0x00000203b486b630 JavaThread "Execution worker Thread 16" [_thread_blocked, id=2820, stack(0x0000000fa7900000,0x0000000fa7a00000)]
  0x00000203b486b120 JavaThread "Execution worker Thread 17" [_thread_blocked, id=5712, stack(0x0000000fa7a00000,0x0000000fa7b00000)]
  0x00000203b486bb40 JavaThread "Execution worker Thread 18" [_thread_blocked, id=48384, stack(0x0000000fa7b00000,0x0000000fa7c00000)]
  0x00000203b4c376c0 JavaThread "Execution worker Thread 19" [_thread_blocked, id=48688, stack(0x0000000fa7c00000,0x0000000fa7d00000)]
  0x00000203b4c371b0 JavaThread "Cache worker for execution history cache (C:\rubi_web\CISC_Capstone\FullerReadingApp\node_modules\@react-native\gradle-plugin\.gradle\8.14.3\executionHistory)" [_thread_blocked, id=35880, stack(0x0000000fa7d00000,0x0000000fa7e00000)]
  0x00000203b4c37bd0 JavaThread "Unconstrained build operations Thread 64" [_thread_blocked, id=13212, stack(0x0000000fa7e00000,0x0000000fa7f00000)]
  0x00000203b4c35d70 JavaThread "Unconstrained build operations Thread 65" [_thread_blocked, id=29868, stack(0x0000000fa7f00000,0x0000000fa8000000)]
  0x00000203b4c380e0 JavaThread "Unconstrained build operations Thread 66" [_thread_blocked, id=42132, stack(0x0000000fa8000000,0x0000000fa8100000)]
  0x00000203b4c385f0 JavaThread "Unconstrained build operations Thread 67" [_thread_blocked, id=51452, stack(0x0000000fa8100000,0x0000000fa8200000)]
  0x00000203b4c34e40 JavaThread "Unconstrained build operations Thread 68" [_thread_blocked, id=33968, stack(0x0000000fa8200000,0x0000000fa8300000)]
  0x00000203b4c35860 JavaThread "Unconstrained build operations Thread 69" [_thread_blocked, id=53268, stack(0x0000000fa8300000,0x0000000fa8400000)]
  0x00000203b4c36280 JavaThread "Unconstrained build operations Thread 70" [_thread_blocked, id=55036, stack(0x0000000fa8400000,0x0000000fa8500000)]
  0x00000203b4c36790 JavaThread "Unconstrained build operations Thread 71" [_thread_blocked, id=37196, stack(0x0000000fa8500000,0x0000000fa8600000)]
  0x00000203b4c38b00 JavaThread "Unconstrained build operations Thread 72" [_thread_blocked, id=53200, stack(0x0000000fa8600000,0x0000000fa8700000)]
  0x00000203b4c39a30 JavaThread "Unconstrained build operations Thread 73" [_thread_blocked, id=53256, stack(0x0000000fa8700000,0x0000000fa8800000)]
  0x00000203b4c36ca0 JavaThread "Unconstrained build operations Thread 74" [_thread_blocked, id=38648, stack(0x0000000fa8800000,0x0000000fa8900000)]
  0x00000203b4c3c2b0 JavaThread "Unconstrained build operations Thread 75" [_thread_blocked, id=39364, stack(0x0000000fa8900000,0x0000000fa8a00000)]
  0x00000203b4c35350 JavaThread "Unconstrained build operations Thread 76" [_thread_blocked, id=42324, stack(0x0000000fa8a00000,0x0000000fa8b00000)]
  0x00000203b4c3b890 JavaThread "Unconstrained build operations Thread 77" [_thread_blocked, id=2400, stack(0x0000000fa8b00000,0x0000000fa8c00000)]
  0x00000203b4c3bda0 JavaThread "Unconstrained build operations Thread 78" [_thread_blocked, id=43968, stack(0x0000000fa8c00000,0x0000000fa8d00000)]
  0x00000203b4c3b380 JavaThread "Unconstrained build operations Thread 79" [_thread_blocked, id=52300, stack(0x0000000fa8d00000,0x0000000fa8e00000)]
  0x00000203b4c3a450 JavaThread "Unconstrained build operations Thread 80" [_thread_blocked, id=24744, stack(0x0000000fa8e00000,0x0000000fa8f00000)]
  0x00000203b4c39520 JavaThread "Unconstrained build operations Thread 81" [_thread_blocked, id=49544, stack(0x0000000fa8f00000,0x0000000fa9000000)]
  0x00000203b4c3c7c0 JavaThread "Unconstrained build operations Thread 82" [_thread_blocked, id=49748, stack(0x0000000fa9000000,0x0000000fa9100000)]
  0x00000203b4c39010 JavaThread "Unconstrained build operations Thread 83" [_thread_blocked, id=24016, stack(0x0000000fa9100000,0x0000000fa9200000)]
  0x00000203b4c39f40 JavaThread "Unconstrained build operations Thread 84" [_thread_blocked, id=53568, stack(0x0000000fa9200000,0x0000000fa9300000)]
  0x00000203b4c3a960 JavaThread "Unconstrained build operations Thread 85" [_thread_blocked, id=45200, stack(0x0000000fa9300000,0x0000000fa9400000)]
  0x00000203b4c3ae70 JavaThread "Unconstrained build operations Thread 86" [_thread_blocked, id=13292, stack(0x0000000fa9400000,0x0000000fa9500000)]
  0x00000203b1a0e270 JavaThread "Unconstrained build operations Thread 87" [_thread_blocked, id=54656, stack(0x0000000fa9500000,0x0000000fa9600000)]
  0x00000203b1a0b9f0 JavaThread "Unconstrained build operations Thread 88" [_thread_blocked, id=2684, stack(0x0000000fa9600000,0x0000000fa9700000)]
  0x00000203b1a0e780 JavaThread "Unconstrained build operations Thread 89" [_thread_blocked, id=42032, stack(0x0000000fa9700000,0x0000000fa9800000)]
  0x00000203b1a0b4e0 JavaThread "Unconstrained build operations Thread 90" [_thread_blocked, id=52476, stack(0x0000000fa9800000,0x0000000fa9900000)]
  0x00000203b1a0f6b0 JavaThread "Unconstrained build operations Thread 91" [_thread_blocked, id=48200, stack(0x0000000fa9900000,0x0000000fa9a00000)]
  0x00000203b1a0ec90 JavaThread "Unconstrained build operations Thread 92" [_thread_blocked, id=53332, stack(0x0000000fa9a00000,0x0000000fa9b00000)]
  0x00000203b1a0ce30 JavaThread "Unconstrained build operations Thread 93" [_thread_blocked, id=45824, stack(0x0000000fa9b00000,0x0000000fa9c00000)]
  0x00000203b1a0bf00 JavaThread "Unconstrained build operations Thread 94" [_thread_blocked, id=2876, stack(0x0000000fa9c00000,0x0000000fa9d00000)]
  0x00000203b1a0f1a0 JavaThread "Unconstrained build operations Thread 95" [_thread_blocked, id=48160, stack(0x0000000fa9d00000,0x0000000fa9e00000)]
  0x00000203b1a0fbc0 JavaThread "Unconstrained build operations Thread 96" [_thread_blocked, id=12436, stack(0x0000000fa9e00000,0x0000000fa9f00000)]
  0x00000203b1a0c410 JavaThread "Unconstrained build operations Thread 97" [_thread_blocked, id=37896, stack(0x0000000fa9f00000,0x0000000faa000000)]
  0x00000203b1a100d0 JavaThread "Unconstrained build operations Thread 98" [_thread_blocked, id=48364, stack(0x0000000faa000000,0x0000000faa100000)]
  0x00000203b1a0d850 JavaThread "Unconstrained build operations Thread 99" [_thread_blocked, id=42092, stack(0x0000000faa100000,0x0000000faa200000)]
  0x00000203b1a0dd60 JavaThread "Unconstrained build operations Thread 100" [_thread_blocked, id=8304, stack(0x0000000faa200000,0x0000000faa300000)]
  0x00000203b1a0c920 JavaThread "Unconstrained build operations Thread 101" [_thread_blocked, id=21180, stack(0x0000000faa300000,0x0000000faa400000)]
  0x00000203b1a105e0 JavaThread "Unconstrained build operations Thread 102" [_thread_blocked, id=48984, stack(0x0000000faa400000,0x0000000faa500000)]
  0x00000203b1a10af0 JavaThread "Unconstrained build operations Thread 103" [_thread_blocked, id=38524, stack(0x0000000faa500000,0x0000000faa600000)]
  0x00000203b1a0d340 JavaThread "Unconstrained build operations Thread 104" [_thread_blocked, id=48000, stack(0x0000000faa600000,0x0000000faa700000)]
  0x00000203b1a11000 JavaThread "Unconstrained build operations Thread 105" [_thread_blocked, id=44928, stack(0x0000000faa700000,0x0000000faa800000)]
  0x00000203b1a12950 JavaThread "Unconstrained build operations Thread 106" [_thread_blocked, id=18384, stack(0x0000000faa800000,0x0000000faa900000)]
  0x00000203b1a11510 JavaThread "Unconstrained build operations Thread 107" [_thread_blocked, id=53424, stack(0x0000000faa900000,0x0000000faaa00000)]
  0x00000203b1a11a20 JavaThread "Unconstrained build operations Thread 108" [_thread_blocked, id=29116, stack(0x0000000faaa00000,0x0000000faab00000)]
  0x00000203b1a11f30 JavaThread "Unconstrained build operations Thread 109" [_thread_blocked, id=44904, stack(0x0000000faab00000,0x0000000faac00000)]
  0x00000203b1a12440 JavaThread "Unconstrained build operations Thread 110" [_thread_blocked, id=51196, stack(0x0000000faac00000,0x0000000faad00000)]
  0x00000203b1a12e60 JavaThread "Unconstrained build operations Thread 111" [_thread_blocked, id=50592, stack(0x0000000faad00000,0x0000000faae00000)]
  0x00000203b5c82d00 JavaThread "Unconstrained build operations Thread 112" [_thread_blocked, id=51108, stack(0x0000000faae00000,0x0000000faaf00000)]
  0x00000203b5c84140 JavaThread "Unconstrained build operations Thread 113" [_thread_blocked, id=35860, stack(0x0000000faaf00000,0x0000000fab000000)]
  0x00000203b5c83210 JavaThread "Unconstrained build operations Thread 114" [_thread_blocked, id=54716, stack(0x0000000fab000000,0x0000000fab100000)]
  0x00000203b5c83720 JavaThread "Unconstrained build operations Thread 115" [_thread_blocked, id=17440, stack(0x0000000fab100000,0x0000000fab200000)]
  0x00000203b5c80990 JavaThread "Unconstrained build operations Thread 116" [_thread_blocked, id=50988, stack(0x0000000fab200000,0x0000000fab300000)]
  0x00000203b5c81dd0 JavaThread "Unconstrained build operations Thread 117" [_thread_blocked, id=32484, stack(0x0000000fab300000,0x0000000fab400000)]
  0x00000203b5c84650 JavaThread "Unconstrained build operations Thread 118" [_thread_blocked, id=36620, stack(0x0000000fab400000,0x0000000fab500000)]
  0x00000203b5c80ea0 JavaThread "Unconstrained build operations Thread 119" [_thread_blocked, id=42612, stack(0x0000000fab500000,0x0000000fab600000)]
  0x00000203b5c84b60 JavaThread "Unconstrained build operations Thread 120" [_thread_blocked, id=41528, stack(0x0000000fab600000,0x0000000fab700000)]
  0x00000203b5c827f0 JavaThread "Unconstrained build operations Thread 121" [_thread_blocked, id=17984, stack(0x0000000fab700000,0x0000000fab800000)]
  0x00000203b5c83c30 JavaThread "Unconstrained build operations Thread 122" [_thread_blocked, id=50328, stack(0x0000000fab800000,0x0000000fab900000)]
  0x00000203b5c813b0 JavaThread "Unconstrained build operations Thread 123" [_thread_blocked, id=38576, stack(0x0000000fab900000,0x0000000faba00000)]
  0x00000203b5c822e0 JavaThread "Unconstrained build operations Thread 124" [_thread_blocked, id=49816, stack(0x0000000faba00000,0x0000000fabb00000)]
  0x00000203b5c85070 JavaThread "Unconstrained build operations Thread 125" [_thread_blocked, id=12504, stack(0x0000000fabb00000,0x0000000fabc00000)]
  0x00000203b5c818c0 JavaThread "Unconstrained build operations Thread 126" [_thread_blocked, id=31408, stack(0x0000000fabc00000,0x0000000fabd00000)]
  0x00000203b5c85580 JavaThread "Unconstrained build operations Thread 127" [_thread_blocked, id=48492, stack(0x0000000fabd00000,0x0000000fabe00000)]
  0x00000203b5c88310 JavaThread "Unconstrained build operations Thread 128" [_thread_blocked, id=51948, stack(0x0000000fabe00000,0x0000000fabf00000)]
  0x00000203b5c878f0 JavaThread "Unconstrained build operations Thread 129" [_thread_blocked, id=7936, stack(0x0000000fabf00000,0x0000000fac000000)]
  0x00000203b5c87e00 JavaThread "Unconstrained build operations Thread 130" [_thread_blocked, id=27020, stack(0x0000000fac000000,0x0000000fac100000)]
  0x00000203b5c85a90 JavaThread "Unconstrained build operations Thread 131" [_thread_blocked, id=49224, stack(0x0000000fac100000,0x0000000fac200000)]
  0x00000203b5c864b0 JavaThread "Unconstrained build operations Thread 132" [_thread_blocked, id=54156, stack(0x0000000fac200000,0x0000000fac300000)]
  0x00000203b5c869c0 JavaThread "Unconstrained build operations Thread 133" [_thread_blocked, id=46440, stack(0x0000000fac300000,0x0000000fac400000)]
  0x00000203b5c85fa0 JavaThread "Unconstrained build operations Thread 134" [_thread_blocked, id=15432, stack(0x0000000fac400000,0x0000000fac500000)]
  0x00000203b5c86ed0 JavaThread "Unconstrained build operations Thread 135" [_thread_blocked, id=10848, stack(0x0000000fac500000,0x0000000fac600000)]
  0x00000203b5c873e0 JavaThread "Unconstrained build operations Thread 136" [_thread_blocked, id=14128, stack(0x0000000fac600000,0x0000000fac700000)]
  0x00000203b7678a20 JavaThread "Unconstrained build operations Thread 137" [_thread_blocked, id=50144, stack(0x0000000fac700000,0x0000000fac800000)]
  0x00000203b7677af0 JavaThread "Unconstrained build operations Thread 138" [_thread_blocked, id=22004, stack(0x0000000fac800000,0x0000000fac900000)]
  0x00000203b7679e60 JavaThread "Unconstrained build operations Thread 139" [_thread_blocked, id=9804, stack(0x0000000fac900000,0x0000000faca00000)]
  0x00000203b7678000 JavaThread "Unconstrained build operations Thread 140" [_thread_blocked, id=55196, stack(0x0000000faca00000,0x0000000facb00000)]
  0x00000203b767a370 JavaThread "Unconstrained build operations Thread 141" [_thread_blocked, id=22412, stack(0x0000000facb00000,0x0000000facc00000)]
  0x00000203b76775e0 JavaThread "Unconstrained build operations Thread 142" [_thread_blocked, id=35028, stack(0x0000000facc00000,0x0000000facd00000)]
  0x00000203b76770d0 JavaThread "Unconstrained build operations Thread 143" [_thread_blocked, id=17348, stack(0x0000000facd00000,0x0000000face00000)]
  0x00000203b767a880 JavaThread "Unconstrained build operations Thread 144" [_thread_blocked, id=13776, stack(0x0000000face00000,0x0000000facf00000)]
  0x00000203b767bcc0 JavaThread "Unconstrained build operations Thread 145" [_thread_blocked, id=36952, stack(0x0000000facf00000,0x0000000fad000000)]
  0x00000203b767ad90 JavaThread "Unconstrained build operations Thread 146" [_thread_blocked, id=50268, stack(0x0000000fad200000,0x0000000fad300000)]
  0x00000203b7678510 JavaThread "jar transforms Thread 2" [_thread_blocked, id=55176, stack(0x0000000fad300000,0x0000000fad400000)]
  0x00000203b767b2a0 JavaThread "jar transforms Thread 3" [_thread_blocked, id=12404, stack(0x0000000fad400000,0x0000000fad500000)]
  0x00000203b70dfc50 JavaThread "C2 CompilerThread1" daemon [_thread_blocked, id=34616, stack(0x0000000fad500000,0x0000000fad600000)]
  0x00000203b767c1d0 JavaThread "Unconstrained build operations Thread 147" [_thread_blocked, id=53060, stack(0x0000000fad600000,0x0000000fad700000)]
  0x00000203b767c6e0 JavaThread "Unconstrained build operations Thread 148" [_thread_blocked, id=48528, stack(0x0000000fad700000,0x0000000fad800000)]
  0x00000203b767b7b0 JavaThread "Unconstrained build operations Thread 149" [_thread_blocked, id=7132, stack(0x0000000fad800000,0x0000000fad900000)]
  0x00000203b7678f30 JavaThread "Unconstrained build operations Thread 150" [_thread_blocked, id=50056, stack(0x0000000fad900000,0x0000000fada00000)]
  0x00000203b767e540 JavaThread "Unconstrained build operations Thread 151" [_thread_blocked, id=30976, stack(0x0000000fada00000,0x0000000fadb00000)]
  0x00000203b767f470 JavaThread "Unconstrained build operations Thread 152" [_thread_blocked, id=38716, stack(0x0000000fadb00000,0x0000000fadc00000)]
  0x00000203b767d610 JavaThread "Unconstrained build operations Thread 153" [_thread_blocked, id=46908, stack(0x0000000fadc00000,0x0000000fadd00000)]
  0x00000203b767e030 JavaThread "Unconstrained build operations Thread 154" [_thread_blocked, id=40628, stack(0x0000000fadd00000,0x0000000fade00000)]
  0x00000203b767cbf0 JavaThread "Unconstrained build operations Thread 155" [_thread_blocked, id=49808, stack(0x0000000fade00000,0x0000000fadf00000)]
  0x00000203b767d100 JavaThread "Unconstrained build operations Thread 156" [_thread_blocked, id=31828, stack(0x0000000fadf00000,0x0000000fae000000)]
  0x00000203b76812d0 JavaThread "Unconstrained build operations Thread 157" [_thread_blocked, id=51132, stack(0x0000000fae000000,0x0000000fae100000)]
  0x00000203b767f980 JavaThread "Unconstrained build operations Thread 158" [_thread_blocked, id=28308, stack(0x0000000fae100000,0x0000000fae200000)]
  0x00000203b767db20 JavaThread "Unconstrained build operations Thread 159" [_thread_blocked, id=34360, stack(0x0000000fae200000,0x0000000fae300000)]
  0x00000203b7680dc0 JavaThread "Unconstrained build operations Thread 160" [_thread_blocked, id=53328, stack(0x0000000fae300000,0x0000000fae400000)]
  0x00000203b76803a0 JavaThread "Unconstrained build operations Thread 161" [_thread_blocked, id=46444, stack(0x0000000fae400000,0x0000000fae500000)]
  0x00000203b76808b0 JavaThread "Unconstrained build operations Thread 162" [_thread_blocked, id=53184, stack(0x0000000fae500000,0x0000000fae600000)]
  0x00000203b76817e0 JavaThread "Unconstrained build operations Thread 163" [_thread_blocked, id=16452, stack(0x0000000fae600000,0x0000000fae700000)]
  0x00000203b7681cf0 JavaThread "Unconstrained build operations Thread 164" [_thread_blocked, id=54800, stack(0x0000000fae700000,0x0000000fae800000)]
  0x00000203b767fe90 JavaThread "Unconstrained build operations Thread 165" [_thread_blocked, id=38620, stack(0x0000000fae800000,0x0000000fae900000)]
  0x00000203b7682200 JavaThread "Unconstrained build operations Thread 166" [_thread_blocked, id=24912, stack(0x0000000fae900000,0x0000000faea00000)]
  0x00000203b767ea50 JavaThread "Unconstrained build operations Thread 167" [_thread_blocked, id=34112, stack(0x0000000faea00000,0x0000000faeb00000)]
  0x00000203b767ef60 JavaThread "Unconstrained build operations Thread 168" [_thread_blocked, id=21376, stack(0x0000000faeb00000,0x0000000faec00000)]
  0x00000203b7684f90 JavaThread "Unconstrained build operations Thread 169" [_thread_blocked, id=20820, stack(0x0000000faec00000,0x0000000faed00000)]
  0x00000203b7683640 JavaThread "Unconstrained build operations Thread 170" [_thread_blocked, id=50284, stack(0x0000000faed00000,0x0000000faee00000)]
  0x00000203b7684570 JavaThread "Unconstrained build operations Thread 171" [_thread_blocked, id=36576, stack(0x0000000faee00000,0x0000000faef00000)]
  0x00000203b7684a80 JavaThread "Unconstrained build operations Thread 172" [_thread_blocked, id=18984, stack(0x0000000faef00000,0x0000000faf000000)]
  0x00000203b76854a0 JavaThread "Unconstrained build operations Thread 173" [_thread_blocked, id=31684, stack(0x0000000faf000000,0x0000000faf100000)]
  0x00000203b7682710 JavaThread "Unconstrained build operations Thread 174" [_thread_blocked, id=38652, stack(0x0000000faf100000,0x0000000faf200000)]
  0x00000203b76863d0 JavaThread "Unconstrained build operations Thread 175" [_thread_blocked, id=31384, stack(0x0000000faf200000,0x0000000faf300000)]
  0x00000203b76859b0 JavaThread "Unconstrained build operations Thread 176" [_thread_blocked, id=35112, stack(0x0000000faf300000,0x0000000faf400000)]
  0x00000203b7683130 JavaThread "Unconstrained build operations Thread 177" [_thread_blocked, id=50564, stack(0x0000000faf400000,0x0000000faf500000)]
  0x00000203b7683b50 JavaThread "Unconstrained build operations Thread 178" [_thread_blocked, id=36132, stack(0x0000000faf500000,0x0000000faf600000)]
  0x00000203b7684060 JavaThread "Unconstrained build operations Thread 179" [_thread_blocked, id=43636, stack(0x0000000faf600000,0x0000000faf700000)]
  0x00000203b7685ec0 JavaThread "Unconstrained build operations Thread 180" [_thread_blocked, id=51764, stack(0x0000000faf700000,0x0000000faf800000)]
  0x00000203b7682c20 JavaThread "Unconstrained build operations Thread 181" [_thread_blocked, id=54120, stack(0x0000000faf800000,0x0000000faf900000)]
  0x00000203b76868e0 JavaThread "Unconstrained build operations Thread 182" [_thread_blocked, id=54712, stack(0x0000000faf900000,0x0000000fafa00000)]
  0x00000203b4f2e910 JavaThread "Unconstrained build operations Thread 183" [_thread_blocked, id=50460, stack(0x0000000fafa00000,0x0000000fafb00000)]
  0x00000203b4f316a0 JavaThread "Unconstrained build operations Thread 184" [_thread_blocked, id=48480, stack(0x0000000fafb00000,0x0000000fafc00000)]
  0x00000203b4f2f840 JavaThread "Unconstrained build operations Thread 185" [_thread_blocked, id=23736, stack(0x0000000fafc00000,0x0000000fafd00000)]
  0x00000203b4f31bb0 JavaThread "Unconstrained build operations Thread 186" [_thread_blocked, id=3632, stack(0x0000000fafd00000,0x0000000fafe00000)]
  0x00000203b4f2fd50 JavaThread "Unconstrained build operations Thread 187" [_thread_blocked, id=50884, stack(0x0000000fafe00000,0x0000000faff00000)]
  0x00000203b4f30260 JavaThread "Unconstrained build operations Thread 188" [_thread_blocked, id=51828, stack(0x0000000faff00000,0x0000000fb0000000)]
  0x00000203b4f30770 JavaThread "Unconstrained build operations Thread 189" [_thread_blocked, id=50652, stack(0x0000000fb0000000,0x0000000fb0100000)]
  0x00000203b4f31190 JavaThread "Unconstrained build operations Thread 190" [_thread_blocked, id=38308, stack(0x0000000fb0100000,0x0000000fb0200000)]
  0x00000203b4f325d0 JavaThread "Unconstrained build operations Thread 191" [_thread_blocked, id=22092, stack(0x0000000fb0200000,0x0000000fb0300000)]
  0x00000203b4f2f330 JavaThread "Unconstrained build operations Thread 192" [_thread_blocked, id=28232, stack(0x0000000fb0300000,0x0000000fb0400000)]
  0x00000203b4f320c0 JavaThread "Unconstrained build operations Thread 193" [_thread_blocked, id=53440, stack(0x0000000fb0400000,0x0000000fb0500000)]
  0x00000203b4f30c80 JavaThread "Unconstrained build operations Thread 194" [_thread_blocked, id=11844, stack(0x0000000fb0500000,0x0000000fb0600000)]
  0x00000203b4f2ee20 JavaThread "Unconstrained build operations Thread 195" [_thread_blocked, id=34900, stack(0x0000000fb0600000,0x0000000fb0700000)]
  0x00000203b4f32ff0 JavaThread "Unconstrained build operations Thread 196" [_thread_blocked, id=19000, stack(0x0000000fb0700000,0x0000000fb0800000)]
  0x00000203b4f35d80 JavaThread "Unconstrained build operations Thread 197" [_thread_blocked, id=42392, stack(0x0000000fb0800000,0x0000000fb0900000)]
  0x00000203b4f34430 JavaThread "Unconstrained build operations Thread 198" [_thread_blocked, id=35292, stack(0x0000000fb0900000,0x0000000fb0a00000)]
  0x00000203b4f36290 JavaThread "Unconstrained build operations Thread 199" [_thread_blocked, id=47368, stack(0x0000000fb0a00000,0x0000000fb0b00000)]
  0x00000203b4f34940 JavaThread "Unconstrained build operations Thread 200" [_thread_blocked, id=12720, stack(0x0000000fb0b00000,0x0000000fb0c00000)]
  0x00000203b4f34e50 JavaThread "jar transforms Thread 4" [_thread_blocked, id=48812, stack(0x0000000fb0c00000,0x0000000fb0d00000)]
  0x00000203b4f33500 JavaThread "jar transforms Thread 5" [_thread_blocked, id=48580, stack(0x0000000fb0d00000,0x0000000fb0e00000)]
  0x00000203b4f33a10 JavaThread "jar transforms Thread 6" [_thread_blocked, id=45188, stack(0x0000000fb0e00000,0x0000000fb0f00000)]
  0x00000203b4f371c0 JavaThread "build event listener" [_thread_blocked, id=52856, stack(0x0000000fb0f00000,0x0000000fb1000000)]
  0x00000203b4f376d0 JavaThread "Problems report writer" [_thread_blocked, id=32896, stack(0x0000000fb1000000,0x0000000fb1100000)]

Other Threads:
=>0x0000020391ff4420 VMThread "VM Thread" [stack: 0x0000000f9da00000,0x0000000f9db00000] [id=42920]
  0x00000203f2d2d690 WatcherThread [stack: 0x0000000f9ea00000,0x0000000f9eb00000] [id=50512]
  0x00000203f2cd1490 GCTaskThread "GC Thread#0" [stack: 0x0000000f9d500000,0x0000000f9d600000] [id=54456]
  0x00000203b193ef40 GCTaskThread "GC Thread#1" [stack: 0x0000000f9eb00000,0x0000000f9ec00000] [id=53664]
  0x00000203b15615e0 GCTaskThread "GC Thread#2" [stack: 0x0000000f9ec00000,0x0000000f9ed00000] [id=42340]
  0x00000203b13be810 GCTaskThread "GC Thread#3" [stack: 0x0000000f9ed00000,0x0000000f9ee00000] [id=53044]
  0x00000203b13f87e0 GCTaskThread "GC Thread#4" [stack: 0x0000000f9ee00000,0x0000000f9ef00000] [id=40660]
  0x00000203b2927110 GCTaskThread "GC Thread#5" [stack: 0x0000000f9ef00000,0x0000000f9f000000] [id=27656]
  0x00000203b33ecc70 GCTaskThread "GC Thread#6" [stack: 0x0000000f9fd00000,0x0000000f9fe00000] [id=2784]
  0x00000203b352e4e0 GCTaskThread "GC Thread#7" [stack: 0x0000000f9fe00000,0x0000000f9ff00000] [id=50648]
  0x00000203b5e906a0 GCTaskThread "GC Thread#8" [stack: 0x0000000f9ff00000,0x0000000fa0000000] [id=53272]
  0x00000203b5b634f0 GCTaskThread "GC Thread#9" [stack: 0x0000000fa0000000,0x0000000fa0100000] [id=32552]
  0x00000203b5ccfd80 GCTaskThread "GC Thread#10" [stack: 0x0000000fa0100000,0x0000000fa0200000] [id=54216]
  0x00000203b5ccf800 GCTaskThread "GC Thread#11" [stack: 0x0000000fa0200000,0x0000000fa0300000] [id=45076]
  0x00000203b5ccfac0 GCTaskThread "GC Thread#12" [stack: 0x0000000fa0300000,0x0000000fa0400000] [id=52132]
  0x00000203b5cd0040 GCTaskThread "GC Thread#13" [stack: 0x0000000fa0400000,0x0000000fa0500000] [id=22796]
  0x00000203b5cd05c0 GCTaskThread "GC Thread#14" [stack: 0x0000000fa0500000,0x0000000fa0600000] [id=41548]
  0x00000203f2d20f80 ConcurrentGCThread "G1 Main Marker" [stack: 0x0000000f9d600000,0x0000000f9d700000] [id=32572]
  0x00000203f2d22df0 ConcurrentGCThread "G1 Conc#0" [stack: 0x0000000f9d700000,0x0000000f9d800000] [id=9220]
  0x00000203b5cd0300 ConcurrentGCThread "G1 Conc#1" [stack: 0x0000000fa0800000,0x0000000fa0900000] [id=27868]
  0x00000203b5ccf280 ConcurrentGCThread "G1 Conc#2" [stack: 0x0000000fa0900000,0x0000000fa0a00000] [id=7412]
  0x00000203b5cd0880 ConcurrentGCThread "G1 Conc#3" [stack: 0x0000000fa0a00000,0x0000000fa0b00000] [id=30948]
  0x0000020391e63040 ConcurrentGCThread "G1 Refine#0" [stack: 0x0000000f9d800000,0x0000000f9d900000] [id=52756]
  0x0000020391e63720 ConcurrentGCThread "G1 Service" [stack: 0x0000000f9d900000,0x0000000f9da00000] [id=41976]

Threads with active compile tasks:
C2 CompilerThread0    17602 12891       4       groovy.lang.MetaClassImpl::filterPropertyMethod (305 bytes)
C2 CompilerThread1    17603 12883       4       java.beans.Introspector::addMethod (196 bytes)

VM state: at safepoint (normal execution)

VM Mutex/Monitor currently owned by a thread:  ([mutex/lock_event])
[0x00000203f2c71060] Threads_lock - owner thread: 0x0000020391ff4420
[0x00000203f2c6fd40] Heap_lock - owner thread: 0x00000203b33efee0

Heap address: 0x0000000080000000, size: 2048 MB, Compressed Oops mode: 32-bit

CDS archive(s) mapped at: [0x0000020392000000-0x0000020392bd0000-0x0000020392bd0000), size 12386304, SharedBaseAddress: 0x0000020392000000, ArchiveRelocationMode: 1.
Compressed class space mapped at: 0x0000020393000000-0x00000203ad000000, reserved size: 436207616
Narrow klass base: 0x0000020392000000, Narrow klass shift: 0, Narrow klass range: 0x100000000

GC Precious Log:
 CPUs: 20 total, 20 available
 Memory: 7911M
 Large Page Support: Disabled
 NUMA Support: Disabled
 Compressed Oops: Enabled (32-bit)
 Heap Region Size: 1M
 Heap Min Capacity: 8M
 Heap Initial Capacity: 124M
 Heap Max Capacity: 2G
 Pre-touch: Disabled
 Parallel Workers: 15
 Concurrent Workers: 4
 Concurrent Refinement Workers: 15
 Periodic GC: Disabled

Heap:
 garbage-first heap   total 199680K, used 108681K [0x0000000080000000, 0x0000000100000000)
  region size 1024K, 1 young (1024K), 1 survivors (1024K)
 Metaspace       used 91510K, committed 92544K, reserved 557056K
  class space    used 12637K, committed 13120K, reserved 425984K

Heap Regions: E=young(eden), S=young(survivor), O=old, HS=humongous(starts), HC=humongous(continues), CS=collection set, F=free, OA=open archive, CA=closed archive, TAMS=top-at-mark-start (previous, next)
|   0|0x0000000080000000, 0x0000000080100000, 0x0000000080100000|100%|HS|  |TAMS 0x0000000080100000, 0x0000000080000000| Complete 
|   1|0x0000000080100000, 0x0000000080200000, 0x0000000080200000|100%|HC|  |TAMS 0x0000000080200000, 0x0000000080100000| Complete 
|   2|0x0000000080200000, 0x0000000080300000, 0x0000000080300000|100%|HC|  |TAMS 0x0000000080300000, 0x0000000080200000| Complete 
|   3|0x0000000080300000, 0x0000000080400000, 0x0000000080400000|100%| O|  |TAMS 0x0000000080400000, 0x0000000080300000| Untracked 
|   4|0x0000000080400000, 0x0000000080500000, 0x0000000080500000|100%| O|  |TAMS 0x0000000080500000, 0x0000000080400000| Untracked 
|   5|0x0000000080500000, 0x0000000080600000, 0x0000000080600000|100%| O|  |TAMS 0x0000000080600000, 0x0000000080500000| Untracked 
|   6|0x0000000080600000, 0x0000000080700000, 0x0000000080700000|100%| O|  |TAMS 0x0000000080700000, 0x0000000080600000| Untracked 
|   7|0x0000000080700000, 0x0000000080800000, 0x0000000080800000|100%|HS|  |TAMS 0x0000000080800000, 0x0000000080700000| Complete 
|   8|0x0000000080800000, 0x0000000080900000, 0x0000000080900000|100%| O|  |TAMS 0x0000000080900000, 0x0000000080800000| Untracked 
|   9|0x0000000080900000, 0x0000000080a00000, 0x0000000080a00000|100%| O|  |TAMS 0x0000000080a00000, 0x0000000080900000| Untracked 
|  10|0x0000000080a00000, 0x0000000080b00000, 0x0000000080b00000|100%| O|  |TAMS 0x0000000080b00000, 0x0000000080a00000| Untracked 
|  11|0x0000000080b00000, 0x0000000080c00000, 0x0000000080c00000|100%| O|  |TAMS 0x0000000080c00000, 0x0000000080b00000| Untracked 
|  12|0x0000000080c00000, 0x0000000080d00000, 0x0000000080d00000|100%| O|  |TAMS 0x0000000080d00000, 0x0000000080c00000| Untracked 
|  13|0x0000000080d00000, 0x0000000080e00000, 0x0000000080e00000|100%| O|  |TAMS 0x0000000080e00000, 0x0000000080d00000| Untracked 
|  14|0x0000000080e00000, 0x0000000080f00000, 0x0000000080f00000|100%| O|  |TAMS 0x0000000080f00000, 0x0000000080e00000| Untracked 
|  15|0x0000000080f00000, 0x0000000081000000, 0x0000000081000000|100%| O|  |TAMS 0x0000000081000000, 0x0000000080f00000| Untracked 
|  16|0x0000000081000000, 0x0000000081100000, 0x0000000081100000|100%| O|  |TAMS 0x0000000081100000, 0x0000000081000000| Untracked 
|  17|0x0000000081100000, 0x0000000081200000, 0x0000000081200000|100%| O|  |TAMS 0x0000000081200000, 0x0000000081100000| Untracked 
|  18|0x0000000081200000, 0x0000000081300000, 0x0000000081300000|100%| O|  |TAMS 0x0000000081300000, 0x0000000081200000| Untracked 
|  19|0x0000000081300000, 0x0000000081400000, 0x0000000081400000|100%| O|  |TAMS 0x0000000081400000, 0x0000000081300000| Untracked 
|  20|0x0000000081400000, 0x0000000081500000, 0x0000000081500000|100%| O|  |TAMS 0x0000000081500000, 0x0000000081400000| Untracked 
|  21|0x0000000081500000, 0x0000000081600000, 0x0000000081600000|100%| O|  |TAMS 0x0000000081600000, 0x0000000081500000| Untracked 
|  22|0x0000000081600000, 0x0000000081700000, 0x0000000081700000|100%| O|  |TAMS 0x0000000081700000, 0x0000000081600000| Untracked 
|  23|0x0000000081700000, 0x0000000081800000, 0x0000000081800000|100%| O|  |TAMS 0x0000000081800000, 0x0000000081700000| Untracked 
|  24|0x0000000081800000, 0x0000000081900000, 0x0000000081900000|100%| O|  |TAMS 0x0000000081900000, 0x0000000081800000| Untracked 
|  25|0x0000000081900000, 0x0000000081a00000, 0x0000000081a00000|100%| O|  |TAMS 0x0000000081a00000, 0x0000000081900000| Untracked 
|  26|0x0000000081a00000, 0x0000000081b00000, 0x0000000081b00000|100%| O|  |TAMS 0x0000000081b00000, 0x0000000081a00000| Untracked 
|  27|0x0000000081b00000, 0x0000000081c00000, 0x0000000081c00000|100%| O|  |TAMS 0x0000000081c00000, 0x0000000081b00000| Untracked 
|  28|0x0000000081c00000, 0x0000000081d00000, 0x0000000081d00000|100%| O|  |TAMS 0x0000000081d00000, 0x0000000081c00000| Untracked 
|  29|0x0000000081d00000, 0x0000000081e00000, 0x0000000081e00000|100%| O|  |TAMS 0x0000000081e00000, 0x0000000081d00000| Untracked 
|  30|0x0000000081e00000, 0x0000000081f00000, 0x0000000081f00000|100%| O|  |TAMS 0x0000000081f00000, 0x0000000081e00000| Untracked 
|  31|0x0000000081f00000, 0x0000000082000000, 0x0000000082000000|100%| O|  |TAMS 0x0000000082000000, 0x0000000081f00000| Untracked 
|  32|0x0000000082000000, 0x0000000082100000, 0x0000000082100000|100%| O|  |TAMS 0x0000000082100000, 0x0000000082000000| Untracked 
|  33|0x0000000082100000, 0x0000000082200000, 0x0000000082200000|100%| O|  |TAMS 0x0000000082200000, 0x0000000082100000| Untracked 
|  34|0x0000000082200000, 0x0000000082300000, 0x0000000082300000|100%| O|  |TAMS 0x0000000082300000, 0x0000000082200000| Untracked 
|  35|0x0000000082300000, 0x0000000082400000, 0x0000000082400000|100%| O|  |TAMS 0x0000000082400000, 0x0000000082300000| Untracked 
|  36|0x0000000082400000, 0x0000000082500000, 0x0000000082500000|100%|HS|  |TAMS 0x0000000082500000, 0x0000000082400000| Complete 
|  37|0x0000000082500000, 0x0000000082600000, 0x0000000082600000|100%|HC|  |TAMS 0x0000000082600000, 0x0000000082500000| Complete 
|  38|0x0000000082600000, 0x0000000082700000, 0x0000000082700000|100%|HC|  |TAMS 0x0000000082700000, 0x0000000082600000| Complete 
|  39|0x0000000082700000, 0x0000000082800000, 0x0000000082800000|100%|HS|  |TAMS 0x0000000082800000, 0x0000000082700000| Complete 
|  40|0x0000000082800000, 0x0000000082900000, 0x0000000082900000|100%|HC|  |TAMS 0x0000000082900000, 0x0000000082800000| Complete 
|  41|0x0000000082900000, 0x0000000082a00000, 0x0000000082a00000|100%|HC|  |TAMS 0x0000000082a00000, 0x0000000082900000| Complete 
|  42|0x0000000082a00000, 0x0000000082b00000, 0x0000000082b00000|100%| O|  |TAMS 0x0000000082b00000, 0x0000000082a00000| Untracked 
|  43|0x0000000082b00000, 0x0000000082c00000, 0x0000000082c00000|100%| O|  |TAMS 0x0000000082c00000, 0x0000000082b00000| Untracked 
|  44|0x0000000082c00000, 0x0000000082d00000, 0x0000000082d00000|100%| O|  |TAMS 0x0000000082d00000, 0x0000000082c00000| Untracked 
|  45|0x0000000082d00000, 0x0000000082e00000, 0x0000000082e00000|100%| O|  |TAMS 0x0000000082e00000, 0x0000000082d00000| Untracked 
|  46|0x0000000082e00000, 0x0000000082f00000, 0x0000000082f00000|100%| O|  |TAMS 0x0000000082f00000, 0x0000000082e00000| Untracked 
|  47|0x0000000082f00000, 0x0000000083000000, 0x0000000083000000|100%| O|  |TAMS 0x0000000083000000, 0x0000000082f00000| Untracked 
|  48|0x0000000083000000, 0x0000000083100000, 0x0000000083100000|100%| O|  |TAMS 0x0000000083100000, 0x0000000083000000| Untracked 
|  49|0x0000000083100000, 0x0000000083200000, 0x0000000083200000|100%|HS|  |TAMS 0x0000000083200000, 0x0000000083100000| Complete 
|  50|0x0000000083200000, 0x0000000083300000, 0x0000000083300000|100%|HS|  |TAMS 0x0000000083300000, 0x0000000083200000| Complete 
|  51|0x0000000083300000, 0x0000000083400000, 0x0000000083400000|100%| O|  |TAMS 0x0000000083400000, 0x0000000083300000| Untracked 
|  52|0x0000000083400000, 0x0000000083500000, 0x0000000083500000|100%| O|  |TAMS 0x0000000083500000, 0x0000000083400000| Untracked 
|  53|0x0000000083500000, 0x0000000083600000, 0x0000000083600000|100%| O|  |TAMS 0x0000000083600000, 0x0000000083500000| Untracked 
|  54|0x0000000083600000, 0x0000000083700000, 0x0000000083700000|100%| O|  |TAMS 0x0000000083700000, 0x0000000083600000| Untracked 
|  55|0x0000000083700000, 0x0000000083800000, 0x0000000083800000|100%| O|  |TAMS 0x0000000083800000, 0x0000000083700000| Untracked 
|  56|0x0000000083800000, 0x0000000083900000, 0x0000000083900000|100%| O|  |TAMS 0x0000000083800000, 0x0000000083800000| Untracked 
|  57|0x0000000083900000, 0x0000000083900000, 0x0000000083a00000|  0%| F|  |TAMS 0x0000000083900000, 0x0000000083900000| Untracked 
|  58|0x0000000083a00000, 0x0000000083b00000, 0x0000000083b00000|100%| O|  |TAMS 0x0000000083b00000, 0x0000000083a00000| Untracked 
|  59|0x0000000083b00000, 0x0000000083c00000, 0x0000000083c00000|100%| O|  |TAMS 0x0000000083c00000, 0x0000000083b00000| Untracked 
|  60|0x0000000083c00000, 0x0000000083d00000, 0x0000000083d00000|100%| O|  |TAMS 0x0000000083d00000, 0x0000000083c00000| Untracked 
|  61|0x0000000083d00000, 0x0000000083d00000, 0x0000000083e00000|  0%| F|  |TAMS 0x0000000083d00000, 0x0000000083d00000| Untracked 
|  62|0x0000000083e00000, 0x0000000083f00000, 0x0000000083f00000|100%| O|  |TAMS 0x0000000083f00000, 0x0000000083e00000| Untracked 
|  63|0x0000000083f00000, 0x0000000084000000, 0x0000000084000000|100%| O|  |TAMS 0x0000000084000000, 0x0000000083f00000| Untracked 
|  64|0x0000000084000000, 0x0000000084100000, 0x0000000084100000|100%| O|  |TAMS 0x0000000084100000, 0x0000000084000000| Untracked 
|  65|0x0000000084100000, 0x0000000084200000, 0x0000000084200000|100%| O|  |TAMS 0x0000000084200000, 0x0000000084100000| Untracked 
|  66|0x0000000084200000, 0x0000000084200000, 0x0000000084300000|  0%| F|  |TAMS 0x0000000084200000, 0x0000000084200000| Untracked 
|  67|0x0000000084300000, 0x0000000084400000, 0x0000000084400000|100%| O|  |TAMS 0x0000000084400000, 0x0000000084300000| Untracked 
|  68|0x0000000084400000, 0x0000000084500000, 0x0000000084500000|100%| O|  |TAMS 0x0000000084500000, 0x0000000084400000| Untracked 
|  69|0x0000000084500000, 0x0000000084600000, 0x0000000084600000|100%| O|  |TAMS 0x0000000084600000, 0x0000000084500000| Untracked 
|  70|0x0000000084600000, 0x0000000084700000, 0x0000000084700000|100%| O|  |TAMS 0x0000000084700000, 0x0000000084600000| Untracked 
|  71|0x0000000084700000, 0x0000000084800000, 0x0000000084800000|100%| O|  |TAMS 0x0000000084800000, 0x0000000084700000| Untracked 
|  72|0x0000000084800000, 0x0000000084900000, 0x0000000084900000|100%| O|  |TAMS 0x0000000084900000, 0x0000000084800000| Untracked 
|  73|0x0000000084900000, 0x0000000084a00000, 0x0000000084a00000|100%| O|  |TAMS 0x0000000084a00000, 0x0000000084900000| Untracked 
|  74|0x0000000084a00000, 0x0000000084b00000, 0x0000000084b00000|100%| O|  |TAMS 0x0000000084a00000, 0x0000000084a00000| Untracked 
|  75|0x0000000084b00000, 0x0000000084c00000, 0x0000000084c00000|100%| O|  |TAMS 0x0000000084b00000, 0x0000000084b00000| Untracked 
|  76|0x0000000084c00000, 0x0000000084d00000, 0x0000000084d00000|100%| O|  |TAMS 0x0000000084d00000, 0x0000000084c00000| Untracked 
|  77|0x0000000084d00000, 0x0000000084e00000, 0x0000000084e00000|100%|HS|  |TAMS 0x0000000084e00000, 0x0000000084d00000| Complete 
|  78|0x0000000084e00000, 0x0000000084f00000, 0x0000000084f00000|100%|HS|  |TAMS 0x0000000084f00000, 0x0000000084e00000| Complete 
|  79|0x0000000084f00000, 0x0000000085000000, 0x0000000085000000|100%|HS|  |TAMS 0x0000000085000000, 0x0000000084f00000| Complete 
|  80|0x0000000085000000, 0x0000000085100000, 0x0000000085100000|100%|HS|  |TAMS 0x0000000085100000, 0x0000000085000000| Complete 
|  81|0x0000000085100000, 0x0000000085200000, 0x0000000085200000|100%|HS|  |TAMS 0x0000000085200000, 0x0000000085100000| Complete 
|  82|0x0000000085200000, 0x0000000085300000, 0x0000000085300000|100%| O|  |TAMS 0x0000000085300000, 0x0000000085200000| Untracked 
|  83|0x0000000085300000, 0x0000000085400000, 0x0000000085400000|100%| O|  |TAMS 0x0000000085400000, 0x0000000085300000| Untracked 
|  84|0x0000000085400000, 0x0000000085500000, 0x0000000085500000|100%| O|  |TAMS 0x0000000085500000, 0x0000000085400000| Untracked 
|  85|0x0000000085500000, 0x0000000085600000, 0x0000000085600000|100%| O|  |TAMS 0x0000000085600000, 0x0000000085500000| Untracked 
|  86|0x0000000085600000, 0x0000000085700000, 0x0000000085700000|100%| O|  |TAMS 0x0000000085700000, 0x0000000085600000| Untracked 
|  87|0x0000000085700000, 0x0000000085800000, 0x0000000085800000|100%| O|  |TAMS 0x0000000085800000, 0x0000000085700000| Untracked 
|  88|0x0000000085800000, 0x0000000085900000, 0x0000000085900000|100%| O|  |TAMS 0x0000000085900000, 0x0000000085800000| Untracked 
|  89|0x0000000085900000, 0x0000000085a00000, 0x0000000085a00000|100%| O|  |TAMS 0x0000000085a00000, 0x0000000085900000| Untracked 
|  90|0x0000000085a00000, 0x0000000085b00000, 0x0000000085b00000|100%| O|  |TAMS 0x0000000085b00000, 0x0000000085a00000| Untracked 
|  91|0x0000000085b00000, 0x0000000085c00000, 0x0000000085c00000|100%| O|  |TAMS 0x0000000085c00000, 0x0000000085b00000| Untracked 
|  92|0x0000000085c00000, 0x0000000085d00000, 0x0000000085d00000|100%| O|  |TAMS 0x0000000085d00000, 0x0000000085c00000| Untracked 
|  93|0x0000000085d00000, 0x0000000085e00000, 0x0000000085e00000|100%| O|  |TAMS 0x0000000085e00000, 0x0000000085d00000| Untracked 
|  94|0x0000000085e00000, 0x0000000085f00000, 0x0000000085f00000|100%| O|  |TAMS 0x0000000085f00000, 0x0000000085e00000| Untracked 
|  95|0x0000000085f00000, 0x0000000086000000, 0x0000000086000000|100%| O|  |TAMS 0x0000000086000000, 0x0000000085f00000| Untracked 
|  96|0x0000000086000000, 0x0000000086100000, 0x0000000086100000|100%| O|  |TAMS 0x0000000086100000, 0x0000000086000000| Untracked 
|  97|0x0000000086100000, 0x0000000086200000, 0x0000000086200000|100%| O|  |TAMS 0x0000000086200000, 0x0000000086100000| Untracked 
|  98|0x0000000086200000, 0x0000000086300000, 0x0000000086300000|100%|HS|  |TAMS 0x0000000086300000, 0x0000000086200000| Complete 
|  99|0x0000000086300000, 0x0000000086400000, 0x0000000086400000|100%|HC|  |TAMS 0x0000000086400000, 0x0000000086300000| Complete 
| 100|0x0000000086400000, 0x0000000086500000, 0x0000000086500000|100%|HC|  |TAMS 0x0000000086500000, 0x0000000086400000| Complete 
| 101|0x0000000086500000, 0x0000000086600000, 0x0000000086600000|100%| O|  |TAMS 0x0000000086600000, 0x0000000086500000| Untracked 
| 102|0x0000000086600000, 0x0000000086700000, 0x0000000086700000|100%| O|  |TAMS 0x0000000086700000, 0x0000000086600000| Untracked 
| 103|0x0000000086700000, 0x0000000086800000, 0x0000000086800000|100%| O|  |TAMS 0x000000008678ca00, 0x0000000086700000| Untracked 
| 104|0x0000000086800000, 0x0000000086900000, 0x0000000086900000|100%| O|  |TAMS 0x0000000086800000, 0x0000000086800000| Untracked 
| 105|0x0000000086900000, 0x0000000086a00000, 0x0000000086a00000|100%| O|  |TAMS 0x0000000086900000, 0x0000000086900000| Untracked 
| 106|0x0000000086a00000, 0x0000000086b00000, 0x0000000086b00000|100%| O|  |TAMS 0x0000000086a00000, 0x0000000086a00000| Untracked 
| 107|0x0000000086b00000, 0x0000000086c00000, 0x0000000086c00000|100%| O|  |TAMS 0x0000000086b00000, 0x0000000086b00000| Untracked 
| 108|0x0000000086c00000, 0x0000000086c54600, 0x0000000086d00000| 32%| O|  |TAMS 0x0000000086c00000, 0x0000000086c00000| Untracked 
| 109|0x0000000086d00000, 0x0000000086d00000, 0x0000000086e00000|  0%| F|  |TAMS 0x0000000086d00000, 0x0000000086d00000| Untracked 
| 110|0x0000000086e00000, 0x0000000086e00000, 0x0000000086f00000|  0%| F|  |TAMS 0x0000000086e00000, 0x0000000086e00000| Untracked 
| 111|0x0000000086f00000, 0x0000000086f00000, 0x0000000087000000|  0%| F|  |TAMS 0x0000000086f00000, 0x0000000086f00000| Untracked 
| 112|0x0000000087000000, 0x0000000087000000, 0x0000000087100000|  0%| F|  |TAMS 0x0000000087000000, 0x0000000087000000| Untracked 
| 113|0x0000000087100000, 0x0000000087100000, 0x0000000087200000|  0%| F|  |TAMS 0x0000000087100000, 0x0000000087100000| Untracked 
| 114|0x0000000087200000, 0x0000000087200000, 0x0000000087300000|  0%| F|  |TAMS 0x0000000087200000, 0x0000000087200000| Untracked 
| 115|0x0000000087300000, 0x0000000087300000, 0x0000000087400000|  0%| F|  |TAMS 0x0000000087300000, 0x0000000087300000| Untracked 
| 116|0x0000000087400000, 0x0000000087400000, 0x0000000087500000|  0%| F|  |TAMS 0x0000000087400000, 0x0000000087400000| Untracked 
| 117|0x0000000087500000, 0x0000000087500000, 0x0000000087600000|  0%| F|  |TAMS 0x0000000087500000, 0x0000000087500000| Untracked 
| 118|0x0000000087600000, 0x0000000087600000, 0x0000000087700000|  0%| F|  |TAMS 0x0000000087600000, 0x0000000087600000| Untracked 
| 119|0x0000000087700000, 0x0000000087700000, 0x0000000087800000|  0%| F|  |TAMS 0x0000000087700000, 0x0000000087700000| Untracked 
| 120|0x0000000087800000, 0x0000000087800000, 0x0000000087900000|  0%| F|  |TAMS 0x0000000087800000, 0x0000000087800000| Untracked 
| 121|0x0000000087900000, 0x0000000087900000, 0x0000000087a00000|  0%| F|  |TAMS 0x0000000087900000, 0x0000000087900000| Untracked 
| 122|0x0000000087a00000, 0x0000000087a00000, 0x0000000087b00000|  0%| F|  |TAMS 0x0000000087a00000, 0x0000000087a00000| Untracked 
| 123|0x0000000087b00000, 0x0000000087b00000, 0x0000000087c00000|  0%| F|  |TAMS 0x0000000087b00000, 0x0000000087b00000| Untracked 
| 124|0x0000000087c00000, 0x0000000087c00000, 0x0000000087d00000|  0%| F|  |TAMS 0x0000000087c00000, 0x0000000087c00000| Untracked 
| 125|0x0000000087d00000, 0x0000000087d00000, 0x0000000087e00000|  0%| F|  |TAMS 0x0000000087d00000, 0x0000000087d00000| Untracked 
| 126|0x0000000087e00000, 0x0000000087e00000, 0x0000000087f00000|  0%| F|  |TAMS 0x0000000087e00000, 0x0000000087e00000| Untracked 
| 127|0x0000000087f00000, 0x0000000087f00000, 0x0000000088000000|  0%| F|  |TAMS 0x0000000087f00000, 0x0000000087f00000| Untracked 
| 128|0x0000000088000000, 0x0000000088000000, 0x0000000088100000|  0%| F|  |TAMS 0x0000000088000000, 0x0000000088000000| Untracked 
| 129|0x0000000088100000, 0x0000000088100000, 0x0000000088200000|  0%| F|  |TAMS 0x0000000088100000, 0x0000000088100000| Untracked 
| 130|0x0000000088200000, 0x0000000088200000, 0x0000000088300000|  0%| F|  |TAMS 0x0000000088200000, 0x0000000088200000| Untracked 
| 131|0x0000000088300000, 0x0000000088300000, 0x0000000088400000|  0%| F|  |TAMS 0x0000000088300000, 0x0000000088300000| Untracked 
| 132|0x0000000088400000, 0x0000000088400000, 0x0000000088500000|  0%| F|  |TAMS 0x0000000088400000, 0x0000000088400000| Untracked 
| 133|0x0000000088500000, 0x0000000088500000, 0x0000000088600000|  0%| F|  |TAMS 0x0000000088500000, 0x0000000088500000| Untracked 
| 134|0x0000000088600000, 0x0000000088600000, 0x0000000088700000|  0%| F|  |TAMS 0x0000000088600000, 0x0000000088600000| Untracked 
| 135|0x0000000088700000, 0x0000000088700000, 0x0000000088800000|  0%| F|  |TAMS 0x0000000088700000, 0x0000000088700000| Untracked 
| 136|0x0000000088800000, 0x0000000088800000, 0x0000000088900000|  0%| F|  |TAMS 0x0000000088800000, 0x0000000088800000| Untracked 
| 137|0x0000000088900000, 0x0000000088900000, 0x0000000088a00000|  0%| F|  |TAMS 0x0000000088900000, 0x0000000088900000| Untracked 
| 138|0x0000000088a00000, 0x0000000088a00000, 0x0000000088b00000|  0%| F|  |TAMS 0x0000000088a00000, 0x0000000088a00000| Untracked 
| 139|0x0000000088b00000, 0x0000000088b00000, 0x0000000088c00000|  0%| F|  |TAMS 0x0000000088b00000, 0x0000000088b00000| Untracked 
| 140|0x0000000088c00000, 0x0000000088c00000, 0x0000000088d00000|  0%| F|  |TAMS 0x0000000088c00000, 0x0000000088c00000| Untracked 
| 141|0x0000000088d00000, 0x0000000088d00000, 0x0000000088e00000|  0%| F|  |TAMS 0x0000000088d00000, 0x0000000088d00000| Untracked 
| 142|0x0000000088e00000, 0x0000000088e00000, 0x0000000088f00000|  0%| F|  |TAMS 0x0000000088e00000, 0x0000000088e00000| Untracked 
| 143|0x0000000088f00000, 0x0000000088f00000, 0x0000000089000000|  0%| F|  |TAMS 0x0000000088f00000, 0x0000000088f00000| Untracked 
| 144|0x0000000089000000, 0x0000000089000000, 0x0000000089100000|  0%| F|  |TAMS 0x0000000089000000, 0x0000000089000000| Untracked 
| 145|0x0000000089100000, 0x0000000089100000, 0x0000000089200000|  0%| F|  |TAMS 0x0000000089100000, 0x0000000089100000| Untracked 
| 146|0x0000000089200000, 0x0000000089200000, 0x0000000089300000|  0%| F|  |TAMS 0x0000000089200000, 0x0000000089200000| Untracked 
| 147|0x0000000089300000, 0x0000000089300000, 0x0000000089400000|  0%| F|  |TAMS 0x0000000089300000, 0x0000000089300000| Untracked 
| 148|0x0000000089400000, 0x0000000089400000, 0x0000000089500000|  0%| F|  |TAMS 0x0000000089400000, 0x0000000089400000| Untracked 
| 149|0x0000000089500000, 0x0000000089500000, 0x0000000089600000|  0%| F|  |TAMS 0x0000000089500000, 0x0000000089500000| Untracked 
| 150|0x0000000089600000, 0x0000000089600000, 0x0000000089700000|  0%| F|  |TAMS 0x0000000089600000, 0x0000000089600000| Untracked 
| 151|0x0000000089700000, 0x0000000089700000, 0x0000000089800000|  0%| F|  |TAMS 0x0000000089700000, 0x0000000089700000| Untracked 
| 152|0x0000000089800000, 0x0000000089800000, 0x0000000089900000|  0%| F|  |TAMS 0x0000000089800000, 0x0000000089800000| Untracked 
| 153|0x0000000089900000, 0x0000000089900000, 0x0000000089a00000|  0%| F|  |TAMS 0x0000000089900000, 0x0000000089900000| Untracked 
| 154|0x0000000089a00000, 0x0000000089a00000, 0x0000000089b00000|  0%| F|  |TAMS 0x0000000089a00000, 0x0000000089a00000| Untracked 
| 155|0x0000000089b00000, 0x0000000089b00000, 0x0000000089c00000|  0%| F|  |TAMS 0x0000000089b00000, 0x0000000089b00000| Untracked 
| 156|0x0000000089c00000, 0x0000000089c00000, 0x0000000089d00000|  0%| F|  |TAMS 0x0000000089c00000, 0x0000000089c00000| Untracked 
| 157|0x0000000089d00000, 0x0000000089d00000, 0x0000000089e00000|  0%| F|  |TAMS 0x0000000089d00000, 0x0000000089d00000| Untracked 
| 158|0x0000000089e00000, 0x0000000089e00000, 0x0000000089f00000|  0%| F|  |TAMS 0x0000000089e00000, 0x0000000089e00000| Untracked 
| 159|0x0000000089f00000, 0x0000000089f00000, 0x000000008a000000|  0%| F|  |TAMS 0x0000000089f00000, 0x0000000089f00000| Untracked 
| 160|0x000000008a000000, 0x000000008a000000, 0x000000008a100000|  0%| F|  |TAMS 0x000000008a000000, 0x000000008a000000| Untracked 
| 161|0x000000008a100000, 0x000000008a100000, 0x000000008a200000|  0%| F|  |TAMS 0x000000008a100000, 0x000000008a100000| Untracked 
| 162|0x000000008a200000, 0x000000008a200000, 0x000000008a300000|  0%| F|  |TAMS 0x000000008a200000, 0x000000008a200000| Untracked 
| 163|0x000000008a300000, 0x000000008a300000, 0x000000008a400000|  0%| F|  |TAMS 0x000000008a300000, 0x000000008a300000| Untracked 
| 164|0x000000008a400000, 0x000000008a400000, 0x000000008a500000|  0%| F|  |TAMS 0x000000008a400000, 0x000000008a400000| Untracked 
| 165|0x000000008a500000, 0x000000008a500000, 0x000000008a600000|  0%| F|  |TAMS 0x000000008a500000, 0x000000008a500000| Untracked 
| 166|0x000000008a600000, 0x000000008a600000, 0x000000008a700000|  0%| F|  |TAMS 0x000000008a600000, 0x000000008a600000| Untracked 
| 167|0x000000008a700000, 0x000000008a700000, 0x000000008a800000|  0%| F|  |TAMS 0x000000008a700000, 0x000000008a700000| Untracked 
| 168|0x000000008a800000, 0x000000008a800000, 0x000000008a900000|  0%| F|  |TAMS 0x000000008a800000, 0x000000008a800000| Untracked 
| 169|0x000000008a900000, 0x000000008a900000, 0x000000008aa00000|  0%| F|  |TAMS 0x000000008a900000, 0x000000008a900000| Untracked 
| 170|0x000000008aa00000, 0x000000008aa00000, 0x000000008ab00000|  0%| F|  |TAMS 0x000000008aa00000, 0x000000008aa00000| Untracked 
| 171|0x000000008ab00000, 0x000000008ab00000, 0x000000008ac00000|  0%| F|  |TAMS 0x000000008ab00000, 0x000000008ab00000| Untracked 
| 172|0x000000008ac00000, 0x000000008ac00000, 0x000000008ad00000|  0%| F|  |TAMS 0x000000008ac00000, 0x000000008ac00000| Untracked 
| 173|0x000000008ad00000, 0x000000008ad00000, 0x000000008ae00000|  0%| F|  |TAMS 0x000000008ad00000, 0x000000008ad00000| Untracked 
| 174|0x000000008ae00000, 0x000000008ae00000, 0x000000008af00000|  0%| F|  |TAMS 0x000000008ae00000, 0x000000008ae00000| Untracked 
| 175|0x000000008af00000, 0x000000008af00000, 0x000000008b000000|  0%| F|  |TAMS 0x000000008af00000, 0x000000008af00000| Untracked 
| 176|0x000000008b000000, 0x000000008b000000, 0x000000008b100000|  0%| F|  |TAMS 0x000000008b000000, 0x000000008b000000| Untracked 
| 177|0x000000008b100000, 0x000000008b100000, 0x000000008b200000|  0%| F|  |TAMS 0x000000008b100000, 0x000000008b100000| Untracked 
| 178|0x000000008b200000, 0x000000008b200000, 0x000000008b300000|  0%| F|  |TAMS 0x000000008b200000, 0x000000008b200000| Untracked 
| 179|0x000000008b300000, 0x000000008b300000, 0x000000008b400000|  0%| F|  |TAMS 0x000000008b300000, 0x000000008b300000| Untracked 
| 180|0x000000008b400000, 0x000000008b400000, 0x000000008b500000|  0%| F|  |TAMS 0x000000008b400000, 0x000000008b400000| Untracked 
| 181|0x000000008b500000, 0x000000008b500000, 0x000000008b600000|  0%| F|  |TAMS 0x000000008b500000, 0x000000008b500000| Untracked 
| 182|0x000000008b600000, 0x000000008b600000, 0x000000008b700000|  0%| F|  |TAMS 0x000000008b600000, 0x000000008b600000| Untracked 
| 183|0x000000008b700000, 0x000000008b700000, 0x000000008b800000|  0%| F|  |TAMS 0x000000008b700000, 0x000000008b700000| Untracked 
| 184|0x000000008b800000, 0x000000008b800000, 0x000000008b900000|  0%| F|  |TAMS 0x000000008b800000, 0x000000008b800000| Untracked 
| 185|0x000000008b900000, 0x000000008b900000, 0x000000008ba00000|  0%| F|  |TAMS 0x000000008b900000, 0x000000008b900000| Untracked 
| 186|0x000000008ba00000, 0x000000008ba00000, 0x000000008bb00000|  0%| F|  |TAMS 0x000000008ba00000, 0x000000008ba00000| Untracked 
| 187|0x000000008bb00000, 0x000000008bb00000, 0x000000008bc00000|  0%| F|  |TAMS 0x000000008bb00000, 0x000000008bb00000| Untracked 
| 188|0x000000008bc00000, 0x000000008bc00000, 0x000000008bd00000|  0%| F|  |TAMS 0x000000008bc00000, 0x000000008bc00000| Untracked 
| 189|0x000000008bd00000, 0x000000008bd00000, 0x000000008be00000|  0%| F|  |TAMS 0x000000008bd00000, 0x000000008bd00000| Untracked 
| 190|0x000000008be00000, 0x000000008be00000, 0x000000008bf00000|  0%| F|  |TAMS 0x000000008be00000, 0x000000008be00000| Untracked 
| 191|0x000000008bf00000, 0x000000008bf00000, 0x000000008c000000|  0%| F|  |TAMS 0x000000008bf00000, 0x000000008bf00000| Untracked 
| 192|0x000000008c000000, 0x000000008c0ce1f0, 0x000000008c100000| 80%| S|CS|TAMS 0x000000008c000000, 0x000000008c000000| Complete 
| 193|0x000000008c100000, 0x000000008c100000, 0x000000008c200000|  0%| F|  |TAMS 0x000000008c100000, 0x000000008c100000| Untracked 
| 194|0x000000008c200000, 0x000000008c200000, 0x000000008c300000|  0%| F|  |TAMS 0x000000008c200000, 0x000000008c200000| Untracked 

Card table byte_map: [0x00000203fb3e0000,0x00000203fb7e0000] _byte_map_base: 0x00000203fafe0000

Marking Bits (Prev, Next): (CMBitMap*) 0x00000203f2cd1900, (CMBitMap*) 0x00000203f2cd18c0
 Prev Bits: [0x00000203fdbe0000, 0x00000203ffbe0000)
 Next Bits: [0x00000203fbbe0000, 0x00000203fdbe0000)

Polling page: 0x00000203f0b40000

Metaspace:

Usage:
  Non-class:     77.02 MB used.
      Class:     12.34 MB used.
       Both:     89.37 MB used.

Virtual space:
  Non-class space:      128.00 MB reserved,      77.56 MB ( 61%) committed,  2 nodes.
      Class space:      416.00 MB reserved,      12.81 MB (  3%) committed,  1 nodes.
             Both:      544.00 MB reserved,      90.38 MB ( 17%) committed. 

Chunk freelists:
   Non-Class:  1.92 MB
       Class:  3.17 MB
        Both:  5.09 MB

MaxMetaspaceSize: 512.00 MB
CompressedClassSpaceSize: 416.00 MB
Initial GC threshold: 21.00 MB
Current GC threshold: 147.12 MB
CDS: on
MetaspaceReclaimPolicy: balanced
 - commit_granule_bytes: 65536.
 - commit_granule_words: 8192.
 - virtual_space_node_default_size: 8388608.
 - enlarge_chunks_in_place: 1.
 - new_chunks_are_fully_committed: 0.
 - uncommit_free_chunks: 1.
 - use_allocation_guard: 0.
 - handle_deallocations: 1.


Internal statistics:

num_allocs_failed_limit: 9.
num_arena_births: 1276.
num_arena_deaths: 0.
num_vsnodes_births: 3.
num_vsnodes_deaths: 0.
num_space_committed: 1446.
num_space_uncommitted: 0.
num_chunks_returned_to_freelist: 9.
num_chunks_taken_from_freelist: 5362.
num_chunk_merges: 9.
num_chunk_splits: 3444.
num_chunks_enlarged: 2180.
num_inconsistent_stats: 0.

CodeHeap 'non-profiled nmethods': size=119168Kb used=6792Kb max_used=6792Kb free=112375Kb
 bounds [0x0000020387ba0000, 0x0000020388250000, 0x000002038f000000]
CodeHeap 'profiled nmethods': size=119104Kb used=22464Kb max_used=22464Kb free=96639Kb
 bounds [0x0000020380000000, 0x0000020381600000, 0x0000020387450000]
CodeHeap 'non-nmethods': size=7488Kb used=4093Kb max_used=4142Kb free=3394Kb
 bounds [0x0000020387450000, 0x0000020387880000, 0x0000020387ba0000]
 total_blobs=12350 nmethods=11408 adapters=851
 compilation: enabled
              stopped_count=0, restarted_count=0
 full_count=0

Compilation events (20 events):
Event: 15.466 Thread 0x00000203b10166d0 12998       3       org.gradle.api.internal.file.collections.DefaultConfigurableFileCollection$Configurer::<init> (6 bytes)
Event: 15.466 Thread 0x00000203b10e6c40 12999       3       org.gradle.api.internal.file.collections.DefaultConfigurableFileCollection$Configurer::<init> (10 bytes)
Event: 15.466 Thread 0x00000203b115c590 nmethod 12997 0x00000203815e9810 code [0x00000203815e99c0, 0x00000203815e9c98]
Event: 15.466 Thread 0x00000203b10e6c40 nmethod 12999 0x00000203815e9e10 code [0x00000203815e9fa0, 0x00000203815ea178]
Event: 15.466 Thread 0x00000203b115c590 13000       3       org.gradle.api.internal.file.collections.DefaultConfigurableFileCollection$$Lambda$970/0x0000020393665fa0::execute (12 bytes)
Event: 15.466 Thread 0x00000203b10e6c40 13001       1       com.android.build.gradle.internal.api.DefaultAndroidSourceDirectorySet::getFilter (5 bytes)
Event: 15.466 Thread 0x00000203b10166d0 nmethod 12998 0x00000203815ea290 code [0x00000203815ea440, 0x00000203815ea658]
Event: 15.466 Thread 0x00000203b1160b70 nmethod 12992 0x00000203815ea790 code [0x00000203815eaa60, 0x00000203815ebc88]
Event: 15.466 Thread 0x00000203b10e6c40 nmethod 13001 0x0000020388237a90 code [0x0000020388237c20, 0x0000020388237cf8]
Event: 15.466 Thread 0x00000203b115c590 nmethod 13000 0x00000203815ec290 code [0x00000203815ec440, 0x00000203815ec6e8]
Event: 15.472 Thread 0x00000203b115c590 13002       3       org.gradle.api.internal.plugins.DefaultPluginRegistry$1::load (9 bytes)
Event: 15.472 Thread 0x00000203b10166d0 13003   !   3       org.gradle.api.internal.plugins.DefaultPluginRegistry$1::load (163 bytes)
Event: 15.472 Thread 0x00000203b115c590 nmethod 13002 0x00000203815ec810 code [0x00000203815ec9c0, 0x00000203815ecc08]
Event: 15.473 Thread 0x00000203b10166d0 nmethod 13003 0x00000203815ecd10 code [0x00000203815ed200, 0x00000203815efd28]
Event: 15.510 Thread 0x00000203b1013610 nmethod 12882 0x0000020388237d90 code [0x0000020388238480, 0x000002038823f018]
Event: 15.510 Thread 0x00000203b1013610 12891       4       groovy.lang.MetaClassImpl::filterPropertyMethod (305 bytes)
Event: 15.528 Thread 0x00000203b115c590 13006       3       java.util.IdentityHashMap::<init> (44 bytes)
Event: 15.528 Thread 0x00000203b10e6c40 13007       3       java.util.IdentityHashMap::capacity (29 bytes)
Event: 15.528 Thread 0x00000203b10e6c40 nmethod 13007 0x00000203815f0c10 code [0x00000203815f0dc0, 0x00000203815f1008]
Event: 15.529 Thread 0x00000203b115c590 nmethod 13006 0x00000203815f1110 code [0x00000203815f1380, 0x00000203815f1de8]

GC Heap History (20 events):
Event: 12.464 GC heap after
{Heap after GC invocations=27 (full 0):
 garbage-first heap   total 129024K, used 75888K [0x0000000080000000, 0x0000000100000000)
  region size 1024K, 3 young (3072K), 3 survivors (3072K)
 Metaspace       used 74430K, committed 75328K, reserved 491520K
  class space    used 10458K, committed 10880K, reserved 425984K
}
Event: 12.572 GC heap before
{Heap before GC invocations=28 (full 0):
 garbage-first heap   total 138240K, used 104560K [0x0000000080000000, 0x0000000100000000)
  region size 1024K, 32 young (32768K), 3 survivors (3072K)
 Metaspace       used 74463K, committed 75392K, reserved 491520K
  class space    used 10458K, committed 10880K, reserved 425984K
}
Event: 12.577 GC heap after
{Heap after GC invocations=29 (full 0):
 garbage-first heap   total 199680K, used 77493K [0x0000000080000000, 0x0000000100000000)
  region size 1024K, 3 young (3072K), 3 survivors (3072K)
 Metaspace       used 74463K, committed 75392K, reserved 491520K
  class space    used 10458K, committed 10880K, reserved 425984K
}
Event: 12.586 GC heap before
{Heap before GC invocations=29 (full 0):
 garbage-first heap   total 199680K, used 82613K [0x0000000080000000, 0x0000000100000000)
  region size 1024K, 9 young (9216K), 3 survivors (3072K)
 Metaspace       used 74466K, committed 75392K, reserved 491520K
  class space    used 10458K, committed 10880K, reserved 425984K
}
Event: 12.588 GC heap after
{Heap after GC invocations=30 (full 0):
 garbage-first heap   total 199680K, used 77042K [0x0000000080000000, 0x0000000100000000)
  region size 1024K, 1 young (1024K), 1 survivors (1024K)
 Metaspace       used 74466K, committed 75392K, reserved 491520K
  class space    used 10458K, committed 10880K, reserved 425984K
}
Event: 13.052 GC heap before
{Heap before GC invocations=30 (full 0):
 garbage-first heap   total 199680K, used 164082K [0x0000000080000000, 0x0000000100000000)
  region size 1024K, 80 young (81920K), 1 survivors (1024K)
 Metaspace       used 75301K, committed 76288K, reserved 491520K
  class space    used 10547K, committed 11008K, reserved 425984K
}
Event: 13.056 GC heap after
{Heap after GC invocations=31 (full 0):
 garbage-first heap   total 199680K, used 91665K [0x0000000080000000, 0x0000000100000000)
  region size 1024K, 10 young (10240K), 10 survivors (10240K)
 Metaspace       used 75301K, committed 76288K, reserved 491520K
  class space    used 10547K, committed 11008K, reserved 425984K
}
Event: 13.724 GC heap before
{Heap before GC invocations=31 (full 0):
 garbage-first heap   total 199680K, used 160273K [0x0000000080000000, 0x0000000100000000)
  region size 1024K, 74 young (75776K), 10 survivors (10240K)
 Metaspace       used 80699K, committed 81664K, reserved 557056K
  class space    used 11178K, committed 11648K, reserved 425984K
}
Event: 13.729 GC heap after
{Heap after GC invocations=32 (full 0):
 garbage-first heap   total 199680K, used 100306K [0x0000000080000000, 0x0000000100000000)
  region size 1024K, 6 young (6144K), 6 survivors (6144K)
 Metaspace       used 80699K, committed 81664K, reserved 557056K
  class space    used 11178K, committed 11648K, reserved 425984K
}
Event: 13.747 GC heap before
{Heap before GC invocations=32 (full 0):
 garbage-first heap   total 199680K, used 105426K [0x0000000080000000, 0x0000000100000000)
  region size 1024K, 12 young (12288K), 6 survivors (6144K)
 Metaspace       used 80707K, committed 81664K, reserved 557056K
  class space    used 11178K, committed 11648K, reserved 425984K
}
Event: 13.749 GC heap after
{Heap after GC invocations=33 (full 0):
 garbage-first heap   total 199680K, used 97850K [0x0000000080000000, 0x0000000100000000)
  region size 1024K, 2 young (2048K), 2 survivors (2048K)
 Metaspace       used 80707K, committed 81664K, reserved 557056K
  class space    used 11178K, committed 11648K, reserved 425984K
}
Event: 14.407 GC heap before
{Heap before GC invocations=34 (full 0):
 garbage-first heap   total 199680K, used 165434K [0x0000000080000000, 0x0000000100000000)
  region size 1024K, 64 young (65536K), 2 survivors (2048K)
 Metaspace       used 84802K, committed 85824K, reserved 557056K
  class space    used 11726K, committed 12224K, reserved 425984K
}
Event: 14.409 GC heap after
{Heap after GC invocations=35 (full 0):
 garbage-first heap   total 199680K, used 104534K [0x0000000080000000, 0x0000000100000000)
  region size 1024K, 4 young (4096K), 4 survivors (4096K)
 Metaspace       used 84802K, committed 85824K, reserved 557056K
  class space    used 11726K, committed 12224K, reserved 425984K
}
Event: 14.468 GC heap before
{Heap before GC invocations=35 (full 0):
 garbage-first heap   total 199680K, used 108630K [0x0000000080000000, 0x0000000100000000)
  region size 1024K, 9 young (9216K), 4 survivors (4096K)
 Metaspace       used 85172K, committed 86144K, reserved 557056K
  class space    used 11776K, committed 12224K, reserved 425984K
}
Event: 14.471 GC heap after
{Heap after GC invocations=36 (full 0):
 garbage-first heap   total 199680K, used 103438K [0x0000000080000000, 0x0000000100000000)
  region size 1024K, 1 young (1024K), 1 survivors (1024K)
 Metaspace       used 85172K, committed 86144K, reserved 557056K
  class space    used 11776K, committed 12224K, reserved 425984K
}
Event: 15.062 GC heap before
{Heap before GC invocations=36 (full 0):
 garbage-first heap   total 199680K, used 164878K [0x0000000080000000, 0x0000000100000000)
  region size 1024K, 61 young (62464K), 1 survivors (1024K)
 Metaspace       used 89383K, committed 90368K, reserved 557056K
  class space    used 12382K, committed 12864K, reserved 425984K
}
Event: 15.065 GC heap after
{Heap after GC invocations=37 (full 0):
 garbage-first heap   total 199680K, used 105090K [0x0000000080000000, 0x0000000100000000)
  region size 1024K, 3 young (3072K), 3 survivors (3072K)
 Metaspace       used 89383K, committed 90368K, reserved 557056K
  class space    used 12382K, committed 12864K, reserved 425984K
}
Event: 15.515 GC heap before
{Heap before GC invocations=38 (full 0):
 garbage-first heap   total 199680K, used 165506K [0x0000000080000000, 0x0000000100000000)
  region size 1024K, 63 young (64512K), 3 survivors (3072K)
 Metaspace       used 91379K, committed 92288K, reserved 557056K
  class space    used 12619K, committed 13056K, reserved 425984K
}
Event: 15.522 GC heap after
{Heap after GC invocations=39 (full 0):
 garbage-first heap   total 199680K, used 109222K [0x0000000080000000, 0x0000000100000000)
  region size 1024K, 7 young (7168K), 7 survivors (7168K)
 Metaspace       used 91379K, committed 92288K, reserved 557056K
  class space    used 12619K, committed 13056K, reserved 425984K
}
Event: 15.543 GC heap before
{Heap before GC invocations=39 (full 0):
 garbage-first heap   total 199680K, used 111270K [0x0000000080000000, 0x0000000100000000)
  region size 1024K, 9 young (9216K), 7 survivors (7168K)
 Metaspace       used 91510K, committed 92544K, reserved 557056K
  class space    used 12637K, committed 13120K, reserved 425984K
}

Deoptimization events (20 events):
Event: 15.164 Thread 0x00000203b33efee0 Uncommon trap: trap_request=0xffffff45 fr.pc=0x0000020387eb129c relative=0x000000000000029c
Event: 15.164 Thread 0x00000203b33efee0 Uncommon trap: reason=unstable_if action=reinterpret pc=0x0000020387eb129c method=java.lang.AbstractStringBuilder.appendChars([CII)V @ 43 c2
Event: 15.164 Thread 0x00000203b33efee0 DEOPT PACKING pc=0x0000020387eb129c sp=0x0000000f9f6f33a0
Event: 15.164 Thread 0x00000203b33efee0 DEOPT UNPACKING pc=0x00000203874a23a3 sp=0x0000000f9f6f3318 mode 2
Event: 15.166 Thread 0x00000203b33efee0 Uncommon trap: trap_request=0xffffff45 fr.pc=0x0000020387e82c98 relative=0x0000000000000278
Event: 15.166 Thread 0x00000203b33efee0 Uncommon trap: reason=unstable_if action=reinterpret pc=0x0000020387e82c98 method=java.lang.String.indexOf([BBILjava/lang/String;I)I @ 62 c2
Event: 15.166 Thread 0x00000203b33efee0 DEOPT PACKING pc=0x0000020387e82c98 sp=0x0000000f9f6f35a0
Event: 15.166 Thread 0x00000203b33efee0 DEOPT UNPACKING pc=0x00000203874a23a3 sp=0x0000000f9f6f3498 mode 2
Event: 15.199 Thread 0x00000203b33efee0 Uncommon trap: trap_request=0xffffff45 fr.pc=0x0000020387d22e10 relative=0x00000000000002b0
Event: 15.199 Thread 0x00000203b33efee0 Uncommon trap: reason=unstable_if action=reinterpret pc=0x0000020387d22e10 method=org.gradle.internal.operations.DefaultBuildOperationListenerManager$ProgressShieldingBuildOperationListener.progress(Lorg/gradle/internal/operations/OperationIdentifier;Lorg
Event: 15.199 Thread 0x00000203b33efee0 DEOPT PACKING pc=0x0000020387d22e10 sp=0x0000000f9f6f3890
Event: 15.199 Thread 0x00000203b33efee0 DEOPT UNPACKING pc=0x00000203874a23a3 sp=0x0000000f9f6f3848 mode 2
Event: 15.226 Thread 0x00000203b33efee0 Uncommon trap: trap_request=0xfffffff4 fr.pc=0x000002038822d43c relative=0x000000000000019c
Event: 15.226 Thread 0x00000203b33efee0 Uncommon trap: reason=null_check action=make_not_entrant pc=0x000002038822d43c method=java.lang.PublicMethods$MethodList.getMostSpecific()Ljava/lang/reflect/Method; @ 41 c2
Event: 15.226 Thread 0x00000203b33efee0 DEOPT PACKING pc=0x000002038822d43c sp=0x0000000f9f6f10a0
Event: 15.226 Thread 0x00000203b33efee0 DEOPT UNPACKING pc=0x00000203874a23a3 sp=0x0000000f9f6f0fa0 mode 2
Event: 15.311 Thread 0x00000203b33efee0 Uncommon trap: trap_request=0xffffff45 fr.pc=0x00000203880f87c0 relative=0x0000000000003a80
Event: 15.311 Thread 0x00000203b33efee0 Uncommon trap: reason=unstable_if action=reinterpret pc=0x00000203880f87c0 method=org.codehaus.groovy.runtime.metaclass.MetaMethodIndex.isOverridden(Lgroovy/lang/MetaMethod;Lgroovy/lang/MetaMethod;)Z @ 52 c2
Event: 15.311 Thread 0x00000203b33efee0 DEOPT PACKING pc=0x00000203880f87c0 sp=0x0000000f9f6f0d80
Event: 15.311 Thread 0x00000203b33efee0 DEOPT UNPACKING pc=0x00000203874a23a3 sp=0x0000000f9f6f0d28 mode 2

Classes unloaded (0 events):
No events

Classes redefined (0 events):
No events

Internal exceptions (20 events):
Event: 15.273 Thread 0x00000203b33efee0 Exception <a 'java/lang/ClassNotFoundException'{0x0000000089ec3620}: com/android/builder/signing/DefaultSigningConfigCustomizer> (0x0000000089ec3620) 
thrown [s\open\src\hotspot\share\classfile\systemDictionary.cpp, line 256]
Event: 15.274 Thread 0x00000203b33efee0 Exception <a 'java/lang/ClassNotFoundException'{0x0000000089ef1738}: com/android/build/gradle/internal/dsl/SigningConfigCustomizer> (0x0000000089ef1738) 
thrown [s\open\src\hotspot\share\classfile\systemDictionary.cpp, line 256]
Event: 15.274 Thread 0x00000203b33efee0 Exception <a 'java/lang/ClassNotFoundException'{0x0000000089d114d8}: com/android/build/gradle/internal/dsl/SigningConfig$AgpDecoratedCustomizer> (0x0000000089d114d8) 
thrown [s\open\src\hotspot\share\classfile\systemDictionary.cpp, line 256]
Event: 15.275 Thread 0x00000203b33efee0 Exception <a 'java/lang/ClassNotFoundException'{0x0000000089d4bb78}: com/android/build/gradle/internal/dsl/SigningConfig$AgpDecorated_DecoratedCustomizer> (0x0000000089d4bb78) 
thrown [s\open\src\hotspot\share\classfile\systemDictionary.cpp, line 256]
Event: 15.277 Thread 0x00000203b33efee0 Exception <a 'java/lang/ClassNotFoundException'{0x0000000089dbbc80}: build_bhww4u0cgu6hsli510ijsmw6l$_run_closure2$_closure5BeanInfo> (0x0000000089dbbc80) 
thrown [s\open\src\hotspot\share\classfile\systemDictionary.cpp, line 256]
Event: 15.277 Thread 0x00000203b33efee0 Exception <a 'java/lang/ClassNotFoundException'{0x0000000089dcc8a8}: build_bhww4u0cgu6hsli510ijsmw6l$_run_closure2$_closure5Customizer> (0x0000000089dcc8a8) 
thrown [s\open\src\hotspot\share\classfile\systemDictionary.cpp, line 256]
Event: 15.278 Thread 0x00000203b33efee0 Exception <a 'java/lang/ClassNotFoundException'{0x0000000089dfaf58}: build_bhww4u0cgu6hsli510ijsmw6l$_run_closure2BeanInfo> (0x0000000089dfaf58) 
thrown [s\open\src\hotspot\share\classfile\systemDictionary.cpp, line 256]
Event: 15.278 Thread 0x00000203b33efee0 Exception <a 'java/lang/ClassNotFoundException'{0x0000000089c0bfd0}: build_bhww4u0cgu6hsli510ijsmw6l$_run_closure2Customizer> (0x0000000089c0bfd0) 
thrown [s\open\src\hotspot\share\classfile\systemDictionary.cpp, line 256]
Event: 15.313 Thread 0x00000203b33efee0 Exception <a 'java/lang/ClassNotFoundException'{0x0000000089408ba8}: com/android/build/gradle/internal/dsl/BuildType$AgpDecorated_DecoratedBeanInfo> (0x0000000089408ba8) 
thrown [s\open\src\hotspot\share\classfile\systemDictionary.cpp, line 256]
Event: 15.313 Thread 0x00000203b33efee0 Exception <a 'java/lang/ClassNotFoundException'{0x000000008941edc0}: com/android/build/gradle/internal/dsl/BuildType$AgpDecoratedBeanInfo> (0x000000008941edc0) 
thrown [s\open\src\hotspot\share\classfile\systemDictionary.cpp, line 256]
Event: 15.314 Thread 0x00000203b33efee0 Exception <a 'java/lang/ClassNotFoundException'{0x0000000089434da0}: com/android/build/gradle/internal/dsl/BuildTypeBeanInfo> (0x0000000089434da0) 
thrown [s\open\src\hotspot\share\classfile\systemDictionary.cpp, line 256]
Event: 15.315 Thread 0x00000203b33efee0 Exception <a 'java/lang/ClassNotFoundException'{0x000000008944aac8}: com/android/builder/core/AbstractBuildTypeBeanInfo> (0x000000008944aac8) 
thrown [s\open\src\hotspot\share\classfile\systemDictionary.cpp, line 256]
Event: 15.316 Thread 0x00000203b33efee0 Exception <a 'java/lang/ClassNotFoundException'{0x00000000894607f0}: com/android/builder/core/AbstractBuildTypeCustomizer> (0x00000000894607f0) 
thrown [s\open\src\hotspot\share\classfile\systemDictionary.cpp, line 256]
Event: 15.318 Thread 0x00000203b33efee0 Exception <a 'java/lang/ClassNotFoundException'{0x0000000089494240}: com/android/build/gradle/internal/dsl/BuildTypeCustomizer> (0x0000000089494240) 
thrown [s\open\src\hotspot\share\classfile\systemDictionary.cpp, line 256]
Event: 15.320 Thread 0x00000203b33efee0 Exception <a 'java/lang/ClassNotFoundException'{0x0000000089333d58}: com/android/build/gradle/internal/dsl/BuildType$AgpDecoratedCustomizer> (0x0000000089333d58) 
thrown [s\open\src\hotspot\share\classfile\systemDictionary.cpp, line 256]
Event: 15.322 Thread 0x00000203b33efee0 Exception <a 'java/lang/ClassNotFoundException'{0x0000000089391720}: com/android/build/gradle/internal/dsl/BuildType$AgpDecorated_DecoratedCustomizer> (0x0000000089391720) 
thrown [s\open\src\hotspot\share\classfile\systemDictionary.cpp, line 256]
Event: 15.328 Thread 0x00000203b33efee0 Exception <a 'java/lang/ClassNotFoundException'{0x00000000892b0230}: build_bhww4u0cgu6hsli510ijsmw6l$_run_closure2$_closure6BeanInfo> (0x00000000892b0230) 
thrown [s\open\src\hotspot\share\classfile\systemDictionary.cpp, line 256]
Event: 15.329 Thread 0x00000203b33efee0 Exception <a 'java/lang/ClassNotFoundException'{0x00000000892c0e50}: build_bhww4u0cgu6hsli510ijsmw6l$_run_closure2$_closure6Customizer> (0x00000000892c0e50) 
thrown [s\open\src\hotspot\share\classfile\systemDictionary.cpp, line 256]
Event: 15.335 Thread 0x00000203b33efee0 Exception <a 'java/lang/ClassNotFoundException'{0x00000000891f8390}: java/lang/StringBeanInfo> (0x00000000891f8390) 
thrown [s\open\src\hotspot\share\classfile\systemDictionary.cpp, line 256]
Event: 15.335 Thread 0x00000203b33efee0 Exception <a 'java/lang/ClassNotFoundException'{0x0000000089004998}: java/lang/StringCustomizer> (0x0000000089004998) 
thrown [s\open\src\hotspot\share\classfile\systemDictionary.cpp, line 256]

VM Operations (20 events):
Event: 13.800 Executing VM operation: G1Concurrent done
Event: 14.407 Executing VM operation: G1CollectForAllocation
Event: 14.409 Executing VM operation: G1CollectForAllocation done
Event: 14.468 Executing VM operation: G1CollectForAllocation
Event: 14.472 Executing VM operation: G1CollectForAllocation done
Event: 14.882 Executing VM operation: HandshakeAllThreads
Event: 14.882 Executing VM operation: HandshakeAllThreads done
Event: 15.062 Executing VM operation: G1CollectForAllocation
Event: 15.065 Executing VM operation: G1CollectForAllocation done
Event: 15.088 Executing VM operation: G1Concurrent
Event: 15.100 Executing VM operation: G1Concurrent done
Event: 15.112 Executing VM operation: G1Concurrent
Event: 15.113 Executing VM operation: G1Concurrent done
Event: 15.338 Executing VM operation: HandshakeAllThreads
Event: 15.338 Executing VM operation: HandshakeAllThreads done
Event: 15.412 Executing VM operation: HandshakeAllThreads
Event: 15.412 Executing VM operation: HandshakeAllThreads done
Event: 15.514 Executing VM operation: G1CollectForAllocation
Event: 15.523 Executing VM operation: G1CollectForAllocation done
Event: 15.543 Executing VM operation: G1CollectForAllocation

Events (20 events):
Event: 14.267 loading class javax/xml/stream/XMLStreamException
Event: 14.268 loading class javax/xml/stream/XMLStreamException done
Event: 14.555 Thread 0x00000203b4f371c0 Thread added: 0x00000203b4f371c0
Event: 15.136 loading class java/lang/StackTraceElement$HashedModules
Event: 15.136 loading class java/lang/StackTraceElement$HashedModules done
Event: 15.173 loading class java/io/CharArrayReader
Event: 15.173 loading class java/io/CharArrayReader done
Event: 15.197 Thread 0x00000203b4f376d0 Thread added: 0x00000203b4f376d0
Event: 15.245 loading class java/beans/IntrospectionException
Event: 15.245 loading class java/beans/IntrospectionException done
Event: 15.335 loading class java/lang/StringBeanInfo
Event: 15.335 loading class java/lang/StringBeanInfo done
Event: 15.335 loading class java/lang/StringBeanInfo
Event: 15.335 loading class java/lang/StringBeanInfo done
Event: 15.335 loading class java/lang/StringCustomizer
Event: 15.335 loading class java/lang/StringCustomizer done
Event: 15.335 loading class java/lang/StringCustomizer
Event: 15.335 loading class java/lang/StringCustomizer done
Event: 15.410 loading class java/util/AbstractList$ListItr
Event: 15.411 loading class java/util/AbstractList$ListItr done


Dynamic libraries:
0x00007ff6fbb60000 - 0x00007ff6fbb70000 	C:\Program Files\Java\jdk-17\bin\java.exe
0x00007ff8d5440000 - 0x00007ff8d56a9000 	C:\WINDOWS\SYSTEM32\ntdll.dll
0x00007ff8cb450000 - 0x00007ff8cb470000 	C:\Program Files\Avast Software\Avast\aswhook.dll
0x00007ff8d3df0000 - 0x00007ff8d3eb9000 	C:\WINDOWS\System32\KERNEL32.DLL
0x00007ff8d2730000 - 0x00007ff8d2b23000 	C:\WINDOWS\System32\KERNELBASE.dll
0x00007ff8d2c70000 - 0x00007ff8d2dbb000 	C:\WINDOWS\System32\ucrtbase.dll
0x00007ff8ac1f0000 - 0x00007ff8ac20b000 	C:\Program Files\Java\jdk-17\bin\VCRUNTIME140.dll
0x00007ff8ac210000 - 0x00007ff8ac229000 	C:\Program Files\Java\jdk-17\bin\jli.dll
0x00007ff8d3f60000 - 0x00007ff8d4014000 	C:\WINDOWS\System32\ADVAPI32.dll
0x00007ff8d4ac0000 - 0x00007ff8d4b69000 	C:\WINDOWS\System32\msvcrt.dll
0x00007ff8d49d0000 - 0x00007ff8d4a76000 	C:\WINDOWS\System32\sechost.dll
0x00007ff8d3370000 - 0x00007ff8d3488000 	C:\WINDOWS\System32\RPCRT4.dll
0x00007ff8d4cd0000 - 0x00007ff8d4e94000 	C:\WINDOWS\System32\USER32.dll
0x00007ff8d2ef0000 - 0x00007ff8d2f17000 	C:\WINDOWS\System32\win32u.dll
0x00007ff8d3d80000 - 0x00007ff8d3dab000 	C:\WINDOWS\System32\GDI32.dll
0x00007ff8d2dc0000 - 0x00007ff8d2eed000 	C:\WINDOWS\System32\gdi32full.dll
0x00007ff8a9740000 - 0x00007ff8a99d3000 	C:\WINDOWS\WinSxS\amd64_microsoft.windows.common-controls_6595b64144ccf1df_6.0.26100.5074_none_3e0d6f78e32fd63f\COMCTL32.dll
0x00007ff8d2b30000 - 0x00007ff8d2bd3000 	C:\WINDOWS\System32\msvcp_win.dll
0x00007ff8ca070000 - 0x00007ff8ca07b000 	C:\WINDOWS\SYSTEM32\VERSION.dll
0x00007ff8d3db0000 - 0x00007ff8d3ddf000 	C:\WINDOWS\System32\IMM32.DLL
0x00007ff8adde0000 - 0x00007ff8addec000 	C:\Program Files\Java\jdk-17\bin\vcruntime140_1.dll
0x00007ff875290000 - 0x00007ff87531e000 	C:\Program Files\Java\jdk-17\bin\msvcp140.dll
0x00007ff80f8b0000 - 0x00007ff810491000 	C:\Program Files\Java\jdk-17\bin\server\jvm.dll
0x00007ff8d3210000 - 0x00007ff8d3218000 	C:\WINDOWS\System32\PSAPI.DLL
0x00007ff8c2090000 - 0x00007ff8c20c5000 	C:\WINDOWS\SYSTEM32\WINMM.dll
0x00007ff8b7e40000 - 0x00007ff8b7e4a000 	C:\WINDOWS\SYSTEM32\WSOCK32.dll
0x00007ff8d4930000 - 0x00007ff8d49a4000 	C:\WINDOWS\System32\WS2_32.dll
0x00007ff8d1380000 - 0x00007ff8d139b000 	C:\WINDOWS\SYSTEM32\kernel.appcore.dll
0x00007ff8add10000 - 0x00007ff8add1a000 	C:\Program Files\Java\jdk-17\bin\jimage.dll
0x00007ff8cfdc0000 - 0x00007ff8d0002000 	C:\WINDOWS\SYSTEM32\DBGHELP.DLL
0x00007ff8d45b0000 - 0x00007ff8d492b000 	C:\WINDOWS\System32\combase.dll
0x00007ff8d3290000 - 0x00007ff8d3367000 	C:\WINDOWS\System32\OLEAUT32.dll
0x00007ff8c2a10000 - 0x00007ff8c2a4d000 	C:\WINDOWS\SYSTEM32\dbgcore.DLL
0x00007ff8d2690000 - 0x00007ff8d2729000 	C:\WINDOWS\System32\bcryptPrimitives.dll
0x00007ff8aa5a0000 - 0x00007ff8aa5ae000 	C:\Program Files\Java\jdk-17\bin\instrument.dll
0x00007ff8aa4a0000 - 0x00007ff8aa4c5000 	C:\Program Files\Java\jdk-17\bin\java.dll
0x00007ff873190000 - 0x00007ff873267000 	C:\Program Files\Java\jdk-17\bin\jsvml.dll
0x00007ff8d3630000 - 0x00007ff8d3d7d000 	C:\WINDOWS\System32\SHELL32.dll
0x00007ff8d30a0000 - 0x00007ff8d320c000 	C:\WINDOWS\System32\wintypes.dll
0x00007ff8d0210000 - 0x00007ff8d0a69000 	C:\WINDOWS\SYSTEM32\windows.storage.dll
0x00007ff8d5280000 - 0x00007ff8d5370000 	C:\WINDOWS\System32\SHCORE.dll
0x00007ff8d3220000 - 0x00007ff8d3282000 	C:\WINDOWS\System32\shlwapi.dll
0x00007ff8d24f0000 - 0x00007ff8d2519000 	C:\WINDOWS\SYSTEM32\profapi.dll
0x00007ff8a9b40000 - 0x00007ff8a9b58000 	C:\Program Files\Java\jdk-17\bin\zip.dll
0x00007ff8ab1e0000 - 0x00007ff8ab1f9000 	C:\Program Files\Java\jdk-17\bin\net.dll
0x00007ff8c9eb0000 - 0x00007ff8c9fcf000 	C:\WINDOWS\SYSTEM32\WINHTTP.dll
0x00007ff8d1930000 - 0x00007ff8d199b000 	C:\WINDOWS\system32\mswsock.dll
0x00007ff8a9df0000 - 0x00007ff8a9e06000 	C:\Program Files\Java\jdk-17\bin\nio.dll
0x00007ff8ad550000 - 0x00007ff8ad560000 	C:\Program Files\Java\jdk-17\bin\verify.dll
0x00007ff89b8c0000 - 0x00007ff89b8e7000 	C:\Users\jibri\.gradle\native\1def1411415f61bf3af743bc5b6707747c0891f09f0c88961ee8f79bc544acac\windows-amd64\native-platform.dll
0x00007ff876390000 - 0x00007ff876408000 	C:\Users\jibri\.gradle\native\0.2.7\x86_64-windows-gnu\gradle-fileevents.dll
0x00007ff8ac390000 - 0x00007ff8ac39a000 	C:\Program Files\Java\jdk-17\bin\management.dll
0x00007ff8ac1e0000 - 0x00007ff8ac1eb000 	C:\Program Files\Java\jdk-17\bin\management_ext.dll
0x00007ff8d0e20000 - 0x00007ff8d0e54000 	C:\WINDOWS\SYSTEM32\IPHLPAPI.DLL
0x00007ff8d4a80000 - 0x00007ff8d4a8a000 	C:\WINDOWS\System32\NSI.dll
0x00007ff8ca080000 - 0x00007ff8ca09e000 	C:\WINDOWS\SYSTEM32\dhcpcsvc6.DLL
0x00007ff8c9c20000 - 0x00007ff8c9c43000 	C:\WINDOWS\SYSTEM32\dhcpcsvc.DLL
0x00007ff8d0e60000 - 0x00007ff8d0f86000 	C:\WINDOWS\SYSTEM32\DNSAPI.dll
0x00007ff8d1bd0000 - 0x00007ff8d1beb000 	C:\WINDOWS\SYSTEM32\CRYPTSP.dll
0x00007ff8d12e0000 - 0x00007ff8d131b000 	C:\WINDOWS\system32\rsaenh.dll
0x00007ff8d19d0000 - 0x00007ff8d19fb000 	C:\WINDOWS\SYSTEM32\USERENV.dll
0x00007ff8d24c0000 - 0x00007ff8d24e6000 	C:\WINDOWS\SYSTEM32\bcrypt.dll
0x00007ff8d1bf0000 - 0x00007ff8d1bfc000 	C:\WINDOWS\SYSTEM32\CRYPTBASE.dll
0x00007ff8a9eb0000 - 0x00007ff8a9ebe000 	C:\Program Files\Java\jdk-17\bin\sunmscapi.dll
0x00007ff8d2f20000 - 0x00007ff8d3097000 	C:\WINDOWS\System32\CRYPT32.dll
0x00007ff8d1df0000 - 0x00007ff8d1e20000 	C:\WINDOWS\SYSTEM32\ncrypt.dll
0x00007ff8d1da0000 - 0x00007ff8d1ddf000 	C:\WINDOWS\SYSTEM32\NTASN1.dll
0x00007ff8c1450000 - 0x00007ff8c1458000 	C:\WINDOWS\system32\wshunix.dll

dbghelp: loaded successfully - version: 4.0.5 - missing functions: none
symbol engine: initialized successfully - sym options: 0x614 - pdb path: .;C:\Program Files\Java\jdk-17\bin;C:\WINDOWS\SYSTEM32;C:\Program Files\Avast Software\Avast;C:\WINDOWS\WinSxS\amd64_microsoft.windows.common-controls_6595b64144ccf1df_6.0.26100.5074_none_3e0d6f78e32fd63f;C:\Program Files\Java\jdk-17\bin\server;C:\Users\jibri\.gradle\native\1def1411415f61bf3af743bc5b6707747c0891f09f0c88961ee8f79bc544acac\windows-amd64;C:\Users\jibri\.gradle\native\0.2.7\x86_64-windows-gnu

VM Arguments:
jvm_args: --add-opens=java.base/java.lang=ALL-UNNAMED --add-opens=java.base/java.lang.invoke=ALL-UNNAMED --add-opens=java.base/java.util=ALL-UNNAMED --add-opens=java.prefs/java.util.prefs=ALL-UNNAMED --add-exports=jdk.compiler/com.sun.tools.javac.api=ALL-UNNAMED --add-exports=jdk.compiler/com.sun.tools.javac.util=ALL-UNNAMED --add-opens=java.base/java.util=ALL-UNNAMED --add-opens=java.prefs/java.util.prefs=ALL-UNNAMED --add-opens=java.base/java.nio.charset=ALL-UNNAMED --add-opens=java.base/java.net=ALL-UNNAMED --add-opens=java.base/java.util.concurrent.atomic=ALL-UNNAMED --add-opens=java.xml/javax.xml.namespace=ALL-UNNAMED -XX:MaxMetaspaceSize=512m -Xmx2048m -Dfile.encoding=windows-1252 -Duser.country=PH -Duser.language=en -Duser.variant -javaagent:C:\Users\jibri\.gradle\wrapper\dists\gradle-8.14.3-bin\cv11ve7ro1n3o1j4so8xd9n66\gradle-8.14.3\lib\agents\gradle-instrumentation-agent-8.14.3.jar 
java_command: org.gradle.launcher.daemon.bootstrap.GradleDaemon 8.14.3
java_class_path (initial): C:\Users\jibri\.gradle\wrapper\dists\gradle-8.14.3-bin\cv11ve7ro1n3o1j4so8xd9n66\gradle-8.14.3\lib\gradle-daemon-main-8.14.3.jar
Launcher Type: SUN_STANDARD

[Global flags]
     intx CICompilerCount                          = 12                                        {product} {ergonomic}
   size_t CompressedClassSpaceSize                 = 436207616                                 {product} {ergonomic}
     uint ConcGCThreads                            = 4                                         {product} {ergonomic}
     uint G1ConcRefinementThreads                  = 15                                        {product} {ergonomic}
   size_t G1HeapRegionSize                         = 1048576                                   {product} {ergonomic}
    uintx GCDrainStackTargetSize                   = 64                                        {product} {ergonomic}
   size_t InitialHeapSize                          = 130023424                                 {product} {ergonomic}
   size_t MarkStackSize                            = 4194304                                   {product} {ergonomic}
   size_t MaxHeapSize                              = 2147483648                                {product} {command line}
   size_t MaxMetaspaceSize                         = 536870912                                 {product} {command line}
   size_t MaxNewSize                               = 1287651328                                {product} {ergonomic}
   size_t MinHeapDeltaBytes                        = 1048576                                   {product} {ergonomic}
   size_t MinHeapSize                              = 8388608                                   {product} {ergonomic}
    uintx NonNMethodCodeHeapSize                   = 7602480                                {pd product} {ergonomic}
    uintx NonProfiledCodeHeapSize                  = 122027880                              {pd product} {ergonomic}
    uintx ProfiledCodeHeapSize                     = 122027880                              {pd product} {ergonomic}
    uintx ReservedCodeCacheSize                    = 251658240                              {pd product} {ergonomic}
     bool SegmentedCodeCache                       = true                                      {product} {ergonomic}
   size_t SoftMaxHeapSize                          = 2147483648                             {manageable} {ergonomic}
     bool UseCompressedClassPointers               = true                           {product lp64_product} {ergonomic}
     bool UseCompressedOops                        = true                           {product lp64_product} {ergonomic}
     bool UseG1GC                                  = true                                      {product} {ergonomic}
     bool UseLargePagesIndividualAllocation        = false                                  {pd product} {ergonomic}

Logging:
Log output configuration:
 #0: stdout all=warning uptime,level,tags
 #1: stderr all=off uptime,level,tags

Environment Variables:
JAVA_HOME=C:\Program Files\Java\jdk-17
PATH=C:\rubi_web\CISC_Capstone\FullerReadingApp\node_modules\.bin;C:\rubi_web\CISC_Capstone\FullerReadingApp\node_modules\.bin;C:\rubi_web\CISC_Capstone\node_modules\.bin;C:\rubi_web\node_modules\.bin;C:\node_modules\.bin;C:\Users\jibri\CONFIG~1\herd\bin\nvm\v22.9.0\node_modules\npm\node_modules\@npmcli\run-script\lib\node-gyp-bin;C:\flutter\flutter\bin\cache\dart-sdk\bin\;C:\Program Files\Microsoft\jdk-17.0.16.8-hotspot\bin;C:\ProgramData\Oracle\Java\javapath;C:\Program Files\NVIDIA GPU Computing Toolkit\CUDA\v12.8\bin;C:\Program Files\NVIDIA GPU Computing Toolkit\CUDA\v12.8\libnvvp;C:\Program Files\Common Files\Oracle\Java\javapath;C:\PHP\;C:\Windows\system32;C:\Windows;C:\Windows\System32\Wbem;C:\Windows\System32\WindowsPowerShell\v1.0\;C:\Windows\System32\OpenSSH\;C:\Program Files (x86)\NVIDIA Corporation\PhysX\Common;C:\Program Files\Microsoft SQL Server\150\Tools\Binn\;C:\Program Files\Microsoft SQL Server\Client SDK\ODBC\170\Tools\Binn\;C:\ProgramData\ComposerSetup\bin;C:\Users\jibri\.config\herd\bin\nvm;C:\Program Files\nodejs;C:\Program Files\Java\jdk-17\bin;C:\xampp\php;C:\WINDOWS\system32;C:\WINDOWS;C:\WINDOWS\System32\Wbem;C:\WINDOWS\System32\WindowsPowerShell\v1.0\;C:\WINDOWS\System32\OpenSSH\;C:\Program Files\nodejs\;C:\Program Files\Git\cmd;C:\Program Files\Git\bin;C:\Users\jibri\AppData\Local\Pub\Cache\bin;C:\Program Files\NVIDIA Corporation\NVIDIA app\NvDLISR;C:\Program Files\heroku\bin;C:\Program Files\NVIDIA Corporation\Nsight Compute 2025.1.1\;C:\ProgramData\chocolatey\bin;C:\Users\jibri\AppData\Local\Programs\Python\Python310\Scripts;C:\Program Files\dotnet\;C:\Program Files (x86)\Windows Kits\10\Windows Performance Toolkit\;C:\Users\jibri\AppData\Local\Android\Sdk\platform-tools;C:\Users\jibri\AppData\Local\Programs\Python\Python310\Scripts\;C:\Users\jibri\AppData\Local\Programs\Python\Python310\;C:\Users\jibri\.config\herd\bin;C:\Program Files\MySQL\MySQL Shell 8.0\bin\;C:\Users\jibri\AppData\Local\Microsoft\WindowsApps;C:\Users\jibri\AppData\Loc
USERNAME=jibri
LANG=en_US.UTF-8
OS=Windows_NT
PROCESSOR_IDENTIFIER=Intel64 Family 6 Model 191 Stepping 2, GenuineIntel



---------------  S Y S T E M  ---------------

OS:
 Windows 11 , 64 bit Build 26100 (10.0.26100.5074)
OS uptime: 5 days 14:14 hours
Hyper-V role detected

CPU: total 20 (initial active 20) (10 cores per cpu, 2 threads per core) family 6 model 191 stepping 2 microcode 0x2c, cx8, cmov, fxsr, ht, mmx, 3dnowpref, sse, sse2, sse3, ssse3, sse4.1, sse4.2, popcnt, lzcnt, tsc, tscinvbit, avx, avx2, aes, erms, clmul, bmi1, bmi2, adx, sha, fma, vzeroupper, clflush, clflushopt, clwb, hv

Memory: 4k page, system-wide physical 7911M (415M free)
TotalPageFile size 32487M (AvailPageFile size 24M)
current process WorkingSet (physical memory assigned to process): 485M, peak: 488M
current process commit charge ("private bytes"): 548M, peak: 727M

vm_info: Java HotSpot(TM) 64-Bit Server VM (17.0.14+8-LTS-191) for windows-amd64 JRE (17.0.14+8-LTS-191), built on Dec  3 2024 11:07:59 by "mach5one" with MS VC++ 17.6 (VS2022)

END.
